"NO SUCCURSALE";"CODE SAQ (CIP)";"QTÉ INVENTAIRE(unités)";"ANNÉE";"PÉRIODE";"SEMAINE";"DATE DU JOUR"
'23001';'14954892';13;2025;11;3;'2026/01/24'
'23002';'14064873';10;2025;11;3;'2026/01/24'
'23002';'14682882';44;2025;11;3;'2026/01/24'
'23002';'14758699';39;2025;11;3;'2026/01/24'
'23002';'14954868';4;2025;11;3;'2026/01/24'
'23002';'14954892';10;2025;11;3;'2026/01/24'
'23002';'14989809';11;2025;11;3;'2026/01/24'
'23002';'14989825';54;2025;11;3;'2026/01/24'
'23002';'15095284';5;2025;11;3;'2026/01/24'
'23002';'15168156';186;2025;11;3;'2026/01/24'
'23002';'15298014';45;2025;11;3;'2026/01/24'
'23002';'15474217';136;2025;11;3;'2026/01/24'
'23002';'15489099';8;2025;11;3;'2026/01/24'
'23002';'15521562';49;2025;11;3;'2026/01/24'
'23003';'14064873';1;2025;11;3;'2026/01/24'
'23003';'14954892';4;2025;11;3;'2026/01/24'
'23004';'14682882';9;2025;11;3;'2026/01/24'
'23004';'14954868';12;2025;11;3;'2026/01/24'
'23004';'14954892';12;2025;11;3;'2026/01/24'
'23004';'14989809';9;2025;11;3;'2026/01/24'
'23004';'14989825';9;2025;11;3;'2026/01/24'
'23004';'15168156';18;2025;11;3;'2026/01/24'
'23004';'15303910';11;2025;11;3;'2026/01/24'
'23004';'15384553';3;2025;11;3;'2026/01/24'
'23005';'14954868';13;2025;11;3;'2026/01/24'
'23006';'14682882';9;2025;11;3;'2026/01/24'
'23006';'14954868';10;2025;11;3;'2026/01/24'
'23006';'14954892';17;2025;11;3;'2026/01/24'
'23006';'14989809';9;2025;11;3;'2026/01/24'
'23006';'15298014';80;2025;11;3;'2026/01/24'
'23006';'15311581';10;2025;11;3;'2026/01/24'
'23006';'15474217';37;2025;11;3;'2026/01/24'
'23008';'14064873';6;2025;11;3;'2026/01/24'
'23008';'14954868';7;2025;11;3;'2026/01/24'
'23008';'14954892';6;2025;11;3;'2026/01/24'
'23008';'14989825';7;2025;11;3;'2026/01/24'
'23008';'15168156';6;2025;11;3;'2026/01/24'
'23008';'15474217';48;2025;11;3;'2026/01/24'
'23009';'14682882';7;2025;11;3;'2026/01/24'
'23009';'15303910';3;2025;11;3;'2026/01/24'
'23010';'14064873';18;2025;11;3;'2026/01/24'
'23010';'14758699';3;2025;11;3;'2026/01/24'
'23010';'14954892';8;2025;11;3;'2026/01/24'
'23010';'14989788';17;2025;11;3;'2026/01/24'
'23011';'14064873';8;2025;11;3;'2026/01/24'
'23011';'14954892';9;2025;11;3;'2026/01/24'
'23011';'14989788';8;2025;11;3;'2026/01/24'
'23011';'14989809';2;2025;11;3;'2026/01/24'
'23011';'15095284';3;2025;11;3;'2026/01/24'
'23011';'15303910';2;2025;11;3;'2026/01/24'
'23011';'15474217';8;2025;11;3;'2026/01/24'
'23013';'15298014';24;2025;11;3;'2026/01/24'
'23016';'14064873';7;2025;11;3;'2026/01/24'
'23016';'14545132';4;2025;11;3;'2026/01/24'
'23016';'14682882';4;2025;11;3;'2026/01/24'
'23016';'14758699';10;2025;11;3;'2026/01/24'
'23016';'14954868';7;2025;11;3;'2026/01/24'
'23016';'14954892';7;2025;11;3;'2026/01/24'
'23016';'14989809';-1;2025;11;3;'2026/01/24'
'23016';'15384553';3;2025;11;3;'2026/01/24'
'23016';'15474217';208;2025;11;3;'2026/01/24'
'23016';'15489099';10;2025;11;3;'2026/01/24'
'23016';'15521562';15;2025;11;3;'2026/01/24'
'23018';'14682882';61;2025;11;3;'2026/01/24'
'23018';'14954892';58;2025;11;3;'2026/01/24'
'23018';'14989788';11;2025;11;3;'2026/01/24'
'23018';'14989809';5;2025;11;3;'2026/01/24'
'23018';'15384553';5;2025;11;3;'2026/01/24'
'23019';'14682882';12;2025;11;3;'2026/01/24'
'23019';'14758699';6;2025;11;3;'2026/01/24'
'23021';'14001338';1;2025;11;3;'2026/01/24'
'23021';'14064873';3;2025;11;3;'2026/01/24'
'23021';'14682882';7;2025;11;3;'2026/01/24'
'23021';'14954892';12;2025;11;3;'2026/01/24'
'23021';'14989825';12;2025;11;3;'2026/01/24'
'23023';'14682882';1;2025;11;3;'2026/01/24'
'23025';'14064873';34;2025;11;3;'2026/01/24'
'23025';'14682882';12;2025;11;3;'2026/01/24'
'23025';'14954868';12;2025;11;3;'2026/01/24'
'23025';'14954892';53;2025;11;3;'2026/01/24'
'23025';'14989825';52;2025;11;3;'2026/01/24'
'23025';'15298014';40;2025;11;3;'2026/01/24'
'23025';'15303872';5;2025;11;3;'2026/01/24'
'23025';'15521562';8;2025;11;3;'2026/01/24'
'23026';'14682882';35;2025;11;3;'2026/01/24'
'23026';'14954892';16;2025;11;3;'2026/01/24'
'23026';'14989770';5;2025;11;3;'2026/01/24'
'23028';'14954892';10;2025;11;3;'2026/01/24'
'23028';'14989825';13;2025;11;3;'2026/01/24'
'23028';'15298014';132;2025;11;3;'2026/01/24'
'23028';'15474217';16;2025;11;3;'2026/01/24'
'23029';'14682882';10;2025;11;3;'2026/01/24'
'23029';'14954892';16;2025;11;3;'2026/01/24'
'23029';'14989825';3;2025;11;3;'2026/01/24'
'23029';'15384553';1;2025;11;3;'2026/01/24'
'23029';'15525563';1;2025;11;3;'2026/01/24'
'23030';'14954892';1;2025;11;3;'2026/01/24'
'23031';'14682882';15;2025;11;3;'2026/01/24'
'23031';'14989809';5;2025;11;3;'2026/01/24'
'23032';'14989809';1;2025;11;3;'2026/01/24'
'23033';'14989809';7;2025;11;3;'2026/01/24'
'23033';'15474217';44;2025;11;3;'2026/01/24'
'23036';'14682882';3;2025;11;3;'2026/01/24'
'23036';'14758699';9;2025;11;3;'2026/01/24'
'23036';'14954868';4;2025;11;3;'2026/01/24'
'23036';'14954892';7;2025;11;3;'2026/01/24'
'23036';'14989770';3;2025;11;3;'2026/01/24'
'23036';'14989788';1;2025;11;3;'2026/01/24'
'23036';'14989809';3;2025;11;3;'2026/01/24'
'23036';'14989825';7;2025;11;3;'2026/01/24'
'23036';'15095284';9;2025;11;3;'2026/01/24'
'23036';'15303910';13;2025;11;3;'2026/01/24'
'23036';'15489099';3;2025;11;3;'2026/01/24'
'23037';'14064873';50;2025;11;3;'2026/01/24'
'23037';'14682882';20;2025;11;3;'2026/01/24'
'23037';'14758699';9;2025;11;3;'2026/01/24'
'23037';'14954868';5;2025;11;3;'2026/01/24'
'23037';'14954892';41;2025;11;3;'2026/01/24'
'23037';'14989809';6;2025;11;3;'2026/01/24'
'23037';'14989825';18;2025;11;3;'2026/01/24'
'23037';'14989833';8;2025;11;3;'2026/01/24'
'23037';'15095284';19;2025;11;3;'2026/01/24'
'23037';'15298014';44;2025;11;3;'2026/01/24'
'23037';'15303872';10;2025;11;3;'2026/01/24'
'23037';'15303910';14;2025;11;3;'2026/01/24'
'23037';'15489099';5;2025;11;3;'2026/01/24'
'23040';'14682882';3;2025;11;3;'2026/01/24'
'23040';'14954892';4;2025;11;3;'2026/01/24'
'23040';'14989788';1;2025;11;3;'2026/01/24'
'23040';'14989809';11;2025;11;3;'2026/01/24'
'23040';'15095284';8;2025;11;3;'2026/01/24'
'23040';'15298014';4;2025;11;3;'2026/01/24'
'23040';'15303910';13;2025;11;3;'2026/01/24'
'23040';'15384553';3;2025;11;3;'2026/01/24'
'23041';'14954892';7;2025;11;3;'2026/01/24'
'23042';'14954892';11;2025;11;3;'2026/01/24'
'23042';'14989770';11;2025;11;3;'2026/01/24'
'23042';'14989788';23;2025;11;3;'2026/01/24'
'23042';'14989809';15;2025;11;3;'2026/01/24'
'23042';'14989825';16;2025;11;3;'2026/01/24'
'23042';'15311581';6;2025;11;3;'2026/01/24'
'23042';'15384553';11;2025;11;3;'2026/01/24'
'23042';'15474217';68;2025;11;3;'2026/01/24'
'23044';'14954892';22;2025;11;3;'2026/01/24'
'23045';'14064873';11;2025;11;3;'2026/01/24'
'23045';'14954892';17;2025;11;3;'2026/01/24'
'23048';'14682882';3;2025;11;3;'2026/01/24'
'23048';'14954892';11;2025;11;3;'2026/01/24'
'23048';'14989825';37;2025;11;3;'2026/01/24'
'23048';'15298014';32;2025;11;3;'2026/01/24'
'23048';'15384553';9;2025;11;3;'2026/01/24'
'23048';'15489099';7;2025;11;3;'2026/01/24'
'23048';'15525563';1;2025;11;3;'2026/01/24'
'23049';'14954892';7;2025;11;3;'2026/01/24'
'23049';'15474217';129;2025;11;3;'2026/01/24'
'23050';'14064873';20;2025;11;3;'2026/01/24'
'23050';'14682882';12;2025;11;3;'2026/01/24'
'23050';'14758699';5;2025;11;3;'2026/01/24'
'23050';'14954868';6;2025;11;3;'2026/01/24'
'23050';'14954892';23;2025;11;3;'2026/01/24'
'23050';'14989770';9;2025;11;3;'2026/01/24'
'23050';'14989788';8;2025;11;3;'2026/01/24'
'23050';'14989809';13;2025;11;3;'2026/01/24'
'23050';'14989825';17;2025;11;3;'2026/01/24'
'23050';'15298014';4;2025;11;3;'2026/01/24'
'23050';'15303872';8;2025;11;3;'2026/01/24'
'23050';'15303910';6;2025;11;3;'2026/01/24'
'23050';'15384553';4;2025;11;3;'2026/01/24'
'23050';'15489099';6;2025;11;3;'2026/01/24'
'23050';'15525563';2;2025;11;3;'2026/01/24'
'23051';'14064873';1;2025;11;3;'2026/01/24'
'23051';'14758699';1;2025;11;3;'2026/01/24'
'23051';'14954892';13;2025;11;3;'2026/01/24'
'23051';'15311581';12;2025;11;3;'2026/01/24'
'23051';'15489099';12;2025;11;3;'2026/01/24'
'23052';'14682882';1;2025;11;3;'2026/01/24'
'23052';'15298014';8;2025;11;3;'2026/01/24'
'23053';'14064873';11;2025;11;3;'2026/01/24'
'23053';'14954868';6;2025;11;3;'2026/01/24'
'23053';'14954892';9;2025;11;3;'2026/01/24'
'23053';'14989809';6;2025;11;3;'2026/01/24'
'23053';'14989825';12;2025;11;3;'2026/01/24'
'23053';'15095284';2;2025;11;3;'2026/01/24'
'23053';'15474217';5;2025;11;3;'2026/01/24'
'23054';'14545132';18;2025;11;3;'2026/01/24'
'23054';'14682882';9;2025;11;3;'2026/01/24'
'23054';'14758699';4;2025;11;3;'2026/01/24'
'23054';'14954868';16;2025;11;3;'2026/01/24'
'23054';'14989825';7;2025;11;3;'2026/01/24'
'23054';'15095284';8;2025;11;3;'2026/01/24'
'23054';'15303872';8;2025;11;3;'2026/01/24'
'23054';'15303910';8;2025;11;3;'2026/01/24'
'23054';'15474217';4;2025;11;3;'2026/01/24'
'23056';'14682882';28;2025;11;3;'2026/01/24'
'23056';'14954868';6;2025;11;3;'2026/01/24'
'23056';'14954892';7;2025;11;3;'2026/01/24'
'23056';'14989809';7;2025;11;3;'2026/01/24'
'23056';'15298014';116;2025;11;3;'2026/01/24'
'23056';'15303872';7;2025;11;3;'2026/01/24'
'23056';'15474217';24;2025;11;3;'2026/01/24'
'23057';'14561781';9;2025;11;3;'2026/01/24'
'23057';'14682882';20;2025;11;3;'2026/01/24'
'23057';'14758699';12;2025;11;3;'2026/01/24'
'23057';'14954868';11;2025;11;3;'2026/01/24'
'23057';'14989770';12;2025;11;3;'2026/01/24'
'23057';'14989809';6;2025;11;3;'2026/01/24'
'23057';'14989833';12;2025;11;3;'2026/01/24'
'23057';'15095284';13;2025;11;3;'2026/01/24'
'23057';'15298014';36;2025;11;3;'2026/01/24'
'23057';'15303910';7;2025;11;3;'2026/01/24'
'23057';'15311581';21;2025;11;3;'2026/01/24'
'23058';'14064873';12;2025;11;3;'2026/01/24'
'23058';'14682882';6;2025;11;3;'2026/01/24'
'23058';'14954892';18;2025;11;3;'2026/01/24'
'23058';'15474217';136;2025;11;3;'2026/01/24'
'23059';'14954892';1;2025;11;3;'2026/01/24'
'23059';'15298014';16;2025;11;3;'2026/01/24'
'23060';'14064873';12;2025;11;3;'2026/01/24'
'23060';'14561781';6;2025;11;3;'2026/01/24'
'23060';'14682882';15;2025;11;3;'2026/01/24'
'23060';'14758699';15;2025;11;3;'2026/01/24'
'23060';'14954868';9;2025;11;3;'2026/01/24'
'23060';'14954892';10;2025;11;3;'2026/01/24'
'23060';'14989788';1;2025;11;3;'2026/01/24'
'23060';'14989825';25;2025;11;3;'2026/01/24'
'23060';'15168156';1;2025;11;3;'2026/01/24'
'23060';'15298014';5;2025;11;3;'2026/01/24'
'23060';'15303910';14;2025;11;3;'2026/01/24'
'23060';'15384553';5;2025;11;3;'2026/01/24'
'23060';'15489099';10;2025;11;3;'2026/01/24'
'23061';'14682882';2;2025;11;3;'2026/01/24'
'23061';'14954868';11;2025;11;3;'2026/01/24'
'23061';'14954892';15;2025;11;3;'2026/01/24'
'23061';'15298014';48;2025;11;3;'2026/01/24'
'23061';'15474217';60;2025;11;3;'2026/01/24'
'23062';'14064873';8;2025;11;3;'2026/01/24'
'23062';'14682882';8;2025;11;3;'2026/01/24'
'23062';'14758699';13;2025;11;3;'2026/01/24'
'23062';'15095284';13;2025;11;3;'2026/01/24'
'23062';'15168156';54;2025;11;3;'2026/01/24'
'23062';'15303910';4;2025;11;3;'2026/01/24'
'23062';'15384553';7;2025;11;3;'2026/01/24'
'23063';'14954868';6;2025;11;3;'2026/01/24'
'23063';'14954892';11;2025;11;3;'2026/01/24'
'23063';'14989809';4;2025;11;3;'2026/01/24'
'23063';'14989825';1;2025;11;3;'2026/01/24'
'23063';'15298014';15;2025;11;3;'2026/01/24'
'23063';'15474217';31;2025;11;3;'2026/01/24'
'23063';'15489099';7;2025;11;3;'2026/01/24'
'23064';'14954892';18;2025;11;3;'2026/01/24'
'23066';'14682882';10;2025;11;3;'2026/01/24'
'23066';'14954892';5;2025;11;3;'2026/01/24'
'23066';'14989825';1;2025;11;3;'2026/01/24'
'23066';'15168156';222;2025;11;3;'2026/01/24'
'23066';'15303872';15;2025;11;3;'2026/01/24'
'23066';'15303910';4;2025;11;3;'2026/01/24'
'23067';'14758699';3;2025;11;3;'2026/01/24'
'23067';'14989788';12;2025;11;3;'2026/01/24'
'23067';'15298014';12;2025;11;3;'2026/01/24'
'23068';'14682882';14;2025;11;3;'2026/01/24'
'23068';'15303872';9;2025;11;3;'2026/01/24'
'23069';'14064873';12;2025;11;3;'2026/01/24'
'23069';'14545132';2;2025;11;3;'2026/01/24'
'23069';'14682882';8;2025;11;3;'2026/01/24'
'23069';'14758699';6;2025;11;3;'2026/01/24'
'23069';'14954868';13;2025;11;3;'2026/01/24'
'23069';'14954892';7;2025;11;3;'2026/01/24'
'23069';'14989788';9;2025;11;3;'2026/01/24'
'23069';'14989809';10;2025;11;3;'2026/01/24'
'23069';'14989825';32;2025;11;3;'2026/01/24'
'23069';'15095284';6;2025;11;3;'2026/01/24'
'23069';'15298014';12;2025;11;3;'2026/01/24'
'23069';'15303872';7;2025;11;3;'2026/01/24'
'23069';'15303910';23;2025;11;3;'2026/01/24'
'23069';'15311581';3;2025;11;3;'2026/01/24'
'23069';'15384553';7;2025;11;3;'2026/01/24'
'23069';'15474217';44;2025;11;3;'2026/01/24'
'23069';'15489099';9;2025;11;3;'2026/01/24'
'23070';'14064873';3;2025;11;3;'2026/01/24'
'23070';'14545132';9;2025;11;3;'2026/01/24'
'23070';'14561781';2;2025;11;3;'2026/01/24'
'23070';'14682882';11;2025;11;3;'2026/01/24'
'23070';'14758699';8;2025;11;3;'2026/01/24'
'23070';'14954868';11;2025;11;3;'2026/01/24'
'23070';'14954892';14;2025;11;3;'2026/01/24'
'23070';'14989770';7;2025;11;3;'2026/01/24'
'23070';'14989788';4;2025;11;3;'2026/01/24'
'23070';'14989809';12;2025;11;3;'2026/01/24'
'23070';'14989825';5;2025;11;3;'2026/01/24'
'23070';'14989833';12;2025;11;3;'2026/01/24'
'23070';'15095284';7;2025;11;3;'2026/01/24'
'23070';'15168156';90;2025;11;3;'2026/01/24'
'23070';'15298014';144;2025;11;3;'2026/01/24'
'23070';'15303872';14;2025;11;3;'2026/01/24'
'23070';'15303910';17;2025;11;3;'2026/01/24'
'23070';'15311581';11;2025;11;3;'2026/01/24'
'23070';'15384553';16;2025;11;3;'2026/01/24'
'23070';'15474217';160;2025;11;3;'2026/01/24'
'23070';'15489099';11;2025;11;3;'2026/01/24'
'23071';'14064873';12;2025;11;3;'2026/01/24'
'23071';'14682882';15;2025;11;3;'2026/01/24'
'23071';'14954892';11;2025;11;3;'2026/01/24'
'23071';'15384553';2;2025;11;3;'2026/01/24'
'23073';'14954892';11;2025;11;3;'2026/01/24'
'23073';'15095284';3;2025;11;3;'2026/01/24'
'23073';'15474217';32;2025;11;3;'2026/01/24'
'23074';'14954892';12;2025;11;3;'2026/01/24'
'23074';'15298014';4;2025;11;3;'2026/01/24'
'23074';'15474217';4;2025;11;3;'2026/01/24'
'23075';'14954892';13;2025;11;3;'2026/01/24'
'23075';'14989788';10;2025;11;3;'2026/01/24'
'23075';'14989809';11;2025;11;3;'2026/01/24'
'23075';'15489099';15;2025;11;3;'2026/01/24'
'23076';'14064873';10;2025;11;3;'2026/01/24'
'23076';'14954892';11;2025;11;3;'2026/01/24'
'23079';'14682882';13;2025;11;3;'2026/01/24'
'23079';'14954892';18;2025;11;3;'2026/01/24'
'23080';'14682882';7;2025;11;3;'2026/01/24'
'23080';'14954868';9;2025;11;3;'2026/01/24'
'23080';'14989770';9;2025;11;3;'2026/01/24'
'23080';'15095284';11;2025;11;3;'2026/01/24'
'23080';'15384553';1;2025;11;3;'2026/01/24'
'23081';'14682882';20;2025;11;3;'2026/01/24'
'23081';'14954892';6;2025;11;3;'2026/01/24'
'23081';'14989825';2;2025;11;3;'2026/01/24'
'23081';'15298014';4;2025;11;3;'2026/01/24'
'23081';'15303910';10;2025;11;3;'2026/01/24'
'23081';'15474217';56;2025;11;3;'2026/01/24'
'23081';'15489099';15;2025;11;3;'2026/01/24'
'23081';'15521562';148;2025;11;3;'2026/01/24'
'23082';'14064873';46;2025;11;3;'2026/01/24'
'23082';'14545132';8;2025;11;3;'2026/01/24'
'23082';'14561781';22;2025;11;3;'2026/01/24'
'23082';'14682882';52;2025;11;3;'2026/01/24'
'23082';'14758699';15;2025;11;3;'2026/01/24'
'23082';'14954868';56;2025;11;3;'2026/01/24'
'23082';'14954892';73;2025;11;3;'2026/01/24'
'23082';'14989770';69;2025;11;3;'2026/01/24'
'23082';'14989788';42;2025;11;3;'2026/01/24'
'23082';'14989809';70;2025;11;3;'2026/01/24'
'23082';'14989825';62;2025;11;3;'2026/01/24'
'23082';'14989833';18;2025;11;3;'2026/01/24'
'23082';'15095284';10;2025;11;3;'2026/01/24'
'23082';'15168156';894;2025;11;3;'2026/01/24'
'23082';'15298014';1165;2025;11;3;'2026/01/24'
'23082';'15303872';62;2025;11;3;'2026/01/24'
'23082';'15303910';51;2025;11;3;'2026/01/24'
'23082';'15311581';43;2025;11;3;'2026/01/24'
'23082';'15384553';11;2025;11;3;'2026/01/24'
'23082';'15474217';1119;2025;11;3;'2026/01/24'
'23082';'15489099';50;2025;11;3;'2026/01/24'
'23082';'15521562';9;2025;11;3;'2026/01/24'
'23084';'14682882';12;2025;11;3;'2026/01/24'
'23084';'14758699';3;2025;11;3;'2026/01/24'
'23084';'14954892';33;2025;11;3;'2026/01/24'
'23084';'14989809';8;2025;11;3;'2026/01/24'
'23084';'15168156';2;2025;11;3;'2026/01/24'
'23084';'15311581';3;2025;11;3;'2026/01/24'
'23084';'15384553';2;2025;11;3;'2026/01/24'
'23084';'15474217';4;2025;11;3;'2026/01/24'
'23084';'15489099';8;2025;11;3;'2026/01/24'
'23085';'14954892';13;2025;11;3;'2026/01/24'
'23086';'14561781';7;2025;11;3;'2026/01/24'
'23086';'14682882';11;2025;11;3;'2026/01/24'
'23086';'14954892';1;2025;11;3;'2026/01/24'
'23086';'14989788';4;2025;11;3;'2026/01/24'
'23086';'14989809';5;2025;11;3;'2026/01/24'
'23087';'14682882';6;2025;11;3;'2026/01/24'
'23087';'15474217';79;2025;11;3;'2026/01/24'
'23088';'14954892';5;2025;11;3;'2026/01/24'
'23088';'15168156';18;2025;11;3;'2026/01/24'
'23090';'14064873';7;2025;11;3;'2026/01/24'
'23090';'14545132';10;2025;11;3;'2026/01/24'
'23090';'14682882';34;2025;11;3;'2026/01/24'
'23090';'14758699';5;2025;11;3;'2026/01/24'
'23090';'14954892';1;2025;11;3;'2026/01/24'
'23090';'14989809';5;2025;11;3;'2026/01/24'
'23090';'15168156';24;2025;11;3;'2026/01/24'
'23091';'14064873';11;2025;11;3;'2026/01/24'
'23091';'14682882';10;2025;11;3;'2026/01/24'
'23091';'14954892';12;2025;11;3;'2026/01/24'
'23092';'14954892';15;2025;11;3;'2026/01/24'
'23094';'14989809';4;2025;11;3;'2026/01/24'
'23095';'14064873';5;2025;11;3;'2026/01/24'
'23095';'14561781';1;2025;11;3;'2026/01/24'
'23095';'14682882';1;2025;11;3;'2026/01/24'
'23095';'14954868';2;2025;11;3;'2026/01/24'
'23095';'14954892';4;2025;11;3;'2026/01/24'
'23095';'14989833';9;2025;11;3;'2026/01/24'
'23095';'15168156';108;2025;11;3;'2026/01/24'
'23095';'15311581';7;2025;11;3;'2026/01/24'
'23095';'15384553';1;2025;11;3;'2026/01/24'
'23095';'15474217';8;2025;11;3;'2026/01/24'
'23095';'15489099';1;2025;11;3;'2026/01/24'
'23096';'14064873';9;2025;11;3;'2026/01/24'
'23096';'14989825';5;2025;11;3;'2026/01/24'
'23096';'15095284';7;2025;11;3;'2026/01/24'
'23096';'15474217';123;2025;11;3;'2026/01/24'
'23097';'14758699';1;2025;11;3;'2026/01/24'
'23097';'14954868';1;2025;11;3;'2026/01/24'
'23097';'14989825';15;2025;11;3;'2026/01/24'
'23097';'15474217';80;2025;11;3;'2026/01/24'
'23098';'14682882';12;2025;11;3;'2026/01/24'
'23098';'14954892';10;2025;11;3;'2026/01/24'
'23098';'14989809';34;2025;11;3;'2026/01/24'
'23098';'15168156';36;2025;11;3;'2026/01/24'
'23098';'15474217';28;2025;11;3;'2026/01/24'
'23101';'14682882';11;2025;11;3;'2026/01/24'
'23101';'14954892';10;2025;11;3;'2026/01/24'
'23102';'14545132';56;2025;11;3;'2026/01/24'
'23102';'14682882';41;2025;11;3;'2026/01/24'
'23102';'14758699';35;2025;11;3;'2026/01/24'
'23102';'14954892';8;2025;11;3;'2026/01/24'
'23102';'14989770';12;2025;11;3;'2026/01/24'
'23102';'14989788';9;2025;11;3;'2026/01/24'
'23102';'14989809';44;2025;11;3;'2026/01/24'
'23102';'14989825';29;2025;11;3;'2026/01/24'
'23102';'15095284';24;2025;11;3;'2026/01/24'
'23102';'15303872';7;2025;11;3;'2026/01/24'
'23102';'15303910';21;2025;11;3;'2026/01/24'
'23102';'15311581';11;2025;11;3;'2026/01/24'
'23104';'14064873';16;2025;11;3;'2026/01/24'
'23104';'14682882';11;2025;11;3;'2026/01/24'
'23104';'14954892';10;2025;11;3;'2026/01/24'
'23104';'14989825';42;2025;11;3;'2026/01/24'
'23104';'15095284';11;2025;11;3;'2026/01/24'
'23104';'15303872';6;2025;11;3;'2026/01/24'
'23104';'15303910';14;2025;11;3;'2026/01/24'
'23104';'15311581';13;2025;11;3;'2026/01/24'
'23104';'15384553';4;2025;11;3;'2026/01/24'
'23104';'15474217';115;2025;11;3;'2026/01/24'
'23104';'15489099';15;2025;11;3;'2026/01/24'
'23104';'15521562';37;2025;11;3;'2026/01/24'
'23105';'14682882';13;2025;11;3;'2026/01/24'
'23105';'14954892';10;2025;11;3;'2026/01/24'
'23105';'14989788';4;2025;11;3;'2026/01/24'
'23105';'14989825';14;2025;11;3;'2026/01/24'
'23105';'15298014';20;2025;11;3;'2026/01/24'
'23105';'15311581';6;2025;11;3;'2026/01/24'
'23105';'15384553';3;2025;11;3;'2026/01/24'
'23105';'15474217';20;2025;11;3;'2026/01/24'
'23106';'14682882';7;2025;11;3;'2026/01/24'
'23106';'14954868';13;2025;11;3;'2026/01/24'
'23106';'14954892';14;2025;11;3;'2026/01/24'
'23106';'14989833';12;2025;11;3;'2026/01/24'
'23106';'15168156';198;2025;11;3;'2026/01/24'
'23106';'15303910';16;2025;11;3;'2026/01/24'
'23106';'15474217';29;2025;11;3;'2026/01/24'
'23107';'14064873';4;2025;11;3;'2026/01/24'
'23107';'14954868';1;2025;11;3;'2026/01/24'
'23107';'14954892';12;2025;11;3;'2026/01/24'
'23108';'14758699';9;2025;11;3;'2026/01/24'
'23108';'14954892';4;2025;11;3;'2026/01/24'
'23108';'14989809';12;2025;11;3;'2026/01/24'
'23108';'15168156';6;2025;11;3;'2026/01/24'
'23109';'14954892';11;2025;11;3;'2026/01/24'
'23110';'14954892';8;2025;11;3;'2026/01/24'
'23110';'14989770';8;2025;11;3;'2026/01/24'
'23110';'14989809';4;2025;11;3;'2026/01/24'
'23110';'15095284';11;2025;11;3;'2026/01/24'
'23110';'15489099';11;2025;11;3;'2026/01/24'
'23112';'14954892';9;2025;11;3;'2026/01/24'
'23113';'14989809';9;2025;11;3;'2026/01/24'
'23113';'15474217';36;2025;11;3;'2026/01/24'
'23114';'14064873';3;2025;11;3;'2026/01/24'
'23114';'14758699';8;2025;11;3;'2026/01/24'
'23114';'14989788';12;2025;11;3;'2026/01/24'
'23114';'14989809';1;2025;11;3;'2026/01/24'
'23114';'15298014';28;2025;11;3;'2026/01/24'
'23114';'15303872';11;2025;11;3;'2026/01/24'
'23114';'15474217';16;2025;11;3;'2026/01/24'
'23115';'14954892';13;2025;11;3;'2026/01/24'
'23115';'14989825';24;2025;11;3;'2026/01/24'
'23115';'15095284';10;2025;11;3;'2026/01/24'
'23116';'14954892';12;2025;11;3;'2026/01/24'
'23117';'14682882';11;2025;11;3;'2026/01/24'
'23117';'14758699';3;2025;11;3;'2026/01/24'
'23117';'14954892';7;2025;11;3;'2026/01/24'
'23117';'14989809';9;2025;11;3;'2026/01/24'
'23117';'15095284';5;2025;11;3;'2026/01/24'
'23117';'15168156';60;2025;11;3;'2026/01/24'
'23117';'15303872';8;2025;11;3;'2026/01/24'
'23117';'15311581';8;2025;11;3;'2026/01/24'
'23117';'15474217';44;2025;11;3;'2026/01/24'
'23118';'14954892';5;2025;11;3;'2026/01/24'
'23119';'14064873';7;2025;11;3;'2026/01/24'
'23119';'14682882';46;2025;11;3;'2026/01/24'
'23119';'14758699';14;2025;11;3;'2026/01/24'
'23119';'14954892';5;2025;11;3;'2026/01/24'
'23119';'14989825';9;2025;11;3;'2026/01/24'
'23119';'14989833';4;2025;11;3;'2026/01/24'
'23119';'15298014';88;2025;11;3;'2026/01/24'
'23119';'15311581';3;2025;11;3;'2026/01/24'
'23119';'15384553';1;2025;11;3;'2026/01/24'
'23119';'15521562';6;2025;11;3;'2026/01/24'
'23120';'14682882';10;2025;11;3;'2026/01/24'
'23120';'14954892';12;2025;11;3;'2026/01/24'
'23120';'14989825';5;2025;11;3;'2026/01/24'
'23120';'15521562';30;2025;11;3;'2026/01/24'
'23121';'14682882';35;2025;11;3;'2026/01/24'
'23121';'14954892';12;2025;11;3;'2026/01/24'
'23121';'14989809';1;2025;11;3;'2026/01/24'
'23121';'15384553';1;2025;11;3;'2026/01/24'
'23122';'14758699';9;2025;11;3;'2026/01/24'
'23122';'14954892';9;2025;11;3;'2026/01/24'
'23122';'14989825';8;2025;11;3;'2026/01/24'
'23122';'15298014';4;2025;11;3;'2026/01/24'
'23122';'15303872';11;2025;11;3;'2026/01/24'
'23122';'15474217';1;2025;11;3;'2026/01/24'
'23123';'14758699';14;2025;11;3;'2026/01/24'
'23123';'14954868';20;2025;11;3;'2026/01/24'
'23123';'15095284';14;2025;11;3;'2026/01/24'
'23124';'14682882';3;2025;11;3;'2026/01/24'
'23124';'14954892';14;2025;11;3;'2026/01/24'
'23124';'14989825';10;2025;11;3;'2026/01/24'
'23124';'15489099';6;2025;11;3;'2026/01/24'
'23125';'14682882';60;2025;11;3;'2026/01/24'
'23125';'14758699';11;2025;11;3;'2026/01/24'
'23125';'14954892';1;2025;11;3;'2026/01/24'
'23125';'14989825';22;2025;11;3;'2026/01/24'
'23125';'15095284';16;2025;11;3;'2026/01/24'
'23125';'15168156';42;2025;11;3;'2026/01/24'
'23126';'15095284';1;2025;11;3;'2026/01/24'
'23128';'14954892';11;2025;11;3;'2026/01/24'
'23128';'14989825';8;2025;11;3;'2026/01/24'
'23128';'15474217';20;2025;11;3;'2026/01/24'
'23129';'14682882';46;2025;11;3;'2026/01/24'
'23129';'14758699';10;2025;11;3;'2026/01/24'
'23129';'14954868';11;2025;11;3;'2026/01/24'
'23129';'14954892';23;2025;11;3;'2026/01/24'
'23129';'15298014';8;2025;11;3;'2026/01/24'
'23129';'15303872';1;2025;11;3;'2026/01/24'
'23129';'15384553';2;2025;11;3;'2026/01/24'
'23129';'15521562';36;2025;11;3;'2026/01/24'
'23130';'14954868';16;2025;11;3;'2026/01/24'
'23130';'14954892';33;2025;11;3;'2026/01/24'
'23130';'14989825';17;2025;11;3;'2026/01/24'
'23130';'15303910';12;2025;11;3;'2026/01/24'
'23130';'15384553';5;2025;11;3;'2026/01/24'
'23130';'15521562';4;2025;11;3;'2026/01/24'
'23131';'14682882';7;2025;11;3;'2026/01/24'
'23131';'14954892';3;2025;11;3;'2026/01/24'
'23131';'14989825';2;2025;11;3;'2026/01/24'
'23131';'15474217';46;2025;11;3;'2026/01/24'
'23132';'14682882';25;2025;11;3;'2026/01/24'
'23132';'14954892';10;2025;11;3;'2026/01/24'
'23132';'15311581';1;2025;11;3;'2026/01/24'
'23132';'15384553';6;2025;11;3;'2026/01/24'
'23133';'14682882';25;2025;11;3;'2026/01/24'
'23133';'14989809';12;2025;11;3;'2026/01/24'
'23133';'15168156';6;2025;11;3;'2026/01/24'
'23133';'15384553';3;2025;11;3;'2026/01/24'
'23133';'15489099';17;2025;11;3;'2026/01/24'
'23133';'15521562';27;2025;11;3;'2026/01/24'
'23134';'14064873';12;2025;11;3;'2026/01/24'
'23134';'14682882';11;2025;11;3;'2026/01/24'
'23134';'14954892';3;2025;11;3;'2026/01/24'
'23135';'14758699';7;2025;11;3;'2026/01/24'
'23135';'14954892';5;2025;11;3;'2026/01/24'
'23135';'14989825';4;2025;11;3;'2026/01/24'
'23136';'14064873';3;2025;11;3;'2026/01/24'
'23136';'14682882';31;2025;11;3;'2026/01/24'
'23136';'14989825';12;2025;11;3;'2026/01/24'
'23136';'15168156';42;2025;11;3;'2026/01/24'
'23136';'15384553';5;2025;11;3;'2026/01/24'
'23137';'15095284';8;2025;11;3;'2026/01/24'
'23137';'15303910';5;2025;11;3;'2026/01/24'
'23138';'14954892';14;2025;11;3;'2026/01/24'
'23138';'15168156';72;2025;11;3;'2026/01/24'
'23138';'15384553';2;2025;11;3;'2026/01/24'
'23138';'15489099';5;2025;11;3;'2026/01/24'
'23139';'14064873';20;2025;11;3;'2026/01/24'
'23139';'14682882';19;2025;11;3;'2026/01/24'
'23139';'14758699';1;2025;11;3;'2026/01/24'
'23139';'14989788';1;2025;11;3;'2026/01/24'
'23139';'14989825';4;2025;11;3;'2026/01/24'
'23139';'15489099';14;2025;11;3;'2026/01/24'
'23140';'14682882';12;2025;11;3;'2026/01/24'
'23140';'14758699';10;2025;11;3;'2026/01/24'
'23140';'14954892';16;2025;11;3;'2026/01/24'
'23140';'14989770';6;2025;11;3;'2026/01/24'
'23140';'14989788';7;2025;11;3;'2026/01/24'
'23140';'14989809';10;2025;11;3;'2026/01/24'
'23140';'14989833';13;2025;11;3;'2026/01/24'
'23140';'15095284';13;2025;11;3;'2026/01/24'
'23140';'15168156';60;2025;11;3;'2026/01/24'
'23140';'15298014';16;2025;11;3;'2026/01/24'
'23140';'15311581';11;2025;11;3;'2026/01/24'
'23141';'14682882';7;2025;11;3;'2026/01/24'
'23141';'14989770';40;2025;11;3;'2026/01/24'
'23141';'14989825';19;2025;11;3;'2026/01/24'
'23141';'15168156';36;2025;11;3;'2026/01/24'
'23141';'15298014';44;2025;11;3;'2026/01/24'
'23141';'15303872';12;2025;11;3;'2026/01/24'
'23142';'14545132';12;2025;11;3;'2026/01/24'
'23142';'14682882';11;2025;11;3;'2026/01/24'
'23142';'14954892';10;2025;11;3;'2026/01/24'
'23142';'15303910';5;2025;11;3;'2026/01/24'
'23142';'15489099';6;2025;11;3;'2026/01/24'
'23144';'14064873';6;2025;11;3;'2026/01/24'
'23144';'14545132';9;2025;11;3;'2026/01/24'
'23144';'14561781';5;2025;11;3;'2026/01/24'
'23144';'14682882';22;2025;11;3;'2026/01/24'
'23144';'14758699';6;2025;11;3;'2026/01/24'
'23144';'14954868';14;2025;11;3;'2026/01/24'
'23144';'14954892';5;2025;11;3;'2026/01/24'
'23144';'14989788';4;2025;11;3;'2026/01/24'
'23144';'14989809';13;2025;11;3;'2026/01/24'
'23144';'14989825';9;2025;11;3;'2026/01/24'
'23144';'14989833';1;2025;11;3;'2026/01/24'
'23144';'15095284';4;2025;11;3;'2026/01/24'
'23144';'15168156';36;2025;11;3;'2026/01/24'
'23144';'15298014';20;2025;11;3;'2026/01/24'
'23144';'15303872';1;2025;11;3;'2026/01/24'
'23144';'15303910';4;2025;11;3;'2026/01/24'
'23144';'15311581';7;2025;11;3;'2026/01/24'
'23144';'15474217';10;2025;11;3;'2026/01/24'
'23144';'15489099';6;2025;11;3;'2026/01/24'
'23145';'14989825';12;2025;11;3;'2026/01/24'
'23145';'15474217';24;2025;11;3;'2026/01/24'
'23146';'14682882';41;2025;11;3;'2026/01/24'
'23146';'14954892';25;2025;11;3;'2026/01/24'
'23146';'15303872';1;2025;11;3;'2026/01/24'
'23148';'14064873';23;2025;11;3;'2026/01/24'
'23148';'14545132';13;2025;11;3;'2026/01/24'
'23148';'14561781';12;2025;11;3;'2026/01/24'
'23148';'14682882';68;2025;11;3;'2026/01/24'
'23148';'14758699';13;2025;11;3;'2026/01/24'
'23148';'14954868';27;2025;11;3;'2026/01/24'
'23148';'14954892';9;2025;11;3;'2026/01/24'
'23148';'14989770';24;2025;11;3;'2026/01/24'
'23148';'14989788';29;2025;11;3;'2026/01/24'
'23148';'14989809';16;2025;11;3;'2026/01/24'
'23148';'14989825';23;2025;11;3;'2026/01/24'
'23148';'14989833';13;2025;11;3;'2026/01/24'
'23148';'15095284';16;2025;11;3;'2026/01/24'
'23148';'15168156';395;2025;11;3;'2026/01/24'
'23148';'15298014';429;2025;11;3;'2026/01/24'
'23148';'15303872';14;2025;11;3;'2026/01/24'
'23148';'15303910';7;2025;11;3;'2026/01/24'
'23148';'15311581';24;2025;11;3;'2026/01/24'
'23148';'15384553';4;2025;11;3;'2026/01/24'
'23148';'15474217';309;2025;11;3;'2026/01/24'
'23148';'15489099';10;2025;11;3;'2026/01/24'
'23148';'15521562';97;2025;11;3;'2026/01/24'
'23149';'15298014';24;2025;11;3;'2026/01/24'
'23149';'15303910';12;2025;11;3;'2026/01/24'
'23150';'14954892';12;2025;11;3;'2026/01/24'
'23150';'14989809';12;2025;11;3;'2026/01/24'
'23151';'14064873';28;2025;11;3;'2026/01/24'
'23151';'14682882';3;2025;11;3;'2026/01/24'
'23151';'14954892';12;2025;11;3;'2026/01/24'
'23151';'14989809';12;2025;11;3;'2026/01/24'
'23151';'15095284';5;2025;11;3;'2026/01/24'
'23151';'15303872';3;2025;11;3;'2026/01/24'
'23151';'15303910';12;2025;11;3;'2026/01/24'
'23151';'15384553';4;2025;11;3;'2026/01/24'
'23151';'15525563';2;2025;11;3;'2026/01/24'
'23152';'14064873';15;2025;11;3;'2026/01/24'
'23152';'14545132';7;2025;11;3;'2026/01/24'
'23152';'14682882';40;2025;11;3;'2026/01/24'
'23152';'14758699';2;2025;11;3;'2026/01/24'
'23152';'14954868';1;2025;11;3;'2026/01/24'
'23152';'14954892';12;2025;11;3;'2026/01/24'
'23152';'14989770';1;2025;11;3;'2026/01/24'
'23152';'14989833';8;2025;11;3;'2026/01/24'
'23152';'15095284';13;2025;11;3;'2026/01/24'
'23152';'15168156';156;2025;11;3;'2026/01/24'
'23152';'15298014';92;2025;11;3;'2026/01/24'
'23152';'15303872';5;2025;11;3;'2026/01/24'
'23152';'15303910';1;2025;11;3;'2026/01/24'
'23152';'15384553';6;2025;11;3;'2026/01/24'
'23152';'15474217';212;2025;11;3;'2026/01/24'
'23152';'15489099';10;2025;11;3;'2026/01/24'
'23152';'15521562';140;2025;11;3;'2026/01/24'
'23153';'14954892';8;2025;11;3;'2026/01/24'
'23153';'15521562';20;2025;11;3;'2026/01/24'
'23155';'14989825';11;2025;11;3;'2026/01/24'
'23156';'14682882';11;2025;11;3;'2026/01/24'
'23156';'15095284';4;2025;11;3;'2026/01/24'
'23156';'15489099';17;2025;11;3;'2026/01/24'
'23158';'14064873';14;2025;11;3;'2026/01/24'
'23158';'14545132';19;2025;11;3;'2026/01/24'
'23158';'14682882';11;2025;11;3;'2026/01/24'
'23158';'14758699';22;2025;11;3;'2026/01/24'
'23158';'14989770';15;2025;11;3;'2026/01/24'
'23158';'14989788';1;2025;11;3;'2026/01/24'
'23158';'14989809';5;2025;11;3;'2026/01/24'
'23158';'15168156';180;2025;11;3;'2026/01/24'
'23158';'15298014';108;2025;11;3;'2026/01/24'
'23158';'15474217';180;2025;11;3;'2026/01/24'
'23158';'15489099';10;2025;11;3;'2026/01/24'
'23158';'15521562';-2;2025;11;3;'2026/01/24'
'23158';'15525563';-1;2025;11;3;'2026/01/24'
'23159';'14682882';14;2025;11;3;'2026/01/24'
'23159';'14954892';1;2025;11;3;'2026/01/24'
'23160';'14064873';7;2025;11;3;'2026/01/24'
'23160';'14682882';64;2025;11;3;'2026/01/24'
'23160';'14758699';8;2025;11;3;'2026/01/24'
'23160';'14954892';7;2025;11;3;'2026/01/24'
'23160';'15095284';12;2025;11;3;'2026/01/24'
'23160';'15168156';285;2025;11;3;'2026/01/24'
'23160';'15298014';212;2025;11;3;'2026/01/24'
'23160';'15474217';336;2025;11;3;'2026/01/24'
'23162';'14064873';15;2025;11;3;'2026/01/24'
'23162';'14545132';25;2025;11;3;'2026/01/24'
'23162';'14561781';8;2025;11;3;'2026/01/24'
'23162';'14682882';15;2025;11;3;'2026/01/24'
'23162';'14758699';14;2025;11;3;'2026/01/24'
'23162';'14954868';15;2025;11;3;'2026/01/24'
'23162';'14954892';11;2025;11;3;'2026/01/24'
'23162';'14989770';28;2025;11;3;'2026/01/24'
'23162';'14989788';11;2025;11;3;'2026/01/24'
'23162';'14989809';7;2025;11;3;'2026/01/24'
'23162';'14989833';28;2025;11;3;'2026/01/24'
'23162';'15095284';18;2025;11;3;'2026/01/24'
'23162';'15168156';210;2025;11;3;'2026/01/24'
'23162';'15298014';224;2025;11;3;'2026/01/24'
'23162';'15303872';11;2025;11;3;'2026/01/24'
'23162';'15303910';23;2025;11;3;'2026/01/24'
'23162';'15474217';192;2025;11;3;'2026/01/24'
'23163';'15474217';3;2025;11;3;'2026/01/24'
'23165';'14682882';7;2025;11;3;'2026/01/24'
'23165';'14758699';11;2025;11;3;'2026/01/24'
'23165';'14954868';12;2025;11;3;'2026/01/24'
'23165';'14989809';2;2025;11;3;'2026/01/24'
'23166';'14682882';10;2025;11;3;'2026/01/24'
'23166';'14954892';11;2025;11;3;'2026/01/24'
'23166';'14989788';5;2025;11;3;'2026/01/24'
'23166';'14989809';7;2025;11;3;'2026/01/24'
'23166';'15474217';32;2025;11;3;'2026/01/24'
'23166';'15489099';10;2025;11;3;'2026/01/24'
'23166';'15525563';1;2025;11;3;'2026/01/24'
'23167';'14682882';8;2025;11;3;'2026/01/24'
'23167';'14954868';15;2025;11;3;'2026/01/24'
'23167';'14954892';19;2025;11;3;'2026/01/24'
'23168';'14064873';9;2025;11;3;'2026/01/24'
'23168';'14682882';7;2025;11;3;'2026/01/24'
'23168';'14954892';9;2025;11;3;'2026/01/24'
'23168';'14989809';13;2025;11;3;'2026/01/24'
'23168';'14989825';5;2025;11;3;'2026/01/24'
'23168';'15489099';3;2025;11;3;'2026/01/24'
'23169';'14064873';10;2025;11;3;'2026/01/24'
'23169';'14954892';16;2025;11;3;'2026/01/24'
'23170';'14682882';13;2025;11;3;'2026/01/24'
'23170';'14954892';8;2025;11;3;'2026/01/24'
'23171';'14682882';20;2025;11;3;'2026/01/24'
'23171';'14954868';13;2025;11;3;'2026/01/24'
'23171';'14954892';6;2025;11;3;'2026/01/24'
'23171';'15303872';1;2025;11;3;'2026/01/24'
'23173';'14954892';20;2025;11;3;'2026/01/24'
'23174';'14954892';12;2025;11;3;'2026/01/24'
'23175';'14064873';6;2025;11;3;'2026/01/24'
'23175';'14682882';12;2025;11;3;'2026/01/24'
'23175';'14954868';13;2025;11;3;'2026/01/24'
'23175';'14989788';2;2025;11;3;'2026/01/24'
'23175';'14989833';9;2025;11;3;'2026/01/24'
'23175';'15168156';18;2025;11;3;'2026/01/24'
'23175';'15298014';28;2025;11;3;'2026/01/24'
'23175';'15311581';5;2025;11;3;'2026/01/24'
'23175';'15474217';60;2025;11;3;'2026/01/24'
'23176';'14064873';6;2025;11;3;'2026/01/24'
'23176';'14989788';10;2025;11;3;'2026/01/24'
'23176';'14989809';8;2025;11;3;'2026/01/24'
'23176';'14989825';12;2025;11;3;'2026/01/24'
'23176';'15168156';18;2025;11;3;'2026/01/24'
'23177';'14682882';11;2025;11;3;'2026/01/24'
'23177';'14954892';8;2025;11;3;'2026/01/24'
'23177';'14989825';8;2025;11;3;'2026/01/24'
'23177';'15303872';1;2025;11;3;'2026/01/24'
'23177';'15384553';1;2025;11;3;'2026/01/24'
'23177';'15489099';10;2025;11;3;'2026/01/24'
'23179';'14064873';4;2025;11;3;'2026/01/24'
'23179';'14954892';15;2025;11;3;'2026/01/24'
'23179';'15298014';76;2025;11;3;'2026/01/24'
'23180';'14682882';12;2025;11;3;'2026/01/24'
'23180';'14989825';8;2025;11;3;'2026/01/24'
'23180';'15168156';6;2025;11;3;'2026/01/24'
'23180';'15489099';21;2025;11;3;'2026/01/24'
'23181';'14064873';2;2025;11;3;'2026/01/24'
'23181';'14682882';26;2025;11;3;'2026/01/24'
'23181';'14954868';4;2025;11;3;'2026/01/24'
'23181';'14954892';8;2025;11;3;'2026/01/24'
'23181';'14989825';5;2025;11;3;'2026/01/24'
'23182';'14682882';3;2025;11;3;'2026/01/24'
'23182';'14989825';1;2025;11;3;'2026/01/24'
'23182';'15168156';24;2025;11;3;'2026/01/24'
'23183';'14064873';16;2025;11;3;'2026/01/24'
'23183';'14545132';7;2025;11;3;'2026/01/24'
'23183';'14682882';10;2025;11;3;'2026/01/24'
'23183';'14758699';12;2025;11;3;'2026/01/24'
'23183';'14954868';15;2025;11;3;'2026/01/24'
'23183';'14954892';65;2025;11;3;'2026/01/24'
'23183';'14989788';12;2025;11;3;'2026/01/24'
'23183';'14989809';12;2025;11;3;'2026/01/24'
'23183';'14989825';10;2025;11;3;'2026/01/24'
'23183';'14989833';59;2025;11;3;'2026/01/24'
'23183';'15095284';11;2025;11;3;'2026/01/24'
'23183';'15168156';200;2025;11;3;'2026/01/24'
'23183';'15298014';96;2025;11;3;'2026/01/24'
'23183';'15303910';18;2025;11;3;'2026/01/24'
'23183';'15311581';17;2025;11;3;'2026/01/24'
'23183';'15384553';9;2025;11;3;'2026/01/24'
'23183';'15474217';36;2025;11;3;'2026/01/24'
'23183';'15489099';62;2025;11;3;'2026/01/24'
'23184';'14064873';12;2025;11;3;'2026/01/24'
'23184';'14758699';12;2025;11;3;'2026/01/24'
'23184';'14954892';10;2025;11;3;'2026/01/24'
'23184';'14989809';11;2025;11;3;'2026/01/24'
'23184';'15303910';3;2025;11;3;'2026/01/24'
'23184';'15474217';40;2025;11;3;'2026/01/24'
'23185';'14064873';2;2025;11;3;'2026/01/24'
'23185';'14682882';16;2025;11;3;'2026/01/24'
'23185';'14954868';8;2025;11;3;'2026/01/24'
'23185';'14954892';12;2025;11;3;'2026/01/24'
'23185';'14989788';7;2025;11;3;'2026/01/24'
'23185';'15303872';5;2025;11;3;'2026/01/24'
'23185';'15311581';10;2025;11;3;'2026/01/24'
'23185';'15489099';21;2025;11;3;'2026/01/24'
'23186';'14682882';1;2025;11;3;'2026/01/24'
'23186';'14954892';12;2025;11;3;'2026/01/24'
'23186';'14989770';9;2025;11;3;'2026/01/24'
'23186';'14989788';3;2025;11;3;'2026/01/24'
'23186';'14989809';7;2025;11;3;'2026/01/24'
'23186';'15095284';7;2025;11;3;'2026/01/24'
'23187';'14064873';4;2025;11;3;'2026/01/24'
'23187';'14682882';10;2025;11;3;'2026/01/24'
'23187';'14758699';1;2025;11;3;'2026/01/24'
'23187';'14954892';15;2025;11;3;'2026/01/24'
'23187';'14989770';9;2025;11;3;'2026/01/24'
'23187';'14989788';3;2025;11;3;'2026/01/24'
'23187';'14989809';6;2025;11;3;'2026/01/24'
'23187';'15298014';97;2025;11;3;'2026/01/24'
'23187';'15311581';12;2025;11;3;'2026/01/24'
'23187';'15474217';86;2025;11;3;'2026/01/24'
'23188';'14064873';11;2025;11;3;'2026/01/24'
'23188';'14682882';17;2025;11;3;'2026/01/24'
'23188';'14954892';14;2025;11;3;'2026/01/24'
'23188';'14989788';8;2025;11;3;'2026/01/24'
'23188';'14989809';11;2025;11;3;'2026/01/24'
'23188';'14989825';1;2025;11;3;'2026/01/24'
'23188';'15303910';1;2025;11;3;'2026/01/24'
'23188';'15384553';6;2025;11;3;'2026/01/24'
'23188';'15489099';11;2025;11;3;'2026/01/24'
'23189';'14682882';13;2025;11;3;'2026/01/24'
'23189';'14954892';5;2025;11;3;'2026/01/24'
'23189';'14989788';9;2025;11;3;'2026/01/24'
'23189';'14989809';16;2025;11;3;'2026/01/24'
'23189';'14989825';3;2025;11;3;'2026/01/24'
'23189';'15095284';7;2025;11;3;'2026/01/24'
'23189';'15168156';24;2025;11;3;'2026/01/24'
'23189';'15525563';3;2025;11;3;'2026/01/24'
'23190';'14954892';13;2025;11;3;'2026/01/24'
'23191';'14682882';6;2025;11;3;'2026/01/24'
'23191';'14989770';12;2025;11;3;'2026/01/24'
'23191';'14989788';12;2025;11;3;'2026/01/24'
'23191';'14989809';5;2025;11;3;'2026/01/24'
'23191';'14989825';10;2025;11;3;'2026/01/24'
'23191';'15168156';42;2025;11;3;'2026/01/24'
'23191';'15303910';4;2025;11;3;'2026/01/24'
'23191';'15384553';3;2025;11;3;'2026/01/24'
'23191';'15489099';13;2025;11;3;'2026/01/24'
'23192';'14682882';54;2025;11;3;'2026/01/24'
'23192';'14954868';9;2025;11;3;'2026/01/24'
'23192';'14989825';1;2025;11;3;'2026/01/24'
'23192';'15168156';60;2025;11;3;'2026/01/24'
'23192';'15298014';360;2025;11;3;'2026/01/24'
'23192';'15303910';4;2025;11;3;'2026/01/24'
'23192';'15474217';60;2025;11;3;'2026/01/24'
'23193';'14954892';5;2025;11;3;'2026/01/24'
'23193';'14989825';8;2025;11;3;'2026/01/24'
'23193';'15303910';4;2025;11;3;'2026/01/24'
'23193';'15384553';8;2025;11;3;'2026/01/24'
'23194';'14064873';2;2025;11;3;'2026/01/24'
'23194';'14682882';7;2025;11;3;'2026/01/24'
'23194';'14954892';13;2025;11;3;'2026/01/24'
'23194';'15384553';5;2025;11;3;'2026/01/24'
'23195';'14954892';1;2025;11;3;'2026/01/24'
'23195';'14989809';1;2025;11;3;'2026/01/24'
'23196';'14064873';7;2025;11;3;'2026/01/24'
'23196';'14561781';19;2025;11;3;'2026/01/24'
'23196';'14682882';12;2025;11;3;'2026/01/24'
'23196';'14954892';5;2025;11;3;'2026/01/24'
'23196';'14989809';18;2025;11;3;'2026/01/24'
'23196';'15168156';58;2025;11;3;'2026/01/24'
'23196';'15298014';54;2025;11;3;'2026/01/24'
'23196';'15303872';6;2025;11;3;'2026/01/24'
'23196';'15474217';68;2025;11;3;'2026/01/24'
'23196';'15489099';6;2025;11;3;'2026/01/24'
'23197';'14954892';7;2025;11;3;'2026/01/24'
'23197';'14989788';-1;2025;11;3;'2026/01/24'
'23198';'14064873';13;2025;11;3;'2026/01/24'
'23198';'14758699';9;2025;11;3;'2026/01/24'
'23198';'14989809';2;2025;11;3;'2026/01/24'
'23198';'15095284';8;2025;11;3;'2026/01/24'
'23200';'14064873';1;2025;11;3;'2026/01/24'
'23200';'14954892';11;2025;11;3;'2026/01/24'
'23200';'14989809';9;2025;11;3;'2026/01/24'
'23202';'14064873';25;2025;11;3;'2026/01/24'
'23202';'14545132';7;2025;11;3;'2026/01/24'
'23202';'14561781';12;2025;11;3;'2026/01/24'
'23202';'14682882';23;2025;11;3;'2026/01/24'
'23202';'14758699';30;2025;11;3;'2026/01/24'
'23202';'14954868';13;2025;11;3;'2026/01/24'
'23202';'14954892';46;2025;11;3;'2026/01/24'
'23202';'14989770';14;2025;11;3;'2026/01/24'
'23202';'14989788';14;2025;11;3;'2026/01/24'
'23202';'14989809';15;2025;11;3;'2026/01/24'
'23202';'14989825';17;2025;11;3;'2026/01/24'
'23202';'14989833';19;2025;11;3;'2026/01/24'
'23202';'15095284';15;2025;11;3;'2026/01/24'
'23202';'15168156';78;2025;11;3;'2026/01/24'
'23202';'15298014';100;2025;11;3;'2026/01/24'
'23202';'15303872';4;2025;11;3;'2026/01/24'
'23202';'15303910';15;2025;11;3;'2026/01/24'
'23202';'15311581';11;2025;11;3;'2026/01/24'
'23202';'15474217';14;2025;11;3;'2026/01/24'
'23202';'15489099';9;2025;11;3;'2026/01/24'
'23202';'15521562';30;2025;11;3;'2026/01/24'
'23203';'14682882';12;2025;11;3;'2026/01/24'
'23203';'14954892';2;2025;11;3;'2026/01/24'
'23204';'14064873';1;2025;11;3;'2026/01/24'
'23204';'14561781';8;2025;11;3;'2026/01/24'
'23204';'14954892';8;2025;11;3;'2026/01/24'
'23204';'14989825';8;2025;11;3;'2026/01/24'
'23204';'15474217';24;2025;11;3;'2026/01/24'
'23205';'14064873';4;2025;11;3;'2026/01/24'
'23205';'14682882';7;2025;11;3;'2026/01/24'
'23205';'14954868';5;2025;11;3;'2026/01/24'
'23205';'14954892';17;2025;11;3;'2026/01/24'
'23205';'14989825';16;2025;11;3;'2026/01/24'
'23205';'15168156';18;2025;11;3;'2026/01/24'
'23205';'15303910';5;2025;11;3;'2026/01/24'
'23205';'15384553';1;2025;11;3;'2026/01/24'
'23205';'15474217';72;2025;11;3;'2026/01/24'
'23207';'14989825';5;2025;11;3;'2026/01/24'
'23208';'14682882';6;2025;11;3;'2026/01/24'
'23208';'14758699';29;2025;11;3;'2026/01/24'
'23208';'14954892';10;2025;11;3;'2026/01/24'
'23208';'14989809';2;2025;11;3;'2026/01/24'
'23208';'14989825';6;2025;11;3;'2026/01/24'
'23208';'15303910';11;2025;11;3;'2026/01/24'
'23209';'14682882';11;2025;11;3;'2026/01/24'
'23209';'14954868';1;2025;11;3;'2026/01/24'
'23209';'14954892';3;2025;11;3;'2026/01/24'
'23209';'15474217';80;2025;11;3;'2026/01/24'
'23210';'14989809';1;2025;11;3;'2026/01/24'
'23211';'14954892';2;2025;11;3;'2026/01/24'
'23211';'15474217';32;2025;11;3;'2026/01/24'
'23211';'15521562';9;2025;11;3;'2026/01/24'
'23212';'14545132';18;2025;11;3;'2026/01/24'
'23212';'14954892';7;2025;11;3;'2026/01/24'
'23212';'14989825';3;2025;11;3;'2026/01/24'
'23212';'15168156';3;2025;11;3;'2026/01/24'
'23212';'15303872';2;2025;11;3;'2026/01/24'
'23212';'15489099';3;2025;11;3;'2026/01/24'
'23213';'15168156';32;2025;11;3;'2026/01/24'
'23214';'14682882';12;2025;11;3;'2026/01/24'
'23214';'14954892';11;2025;11;3;'2026/01/24'
'23214';'14989770';2;2025;11;3;'2026/01/24'
'23214';'14989825';4;2025;11;3;'2026/01/24'
'23214';'15095284';7;2025;11;3;'2026/01/24'
'23214';'15311581';16;2025;11;3;'2026/01/24'
'23214';'15384553';4;2025;11;3;'2026/01/24'
'23214';'15474217';1;2025;11;3;'2026/01/24'
'23214';'15521562';9;2025;11;3;'2026/01/24'
'23215';'14064873';17;2025;11;3;'2026/01/24'
'23215';'14545132';5;2025;11;3;'2026/01/24'
'23215';'14561781';18;2025;11;3;'2026/01/24'
'23215';'14682882';6;2025;11;3;'2026/01/24'
'23215';'14758699';5;2025;11;3;'2026/01/24'
'23215';'14954868';7;2025;11;3;'2026/01/24'
'23215';'14954892';9;2025;11;3;'2026/01/24'
'23215';'14989770';37;2025;11;3;'2026/01/24'
'23215';'14989809';6;2025;11;3;'2026/01/24'
'23215';'14989833';43;2025;11;3;'2026/01/24'
'23215';'15095284';7;2025;11;3;'2026/01/24'
'23215';'15168156';161;2025;11;3;'2026/01/24'
'23215';'15298014';84;2025;11;3;'2026/01/24'
'23215';'15303910';20;2025;11;3;'2026/01/24'
'23215';'15384553';15;2025;11;3;'2026/01/24'
'23215';'15474217';180;2025;11;3;'2026/01/24'
'23216';'14064873';1;2025;11;3;'2026/01/24'
'23216';'14682882';7;2025;11;3;'2026/01/24'
'23216';'14758699';11;2025;11;3;'2026/01/24'
'23216';'14954868';9;2025;11;3;'2026/01/24'
'23216';'14954892';-2;2025;11;3;'2026/01/24'
'23216';'14989788';2;2025;11;3;'2026/01/24'
'23216';'14989809';7;2025;11;3;'2026/01/24'
'23216';'14989825';28;2025;11;3;'2026/01/24'
'23216';'15168156';12;2025;11;3;'2026/01/24'
'23217';'14954892';8;2025;11;3;'2026/01/24'
'23218';'14989825';7;2025;11;3;'2026/01/24'
'23218';'15384553';1;2025;11;3;'2026/01/24'
'23218';'15489099';5;2025;11;3;'2026/01/24'
'23219';'14064873';6;2025;11;3;'2026/01/24'
'23219';'14989809';1;2025;11;3;'2026/01/24'
'23219';'14989825';8;2025;11;3;'2026/01/24'
'23219';'15474217';188;2025;11;3;'2026/01/24'
'23219';'15489099';11;2025;11;3;'2026/01/24'
'23220';'14989825';1;2025;11;3;'2026/01/24'
'23221';'14064873';8;2025;11;3;'2026/01/24'
'23221';'14561781';9;2025;11;3;'2026/01/24'
'23221';'14682882';5;2025;11;3;'2026/01/24'
'23221';'14954868';8;2025;11;3;'2026/01/24'
'23221';'14954892';14;2025;11;3;'2026/01/24'
'23221';'14989788';11;2025;11;3;'2026/01/24'
'23221';'14989809';3;2025;11;3;'2026/01/24'
'23221';'15168156';138;2025;11;3;'2026/01/24'
'23221';'15298014';216;2025;11;3;'2026/01/24'
'23221';'15303910';12;2025;11;3;'2026/01/24'
'23221';'15384553';3;2025;11;3;'2026/01/24'
'23221';'15474217';4;2025;11;3;'2026/01/24'
'23221';'15489099';15;2025;11;3;'2026/01/24'
'23221';'15521562';72;2025;11;3;'2026/01/24'
'23222';'14682882';14;2025;11;3;'2026/01/24'
'23222';'14954892';14;2025;11;3;'2026/01/24'
'23222';'15095284';11;2025;11;3;'2026/01/24'
'23222';'15298014';8;2025;11;3;'2026/01/24'
'23223';'14758699';10;2025;11;3;'2026/01/24'
'23223';'14954892';12;2025;11;3;'2026/01/24'
'23223';'14989809';12;2025;11;3;'2026/01/24'
'23223';'14989825';2;2025;11;3;'2026/01/24'
'23223';'15311581';9;2025;11;3;'2026/01/24'
'23224';'15303910';12;2025;11;3;'2026/01/24'
'23226';'14561781';4;2025;11;3;'2026/01/24'
'23226';'14954892';15;2025;11;3;'2026/01/24'
'23227';'14682882';4;2025;11;3;'2026/01/24'
'23227';'14758699';5;2025;11;3;'2026/01/24'
'23229';'14682882';5;2025;11;3;'2026/01/24'
'23229';'14954892';6;2025;11;3;'2026/01/24'
'23229';'14989825';8;2025;11;3;'2026/01/24'
'23229';'15384553';2;2025;11;3;'2026/01/24'
'23230';'14064873';6;2025;11;3;'2026/01/24'
'23230';'14954892';11;2025;11;3;'2026/01/24'
'23230';'14989788';1;2025;11;3;'2026/01/24'
'23230';'14989825';2;2025;11;3;'2026/01/24'
'23230';'15168156';2;2025;11;3;'2026/01/24'
'23230';'15489099';8;2025;11;3;'2026/01/24'
'23230';'15521562';67;2025;11;3;'2026/01/24'
'23231';'14989825';27;2025;11;3;'2026/01/24'
'23231';'15311581';8;2025;11;3;'2026/01/24'
'23233';'14545132';7;2025;11;3;'2026/01/24'
'23233';'14954892';10;2025;11;3;'2026/01/24'
'23233';'14989770';1;2025;11;3;'2026/01/24'
'23233';'14989825';5;2025;11;3;'2026/01/24'
'23233';'15474217';124;2025;11;3;'2026/01/24'
'23233';'15521562';17;2025;11;3;'2026/01/24'
'23234';'14954892';3;2025;11;3;'2026/01/24'
'23234';'14989825';16;2025;11;3;'2026/01/24'
'23234';'15298014';24;2025;11;3;'2026/01/24'
'23234';'15474217';148;2025;11;3;'2026/01/24'
'23235';'14758699';8;2025;11;3;'2026/01/24'
'23235';'14954892';6;2025;11;3;'2026/01/24'
'23235';'14989825';5;2025;11;3;'2026/01/24'
'23235';'15489099';1;2025;11;3;'2026/01/24'
'23237';'14954892';23;2025;11;3;'2026/01/24'
'23237';'14989788';3;2025;11;3;'2026/01/24'
'23239';'14758699';5;2025;11;3;'2026/01/24'
'23239';'15521562';1;2025;11;3;'2026/01/24'
'23240';'14545132';11;2025;11;3;'2026/01/24'
'23240';'14682882';8;2025;11;3;'2026/01/24'
'23240';'14954892';7;2025;11;3;'2026/01/24'
'23241';'14954892';1;2025;11;3;'2026/01/24'
'23241';'15303910';2;2025;11;3;'2026/01/24'
'23243';'14989770';3;2025;11;3;'2026/01/24'
'23244';'14064873';6;2025;11;3;'2026/01/24'
'23244';'14682882';11;2025;11;3;'2026/01/24'
'23244';'14954892';14;2025;11;3;'2026/01/24'
'23244';'15474217';4;2025;11;3;'2026/01/24'
'23246';'14758699';5;2025;11;3;'2026/01/24'
'23246';'15298014';4;2025;11;3;'2026/01/24'
'23247';'14954892';12;2025;11;3;'2026/01/24'
'23247';'14989788';6;2025;11;3;'2026/01/24'
'23247';'15303872';5;2025;11;3;'2026/01/24'
'23247';'15303910';8;2025;11;3;'2026/01/24'
'23250';'14954892';15;2025;11;3;'2026/01/24'
'23301';'14064873';10;2025;11;3;'2026/01/24'
'23301';'14682882';10;2025;11;3;'2026/01/24'
'23301';'14954892';10;2025;11;3;'2026/01/24'
'23301';'14989809';2;2025;11;3;'2026/01/24'
'23301';'14989825';56;2025;11;3;'2026/01/24'
'23301';'15168156';6;2025;11;3;'2026/01/24'
'23301';'15298014';24;2025;11;3;'2026/01/24'
'23301';'15303910';6;2025;11;3;'2026/01/24'
'23301';'15384553';2;2025;11;3;'2026/01/24'
'23301';'15474217';5;2025;11;3;'2026/01/24'
'23303';'14064873';9;2025;11;3;'2026/01/24'
'23303';'14682882';4;2025;11;3;'2026/01/24'
'23303';'14758699';11;2025;11;3;'2026/01/24'
'23303';'14954868';9;2025;11;3;'2026/01/24'
'23303';'14954892';6;2025;11;3;'2026/01/24'
'23303';'14989809';12;2025;11;3;'2026/01/24'
'23303';'14989825';4;2025;11;3;'2026/01/24'
'23303';'15311581';8;2025;11;3;'2026/01/24'
'23303';'15384553';2;2025;11;3;'2026/01/24'
'23304';'14682882';16;2025;11;3;'2026/01/24'
'23304';'14954892';13;2025;11;3;'2026/01/24'
'23306';'14682882';70;2025;11;3;'2026/01/24'
'23306';'14954892';344;2025;11;3;'2026/01/24'
'23306';'15474217';-3;2025;11;3;'2026/01/24'
'23308';'14758699';9;2025;11;3;'2026/01/24'
'23308';'14954892';13;2025;11;3;'2026/01/24'
'23309';'14064873';6;2025;11;3;'2026/01/24'
'23309';'14954892';11;2025;11;3;'2026/01/24'
'23309';'14989809';21;2025;11;3;'2026/01/24'
'23309';'15095284';9;2025;11;3;'2026/01/24'
'23309';'15168156';66;2025;11;3;'2026/01/24'
'23309';'15298014';60;2025;11;3;'2026/01/24'
'23309';'15311581';9;2025;11;3;'2026/01/24'
'23309';'15474217';104;2025;11;3;'2026/01/24'
'23309';'15521562';5;2025;11;3;'2026/01/24'
'23311';'14064873';33;2025;11;3;'2026/01/24'
'23311';'14682882';17;2025;11;3;'2026/01/24'
'23311';'14954892';22;2025;11;3;'2026/01/24'
'23311';'14989788';7;2025;11;3;'2026/01/24'
'23311';'14989809';18;2025;11;3;'2026/01/24'
'23311';'14989825';45;2025;11;3;'2026/01/24'
'23311';'15095284';7;2025;11;3;'2026/01/24'
'23311';'15298014';12;2025;11;3;'2026/01/24'
'23311';'15303872';29;2025;11;3;'2026/01/24'
'23311';'15384553';9;2025;11;3;'2026/01/24'
'23311';'15474217';231;2025;11;3;'2026/01/24'
'23311';'15489099';16;2025;11;3;'2026/01/24'
'23312';'14064873';11;2025;11;3;'2026/01/24'
'23312';'14545132';11;2025;11;3;'2026/01/24'
'23312';'14682882';9;2025;11;3;'2026/01/24'
'23312';'14758699';1;2025;11;3;'2026/01/24'
'23312';'14954892';6;2025;11;3;'2026/01/24'
'23312';'15168156';390;2025;11;3;'2026/01/24'
'23312';'15311581';8;2025;11;3;'2026/01/24'
'23312';'15474217';72;2025;11;3;'2026/01/24'
'23312';'15489099';3;2025;11;3;'2026/01/24'
'23313';'14682882';15;2025;11;3;'2026/01/24'
'23313';'14758699';6;2025;11;3;'2026/01/24'
'23313';'14954892';25;2025;11;3;'2026/01/24'
'23313';'14989809';7;2025;11;3;'2026/01/24'
'23313';'14989825';6;2025;11;3;'2026/01/24'
'23313';'15474217';45;2025;11;3;'2026/01/24'
'23313';'15489099';13;2025;11;3;'2026/01/24'
'23314';'14064873';11;2025;11;3;'2026/01/24'
'23314';'14682882';9;2025;11;3;'2026/01/24'
'23314';'14758699';11;2025;11;3;'2026/01/24'
'23314';'14954892';24;2025;11;3;'2026/01/24'
'23314';'14989788';14;2025;11;3;'2026/01/24'
'23314';'14989809';12;2025;11;3;'2026/01/24'
'23314';'15489099';1;2025;11;3;'2026/01/24'
'23316';'14064873';14;2025;11;3;'2026/01/24'
'23316';'14682882';313;2025;11;3;'2026/01/24'
'23317';'14682882';312;2025;11;3;'2026/01/24'
'23318';'14682882';1;2025;11;3;'2026/01/24'
'23318';'14954892';846;2025;11;3;'2026/01/24'
'23324';'14682882';25;2025;11;3;'2026/01/24'
'23324';'14954892';14;2025;11;3;'2026/01/24'
'23325';'14682882';18;2025;11;3;'2026/01/24'
'23325';'14758699';3;2025;11;3;'2026/01/24'
'23325';'14954892';10;2025;11;3;'2026/01/24'
'23325';'14989770';4;2025;11;3;'2026/01/24'
'23325';'14989825';21;2025;11;3;'2026/01/24'
'23325';'15095284';10;2025;11;3;'2026/01/24'
'23325';'15311581';12;2025;11;3;'2026/01/24'
'23325';'15489099';1;2025;11;3;'2026/01/24'
'23326';'14682882';479;2025;11;3;'2026/01/24'
'23326';'14954892';838;2025;11;3;'2026/01/24'
'23327';'14064873';12;2025;11;3;'2026/01/24'
'23327';'14954892';7;2025;11;3;'2026/01/24'
'23327';'14989788';3;2025;11;3;'2026/01/24'
'23327';'14989809';7;2025;11;3;'2026/01/24'
'23327';'15521562';3;2025;11;3;'2026/01/24'
'23329';'14954892';8;2025;11;3;'2026/01/24'
'23331';'14954892';19;2025;11;3;'2026/01/24'
'23331';'14989788';1;2025;11;3;'2026/01/24'
'23331';'14989825';6;2025;11;3;'2026/01/24'
'23333';'14758699';11;2025;11;3;'2026/01/24'
'23333';'14954892';4;2025;11;3;'2026/01/24'
'23333';'15474217';12;2025;11;3;'2026/01/24'
'23334';'14545132';1;2025;11;3;'2026/01/24'
'23334';'14682882';19;2025;11;3;'2026/01/24'
'23334';'14954868';3;2025;11;3;'2026/01/24'
'23334';'14954892';15;2025;11;3;'2026/01/24'
'23334';'15474217';60;2025;11;3;'2026/01/24'
'23335';'14064873';5;2025;11;3;'2026/01/24'
'23335';'14682882';5;2025;11;3;'2026/01/24'
'23335';'14954892';3;2025;11;3;'2026/01/24'
'23335';'14989825';5;2025;11;3;'2026/01/24'
'23335';'15168156';12;2025;11;3;'2026/01/24'
'23335';'15298014';24;2025;11;3;'2026/01/24'
'23335';'15303910';8;2025;11;3;'2026/01/24'
'23335';'15474217';20;2025;11;3;'2026/01/24'
'23335';'15489099';8;2025;11;3;'2026/01/24'
'23336';'14954892';9;2025;11;3;'2026/01/24'
'23336';'14989809';2;2025;11;3;'2026/01/24'
'23336';'15303872';3;2025;11;3;'2026/01/24'
'23336';'15303910';6;2025;11;3;'2026/01/24'
'23336';'15489099';9;2025;11;3;'2026/01/24'
'23337';'14064873';10;2025;11;3;'2026/01/24'
'23337';'14682882';13;2025;11;3;'2026/01/24'
'23337';'14758699';6;2025;11;3;'2026/01/24'
'23337';'14954892';8;2025;11;3;'2026/01/24'
'23337';'14989770';7;2025;11;3;'2026/01/24'
'23337';'14989833';9;2025;11;3;'2026/01/24'
'23337';'15474217';36;2025;11;3;'2026/01/24'
'23343';'14682882';52;2025;11;3;'2026/01/24'
'23343';'14758699';5;2025;11;3;'2026/01/24'
'23343';'15298014';52;2025;11;3;'2026/01/24'
'23344';'14682882';29;2025;11;3;'2026/01/24'
'23344';'14954868';21;2025;11;3;'2026/01/24'
'23344';'14954892';7;2025;11;3;'2026/01/24'
'23344';'14989788';21;2025;11;3;'2026/01/24'
'23344';'14989809';17;2025;11;3;'2026/01/24'
'23344';'15298014';20;2025;11;3;'2026/01/24'
'23344';'15384553';8;2025;11;3;'2026/01/24'
'23344';'15474217';4;2025;11;3;'2026/01/24'
'23344';'15489099';10;2025;11;3;'2026/01/24'
'23345';'14001338';10;2025;11;3;'2026/01/24'
'23345';'14682882';14;2025;11;3;'2026/01/24'
'23345';'14954892';5;2025;11;3;'2026/01/24'
'23345';'15474217';28;2025;11;3;'2026/01/24'
'23347';'14064873';33;2025;11;3;'2026/01/24'
'23347';'14682882';18;2025;11;3;'2026/01/24'
'23347';'14758699';13;2025;11;3;'2026/01/24'
'23347';'14954892';11;2025;11;3;'2026/01/24'
'23347';'14989809';55;2025;11;3;'2026/01/24'
'23347';'14989825';6;2025;11;3;'2026/01/24'
'23347';'15303872';11;2025;11;3;'2026/01/24'
'23347';'15311581';3;2025;11;3;'2026/01/24'
'23347';'15384553';5;2025;11;3;'2026/01/24'
'23347';'15474217';20;2025;11;3;'2026/01/24'
'23347';'15489099';7;2025;11;3;'2026/01/24'
'23348';'14682882';6;2025;11;3;'2026/01/24'
'23348';'14758699';12;2025;11;3;'2026/01/24'
'23348';'14954868';12;2025;11;3;'2026/01/24'
'23348';'14954892';53;2025;11;3;'2026/01/24'
'23348';'14989809';12;2025;11;3;'2026/01/24'
'23348';'14989825';27;2025;11;3;'2026/01/24'
'23348';'15168156';24;2025;11;3;'2026/01/24'
'23348';'15303910';5;2025;11;3;'2026/01/24'
'23348';'15384553';5;2025;11;3;'2026/01/24'
'23348';'15474217';4;2025;11;3;'2026/01/24'
'23348';'15521562';2;2025;11;3;'2026/01/24'
'23349';'14954892';14;2025;11;3;'2026/01/24'
'23351';'15168156';48;2025;11;3;'2026/01/24'
'23352';'14954892';8;2025;11;3;'2026/01/24'
'23355';'15311581';5;2025;11;3;'2026/01/24'
'23356';'14064873';11;2025;11;3;'2026/01/24'
'23356';'14954892';12;2025;11;3;'2026/01/24'
'23356';'15168156';1;2025;11;3;'2026/01/24'
'23356';'15384553';2;2025;11;3;'2026/01/24'
'23358';'14682882';18;2025;11;3;'2026/01/24'
'23358';'14954892';12;2025;11;3;'2026/01/24'
'23358';'14989788';12;2025;11;3;'2026/01/24'
'23358';'14989809';7;2025;11;3;'2026/01/24'
'23358';'15095284';5;2025;11;3;'2026/01/24'
'23358';'15489099';7;2025;11;3;'2026/01/24'
'23359';'14064873';4;2025;11;3;'2026/01/24'
'23359';'14545132';5;2025;11;3;'2026/01/24'
'23359';'14682882';3;2025;11;3;'2026/01/24'
'23359';'14758699';5;2025;11;3;'2026/01/24'
'23359';'14954868';2;2025;11;3;'2026/01/24'
'23359';'14954892';11;2025;11;3;'2026/01/24'
'23359';'14989825';8;2025;11;3;'2026/01/24'
'23359';'15168156';30;2025;11;3;'2026/01/24'
'23359';'15384553';1;2025;11;3;'2026/01/24'
'23359';'15474217';24;2025;11;3;'2026/01/24'
'23359';'15489099';5;2025;11;3;'2026/01/24'
'23359';'15521562';25;2025;11;3;'2026/01/24'
'23361';'14064873';7;2025;11;3;'2026/01/24'
'23361';'14682882';27;2025;11;3;'2026/01/24'
'23361';'14954892';11;2025;11;3;'2026/01/24'
'23361';'14989825';28;2025;11;3;'2026/01/24'
'23361';'14989833';1;2025;11;3;'2026/01/24'
'23361';'15474217';1;2025;11;3;'2026/01/24'
'23361';'15489099';8;2025;11;3;'2026/01/24'
'23361';'15521562';5;2025;11;3;'2026/01/24'
'23362';'14682882';25;2025;11;3;'2026/01/24'
'23362';'14954892';7;2025;11;3;'2026/01/24'
'23362';'14989825';12;2025;11;3;'2026/01/24'
'23362';'15474217';12;2025;11;3;'2026/01/24'
'23363';'14064873';1;2025;11;3;'2026/01/24'
'23363';'14954892';3;2025;11;3;'2026/01/24'
'23363';'14989825';17;2025;11;3;'2026/01/24'
'23363';'15384553';3;2025;11;3;'2026/01/24'
'23363';'15474217';20;2025;11;3;'2026/01/24'
'23363';'15525563';3;2025;11;3;'2026/01/24'
'23365';'14682882';4;2025;11;3;'2026/01/24'
'23365';'14758699';11;2025;11;3;'2026/01/24'
'23365';'14954868';3;2025;11;3;'2026/01/24'
'23365';'14954892';2;2025;11;3;'2026/01/24'
'23365';'14989809';9;2025;11;3;'2026/01/24'
'23365';'14989825';6;2025;11;3;'2026/01/24'
'23366';'14064873';6;2025;11;3;'2026/01/24'
'23366';'14682882';1;2025;11;3;'2026/01/24'
'23366';'14954892';7;2025;11;3;'2026/01/24'
'23366';'15489099';9;2025;11;3;'2026/01/24'
'23367';'14064873';12;2025;11;3;'2026/01/24'
'23367';'14682882';11;2025;11;3;'2026/01/24'
'23367';'15311581';9;2025;11;3;'2026/01/24'
'23368';'14682882';5;2025;11;3;'2026/01/24'
'23368';'14954892';4;2025;11;3;'2026/01/24'
'23368';'14989825';5;2025;11;3;'2026/01/24'
'23368';'15095284';5;2025;11;3;'2026/01/24'
'23368';'15303910';15;2025;11;3;'2026/01/24'
'23368';'15489099';4;2025;11;3;'2026/01/24'
'23369';'14954892';10;2025;11;3;'2026/01/24'
'23369';'15489099';9;2025;11;3;'2026/01/24'
'23371';'14682882';31;2025;11;3;'2026/01/24'
'23371';'14758699';16;2025;11;3;'2026/01/24'
'23371';'15095284';10;2025;11;3;'2026/01/24'
'23371';'15311581';4;2025;11;3;'2026/01/24'
'23371';'15384553';10;2025;11;3;'2026/01/24'
'23371';'15489099';9;2025;11;3;'2026/01/24'
'23379';'14064873';8;2025;11;3;'2026/01/24'
'23379';'14954892';14;2025;11;3;'2026/01/24'
'23379';'14989809';9;2025;11;3;'2026/01/24'
'23379';'14989825';3;2025;11;3;'2026/01/24'
'23380';'14064873';21;2025;11;3;'2026/01/24'
'23380';'14682882';30;2025;11;3;'2026/01/24'
'23380';'14954892';1;2025;11;3;'2026/01/24'
'23380';'14989770';11;2025;11;3;'2026/01/24'
'23380';'14989809';16;2025;11;3;'2026/01/24'
'23380';'14989825';15;2025;11;3;'2026/01/24'
'23380';'15303910';24;2025;11;3;'2026/01/24'
'23380';'15311581';2;2025;11;3;'2026/01/24'
'23381';'14682882';20;2025;11;3;'2026/01/24'
'23385';'14001338';5;2025;11;3;'2026/01/24'
'23385';'14682882';12;2025;11;3;'2026/01/24'
'23385';'14989825';40;2025;11;3;'2026/01/24'
'23385';'15303872';18;2025;11;3;'2026/01/24'
'23390';'14954892';17;2025;11;3;'2026/01/24'
'23390';'14989825';55;2025;11;3;'2026/01/24'
'23390';'15095284';8;2025;11;3;'2026/01/24'
'23390';'15303872';11;2025;11;3;'2026/01/24'
'23451';'14682882';525;2025;11;3;'2026/01/24'
'33501';'14064873';15;2025;11;3;'2026/01/24'
'33501';'14545132';22;2025;11;3;'2026/01/24'
'33501';'14682882';19;2025;11;3;'2026/01/24'
'33501';'14758699';24;2025;11;3;'2026/01/24'
'33501';'14954868';9;2025;11;3;'2026/01/24'
'33501';'14954892';7;2025;11;3;'2026/01/24'
'33501';'14989770';18;2025;11;3;'2026/01/24'
'33501';'14989788';17;2025;11;3;'2026/01/24'
'33501';'14989825';11;2025;11;3;'2026/01/24'
'33501';'14989833';9;2025;11;3;'2026/01/24'
'33501';'15095284';17;2025;11;3;'2026/01/24'
'33501';'15303872';8;2025;11;3;'2026/01/24'
'33501';'15303910';14;2025;11;3;'2026/01/24'
'33501';'15311581';14;2025;11;3;'2026/01/24'
'33501';'15384553';10;2025;11;3;'2026/01/24'
'33501';'15521562';12;2025;11;3;'2026/01/24'
'33503';'14064873';5;2025;11;3;'2026/01/24'
'33503';'14561781';9;2025;11;3;'2026/01/24'
'33503';'14682882';13;2025;11;3;'2026/01/24'
'33503';'14758699';2;2025;11;3;'2026/01/24'
'33503';'14954868';4;2025;11;3;'2026/01/24'
'33503';'14954892';3;2025;11;3;'2026/01/24'
'33503';'14989770';5;2025;11;3;'2026/01/24'
'33503';'14989788';2;2025;11;3;'2026/01/24'
'33503';'14989825';6;2025;11;3;'2026/01/24'
'33503';'15298014';3;2025;11;3;'2026/01/24'
'33503';'15303872';7;2025;11;3;'2026/01/24'
'33503';'15474217';4;2025;11;3;'2026/01/24'
'33504';'14064873';20;2025;11;3;'2026/01/24'
'33504';'14682882';9;2025;11;3;'2026/01/24'
'33504';'14758699';19;2025;11;3;'2026/01/24'
'33504';'14954892';8;2025;11;3;'2026/01/24'
'33504';'14989788';4;2025;11;3;'2026/01/24'
'33504';'14989809';4;2025;11;3;'2026/01/24'
'33504';'14989825';28;2025;11;3;'2026/01/24'
'33504';'15168156';78;2025;11;3;'2026/01/24'
'33504';'15311581';10;2025;11;3;'2026/01/24'
'33505';'14064873';12;2025;11;3;'2026/01/24'
'33505';'14545132';10;2025;11;3;'2026/01/24'
'33505';'14561781';36;2025;11;3;'2026/01/24'
'33505';'14682882';19;2025;11;3;'2026/01/24'
'33505';'14758699';28;2025;11;3;'2026/01/24'
'33505';'14954868';8;2025;11;3;'2026/01/24'
'33505';'14954892';2;2025;11;3;'2026/01/24'
'33505';'14989770';6;2025;11;3;'2026/01/24'
'33505';'14989788';14;2025;11;3;'2026/01/24'
'33505';'14989825';12;2025;11;3;'2026/01/24'
'33505';'15095284';3;2025;11;3;'2026/01/24'
'33505';'15298014';32;2025;11;3;'2026/01/24'
'33505';'15303872';13;2025;11;3;'2026/01/24'
'33505';'15303910';7;2025;11;3;'2026/01/24'
'33505';'15311581';9;2025;11;3;'2026/01/24'
'33505';'15384553';11;2025;11;3;'2026/01/24'
'33506';'14064873';9;2025;11;3;'2026/01/24'
'33506';'14682882';1;2025;11;3;'2026/01/24'
'33506';'14954868';21;2025;11;3;'2026/01/24'
'33506';'14989809';1;2025;11;3;'2026/01/24'
'33506';'14989825';11;2025;11;3;'2026/01/24'
'33506';'15095284';8;2025;11;3;'2026/01/24'
'33506';'15303872';14;2025;11;3;'2026/01/24'
'33506';'15303910';3;2025;11;3;'2026/01/24'
'33506';'15311581';5;2025;11;3;'2026/01/24'
'33506';'15384553';1;2025;11;3;'2026/01/24'
'33506';'15474217';96;2025;11;3;'2026/01/24'
'33507';'14064873';11;2025;11;3;'2026/01/24'
'33507';'14682882';9;2025;11;3;'2026/01/24'
'33507';'14758699';11;2025;11;3;'2026/01/24'
'33507';'14954868';10;2025;11;3;'2026/01/24'
'33507';'14954892';16;2025;11;3;'2026/01/24'
'33507';'14989809';8;2025;11;3;'2026/01/24'
'33507';'15311581';4;2025;11;3;'2026/01/24'
'33507';'15474217';16;2025;11;3;'2026/01/24'
'33508';'14682882';12;2025;11;3;'2026/01/24'
'33508';'14954892';11;2025;11;3;'2026/01/24'
'33509';'14561781';6;2025;11;3;'2026/01/24'
'33509';'14682882';16;2025;11;3;'2026/01/24'
'33509';'14758699';6;2025;11;3;'2026/01/24'
'33509';'14954868';11;2025;11;3;'2026/01/24'
'33509';'14954892';12;2025;11;3;'2026/01/24'
'33509';'14989770';10;2025;11;3;'2026/01/24'
'33509';'14989809';3;2025;11;3;'2026/01/24'
'33509';'15095284';2;2025;11;3;'2026/01/24'
'33509';'15168156';36;2025;11;3;'2026/01/24'
'33509';'15298014';12;2025;11;3;'2026/01/24'
'33509';'15303910';2;2025;11;3;'2026/01/24'
'33509';'15311581';11;2025;11;3;'2026/01/24'
'33509';'15384553';3;2025;11;3;'2026/01/24'
'33509';'15474217';24;2025;11;3;'2026/01/24'
'33510';'14545132';12;2025;11;3;'2026/01/24'
'33510';'14682882';10;2025;11;3;'2026/01/24'
'33510';'14758699';4;2025;11;3;'2026/01/24'
'33510';'14989825';12;2025;11;3;'2026/01/24'
'33510';'15095284';8;2025;11;3;'2026/01/24'
'33510';'15384553';3;2025;11;3;'2026/01/24'
'33510';'15474217';62;2025;11;3;'2026/01/24'
'33511';'14064873';3;2025;11;3;'2026/01/24'
'33511';'14545132';1;2025;11;3;'2026/01/24'
'33511';'14561781';7;2025;11;3;'2026/01/24'
'33511';'14682882';74;2025;11;3;'2026/01/24'
'33511';'14758699';15;2025;11;3;'2026/01/24'
'33511';'14954868';12;2025;11;3;'2026/01/24'
'33511';'14954892';4;2025;11;3;'2026/01/24'
'33511';'14989788';17;2025;11;3;'2026/01/24'
'33511';'14989809';7;2025;11;3;'2026/01/24'
'33511';'14989825';8;2025;11;3;'2026/01/24'
'33511';'14989833';1;2025;11;3;'2026/01/24'
'33511';'15095284';17;2025;11;3;'2026/01/24'
'33511';'15303910';12;2025;11;3;'2026/01/24'
'33511';'15311581';1;2025;11;3;'2026/01/24'
'33511';'15384553';3;2025;11;3;'2026/01/24'
'33512';'14064873';29;2025;11;3;'2026/01/24'
'33512';'14545132';6;2025;11;3;'2026/01/24'
'33512';'14561781';15;2025;11;3;'2026/01/24'
'33512';'14682882';21;2025;11;3;'2026/01/24'
'33512';'14758699';14;2025;11;3;'2026/01/24'
'33512';'14954868';11;2025;11;3;'2026/01/24'
'33512';'14954892';8;2025;11;3;'2026/01/24'
'33512';'14989770';11;2025;11;3;'2026/01/24'
'33512';'14989788';9;2025;11;3;'2026/01/24'
'33512';'14989809';22;2025;11;3;'2026/01/24'
'33512';'14989825';11;2025;11;3;'2026/01/24'
'33512';'15095284';10;2025;11;3;'2026/01/24'
'33512';'15168156';10;2025;11;3;'2026/01/24'
'33512';'15298014';36;2025;11;3;'2026/01/24'
'33512';'15303872';12;2025;11;3;'2026/01/24'
'33512';'15311581';11;2025;11;3;'2026/01/24'
'33512';'15384553';2;2025;11;3;'2026/01/24'
'33512';'15489099';73;2025;11;3;'2026/01/24'
'33512';'15521562';54;2025;11;3;'2026/01/24'
'33513';'14064873';7;2025;11;3;'2026/01/24'
'33513';'14545132';6;2025;11;3;'2026/01/24'
'33513';'14758699';14;2025;11;3;'2026/01/24'
'33513';'14954868';12;2025;11;3;'2026/01/24'
'33513';'15095284';14;2025;11;3;'2026/01/24'
'33513';'15168156';18;2025;11;3;'2026/01/24'
'33513';'15298014';28;2025;11;3;'2026/01/24'
'33513';'15311581';10;2025;11;3;'2026/01/24'
'33513';'15474217';12;2025;11;3;'2026/01/24'
'33513';'15521562';7;2025;11;3;'2026/01/24'
'33514';'14064873';7;2025;11;3;'2026/01/24'
'33514';'14758699';12;2025;11;3;'2026/01/24'
'33514';'14954868';11;2025;11;3;'2026/01/24'
'33514';'14954892';7;2025;11;3;'2026/01/24'
'33514';'14989825';9;2025;11;3;'2026/01/24'
'33514';'15168156';48;2025;11;3;'2026/01/24'
'33514';'15298014';4;2025;11;3;'2026/01/24'
'33514';'15311581';7;2025;11;3;'2026/01/24'
'33514';'15384553';1;2025;11;3;'2026/01/24'
'33514';'15474217';18;2025;11;3;'2026/01/24'
'33515';'14064873';10;2025;11;3;'2026/01/24'
'33515';'14545132';5;2025;11;3;'2026/01/24'
'33515';'14561781';2;2025;11;3;'2026/01/24'
'33515';'14682882';2;2025;11;3;'2026/01/24'
'33515';'14989809';9;2025;11;3;'2026/01/24'
'33515';'15095284';10;2025;11;3;'2026/01/24'
'33515';'15384553';3;2025;11;3;'2026/01/24'
'33517';'14954868';11;2025;11;3;'2026/01/24'
'33517';'14989788';12;2025;11;3;'2026/01/24'
'33517';'15303910';11;2025;11;3;'2026/01/24'
'33518';'14064873';11;2025;11;3;'2026/01/24'
'33518';'14545132';12;2025;11;3;'2026/01/24'
'33518';'14561781';18;2025;11;3;'2026/01/24'
'33518';'14682882';51;2025;11;3;'2026/01/24'
'33518';'14758699';12;2025;11;3;'2026/01/24'
'33518';'14954892';12;2025;11;3;'2026/01/24'
'33518';'14989809';10;2025;11;3;'2026/01/24'
'33518';'15095284';11;2025;11;3;'2026/01/24'
'33519';'14064873';23;2025;11;3;'2026/01/24'
'33519';'14682882';10;2025;11;3;'2026/01/24'
'33519';'14989809';21;2025;11;3;'2026/01/24'
'33519';'15298014';2;2025;11;3;'2026/01/24'
'33519';'15489099';10;2025;11;3;'2026/01/24'
'33520';'14064873';11;2025;11;3;'2026/01/24'
'33520';'14682882';13;2025;11;3;'2026/01/24'
'33520';'14954868';4;2025;11;3;'2026/01/24'
'33520';'14954892';6;2025;11;3;'2026/01/24'
'33520';'14989809';50;2025;11;3;'2026/01/24'
'33520';'14989825';22;2025;11;3;'2026/01/24'
'33520';'15095284';1;2025;11;3;'2026/01/24'
'33520';'15298014';35;2025;11;3;'2026/01/24'
'33520';'15303872';15;2025;11;3;'2026/01/24'
'33520';'15303910';10;2025;11;3;'2026/01/24'
'33520';'15384553';5;2025;11;3;'2026/01/24'
'33520';'15474217';57;2025;11;3;'2026/01/24'
'33520';'15521562';39;2025;11;3;'2026/01/24'
'33521';'14682882';10;2025;11;3;'2026/01/24'
'33521';'14758699';12;2025;11;3;'2026/01/24'
'33521';'14989825';3;2025;11;3;'2026/01/24'
'33521';'15095284';11;2025;11;3;'2026/01/24'
'33521';'15168156';42;2025;11;3;'2026/01/24'
'33523';'14561781';7;2025;11;3;'2026/01/24'
'33523';'14682882';58;2025;11;3;'2026/01/24'
'33523';'14758699';14;2025;11;3;'2026/01/24'
'33523';'14989809';17;2025;11;3;'2026/01/24'
'33523';'15095284';13;2025;11;3;'2026/01/24'
'33523';'15311581';5;2025;11;3;'2026/01/24'
'33523';'15521562';13;2025;11;3;'2026/01/24'
'33524';'14064873';6;2025;11;3;'2026/01/24'
'33524';'14682882';10;2025;11;3;'2026/01/24'
'33524';'14954868';13;2025;11;3;'2026/01/24'
'33524';'14954892';33;2025;11;3;'2026/01/24'
'33524';'15311581';4;2025;11;3;'2026/01/24'
'33526';'14064873';4;2025;11;3;'2026/01/24'
'33526';'14682882';6;2025;11;3;'2026/01/24'
'33526';'14954892';17;2025;11;3;'2026/01/24'
'33526';'14989788';6;2025;11;3;'2026/01/24'
'33527';'14064873';17;2025;11;3;'2026/01/24'
'33527';'14545132';13;2025;11;3;'2026/01/24'
'33527';'14682882';12;2025;11;3;'2026/01/24'
'33527';'14758699';9;2025;11;3;'2026/01/24'
'33527';'14989788';8;2025;11;3;'2026/01/24'
'33527';'14989825';11;2025;11;3;'2026/01/24'
'33527';'15095284';7;2025;11;3;'2026/01/24'
'33527';'15168156';42;2025;11;3;'2026/01/24'
'33527';'15303872';12;2025;11;3;'2026/01/24'
'33528';'14545132';12;2025;11;3;'2026/01/24'
'33528';'14682882';9;2025;11;3;'2026/01/24'
'33528';'14758699';11;2025;11;3;'2026/01/24'
'33528';'14954868';12;2025;11;3;'2026/01/24'
'33528';'14954892';3;2025;11;3;'2026/01/24'
'33528';'14989825';12;2025;11;3;'2026/01/24'
'33528';'15095284';10;2025;11;3;'2026/01/24'
'33528';'15168156';1;2025;11;3;'2026/01/24'
'33528';'15303872';11;2025;11;3;'2026/01/24'
'33528';'15311581';9;2025;11;3;'2026/01/24'
'33528';'15384553';3;2025;11;3;'2026/01/24'
'33528';'15474217';70;2025;11;3;'2026/01/24'
'33530';'14682882';11;2025;11;3;'2026/01/24'
'33530';'14954868';3;2025;11;3;'2026/01/24'
'33530';'14954892';16;2025;11;3;'2026/01/24'
'33530';'14989770';8;2025;11;3;'2026/01/24'
'33530';'14989788';2;2025;11;3;'2026/01/24'
'33530';'14989825';4;2025;11;3;'2026/01/24'
'33530';'15168156';30;2025;11;3;'2026/01/24'
'33530';'15298014';36;2025;11;3;'2026/01/24'
'33530';'15311581';5;2025;11;3;'2026/01/24'
'33531';'14064873';10;2025;11;3;'2026/01/24'
'33531';'14758699';12;2025;11;3;'2026/01/24'
'33531';'14954892';11;2025;11;3;'2026/01/24'
'33531';'14989770';4;2025;11;3;'2026/01/24'
'33531';'14989788';2;2025;11;3;'2026/01/24'
'33531';'14989825';19;2025;11;3;'2026/01/24'
'33531';'15384553';4;2025;11;3;'2026/01/24'
'33532';'14561781';8;2025;11;3;'2026/01/24'
'33532';'14682882';16;2025;11;3;'2026/01/24'
'33532';'14758699';12;2025;11;3;'2026/01/24'
'33532';'14954868';14;2025;11;3;'2026/01/24'
'33532';'14989788';6;2025;11;3;'2026/01/24'
'33532';'14989809';4;2025;11;3;'2026/01/24'
'33532';'15095284';6;2025;11;3;'2026/01/24'
'33532';'15168156';30;2025;11;3;'2026/01/24'
'33532';'15311581';9;2025;11;3;'2026/01/24'
'33533';'14682882';5;2025;11;3;'2026/01/24'
'33533';'14989809';27;2025;11;3;'2026/01/24'
'33533';'14989825';10;2025;11;3;'2026/01/24'
'33534';'14954868';10;2025;11;3;'2026/01/24'
'33534';'14954892';17;2025;11;3;'2026/01/24'
'33534';'14989770';1;2025;11;3;'2026/01/24'
'33534';'14989788';16;2025;11;3;'2026/01/24'
'33534';'14989809';8;2025;11;3;'2026/01/24'
'33534';'14989825';4;2025;11;3;'2026/01/24'
'33534';'15095284';10;2025;11;3;'2026/01/24'
'33534';'15168156';198;2025;11;3;'2026/01/24'
'33534';'15298014';104;2025;11;3;'2026/01/24'
'33534';'15311581';21;2025;11;3;'2026/01/24'
'33534';'15474217';79;2025;11;3;'2026/01/24'
'33534';'15489099';11;2025;11;3;'2026/01/24'
'33535';'14064873';2;2025;11;3;'2026/01/24'
'33535';'14682882';8;2025;11;3;'2026/01/24'
'33535';'14954892';8;2025;11;3;'2026/01/24'
'33535';'14989788';12;2025;11;3;'2026/01/24'
'33535';'15303872';9;2025;11;3;'2026/01/24'
'33535';'15311581';10;2025;11;3;'2026/01/24'
'33535';'15384553';3;2025;11;3;'2026/01/24'
'33536';'14064873';11;2025;11;3;'2026/01/24'
'33536';'14682882';26;2025;11;3;'2026/01/24'
'33536';'14758699';6;2025;11;3;'2026/01/24'
'33536';'14954868';16;2025;11;3;'2026/01/24'
'33536';'14954892';1;2025;11;3;'2026/01/24'
'33536';'14989788';8;2025;11;3;'2026/01/24'
'33537';'14064873';8;2025;11;3;'2026/01/24'
'33537';'14682882';9;2025;11;3;'2026/01/24'
'33537';'14954868';1;2025;11;3;'2026/01/24'
'33537';'14954892';11;2025;11;3;'2026/01/24'
'33537';'15095284';8;2025;11;3;'2026/01/24'
'33537';'15303910';10;2025;11;3;'2026/01/24'
'33537';'15474217';13;2025;11;3;'2026/01/24'
'33538';'14064873';7;2025;11;3;'2026/01/24'
'33538';'14545132';11;2025;11;3;'2026/01/24'
'33538';'14682882';8;2025;11;3;'2026/01/24'
'33538';'14758699';10;2025;11;3;'2026/01/24'
'33538';'15311581';9;2025;11;3;'2026/01/24'
'33538';'15474217';23;2025;11;3;'2026/01/24'
'33539';'14064873';2;2025;11;3;'2026/01/24'
'33539';'14545132';7;2025;11;3;'2026/01/24'
'33539';'14682882';11;2025;11;3;'2026/01/24'
'33539';'14758699';7;2025;11;3;'2026/01/24'
'33539';'14954868';8;2025;11;3;'2026/01/24'
'33539';'14954892';9;2025;11;3;'2026/01/24'
'33539';'14989770';4;2025;11;3;'2026/01/24'
'33539';'14989788';3;2025;11;3;'2026/01/24'
'33539';'15303910';11;2025;11;3;'2026/01/24'
'33539';'15311581';7;2025;11;3;'2026/01/24'
'33539';'15521562';30;2025;11;3;'2026/01/24'
'33540';'14064873';1;2025;11;3;'2026/01/24'
'33540';'14758699';9;2025;11;3;'2026/01/24'
'33540';'14954868';4;2025;11;3;'2026/01/24'
'33540';'14954892';6;2025;11;3;'2026/01/24'
'33540';'14989825';12;2025;11;3;'2026/01/24'
'33540';'15168156';18;2025;11;3;'2026/01/24'
'33540';'15521562';52;2025;11;3;'2026/01/24'
'33541';'14064873';7;2025;11;3;'2026/01/24'
'33541';'14545132';3;2025;11;3;'2026/01/24'
'33541';'14682882';12;2025;11;3;'2026/01/24'
'33541';'14758699';7;2025;11;3;'2026/01/24'
'33541';'14954892';13;2025;11;3;'2026/01/24'
'33541';'14989809';11;2025;11;3;'2026/01/24'
'33541';'14989825';3;2025;11;3;'2026/01/24'
'33541';'14989833';8;2025;11;3;'2026/01/24'
'33541';'15168156';146;2025;11;3;'2026/01/24'
'33541';'15311581';12;2025;11;3;'2026/01/24'
'33541';'15474217';53;2025;11;3;'2026/01/24'
'33541';'15489099';12;2025;11;3;'2026/01/24'
'33542';'14954868';4;2025;11;3;'2026/01/24'
'33542';'14954892';9;2025;11;3;'2026/01/24'
'33542';'14989825';2;2025;11;3;'2026/01/24'
'33542';'15168156';6;2025;11;3;'2026/01/24'
'33542';'15474217';151;2025;11;3;'2026/01/24'
'33543';'14682882';2;2025;11;3;'2026/01/24'
'33543';'14758699';20;2025;11;3;'2026/01/24'
'33543';'14989788';1;2025;11;3;'2026/01/24'
'33543';'14989809';1;2025;11;3;'2026/01/24'
'33543';'14989825';11;2025;11;3;'2026/01/24'
'33543';'15095284';1;2025;11;3;'2026/01/24'
'33543';'15303872';4;2025;11;3;'2026/01/24'
'33543';'15303910';8;2025;11;3;'2026/01/24'
'33543';'15384553';1;2025;11;3;'2026/01/24'
'33544';'14682882';3;2025;11;3;'2026/01/24'
'33545';'14064873';6;2025;11;3;'2026/01/24'
'33545';'14682882';4;2025;11;3;'2026/01/24'
'33545';'14954892';3;2025;11;3;'2026/01/24'
'33545';'14989788';5;2025;11;3;'2026/01/24'
'33545';'14989825';9;2025;11;3;'2026/01/24'
'33545';'15474217';48;2025;11;3;'2026/01/24'
'33546';'14682882';60;2025;11;3;'2026/01/24'
'33546';'14758699';44;2025;11;3;'2026/01/24'
'33546';'14954868';55;2025;11;3;'2026/01/24'
'33546';'14954892';53;2025;11;3;'2026/01/24'
'33546';'14989809';47;2025;11;3;'2026/01/24'
'33546';'14989825';9;2025;11;3;'2026/01/24'
'33546';'15298014';40;2025;11;3;'2026/01/24'
'33546';'15303872';9;2025;11;3;'2026/01/24'
'33546';'15311581';49;2025;11;3;'2026/01/24'
'33546';'15474217';24;2025;11;3;'2026/01/24'
'33547';'14682882';12;2025;11;3;'2026/01/24'
'33547';'14758699';20;2025;11;3;'2026/01/24'
'33547';'14954892';11;2025;11;3;'2026/01/24'
'33547';'15095284';11;2025;11;3;'2026/01/24'
'33547';'15168156';18;2025;11;3;'2026/01/24'
'33547';'15311581';12;2025;11;3;'2026/01/24'
'33547';'15474217';24;2025;11;3;'2026/01/24'
'33548';'14064873';5;2025;11;3;'2026/01/24'
'33548';'14561781';6;2025;11;3;'2026/01/24'
'33548';'14682882';13;2025;11;3;'2026/01/24'
'33548';'14758699';9;2025;11;3;'2026/01/24'
'33548';'14954868';14;2025;11;3;'2026/01/24'
'33548';'14954892';5;2025;11;3;'2026/01/24'
'33548';'14989770';9;2025;11;3;'2026/01/24'
'33548';'14989788';10;2025;11;3;'2026/01/24'
'33548';'14989809';2;2025;11;3;'2026/01/24'
'33548';'14989825';7;2025;11;3;'2026/01/24'
'33548';'14989833';16;2025;11;3;'2026/01/24'
'33548';'15095284';13;2025;11;3;'2026/01/24'
'33548';'15303872';6;2025;11;3;'2026/01/24'
'33548';'15303910';10;2025;11;3;'2026/01/24'
'33548';'15311581';5;2025;11;3;'2026/01/24'
'33548';'15384553';9;2025;11;3;'2026/01/24'
'33548';'15525563';2;2025;11;3;'2026/01/24'
'33549';'14545132';6;2025;11;3;'2026/01/24'
'33549';'14682882';5;2025;11;3;'2026/01/24'
'33549';'14758699';7;2025;11;3;'2026/01/24'
'33549';'14989770';2;2025;11;3;'2026/01/24'
'33549';'14989809';11;2025;11;3;'2026/01/24'
'33549';'15168156';114;2025;11;3;'2026/01/24'
'33549';'15298014';40;2025;11;3;'2026/01/24'
'33549';'15303872';7;2025;11;3;'2026/01/24'
'33549';'15303910';8;2025;11;3;'2026/01/24'
'33549';'15474217';32;2025;11;3;'2026/01/24'
'33550';'14682882';7;2025;11;3;'2026/01/24'
'33550';'14758699';1;2025;11;3;'2026/01/24'
'33550';'14954892';15;2025;11;3;'2026/01/24'
'33550';'14989770';7;2025;11;3;'2026/01/24'
'33550';'14989788';19;2025;11;3;'2026/01/24'
'33550';'15303872';6;2025;11;3;'2026/01/24'
'33550';'15311581';12;2025;11;3;'2026/01/24'
'33550';'15384553';3;2025;11;3;'2026/01/24'
'33550';'15474217';8;2025;11;3;'2026/01/24'
'33551';'14064873';5;2025;11;3;'2026/01/24'
'33551';'14954868';8;2025;11;3;'2026/01/24'
'33551';'14954892';7;2025;11;3;'2026/01/24'
'33551';'14989788';6;2025;11;3;'2026/01/24'
'33551';'14989809';7;2025;11;3;'2026/01/24'
'33552';'14682882';13;2025;11;3;'2026/01/24'
'33552';'15095284';3;2025;11;3;'2026/01/24'
'33553';'14064873';9;2025;11;3;'2026/01/24'
'33553';'14545132';6;2025;11;3;'2026/01/24'
'33553';'14682882';12;2025;11;3;'2026/01/24'
'33553';'14758699';2;2025;11;3;'2026/01/24'
'33553';'14989788';15;2025;11;3;'2026/01/24'
'33553';'14989809';12;2025;11;3;'2026/01/24'
'33553';'14989833';14;2025;11;3;'2026/01/24'
'33553';'15095284';3;2025;11;3;'2026/01/24'
'33553';'15168156';147;2025;11;3;'2026/01/24'
'33553';'15298014';88;2025;11;3;'2026/01/24'
'33553';'15384553';7;2025;11;3;'2026/01/24'
'33553';'15474217';8;2025;11;3;'2026/01/24'
'33554';'15168156';4;2025;11;3;'2026/01/24'
'33554';'15298014';4;2025;11;3;'2026/01/24'
'33555';'14758699';3;2025;11;3;'2026/01/24'
'33555';'14989825';18;2025;11;3;'2026/01/24'
'33555';'15311581';11;2025;11;3;'2026/01/24'
'33556';'14064873';16;2025;11;3;'2026/01/24'
'33556';'14682882';15;2025;11;3;'2026/01/24'
'33556';'14758699';12;2025;11;3;'2026/01/24'
'33556';'14954892';12;2025;11;3;'2026/01/24'
'33556';'14989788';6;2025;11;3;'2026/01/24'
'33556';'14989809';12;2025;11;3;'2026/01/24'
'33557';'14064873';9;2025;11;3;'2026/01/24'
'33557';'14989825';8;2025;11;3;'2026/01/24'
'33557';'15298014';4;2025;11;3;'2026/01/24'
'33557';'15303872';1;2025;11;3;'2026/01/24'
'33558';'14064873';14;2025;11;3;'2026/01/24'
'33558';'14545132';6;2025;11;3;'2026/01/24'
'33558';'14682882';4;2025;11;3;'2026/01/24'
'33558';'14758699';8;2025;11;3;'2026/01/24'
'33558';'14954892';5;2025;11;3;'2026/01/24'
'33558';'14989788';3;2025;11;3;'2026/01/24'
'33558';'14989809';23;2025;11;3;'2026/01/24'
'33558';'15095284';2;2025;11;3;'2026/01/24'
'33558';'15168156';12;2025;11;3;'2026/01/24'
'33558';'15474217';8;2025;11;3;'2026/01/24'
'33559';'14064873';17;2025;11;3;'2026/01/24'
'33559';'14545132';3;2025;11;3;'2026/01/24'
'33559';'14954892';13;2025;11;3;'2026/01/24'
'33559';'14989770';15;2025;11;3;'2026/01/24'
'33559';'14989833';7;2025;11;3;'2026/01/24'
'33559';'15095284';9;2025;11;3;'2026/01/24'
'33559';'15168156';42;2025;11;3;'2026/01/24'
'33559';'15303910';5;2025;11;3;'2026/01/24'
'33559';'15311581';8;2025;11;3;'2026/01/24'
'33559';'15474217';72;2025;11;3;'2026/01/24'
'33560';'14064873';1;2025;11;3;'2026/01/24'
'33560';'14682882';5;2025;11;3;'2026/01/24'
'33560';'14758699';5;2025;11;3;'2026/01/24'
'33560';'14954868';5;2025;11;3;'2026/01/24'
'33560';'14989770';7;2025;11;3;'2026/01/24'
'33560';'14989825';22;2025;11;3;'2026/01/24'
'33560';'15298014';1;2025;11;3;'2026/01/24'
'33560';'15311581';1;2025;11;3;'2026/01/24'
'33560';'15384553';1;2025;11;3;'2026/01/24'
'33560';'15489099';10;2025;11;3;'2026/01/24'
'33561';'14064873';6;2025;11;3;'2026/01/24'
'33561';'14682882';12;2025;11;3;'2026/01/24'
'33561';'14758699';5;2025;11;3;'2026/01/24'
'33561';'14954868';11;2025;11;3;'2026/01/24'
'33561';'14954892';8;2025;11;3;'2026/01/24'
'33561';'14989770';12;2025;11;3;'2026/01/24'
'33561';'14989788';11;2025;11;3;'2026/01/24'
'33561';'14989809';6;2025;11;3;'2026/01/24'
'33561';'14989825';17;2025;11;3;'2026/01/24'
'33561';'15095284';10;2025;11;3;'2026/01/24'
'33561';'15168156';228;2025;11;3;'2026/01/24'
'33561';'15298014';24;2025;11;3;'2026/01/24'
'33561';'15303872';11;2025;11;3;'2026/01/24'
'33561';'15303910';9;2025;11;3;'2026/01/24'
'33561';'15474217';191;2025;11;3;'2026/01/24'
'33561';'15489099';12;2025;11;3;'2026/01/24'
'33562';'14064873';31;2025;11;3;'2026/01/24'
'33562';'14545132';5;2025;11;3;'2026/01/24'
'33562';'14561781';17;2025;11;3;'2026/01/24'
'33562';'14682882';15;2025;11;3;'2026/01/24'
'33562';'14758699';50;2025;11;3;'2026/01/24'
'33562';'14954868';13;2025;11;3;'2026/01/24'
'33562';'14954892';22;2025;11;3;'2026/01/24'
'33562';'14989770';16;2025;11;3;'2026/01/24'
'33562';'14989788';47;2025;11;3;'2026/01/24'
'33562';'14989809';51;2025;11;3;'2026/01/24'
'33562';'14989825';19;2025;11;3;'2026/01/24'
'33562';'15095284';20;2025;11;3;'2026/01/24'
'33562';'15168156';114;2025;11;3;'2026/01/24'
'33562';'15298014';220;2025;11;3;'2026/01/24'
'33562';'15303872';12;2025;11;3;'2026/01/24'
'33562';'15303910';17;2025;11;3;'2026/01/24'
'33562';'15311581';7;2025;11;3;'2026/01/24'
'33562';'15384553';9;2025;11;3;'2026/01/24'
'33562';'15474217';232;2025;11;3;'2026/01/24'
'33562';'15489099';6;2025;11;3;'2026/01/24'
'33563';'14758699';12;2025;11;3;'2026/01/24'
'33563';'14989788';2;2025;11;3;'2026/01/24'
'33563';'14989809';1;2025;11;3;'2026/01/24'
'33563';'14989825';9;2025;11;3;'2026/01/24'
'33563';'15311581';12;2025;11;3;'2026/01/24'
'33563';'15474217';124;2025;11;3;'2026/01/24'
'33564';'14064873';12;2025;11;3;'2026/01/24'
'33564';'14545132';4;2025;11;3;'2026/01/24'
'33564';'14561781';15;2025;11;3;'2026/01/24'
'33564';'14682882';25;2025;11;3;'2026/01/24'
'33564';'14758699';7;2025;11;3;'2026/01/24'
'33564';'14954868';20;2025;11;3;'2026/01/24'
'33564';'14954892';21;2025;11;3;'2026/01/24'
'33564';'14989770';12;2025;11;3;'2026/01/24'
'33564';'14989788';6;2025;11;3;'2026/01/24'
'33564';'14989809';12;2025;11;3;'2026/01/24'
'33564';'14989825';5;2025;11;3;'2026/01/24'
'33564';'15095284';9;2025;11;3;'2026/01/24'
'33564';'15168156';30;2025;11;3;'2026/01/24'
'33564';'15298014';24;2025;11;3;'2026/01/24'
'33564';'15303872';11;2025;11;3;'2026/01/24'
'33564';'15303910';9;2025;11;3;'2026/01/24'
'33564';'15311581';6;2025;11;3;'2026/01/24'
'33564';'15474217';1;2025;11;3;'2026/01/24'
'33564';'15489099';29;2025;11;3;'2026/01/24'
'33565';'14064873';3;2025;11;3;'2026/01/24'
'33565';'14545132';12;2025;11;3;'2026/01/24'
'33565';'14561781';10;2025;11;3;'2026/01/24'
'33565';'14682882';16;2025;11;3;'2026/01/24'
'33565';'14758699';10;2025;11;3;'2026/01/24'
'33565';'14954868';11;2025;11;3;'2026/01/24'
'33565';'14954892';4;2025;11;3;'2026/01/24'
'33565';'14989770';5;2025;11;3;'2026/01/24'
'33565';'14989833';4;2025;11;3;'2026/01/24'
'33565';'15095284';7;2025;11;3;'2026/01/24'
'33565';'15168156';6;2025;11;3;'2026/01/24'
'33565';'15303910';14;2025;11;3;'2026/01/24'
'33565';'15311581';10;2025;11;3;'2026/01/24'
'33565';'15474217';24;2025;11;3;'2026/01/24'
'33566';'14064873';7;2025;11;3;'2026/01/24'
'33566';'14682882';15;2025;11;3;'2026/01/24'
'33566';'14954892';22;2025;11;3;'2026/01/24'
'33566';'14989825';8;2025;11;3;'2026/01/24'
'33566';'15095284';4;2025;11;3;'2026/01/24'
'33566';'15489099';11;2025;11;3;'2026/01/24'
'33567';'14064873';18;2025;11;3;'2026/01/24'
'33567';'14545132';12;2025;11;3;'2026/01/24'
'33567';'14682882';17;2025;11;3;'2026/01/24'
'33567';'14954892';52;2025;11;3;'2026/01/24'
'33567';'14989809';46;2025;11;3;'2026/01/24'
'33567';'15168156';29;2025;11;3;'2026/01/24'
'33567';'15474217';4;2025;11;3;'2026/01/24'
'33568';'14064873';2;2025;11;3;'2026/01/24'
'33568';'14682882';12;2025;11;3;'2026/01/24'
'33568';'14758699';15;2025;11;3;'2026/01/24'
'33568';'14954868';6;2025;11;3;'2026/01/24'
'33568';'14989770';12;2025;11;3;'2026/01/24'
'33568';'14989788';7;2025;11;3;'2026/01/24'
'33568';'14989833';8;2025;11;3;'2026/01/24'
'33568';'15095284';21;2025;11;3;'2026/01/24'
'33568';'15168156';15;2025;11;3;'2026/01/24'
'33568';'15298014';24;2025;11;3;'2026/01/24'
'33568';'15474217';7;2025;11;3;'2026/01/24'
'33569';'14064873';2;2025;11;3;'2026/01/24'
'33569';'14561781';12;2025;11;3;'2026/01/24'
'33569';'14682882';9;2025;11;3;'2026/01/24'
'33569';'14954868';8;2025;11;3;'2026/01/24'
'33569';'14954892';6;2025;11;3;'2026/01/24'
'33569';'14989770';2;2025;11;3;'2026/01/24'
'33569';'15168156';162;2025;11;3;'2026/01/24'
'33569';'15311581';2;2025;11;3;'2026/01/24'
'33570';'14064873';55;2025;11;3;'2026/01/24'
'33570';'14545132';6;2025;11;3;'2026/01/24'
'33570';'14682882';21;2025;11;3;'2026/01/24'
'33570';'14954892';34;2025;11;3;'2026/01/24'
'33570';'14989788';12;2025;11;3;'2026/01/24'
'33570';'14989825';24;2025;11;3;'2026/01/24'
'33570';'15298014';240;2025;11;3;'2026/01/24'
'33570';'15384553';2;2025;11;3;'2026/01/24'
'33571';'14682882';17;2025;11;3;'2026/01/24'
'33571';'14954892';12;2025;11;3;'2026/01/24'
'33571';'14989788';12;2025;11;3;'2026/01/24'
'33571';'14989809';11;2025;11;3;'2026/01/24'
'33571';'15095284';9;2025;11;3;'2026/01/24'
'33571';'15311581';11;2025;11;3;'2026/01/24'
'33573';'14064873';56;2025;11;3;'2026/01/24'
'33573';'14682882';7;2025;11;3;'2026/01/24'
'33573';'14758699';7;2025;11;3;'2026/01/24'
'33573';'14954868';29;2025;11;3;'2026/01/24'
'33573';'14954892';13;2025;11;3;'2026/01/24'
'33573';'14989770';7;2025;11;3;'2026/01/24'
'33573';'14989788';22;2025;11;3;'2026/01/24'
'33573';'14989809';26;2025;11;3;'2026/01/24'
'33573';'14989825';19;2025;11;3;'2026/01/24'
'33573';'14989833';8;2025;11;3;'2026/01/24'
'33573';'15298014';36;2025;11;3;'2026/01/24'
'33573';'15384553';2;2025;11;3;'2026/01/24'
'33573';'15474217';28;2025;11;3;'2026/01/24'
'33573';'15489099';5;2025;11;3;'2026/01/24'
'33574';'14682882';7;2025;11;3;'2026/01/24'
'33574';'14758699';13;2025;11;3;'2026/01/24'
'33574';'14954868';10;2025;11;3;'2026/01/24'
'33574';'14954892';9;2025;11;3;'2026/01/24'
'33574';'14989770';7;2025;11;3;'2026/01/24'
'33574';'14989809';8;2025;11;3;'2026/01/24'
'33574';'15095284';8;2025;11;3;'2026/01/24'
'33574';'15168156';18;2025;11;3;'2026/01/24'
'33574';'15298014';80;2025;11;3;'2026/01/24'
'33574';'15474217';72;2025;11;3;'2026/01/24'
'33575';'14064873';2;2025;11;3;'2026/01/24'
'33575';'14682882';2;2025;11;3;'2026/01/24'
'33575';'14758699';15;2025;11;3;'2026/01/24'
'33575';'14989788';12;2025;11;3;'2026/01/24'
'33575';'14989825';14;2025;11;3;'2026/01/24'
'33575';'15095284';22;2025;11;3;'2026/01/24'
'33575';'15168156';24;2025;11;3;'2026/01/24'
'33575';'15298014';16;2025;11;3;'2026/01/24'
'33575';'15384553';3;2025;11;3;'2026/01/24'
'33575';'15474217';48;2025;11;3;'2026/01/24'
'33575';'15489099';6;2025;11;3;'2026/01/24'
'33576';'14954868';7;2025;11;3;'2026/01/24'
'33576';'14954892';28;2025;11;3;'2026/01/24'
'33576';'14989788';11;2025;11;3;'2026/01/24'
'33576';'15474217';156;2025;11;3;'2026/01/24'
'33577';'14561781';3;2025;11;3;'2026/01/24'
'33577';'14758699';9;2025;11;3;'2026/01/24'
'33577';'14954892';11;2025;11;3;'2026/01/24'
'33577';'14989825';12;2025;11;3;'2026/01/24'
'33577';'15095284';7;2025;11;3;'2026/01/24'
'33577';'15168156';19;2025;11;3;'2026/01/24'
'33577';'15311581';7;2025;11;3;'2026/01/24'
'33578';'15474217';108;2025;11;3;'2026/01/24'
'33581';'14064873';14;2025;11;3;'2026/01/24'
'33581';'14682882';8;2025;11;3;'2026/01/24'
'33581';'14758699';8;2025;11;3;'2026/01/24'
'33581';'14954868';1;2025;11;3;'2026/01/24'
'33581';'14989788';5;2025;11;3;'2026/01/24'
'33582';'14064873';9;2025;11;3;'2026/01/24'
'33582';'14954892';4;2025;11;3;'2026/01/24'
'33582';'14989788';2;2025;11;3;'2026/01/24'
'33582';'14989825';10;2025;11;3;'2026/01/24'
'33582';'15095284';10;2025;11;3;'2026/01/24'
'33582';'15298014';20;2025;11;3;'2026/01/24'
'33582';'15474217';157;2025;11;3;'2026/01/24'
'33583';'14064873';25;2025;11;3;'2026/01/24'
'33583';'14682882';13;2025;11;3;'2026/01/24'
'33583';'14954892';8;2025;11;3;'2026/01/24'
'33583';'14989809';5;2025;11;3;'2026/01/24'
'33583';'15168156';48;2025;11;3;'2026/01/24'
'33583';'15298014';30;2025;11;3;'2026/01/24'
'33583';'15474217';8;2025;11;3;'2026/01/24'
'33584';'14064873';8;2025;11;3;'2026/01/24'
'33584';'14682882';12;2025;11;3;'2026/01/24'
'33584';'14758699';9;2025;11;3;'2026/01/24'
'33584';'14954868';10;2025;11;3;'2026/01/24'
'33584';'14989770';13;2025;11;3;'2026/01/24'
'33584';'14989809';6;2025;11;3;'2026/01/24'
'33584';'14989825';6;2025;11;3;'2026/01/24'
'33584';'15095284';7;2025;11;3;'2026/01/24'
'33584';'15303910';12;2025;11;3;'2026/01/24'
'33584';'15311581';11;2025;11;3;'2026/01/24'
'33584';'15384553';1;2025;11;3;'2026/01/24'
'33584';'15489099';12;2025;11;3;'2026/01/24'
'33585';'14064873';12;2025;11;3;'2026/01/24'
'33585';'14682882';16;2025;11;3;'2026/01/24'
'33585';'14758699';-1;2025;11;3;'2026/01/24'
'33585';'14954868';12;2025;11;3;'2026/01/24'
'33585';'14954892';10;2025;11;3;'2026/01/24'
'33585';'14989770';22;2025;11;3;'2026/01/24'
'33585';'14989809';8;2025;11;3;'2026/01/24'
'33585';'14989825';11;2025;11;3;'2026/01/24'
'33585';'14989833';12;2025;11;3;'2026/01/24'
'33585';'15095284';8;2025;11;3;'2026/01/24'
'33585';'15168156';24;2025;11;3;'2026/01/24'
'33585';'15298014';4;2025;11;3;'2026/01/24'
'33585';'15311581';2;2025;11;3;'2026/01/24'
'33585';'15384553';6;2025;11;3;'2026/01/24'
'33585';'15474217';52;2025;11;3;'2026/01/24'
'33586';'14064873';12;2025;11;3;'2026/01/24'
'33586';'14545132';1;2025;11;3;'2026/01/24'
'33586';'14682882';6;2025;11;3;'2026/01/24'
'33586';'14758699';11;2025;11;3;'2026/01/24'
'33586';'14954868';8;2025;11;3;'2026/01/24'
'33586';'14954892';4;2025;11;3;'2026/01/24'
'33586';'14989788';9;2025;11;3;'2026/01/24'
'33586';'14989809';7;2025;11;3;'2026/01/24'
'33586';'14989825';12;2025;11;3;'2026/01/24'
'33586';'14989833';10;2025;11;3;'2026/01/24'
'33586';'15095284';4;2025;11;3;'2026/01/24'
'33586';'15311581';11;2025;11;3;'2026/01/24'
'33587';'14989809';13;2025;11;3;'2026/01/24'
'33587';'15168156';4;2025;11;3;'2026/01/24'
'33587';'15298014';24;2025;11;3;'2026/01/24'
'33587';'15311581';4;2025;11;3;'2026/01/24'
'33588';'14954892';523;2025;11;3;'2026/01/24'
'33589';'14545132';9;2025;11;3;'2026/01/24'
'33589';'14682882';14;2025;11;3;'2026/01/24'
'33589';'14758699';9;2025;11;3;'2026/01/24'
'33589';'14954892';11;2025;11;3;'2026/01/24'
'33589';'14989770';1;2025;11;3;'2026/01/24'
'33589';'15298014';27;2025;11;3;'2026/01/24'
'33589';'15474217';28;2025;11;3;'2026/01/24'
'33590';'14064873';22;2025;11;3;'2026/01/24'
'33590';'14545132';14;2025;11;3;'2026/01/24'
'33590';'14758699';8;2025;11;3;'2026/01/24'
'33590';'14989809';28;2025;11;3;'2026/01/24'
'33590';'14989825';3;2025;11;3;'2026/01/24'
'33590';'15168156';30;2025;11;3;'2026/01/24'
'33590';'15303872';14;2025;11;3;'2026/01/24'
'33590';'15474217';24;2025;11;3;'2026/01/24'
'33590';'15489099';7;2025;11;3;'2026/01/24'
'33592';'14682882';13;2025;11;3;'2026/01/24'
'33592';'14758699';3;2025;11;3;'2026/01/24'
'33592';'14989770';11;2025;11;3;'2026/01/24'
'33592';'14989825';3;2025;11;3;'2026/01/24'
'33592';'15474217';80;2025;11;3;'2026/01/24'
'33594';'14064873';11;2025;11;3;'2026/01/24'
'33594';'14758699';11;2025;11;3;'2026/01/24'
'33594';'14954892';13;2025;11;3;'2026/01/24'
'33594';'15298014';40;2025;11;3;'2026/01/24'
'33594';'15474217';12;2025;11;3;'2026/01/24'
'33595';'14682882';3;2025;11;3;'2026/01/24'
'33595';'14954868';2;2025;11;3;'2026/01/24'
'33595';'14954892';4;2025;11;3;'2026/01/24'
'33595';'14989833';12;2025;11;3;'2026/01/24'
'33595';'15168156';54;2025;11;3;'2026/01/24'
'33595';'15303872';10;2025;11;3;'2026/01/24'
'33596';'14064873';17;2025;11;3;'2026/01/24'
'33596';'14561781';1;2025;11;3;'2026/01/24'
'33596';'14682882';10;2025;11;3;'2026/01/24'
'33596';'14758699';4;2025;11;3;'2026/01/24'
'33596';'14954868';18;2025;11;3;'2026/01/24'
'33596';'14989770';3;2025;11;3;'2026/01/24'
'33596';'14989788';10;2025;11;3;'2026/01/24'
'33596';'14989809';11;2025;11;3;'2026/01/24'
'33596';'14989825';11;2025;11;3;'2026/01/24'
'33596';'15303910';10;2025;11;3;'2026/01/24'
'33596';'15311581';11;2025;11;3;'2026/01/24'
'33599';'14064873';15;2025;11;3;'2026/01/24'
'33599';'14989809';12;2025;11;3;'2026/01/24'
'33599';'14989825';13;2025;11;3;'2026/01/24'
'33599';'15095284';3;2025;11;3;'2026/01/24'
'33599';'15384553';3;2025;11;3;'2026/01/24'
'33601';'14545132';10;2025;11;3;'2026/01/24'
'33601';'14682882';11;2025;11;3;'2026/01/24'
'33601';'14954868';7;2025;11;3;'2026/01/24'
'33601';'14954892';7;2025;11;3;'2026/01/24'
'33601';'14989809';12;2025;11;3;'2026/01/24'
'33601';'14989825';20;2025;11;3;'2026/01/24'
'33601';'15168156';126;2025;11;3;'2026/01/24'
'33601';'15303872';4;2025;11;3;'2026/01/24'
'33601';'15474217';8;2025;11;3;'2026/01/24'
'33604';'14064873';27;2025;11;3;'2026/01/24'
'33604';'14682882';10;2025;11;3;'2026/01/24'
'33604';'14758699';10;2025;11;3;'2026/01/24'
'33604';'14954868';1;2025;11;3;'2026/01/24'
'33604';'14954892';18;2025;11;3;'2026/01/24'
'33604';'14989825';17;2025;11;3;'2026/01/24'
'33604';'15168156';4;2025;11;3;'2026/01/24'
'33604';'15384553';2;2025;11;3;'2026/01/24'
'33604';'15474217';56;2025;11;3;'2026/01/24'
'33605';'14064873';3;2025;11;3;'2026/01/24'
'33605';'14545132';19;2025;11;3;'2026/01/24'
'33605';'14682882';10;2025;11;3;'2026/01/24'
'33605';'14758699';11;2025;11;3;'2026/01/24'
'33605';'14954868';4;2025;11;3;'2026/01/24'
'33605';'14954892';12;2025;11;3;'2026/01/24'
'33605';'14989770';7;2025;11;3;'2026/01/24'
'33605';'14989788';7;2025;11;3;'2026/01/24'
'33605';'14989809';16;2025;11;3;'2026/01/24'
'33605';'14989825';12;2025;11;3;'2026/01/24'
'33605';'14989833';14;2025;11;3;'2026/01/24'
'33605';'15095284';4;2025;11;3;'2026/01/24'
'33605';'15298014';44;2025;11;3;'2026/01/24'
'33605';'15311581';10;2025;11;3;'2026/01/24'
'33605';'15474217';4;2025;11;3;'2026/01/24'
'33606';'14064873';9;2025;11;3;'2026/01/24'
'33606';'14682882';11;2025;11;3;'2026/01/24'
'33608';'14682882';20;2025;11;3;'2026/01/24'
'33608';'14954892';8;2025;11;3;'2026/01/24'
'33608';'14989788';7;2025;11;3;'2026/01/24'
'33608';'15298014';20;2025;11;3;'2026/01/24'
'33608';'15474217';84;2025;11;3;'2026/01/24'
'33609';'14064873';10;2025;11;3;'2026/01/24'
'33609';'14545132';13;2025;11;3;'2026/01/24'
'33609';'14561781';17;2025;11;3;'2026/01/24'
'33609';'14682882';5;2025;11;3;'2026/01/24'
'33609';'14758699';13;2025;11;3;'2026/01/24'
'33609';'14954868';11;2025;11;3;'2026/01/24'
'33609';'14954892';8;2025;11;3;'2026/01/24'
'33609';'14989770';15;2025;11;3;'2026/01/24'
'33609';'14989788';14;2025;11;3;'2026/01/24'
'33609';'14989825';11;2025;11;3;'2026/01/24'
'33609';'15095284';16;2025;11;3;'2026/01/24'
'33609';'15168156';144;2025;11;3;'2026/01/24'
'33609';'15298014';108;2025;11;3;'2026/01/24'
'33609';'15303872';16;2025;11;3;'2026/01/24'
'33609';'15303910';10;2025;11;3;'2026/01/24'
'33609';'15311581';10;2025;11;3;'2026/01/24'
'33609';'15384553';4;2025;11;3;'2026/01/24'
'33609';'15474217';112;2025;11;3;'2026/01/24'
'33609';'15521562';2;2025;11;3;'2026/01/24'
'33610';'14064873';4;2025;11;3;'2026/01/24'
'33610';'14682882';16;2025;11;3;'2026/01/24'
'33610';'14954892';7;2025;11;3;'2026/01/24'
'33610';'14989788';2;2025;11;3;'2026/01/24'
'33610';'14989809';7;2025;11;3;'2026/01/24'
'33610';'15095284';6;2025;11;3;'2026/01/24'
'33610';'15298014';44;2025;11;3;'2026/01/24'
'33610';'15303872';11;2025;11;3;'2026/01/24'
'33610';'15384553';1;2025;11;3;'2026/01/24'
'33610';'15474217';44;2025;11;3;'2026/01/24'
'33610';'15489099';11;2025;11;3;'2026/01/24'
'33611';'14545132';20;2025;11;3;'2026/01/24'
'33611';'14682882';38;2025;11;3;'2026/01/24'
'33611';'14758699';15;2025;11;3;'2026/01/24'
'33611';'14954868';8;2025;11;3;'2026/01/24'
'33611';'14954892';12;2025;11;3;'2026/01/24'
'33611';'14989825';13;2025;11;3;'2026/01/24'
'33611';'15095284';13;2025;11;3;'2026/01/24'
'33611';'15168156';60;2025;11;3;'2026/01/24'
'33611';'15303872';7;2025;11;3;'2026/01/24'
'33611';'15303910';9;2025;11;3;'2026/01/24'
'33611';'15311581';9;2025;11;3;'2026/01/24'
'33611';'15384553';6;2025;11;3;'2026/01/24'
'33611';'15474217';392;2025;11;3;'2026/01/24'
'33612';'14064873';5;2025;11;3;'2026/01/24'
'33612';'14545132';10;2025;11;3;'2026/01/24'
'33612';'14561781';36;2025;11;3;'2026/01/24'
'33612';'14682882';26;2025;11;3;'2026/01/24'
'33612';'14758699';5;2025;11;3;'2026/01/24'
'33612';'14954892';12;2025;11;3;'2026/01/24'
'33612';'14989788';6;2025;11;3;'2026/01/24'
'33612';'14989809';12;2025;11;3;'2026/01/24'
'33612';'14989825';19;2025;11;3;'2026/01/24'
'33612';'15095284';7;2025;11;3;'2026/01/24'
'33612';'15303910';14;2025;11;3;'2026/01/24'
'33612';'15311581';9;2025;11;3;'2026/01/24'
'33612';'15521562';44;2025;11;3;'2026/01/24'
'33613';'14064873';13;2025;11;3;'2026/01/24'
'33613';'14682882';6;2025;11;3;'2026/01/24'
'33613';'14954892';3;2025;11;3;'2026/01/24'
'33613';'14989809';9;2025;11;3;'2026/01/24'
'33613';'15474217';20;2025;11;3;'2026/01/24'
'33614';'14001338';1;2025;11;3;'2026/01/24'
'33614';'14682882';21;2025;11;3;'2026/01/24'
'33614';'14954868';5;2025;11;3;'2026/01/24'
'33614';'14954892';6;2025;11;3;'2026/01/24'
'33614';'14989770';8;2025;11;3;'2026/01/24'
'33614';'14989825';12;2025;11;3;'2026/01/24'
'33614';'14989833';9;2025;11;3;'2026/01/24'
'33614';'15298014';8;2025;11;3;'2026/01/24'
'33614';'15303872';8;2025;11;3;'2026/01/24'
'33614';'15489099';29;2025;11;3;'2026/01/24'
'33615';'14064873';13;2025;11;3;'2026/01/24'
'33615';'14545132';17;2025;11;3;'2026/01/24'
'33615';'14682882';61;2025;11;3;'2026/01/24'
'33615';'14758699';28;2025;11;3;'2026/01/24'
'33615';'14954868';19;2025;11;3;'2026/01/24'
'33615';'14954892';49;2025;11;3;'2026/01/24'
'33615';'14989788';7;2025;11;3;'2026/01/24'
'33615';'14989809';8;2025;11;3;'2026/01/24'
'33615';'14989825';13;2025;11;3;'2026/01/24'
'33615';'15168156';176;2025;11;3;'2026/01/24'
'33615';'15298014';107;2025;11;3;'2026/01/24'
'33615';'15303872';12;2025;11;3;'2026/01/24'
'33615';'15311581';16;2025;11;3;'2026/01/24'
'33615';'15384553';12;2025;11;3;'2026/01/24'
'33615';'15474217';16;2025;11;3;'2026/01/24'
'33616';'14064873';12;2025;11;3;'2026/01/24'
'33616';'14545132';7;2025;11;3;'2026/01/24'
'33616';'14682882';34;2025;11;3;'2026/01/24'
'33616';'14758699';12;2025;11;3;'2026/01/24'
'33616';'14954892';17;2025;11;3;'2026/01/24'
'33616';'14989788';18;2025;11;3;'2026/01/24'
'33616';'14989825';26;2025;11;3;'2026/01/24'
'33616';'14989833';4;2025;11;3;'2026/01/24'
'33616';'15095284';1;2025;11;3;'2026/01/24'
'33616';'15298014';36;2025;11;3;'2026/01/24'
'33616';'15303910';6;2025;11;3;'2026/01/24'
'33616';'15311581';11;2025;11;3;'2026/01/24'
'33616';'15384553';7;2025;11;3;'2026/01/24'
'33616';'15489099';2;2025;11;3;'2026/01/24'
'33616';'15521562';29;2025;11;3;'2026/01/24'
'33617';'14064873';4;2025;11;3;'2026/01/24'
'33617';'14545132';12;2025;11;3;'2026/01/24'
'33617';'14682882';10;2025;11;3;'2026/01/24'
'33617';'14758699';9;2025;11;3;'2026/01/24'
'33617';'14954868';10;2025;11;3;'2026/01/24'
'33617';'14954892';4;2025;11;3;'2026/01/24'
'33617';'14989770';9;2025;11;3;'2026/01/24'
'33617';'14989788';8;2025;11;3;'2026/01/24'
'33617';'14989825';12;2025;11;3;'2026/01/24'
'33617';'15095284';5;2025;11;3;'2026/01/24'
'33617';'15168156';54;2025;11;3;'2026/01/24'
'33617';'15298014';4;2025;11;3;'2026/01/24'
'33617';'15303910';9;2025;11;3;'2026/01/24'
'33617';'15311581';12;2025;11;3;'2026/01/24'
'33617';'15384553';4;2025;11;3;'2026/01/24'
'33617';'15474217';32;2025;11;3;'2026/01/24'
'33617';'15489099';11;2025;11;3;'2026/01/24'
'33618';'14064873';4;2025;11;3;'2026/01/24'
'33618';'14545132';8;2025;11;3;'2026/01/24'
'33618';'14682882';5;2025;11;3;'2026/01/24'
'33618';'14758699';12;2025;11;3;'2026/01/24'
'33618';'14954868';12;2025;11;3;'2026/01/24'
'33618';'14954892';12;2025;11;3;'2026/01/24'
'33618';'14989788';7;2025;11;3;'2026/01/24'
'33618';'14989825';12;2025;11;3;'2026/01/24'
'33618';'14989833';12;2025;11;3;'2026/01/24'
'33618';'15095284';12;2025;11;3;'2026/01/24'
'33618';'15168156';36;2025;11;3;'2026/01/24'
'33618';'15298014';19;2025;11;3;'2026/01/24'
'33618';'15303872';12;2025;11;3;'2026/01/24'
'33618';'15303910';9;2025;11;3;'2026/01/24'
'33618';'15474217';44;2025;11;3;'2026/01/24'
'33618';'15489099';12;2025;11;3;'2026/01/24'
'33619';'14001338';6;2025;11;3;'2026/01/24'
'33619';'14064873';8;2025;11;3;'2026/01/24'
'33619';'14545132';14;2025;11;3;'2026/01/24'
'33619';'14561781';9;2025;11;3;'2026/01/24'
'33619';'14682882';8;2025;11;3;'2026/01/24'
'33619';'14758699';4;2025;11;3;'2026/01/24'
'33619';'14954892';29;2025;11;3;'2026/01/24'
'33619';'14989770';9;2025;11;3;'2026/01/24'
'33619';'14989788';5;2025;11;3;'2026/01/24'
'33619';'14989809';8;2025;11;3;'2026/01/24'
'33619';'14989825';3;2025;11;3;'2026/01/24'
'33619';'14989833';15;2025;11;3;'2026/01/24'
'33619';'15095284';8;2025;11;3;'2026/01/24'
'33619';'15168156';1;2025;11;3;'2026/01/24'
'33619';'15298014';96;2025;11;3;'2026/01/24'
'33619';'15303872';6;2025;11;3;'2026/01/24'
'33619';'15474217';24;2025;11;3;'2026/01/24'
'33620';'14682882';15;2025;11;3;'2026/01/24'
'33620';'14758699';16;2025;11;3;'2026/01/24'
'33620';'14954892';9;2025;11;3;'2026/01/24'
'33620';'15095284';5;2025;11;3;'2026/01/24'
'33620';'15303872';3;2025;11;3;'2026/01/24'
'33620';'15521562';1;2025;11;3;'2026/01/24'
'33622';'14064873';6;2025;11;3;'2026/01/24'
'33622';'14954892';5;2025;11;3;'2026/01/24'
'33622';'14989788';18;2025;11;3;'2026/01/24'
'33622';'14989825';7;2025;11;3;'2026/01/24'
'33622';'15303872';6;2025;11;3;'2026/01/24'
'33623';'14954892';838;2025;11;3;'2026/01/24'
'33624';'14064873';1;2025;11;3;'2026/01/24'
'33624';'14682882';16;2025;11;3;'2026/01/24'
'33624';'14954868';9;2025;11;3;'2026/01/24'
'33624';'14954892';20;2025;11;3;'2026/01/24'
'33624';'14989809';17;2025;11;3;'2026/01/24'
'33624';'15525563';6;2025;11;3;'2026/01/24'
'33625';'14064873';10;2025;11;3;'2026/01/24'
'33625';'14545132';9;2025;11;3;'2026/01/24'
'33625';'14758699';11;2025;11;3;'2026/01/24'
'33625';'14989788';11;2025;11;3;'2026/01/24'
'33625';'14989809';10;2025;11;3;'2026/01/24'
'33625';'14989825';11;2025;11;3;'2026/01/24'
'33625';'15303872';21;2025;11;3;'2026/01/24'
'33625';'15311581';1;2025;11;3;'2026/01/24'
'33626';'14064873';5;2025;11;3;'2026/01/24'
'33626';'14682882';9;2025;11;3;'2026/01/24'
'33626';'14954868';3;2025;11;3;'2026/01/24'
'33626';'14954892';5;2025;11;3;'2026/01/24'
'33626';'14989809';5;2025;11;3;'2026/01/24'
'33626';'15095284';9;2025;11;3;'2026/01/24'
'33626';'15298014';12;2025;11;3;'2026/01/24'
'33626';'15474217';52;2025;11;3;'2026/01/24'
'33626';'15489099';8;2025;11;3;'2026/01/24'
'33629';'14064873';16;2025;11;3;'2026/01/24'
'33629';'14545132';10;2025;11;3;'2026/01/24'
'33629';'14561781';17;2025;11;3;'2026/01/24'
'33629';'14682882';3;2025;11;3;'2026/01/24'
'33629';'14758699';2;2025;11;3;'2026/01/24'
'33629';'14954892';9;2025;11;3;'2026/01/24'
'33629';'14989770';8;2025;11;3;'2026/01/24'
'33629';'14989809';10;2025;11;3;'2026/01/24'
'33629';'15095284';3;2025;11;3;'2026/01/24'
'33629';'15168156';162;2025;11;3;'2026/01/24'
'33629';'15298014';135;2025;11;3;'2026/01/24'
'33629';'15303872';12;2025;11;3;'2026/01/24'
'33629';'15303910';13;2025;11;3;'2026/01/24'
'33629';'15311581';11;2025;11;3;'2026/01/24'
'33629';'15384553';2;2025;11;3;'2026/01/24'
'33629';'15474217';69;2025;11;3;'2026/01/24'
'33630';'14989788';7;2025;11;3;'2026/01/24'
'33630';'15168156';30;2025;11;3;'2026/01/24'
'33630';'15298014';28;2025;11;3;'2026/01/24'
'33630';'15303872';1;2025;11;3;'2026/01/24'
'33630';'15384553';4;2025;11;3;'2026/01/24'
'33630';'15474217';32;2025;11;3;'2026/01/24'
'33632';'14064873';5;2025;11;3;'2026/01/24'
'33632';'14545132';16;2025;11;3;'2026/01/24'
'33632';'14561781';11;2025;11;3;'2026/01/24'
'33632';'14682882';17;2025;11;3;'2026/01/24'
'33632';'14758699';27;2025;11;3;'2026/01/24'
'33632';'14954868';12;2025;11;3;'2026/01/24'
'33632';'14954892';12;2025;11;3;'2026/01/24'
'33632';'14989770';12;2025;11;3;'2026/01/24'
'33632';'14989788';11;2025;11;3;'2026/01/24'
'33632';'14989809';7;2025;11;3;'2026/01/24'
'33632';'14989825';26;2025;11;3;'2026/01/24'
'33632';'14989833';7;2025;11;3;'2026/01/24'
'33632';'15095284';9;2025;11;3;'2026/01/24'
'33632';'15168156';85;2025;11;3;'2026/01/24'
'33632';'15298014';34;2025;11;3;'2026/01/24'
'33632';'15303872';6;2025;11;3;'2026/01/24'
'33632';'15311581';10;2025;11;3;'2026/01/24'
'33632';'15384553';3;2025;11;3;'2026/01/24'
'33632';'15474217';45;2025;11;3;'2026/01/24'
'33633';'14682882';3;2025;11;3;'2026/01/24'
'33633';'14758699';4;2025;11;3;'2026/01/24'
'33633';'14954868';1;2025;11;3;'2026/01/24'
'33633';'14954892';9;2025;11;3;'2026/01/24'
'33633';'14989770';24;2025;11;3;'2026/01/24'
'33633';'14989788';9;2025;11;3;'2026/01/24'
'33633';'14989809';17;2025;11;3;'2026/01/24'
'33633';'14989825';6;2025;11;3;'2026/01/24'
'33633';'15168156';60;2025;11;3;'2026/01/24'
'33635';'14064873';18;2025;11;3;'2026/01/24'
'33635';'14545132';11;2025;11;3;'2026/01/24'
'33635';'14561781';11;2025;11;3;'2026/01/24'
'33635';'14682882';10;2025;11;3;'2026/01/24'
'33635';'14758699';9;2025;11;3;'2026/01/24'
'33635';'14954868';10;2025;11;3;'2026/01/24'
'33635';'14954892';11;2025;11;3;'2026/01/24'
'33635';'14989770';12;2025;11;3;'2026/01/24'
'33635';'14989809';5;2025;11;3;'2026/01/24'
'33635';'14989825';24;2025;11;3;'2026/01/24'
'33635';'15095284';10;2025;11;3;'2026/01/24'
'33635';'15168156';18;2025;11;3;'2026/01/24'
'33635';'15298014';60;2025;11;3;'2026/01/24'
'33635';'15303910';11;2025;11;3;'2026/01/24'
'33635';'15311581';6;2025;11;3;'2026/01/24'
'33635';'15384553';2;2025;11;3;'2026/01/24'
'33635';'15489099';7;2025;11;3;'2026/01/24'
'33637';'14064873';11;2025;11;3;'2026/01/24'
'33637';'14758699';8;2025;11;3;'2026/01/24'
'33637';'14954892';3;2025;11;3;'2026/01/24'
'33637';'15095284';8;2025;11;3;'2026/01/24'
'33637';'15303872';10;2025;11;3;'2026/01/24'
'33638';'14064873';3;2025;11;3;'2026/01/24'
'33638';'14954868';4;2025;11;3;'2026/01/24'
'33638';'14989809';12;2025;11;3;'2026/01/24'
'33638';'15474217';40;2025;11;3;'2026/01/24'
'33639';'14954892';11;2025;11;3;'2026/01/24'
'33639';'14989788';2;2025;11;3;'2026/01/24'
'33639';'15298014';20;2025;11;3;'2026/01/24'
'33639';'15474217';56;2025;11;3;'2026/01/24'
'33691';'14064873';25;2025;11;3;'2026/01/24'
'33691';'14682882';4;2025;11;3;'2026/01/24'
'33691';'14758699';9;2025;11;3;'2026/01/24'
'33691';'14954868';10;2025;11;3;'2026/01/24'
'33691';'14954892';5;2025;11;3;'2026/01/24'
'33691';'14989809';9;2025;11;3;'2026/01/24'
'33691';'14989825';14;2025;11;3;'2026/01/24'
'33691';'15474217';-20;2025;11;3;'2026/01/24'
'33692';'14064873';12;2025;11;3;'2026/01/24'
'33692';'14545132';12;2025;11;3;'2026/01/24'
'33692';'14682882';48;2025;11;3;'2026/01/24'
'33692';'14758699';5;2025;11;3;'2026/01/24'
'33692';'14954868';11;2025;11;3;'2026/01/24'
'33692';'14954892';8;2025;11;3;'2026/01/24'
'33692';'14989788';5;2025;11;3;'2026/01/24'
'33692';'14989825';12;2025;11;3;'2026/01/24'
'33692';'15095284';4;2025;11;3;'2026/01/24'
'33692';'15311581';8;2025;11;3;'2026/01/24'
'33692';'15489099';22;2025;11;3;'2026/01/24'
'33693';'15474217';84;2025;11;3;'2026/01/24'
'33694';'14064873';3;2025;11;3;'2026/01/24'
'33694';'14682882';15;2025;11;3;'2026/01/24'
'33694';'14758699';1;2025;11;3;'2026/01/24'
'33694';'14954892';5;2025;11;3;'2026/01/24'
'33694';'14989770';5;2025;11;3;'2026/01/24'
'33694';'14989809';13;2025;11;3;'2026/01/24'
'33694';'14989825';16;2025;11;3;'2026/01/24'
'33694';'14989833';4;2025;11;3;'2026/01/24'
'33694';'15095284';10;2025;11;3;'2026/01/24'
'33694';'15298014';68;2025;11;3;'2026/01/24'
'33694';'15303872';14;2025;11;3;'2026/01/24'
'33694';'15303910';9;2025;11;3;'2026/01/24'
'33694';'15311581';15;2025;11;3;'2026/01/24'
'33694';'15384553';2;2025;11;3;'2026/01/24'
'33694';'15474217';83;2025;11;3;'2026/01/24'
'33694';'15521562';36;2025;11;3;'2026/01/24'
'33695';'14682882';11;2025;11;3;'2026/01/24'
'33851';'15095284';16;2025;11;3;'2026/01/24'
'33852';'14064873';6;2025;11;3;'2026/01/24'
'33852';'14682882';9;2025;11;3;'2026/01/24'
'33852';'14954868';1;2025;11;3;'2026/01/24'
'33852';'14989788';15;2025;11;3;'2026/01/24'
'33852';'14989809';2;2025;11;3;'2026/01/24'
'33852';'15095284';5;2025;11;3;'2026/01/24'
'33852';'15298014';24;2025;11;3;'2026/01/24'
'33853';'14545132';10;2025;11;3;'2026/01/24'
'33853';'14682882';7;2025;11;3;'2026/01/24'
'33853';'14954868';2;2025;11;3;'2026/01/24'
'33853';'14989809';12;2025;11;3;'2026/01/24'
'33853';'15168156';24;2025;11;3;'2026/01/24'
'33853';'15298014';28;2025;11;3;'2026/01/24'
'33853';'15311581';8;2025;11;3;'2026/01/24'
'33853';'15474217';20;2025;11;3;'2026/01/24'
'33854';'14064873';6;2025;11;3;'2026/01/24'
'33854';'14682882';11;2025;11;3;'2026/01/24'
'33854';'14758699';11;2025;11;3;'2026/01/24'
'33854';'14954892';8;2025;11;3;'2026/01/24'
'33854';'14989770';1;2025;11;3;'2026/01/24'
'33854';'14989809';10;2025;11;3;'2026/01/24'
'33854';'15095284';15;2025;11;3;'2026/01/24'
'33854';'15298014';84;2025;11;3;'2026/01/24'
'33854';'15303910';2;2025;11;3;'2026/01/24'
'33854';'15384553';2;2025;11;3;'2026/01/24'
'33854';'15474217';84;2025;11;3;'2026/01/24'
'33856';'14682882';13;2025;11;3;'2026/01/24'
'33856';'14758699';6;2025;11;3;'2026/01/24'
'33856';'14954892';20;2025;11;3;'2026/01/24'
'33856';'14989809';7;2025;11;3;'2026/01/24'
'33856';'14989825';7;2025;11;3;'2026/01/24'
'33856';'15095284';13;2025;11;3;'2026/01/24'
'33856';'15311581';5;2025;11;3;'2026/01/24'
'33858';'14064873';11;2025;11;3;'2026/01/24'
'33858';'14758699';7;2025;11;3;'2026/01/24'
'33858';'14954868';10;2025;11;3;'2026/01/24'
'33858';'14954892';11;2025;11;3;'2026/01/24'
'33858';'14989770';9;2025;11;3;'2026/01/24'
'33858';'14989788';1;2025;11;3;'2026/01/24'
'33858';'14989809';4;2025;11;3;'2026/01/24'
'33858';'14989825';8;2025;11;3;'2026/01/24'
'33858';'15311581';9;2025;11;3;'2026/01/24'
'33858';'15474217';20;2025;11;3;'2026/01/24'
'33859';'14989825';5;2025;11;3;'2026/01/24'
'33862';'14545132';6;2025;11;3;'2026/01/24'
