"SAQ CODE (IPC)/CODE SAQ (CIP)";"UPC";"DESCRIPTION";"SALES UNIT/UNITÉ DE VENTE";"QTY OF BOTTLES/QTÉ BOUTEILLE";"YEAR/ANNÉE";"PERIOD/PÉRIODE";"WEEK/SEMAINE"
"560821";00636662057320;"Deakin Estate Shiraz";"750";1784;2025;11;3;
"12382501";08007890009153;"Cavit Collection Pinot Grigio";"750";3523;2025;11;3;
"15148075";00082000802457;"Smirnoff Ice Creamsicle Blast (6 x 355 ml)";"355";4059;2025;11;3;
"13284401";07804320753454;"Cono Sur Bicicleta Pinot Noir Reserva";"750";803;2025;11;3;
"15082740";03770012860547;"Aubert & Mathieu Hautes Pistes Chardonnay";"750";765;2025;11;3;
"610204";08007880547009;"Pasqua, Lapaccio Salento";"750";1404;2025;11;3;
"14480578";00628176471020;"Rosemont Whisky de Montréal";"750";242;2025;11;3;
"12997709";03335200007052;"Caves Rauzan Baron du Pin Bordeaux";"750";11678;2025;11;3;
"14727243";08410644130148;"Els Vinyerons Lluerna Penedès";"750";428;2025;11;3;
"15203951";00628774171018;"Amour Liquide Margarita";"100";1277;2025;11;3;
"15455585";00851006001450;"3 Lacs Gin Limonade Pêche Passion 4 x 355ml";"355";2617;2025;11;3;
"448258";00774336482587;"Jouvenceau Cuvée Héritage rouge";"4000";1743;2025;11;3;
"11254188";68410537983372;"El Coto Rioja Crianza";"750";2331;2025;11;3;
"10544693";08002062013303;"Masi Modello Trevenezie";"1500";316;2025;11;3;
"13593335";09120008894003;"Crazy Creatures";"750";6208;2025;11;3;
"15472713";08410113560636;"Torres Natureo Chardonnay";"750";329;2025;11;3;
"2691";00622153625048;"Tanqueray";"750";1311;2025;11;3;
"13821545";08002235216050;"Ca' Bolani Pinot Grigio Friuli Aquileia";"750";1006;2025;11;3;
"15159946";00080480988494;"Bombay Citron Pressé";"750";320;2025;11;3;
"15416560";00816253012277;"Segura Viudas Brut Organic";"750";3465;2025;11;3;
"2527";00878448002616;"Mouton Cadet Bordeaux";"750";2061;2025;11;3;
"14509553";09120012746206;"Meinklang Kontakt";"750";834;2025;11;3;
"15136728";03500610154188;"Nozeco Mimosa 0,5%";"750";141;2025;11;3;
"11529591";00056049028918;"Cliff 79 Chardonnay South Eastern Australia";"750";3697;2025;11;3;
"407544";00878448002647;"Philippe de Rothschild Merlot Pays d'Oc";"750";923;2025;11;3;
"10529910";06001108001085;"Two Oceans Shiraz Western Cape";"750";712;2025;11;3;
"13151449";03263280125444;"Grand Sud Chardonnay";"1000";7136;2025;11;3;
"11067585";03496650000113;"Château Coupe Roses Les Plots Minervois";"500";43;2025;11;3;
"10913410";05014396300915;"El Dorado 5 Ans";"750";184;2025;11;3;
"14730549";03760059491118;"André Colonge et Fils Fleurie";"750";81;2025;11;3;
"308056";00633438103816;"Mumm Grand Cordon  Brut";"750";241;2025;11;3;
"121749";05013626111284;"Taylor Fladgate Tawny 10 Ans";"750";323;2025;11;3;
"11401133";00208352290050;"Absolut";"1140";3772;2025;11;3;
"15299480";08720828384176;"Spirited Union Rhum Ananas & Gingembre  4X250ml";"250";122;2025;11;3;
"13288832";00631470000124;"La Vieille Ferme";"750";1296;2025;11;3;
"14216654";03770005597382;"Domaine Gueguen Chablis";"750";839;2025;11;3;
"11459765";05010103800440;"J. & B. Rare Blended Scotch";"1140";1216;2025;11;3;
"15296756";08410261151847;"Don Simon Sangria";"1000";416;2025;11;3;
"10706058";03481630000047;"Château Montlisse Saint-Emilion";"750";125;2025;11;3;
"710731";06008922000218;"Le Bonheur Cabernet-Sauvignon Stellenbosch";"750";449;2025;11;3;
"11293953";03473120008152;"Ropiteau Bourgogne Chardonnay";"750";1059;2025;11;3;
"10439404";08002062001652;"Masi Masianco Delle Venezie";"750";813;2025;11;3;
"145367";00012354087651;"Lindemans Bin 50 Shiraz";"750";1095;2025;11;3;
"12673675";05000299609354;"Glenlivet Founder's Reserve Single malt";"750";599;2025;11;3;
"13532698";00057496008676;"L'Auberge Cuvée Festive";"4000";3288;2025;11;3;
"15210473";00057496000519;"Sandstone Creek Cabernet Merlot";"750";330;2025;11;3;
"15162230";00062067412974;"Palm Bay Sunshine Twist (6 x 355 ml)";"355";588;2025;11;3;
"12257743";04902615001518;"Homare Honjozo Yukihyakubai sake";"300";21;2025;11;3;
"15264076";09120012746282;"Meinklang Epic";"750";222;2025;11;3;
"13553392";08000174009436;"Fontanafredda Langhe";"750";2859;2025;11;3;
"15406599";00818276003720;"Mosaico Sangiovese";"750";419;2025;11;3;
"15321350";09311789392219;"Oxford Landing Sauvignon blanc";"750";218;2025;11;3;
"15079815";09414416104220;"Left Field Flying Squidmill";"750";229;2025;11;3;
"15363605";00089540536392;"Malibu Bay Breeze Ananas";"1000";201;2025;11;3;
"12889126";00899109002080;"Badenhorst The Curator Blanc";"750";776;2025;11;3;
"14238511";03760064357515;"Stéphane Orieux Bregeonnette Muscadet Sèvre et Maine";"750";221;2025;11;3;
"14480666";00628176471013;"Rosemont Après-Ski Rhum Épicé";"750";82;2025;11;3;
"15405289";08054890510790;"Tenuta Parco Lago Dei Muli Langhe Nebbiolo";"750";116;2025;11;3;
"15248754";04000152487540;"Domaine Pégau Châteauneuf-du-Pape";"750";39;2025;11;3;
"15505360";03701368631055;"Clos du Marquis Saint-Julien";"750";4;2025;11;3;
"721282";03558501001004;"Château Eugénie Cahors";"750";505;2025;11;3;
"29645";00814789003370;"Melchers Maxi Dry Gin";"1750";501;2025;11;3;
"15137026";03264380085454;"Mommessin Beaujolais Splendeur Nature";"750";473;2025;11;3;
"15474217";00628425160811;"Cherry River Limonade de Gin Peti. Fruits & Basilic 4X355ml";"355";2011;2025;11;3;
"14681231";00628504255858;"Noroi Gin Zéro";"750";573;2025;11;3;
"14713378";08437011734013;"Bodegas Moraza Soplar Rioja";"750";164;2025;11;3;
"15509660";03760207188693;"Louis Vallon Crémant de Bordeaux Brut";"750";29;2025;11;3;
"12206461";05000277003457;"Aberfeldy 12 Ans Highlands Single Malt Scotch Whisky";"750";491;2025;11;3;
"15040988";03426155269883;"Manoir de Mercey Bourgogne Hautes Cotes de Beaune Clos";"750";116;2025;11;3;
"13841511";08018794001662;"Gini Soave Classico";"750";75;2025;11;3;
"15425634";08410113067845;"Las Mulas Fumé Blanc Vallée Centrale";"750";385;2025;11;3;
"15495122";09903122467564;"RhumCannelle, Liqueur de rhum à la cannelle";"700";64;2025;11;3;
"15548669";00628308620661;"Kilinger";"700";527;2025;11;3;
"14399454";05604575003449;"Quinta do Encontro Preto Branco Reserva Bairrada";"750";32;2025;11;3;
"14991298";03518120001892;"Champagne Charles Mignon Premier Cru Brut";"750";6;2025;11;3;
"15291331";04902051331316;"Hakushika Snow Beauty";"720";45;2025;11;3;
"14471567";03258434190003;"Laur.-Perrier Blanc de Blancs Brut Nature";"750";21;2025;11;3;
"12732057";08412423126090;"Tres Picos Campo de Borja Bodegas Borsao";"750";687;2025;11;3;
"14810549";00627843748335;"Dist. du Fjord Km12 Concombre";"750";120;2025;11;3;
"14221488";03430560011760;"Tiger Horse Old Vines Cinsault Western Cape";"750";362;2025;11;3;
"471342";05281022441971;"Château Ksara Ksarak Arak";"750";242;2025;11;3;
"11456863";03245999354919;"Hennessy X.O.";"750";36;2025;11;3;
"10703412";00746925001189;"The Chocolate Block Swartland";"750";227;2025;11;3;
"15492415";00887341007079;"Campari";"375";27;2025;11;3;
"12791428";00721059707503;"Espolon Blanco";"750";12;2025;11;3;
"13515978";06278435295146;"Mariana Balzac Absinthe";"500";79;2025;11;3;
"14785970";03495795611192;"Theulot Juillot Mercurey Vieilles Vignes";"750";8;2025;11;3;
"14914081";03292060010687;"Laroche Chablis Premier Cru Les Vaudevey";"750";82;2025;11;3;
"14961902";03440747509690;"Patrick Piuze Non Dosé Méthode Traditionnelle";"750";244;2025;11;3;
"640177";03549920000297;"Château Nénine Côtes de Bordeaux";"750";41;2025;11;3;
"12829617";03760113408137;"Mas du Novi";"750";9;2025;11;3;
"14889648";00848819000336;"White Claw Caisse Mixte No.2 (12 x 355ML )";"355";1404;2025;11;3;
"15048015";03760035921516;"Domaine Le Pas Saint Martin Saumur La Pierre Frite";"750";238;2025;11;3;
"15111387";00839905000224;"Pollux Bourgueil";"750";33;2025;11;3;
"15256623";00600074346006;"Le Bourg des Cèdres Les Cageux";"750";17;2025;11;3;
"242669";08410023000031;"Fino Tio Pepe very dry Xérès";"750";36;2025;11;3;
"13638249";05200109000504;"Monemvasia Kydonitsa";"750";5;2025;11;3;
"15461686";04000154616863;"Jean-Luc Colombo Les Ruchets Cornas";"750";8;2025;11;3;
"11096888";00087752008157;"Ben Ami Cabernet-Sauvignon Galil";"750";62;2025;11;3;
"15400541";06009679751033;"Perdeberg The Vineyard Collection Grenache blanc";"750";195;2025;11;3;
"13758582";08014115000659;"Poli Vaca Mora Amaro";"700";18;2025;11;3;
"12690053";00057496007662;"Smoky Bay Cabernet Sauvignon Vin Rouge";"1000";12936;2025;11;3;
"12885168";00057496007976;"Smoky Bay vin rosé";"1000";1345;2025;11;3;
"15464975";09421905673525;"Invivo X Sarah Jessica Parker Pinot Noir";"750";1;2025;11;3;
"13771891";03760078971264;"Domaine Besson Petit Chablis";"750";18;2025;11;3;
"13906830";08032937270678;"Josetta Saffirio Barolo";"750";8;2025;11;3;
"12098025";03760234930081;"Domaine de la Taille aux Loups Bretonnière";"750";24;2025;11;3;
"10237554";03453320000026;"Saint-Bris Sauvignon Domaine Sorin de France";"750";118;2025;11;3;
"15238628";08003015712298;"Carpineto Rosso di Montepulciano";"750";492;2025;11;3;
"14955481";03770020801013;"Vincent Wengier Petit Chablis";"750";280;2025;11;3;
"884908";03760087610017;"Domaine La Tour Vieille Rimage Banyuls";"500";47;2025;11;3;
"15236542";03368887100013;"Domaine de Beaurenard Les Argiles Bleues";"750";8;2025;11;3;
"15429011";00721733000036;"Patron XO Café";"750";46;2025;11;3;
"12582247";03289810001163;"Les Chasseignes Domaine Fouassier Sancerre";"750";44;2025;11;3;
"15114342";00627843819158;"Distillerie Shefford La Coulée";"750";2;2025;11;3;
"897504";05604424102033;"Palha-Canas Vinho regional Lisboa";"750";52;2025;11;3;
"15489515";00850009098009;"Burrito Fiestero Artisanal Cenizo";"750";20;2025;11;3;
"15326628";03507921000210;"Chavet La Côte Rouge Menetou-Salon";"750";27;2025;11;3;
"12736891";08003015707416;"Carpineto Chianti Classico";"1500";1;2025;11;3;
"15511196";04970860880080;"Hatozaki Small Batch Pure Malt";"700";8;2025;11;3;
"15317916";08437003892028;"Quinta Couselo Turonia Rias Baixas";"750";74;2025;11;3;
"14157391";00057496009505;"À LA CARTE Pinot Grigio vin blanc";"750";3060;2025;11;3;
"15521597";00628120440447;"Arsenal & CO. Limoncello";"750";49;2025;11;3;
"15340673";08031481008270;"Querciabella Mongrana Rosso";"750";109;2025;11;3;
"15042764";03760002912127;"Chateau Philippe Le Hardi Mercurey L'Or des Ducs";"750";43;2025;11;3;
"12641956";00827924071028;"Domaine l'Ange Gardien Rosé";"750";19;2025;11;3;
"13959915";05202797000378;"Glinavos Paleokerisio";"500";17;2025;11;3;
"13594581";03330548002226;"Buissonnier Givry";"750";55;2025;11;3;
"14227257";03760041222584;"Hervé Villemade Cheverny";"750";50;2025;11;3;
"15551104";00990312612575;"Seigneurie de Liret Nuage Effervescent";"750";30;2025;11;3;
"15321077";05203773000634;"Skouras Peplo";"750";9;2025;11;3;
"14559420";00628110292131;"Labranche Cidre Fortifié Feu Domaine Labranche";"700";1;2025;11;3;
"15248236";03355820085612;"Domaine de la Vougeraie Côte de Beaune Les Pierres Blanches";"750";14;2025;11;3;
"15295868";05601096421943;"Quinta Vale D. Maria Douro Superior";"750";101;2025;11;3;
"15342054";00827924089108;"Des Limousin Vidal Classique";"750";16;2025;11;3;
"15425503";09351296000658;"Leko Pinot Noir Adelaide Hills";"750";1;2025;11;3;
"15515613";04000155156139;"Château d'Ampuis Guigal Côte Rôtie";"750";2;2025;11;3;
"15392086";07503044185083;"Palenqueros Rey Arellanes Espadin-Tobasiche Mezcal";"700";2;2025;11;3;
"15511111";03760124911169;"Domaine Michel Sarrazin Givry Premier Cru Les Galaffres";"750";31;2025;11;3;
"10342741";09318560010034;"Sémillon Brokenwood Hunter Valley";"750";17;2025;11;3;
"434993";00083729010888;"Maison Nicolas Merlot-Cabernet Réserve Pays d'Oc";"750";15;2025;11;3;
"15242053";03539084210014;"Domaine Courbis Les Eygats Cornas";"750";3;2025;11;3;
"15184797";00628176471488;"Rosemont Pomme 3 ans";"750";4;2025;11;3;
"196329";00048415360043;"Crème de cacao Meagher liqueur de cacao";"750";97;2025;11;3;
"15363939";04000153639399;"Domaine Vacheron Les Romains Sancerre";"750";4;2025;11;3;
"15369599";06286347709415;"Domaine la Bohème, Cuvée P";"750";6;2025;11;3;
"960310";03451493750014;"Chablis premier cru Vau de Vey Domaine des Malandes";"750";8;2025;11;3;
"15326898";00618397201902;"Del Maguey Las Milpas";"750";2;2025;11;3;
"15431399";03683080642390;"Vadin Plateau Renaissance Extra Brut";"750";13;2025;11;3;
"15505589";04000155055890;"Mas Jullien Blanc";"750";3;2025;11;3;
"12258973";03379935521315;"Château Mont-Redon Lirac";"750";23;2025;11;3;
"13593239";00695555000461;"Benjamin Bridge NV";"750";18;2025;11;3;
"15038722";05604575003432;"Herdade Monte Da Cal Vinho Branco";"750";47;2025;11;3;
"15161430";03359950367860;"Deutz William Brut";"750";5;2025;11;3;
"15509635";00635335180235;"Fumées Blanches Zéro";"750";38;2025;11;3;
"14479702";05607655021869;"Sanjoanne Escolha Vinho Verde Casa de Cello";"750";82;2025;11;3;
"15175348";00818201022758;"Le Volte dell'Ornellaia Toscana i.g.t.";"1500";8;2025;11;3;
"15443550";09421901183363;"Hãhã Syrah";"750";11;2025;11;3;
"15150212";08033373295874;"Frank Cornelissen Munjebel Rosso";"750";22;2025;11;3;
"516252";05201309638429;"Mythos Hellenic bière type lager 6 x 330ml";"330";64;2025;11;3;
"15428704";08032779700777;"Pisoni Codecce Vigneti Delle Dolomiti";"750";14;2025;11;3;
"15273087";09120021686821;"Harkamp Pure Sauvignon Blanc";"750";2;2025;11;3;
"12887294";03760155600179;"Domaine Jacourette Sainte Victoire";"750";30;2025;11;3;
"15168148";09007500457212;"Domäne Wachau Grüner Veltliner Smaragd Kirnberg";"750";2;2025;11;3;
"15529610";03114081521853;"Champagne Louis Roederer + Starck Brut Nature";"750";1;2025;11;3;
"14601181";03514311999917;"Grand Ballon Sauvignon Blanc Val de Loire";"1500";32;2025;11;3;
"15458508";03760254310108;"Roland Grangier Les Combéluz";"750";13;2025;11;3;
"15210529";00628634365076;"Ubald Vodka Seigle";"700";30;2025;11;3;
"13004431";04000130044314;"Les Choisilles François Chidaine Montlouis sur Loire";"750";9;2025;11;3;
"15477127";05600224302567;"Altitude By Duorum Douro";"750";12;2025;11;3;
"14064793";03800224421387;"Via Vinera Bulgarian Heritage Dimyat";"750";-1;2025;11;3;
"15535227";04000155352272;"Matthias Planchon Les Herses cerre 'Les Herses'";"750";6;2025;11;3;
"15262433";04000152624334;"F Raquillet Mercurey Vieilles Vignes";"750";16;2025;11;3;
"15150327";08379830000460;"Domaine Le Galantin Bandol";"750";6;2025;11;3;
"14552236";08026539033205;"Filo di Seta Brunello Montalci Castello Romitorio";"750";6;2025;11;3;
"15355681";05203870003118;"Markou Vineyards Emeis";"750";4;2025;11;3;
"15355701";03275842990025;"Georges Vigouroux Château de Haute Serre Cahors";"750";9;2025;11;3;
"15380798";00056049139119;"Le Cerbère Pinot Noir";"750";228;2025;11;3;
"10785112";00345859001069;"Château Maucamps Haut-Médoc Cru Bourgeois";"750";-2;2025;11;3;
"15122027";03365910720507;"Clos Henri Estate Marlborough";"750";4;2025;11;3;
"13675841";09120013670708;"Huber Riesling Engelsberg";"750";42;2025;11;3;
"15095209";03760011573678;"Abbots & Delaunay Métayage Chardonnay";"750";7;2025;11;3;
"15221931";00628942439384;"La Piffaudière Touraine Gamay";"750";12;2025;11;3;
"10368600";00056049012153;"Christophe Dalbray";"4000";520;2025;11;3;
"14071029";03740069094042;"Domaine le Bout du Monde Tam Tam";"750";20;2025;11;3;
"14354512";08423253171501;"La Val Albarino Rias Baixas";"750";5;2025;11;3;
"872580";03760089870259;"Les Mauguerets La Contrie Saint-Nicolas-de-Bourgueil";"750";52;2025;11;3;
"14198919";04000141989192;"Larmandier-Bernier Levant Vieille Vigne Extra Brut";"750";3;2025;11;3;
"15394292";03500610167928;"J.P. Chenet 24 Carat Gold";"750";2;2025;11;3;
"15021218";08033229401039;"Tenuta La Fortuna Brunello di Montalcino";"1500";1;2025;11;3;
"15518355";03052853085700;"Champagne Bollinger PN TX20";"750";2;2025;11;3;
"14191565";03722255073048;"Marc Pesnot Domaine de la Sénéchalière La Bohème";"750";1;2025;11;3;
"13668392";06009653422010;"Lammershoek Mysteries Pinotage";"750";2;2025;11;3;
"14954497";00873399001909;"Château de la Charrière Pommard Les Vignots";"750";12;2025;11;3;
"15317836";05601064004116;"Quinta do Noval Colheita Porto Tawny";"375";-1;2025;11;3;
"15452190";03700188069161;"Château Grand Corbin Despagne Saint-Emilion Grand Cru";"1500";8;2025;11;3;
"13038956";00067311720034;"Double Vie Cuvée Boisée Vin Rouge";"4000";412;2025;11;3;
"11094760";03451495750012;"Domaine des Malandes Chablis Premier Cru Montmains";"750";14;2025;11;3;
"13622693";03760069460128;"Château de Villeneuve Saumur blanc Les Cormiers";"750";1;2025;11;3;
"15535112";00851006001603;"Coffret découverte Distillerie du Québec (20 X 50ml)";"1000";11;2025;11;3;
"14807139";03760330110417;"Château Lafleur Les Pensées de Lafleur Pomerol";"750";1;2025;11;3;
"15443613";00612789121809;"Aurea Mediocritas Pommettes";"750";15;2025;11;3;
"11881931";09331727017370;"Cabernet-Sauvignon Sexy Beast Two Hands McLaren Vale";"750";3;2025;11;3;
"14100643";08437012917019;"Herencia Altés Garnatxa Terra Alta";"750";19;2025;11;3;
"15427795";05060210707859;"Kilchoman Sanaig Cask Strength Islay Single Malt";"700";5;2025;11;3;
"12884991";03760176420008;"Domaine Thomas & Fils Sancerre Le Pierrier";"750";2;2025;11;3;
"51029";00774336510297;"Notre Vin Maison blanc";"1000";1;2025;11;3;
"15429117";00056049139201;"Bù Grüner Veltliner Édition Limitée";"750";723;2025;11;3;
"14439495";03471370226685;"Luneau-Papin Clos de l'Allée Muscadet Sèvre et Maine";"750";5;2025;11;3;
"11900821";03770011658305;"Yves Leccia E Croce";"750";9;2025;11;3;
"15357424";05200116650143;"Idaia Fresco Rosso";"750";6;2025;11;3;
"12202187";00040001220212;"Bellechaume Pierre Morin Sancerre";"750";5;2025;11;3;
"12201643";03762994151010;"Morgon Cuvée Corcelette Jean Foillard";"750";4;2025;11;3;
"15240824";03263070058952;"Château Kirwan Grand Cru Classé Margaux";"750";8;2025;11;3;
"13318341";03471375029588;"Domaine Luneau-Papin Vera Cruz";"750";12;2025;11;3;
"12133986";00695555000256;"Nova 7 Benjamin Bridge Wines";"750";11;2025;11;3;
"14936475";03443660015712;"Bonfils Château Vaugelas Le Prieuré Corbières";"750";6;2025;11;3;
"15340876";00645781259386;"Vignoble du PicBois Rosé";"750";2;2025;11;3;
"14799301";08022534423751;"Luciano Sandrone Barbera d'Alba";"750";5;2025;11;3;
"14981583";00628075801669;"Hickson Concombre Melon Yuzu";"750";13;2025;11;3;
"11269401";08022931509232;"Non Confunditur Argiano Toscana";"750";5;2025;11;3;
"15396095";03270620001801;"Louis Royer V.S.O.P.";"750";1;2025;11;3;
"14419662";00895958001779;"K. Vionnet Le Rawsé de Karim Beaujolais Villages";"750";4;2025;11;3;
"14703479";04000147034797;"Béreche et Fils Ambonnay Grand Cru Extra Brut";"750";2;2025;11;3;
"15141068";00628242481090;"Dom. Lafrance Rick Special #2";"750";2;2025;11;3;
"14801327";06002039010207;"The Chocolate Block";"375";4;2025;11;3;
"15478921";03760014980732;"Jean-Max Roger La Grange Dimière Sancerre";"375";35;2025;11;3;
"15356350";04000153563502;"Phillippe Charlopin-Parizot Bourgogne Côte D'Or";"750";99;2025;11;3;
"15473935";04000154739357;"Théo Dancer Grenache Aragón";"750";1;2025;11;3;
"15254935";08032532580363;"Tenuta La Novella Sambrena Sangiovese";"750";35;2025;11;3;
"15586577";03700188073243;"Château Siran Margaux";"750";10;2025;11;3;
"15191196";04000151911961;"Domaine de Château Grillet";"750";2;2025;11;3;
"15326661";05200112811036;"Diamantakis Vidiano";"750";8;2025;11;3;
"10553186";00056049015970;"Nicolas Laloux Le Gentlemen Bohème Rouge";"1000";3196;2025;11;3;
"13059079";00067311717034;"Aroma mi Amore vin rouge";"1000";6610;2025;11;3;
"10873614";08014115000376;"Grappa Jacopo Poli Moscato";"1500";5;2025;11;3;
"15222571";00400152225717;"Buisson-Charles Hautes Couture Bourgogne Pinot Noir";"750";18;2025;11;3;
"14910072";03018300020922;"Grand Marnier Révélation";"750";1;2025;11;3;
"14762233";03770016065115;"Bel-Air L'Espérance Irange Vignobles Percier";"750";2;2025;11;3;
"15308921";00627987806588;"Fove Acerum Finition à l'Érable 2 ans";"500";5;2025;11;3;
"14449167";06009669300623;"Kranskop Pinot Noir Klaasvoogds";"750";4;2025;11;3;
"15460149";00890414001751;"Domaine Saint-Jérôme Tavel";"750";4;2025;11;3;
"15202596";08031822090223;"Ilatraia Brancaia Maremma Toscana i.g.t.";"750";1;2025;11;3;
"14758779";00692743073467;"Lanson Green Label Brut";"750";1;2025;11;3;
"14461271";08057284410119;"Carussin Asinoi Barbera d'Asti";"750";5;2025;11;3;
"13949611";03760088940397;"Domaine Fichet Mâcon-Burgy Les 3 Terroirs";"750";1;2025;11;3;
"117101";04067700012081;"Jagermeister";"750";2;2025;11;3;
"15472617";08032894052430;"Vietri Pecorino";"750";9;2025;11;3;
"12562529";03510170000023;"Dom Charmoise Sauvignon Blanc Henri Marionette Touraine";"750";9;2025;11;3;
"15378241";00647581364239;"SmallFry Eclectik Violet";"750";4;2025;11;3;
"14915949";03760011908197;"Domaine Duperray Beaujolais- Village Gamay Glou-Glou";"750";2;2025;11;3;
"15517002";03760424210108;"Zind-Humbrecht Riesling Hengst Grand Cru";"750";2;2025;11;3;
"15281204";08437021378047;"Can Vallès XAXAXA Penedès";"750";1;2025;11;3;
"15268034";00762765676578;"Brand Bros Pinot Blanc";"750";-1;2025;11;3;
"15240082";03701034105811;"Château Capbern Saint-Estèphe";"750";4;2025;11;3;
"11903328";03700790300010;"Pinot Blanc Domaine Albert Boxler Alsace";"750";2;2025;11;3;
"15116794";00056049138785;"Étienne Marceau Sauvignon Blanc";"750";1;2025;11;3;
"15236374";03760126912881;"Château Lynch-Moussas Les Hauts de Lynch Moussas";"750";9;2025;11;3;
"15469961";03521962210049;"Domaine de La Pousse d'Or Volnay 1er Cru Clos d'Audignac";"750";1;2025;11;3;
"14947262";08032986500207;"Di Giovanna Vurria Grillo Sicilia";"750";3;2025;11;3;
"14556974";03760273152185;"Domaine Brégeon Original";"750";5;2025;11;3;
"13004123";00057496008195;"Smoky Bay Chardonnay";"4000";1925;2025;11;3;
"15399819";00628942368554;"Plot Wines Pinot Noir";"750";1;2025;11;3;
"15052292";03700188060366;"Château Lynch-Bages Grand Cru Classé Pauillac";"750";2;2025;11;3;
"11440175";03512678129756;"Château de La Grille Chinon";"750";5;2025;11;3;
"14575180";00827924022150;"Sainte-Pétronille VSP Le Gouleyant";"750";1;2025;11;3;
"12817034";08033959600108;"Paterna Colli Aretini Chianti";"750";1;2025;11;3;
"12990611";07804300136475;"San Pedro Epica Red Blend Central Valley";"750";1;2025;11;3;
"15412526";08000192002808;"Bersano Mirage Gavi";"750";4;2025;11;3;
"13566783";00839318000620;"Cygnus Sador Brut Nature Vegan Reserva";"750";2;2025;11;3;
"15378647";03282946015462;"Nicolas Feuillatte Palmes D'Or Rosé Intense";"750";5;2025;11;3;
"14560341";00628250949056;"L & M Gin aux Champignons";"500";4;2025;11;3;
"14558902";08014629231815;"Pio Cesare Mosconi Barolo";"750";1;2025;11;3;
"15183081";03760285161656;"VERSO Haut-Batailley";"750";28;2025;11;3;
"15243030";03352370014185;"Pommery Grand Cru Royal";"750";1;2025;11;3;
"14555672";08014629032214;"Pio Cesare Barbaresco";"750";2;2025;11;3;
"15336228";00781005719455;"Gentle Folk Chardonnay";"750";4;2025;11;3;
"15534507";00628678354623;"Les Bottes Rouges Léon Arbois";"750";12;2025;11;3;
"14960117";00874618009324;"Dillon's Cocktail Au Gin Tangerine et Citron(6X355ml)";"355";6;2025;11;3;
"13300387";00056049135050;"Silverthorne Cabernet Shiraz";"750";1021;2025;11;3;
"14923324";05202797000927;"Glinavos Aspra Homata";"750";1;2025;11;3;
"15110157";00776545600998;"Petrichor Cabernet Merlot Péninsule du Niagara";"750";1;2025;11;3;
"11575731";00827924014070;"Gagliano Frontenac Gris";"750";2;2025;11;3;
"15472166";03481630000344;"Château Montlisse Saint- Emilion Grand Cru";"375";5;2025;11;3;
"15384342";00628678149137;"Équinoxe Balade";"750";3;2025;11;3;
"15081034";06009607661878;"Ken Forrester Dirty Little Secret Five";"750";9;2025;11;3;
"11639053";03434040016986;"Riesling Domaine Weinbach Alsace";"750";2;2025;11;3;
"15375032";03609050244494;"Chateau Rauzan Segla Margaux Grand Cru Classé";"1500";1;2025;11;3;
"14818786";05450013734204;"Coffret Cadeau Bernard Massard Cuvée de l'Écusson Brut + 2 ve";"750";5;2025;11;3;
"15052145";03760172719557;"Château Lagrange Grand Cru Classé Saint-Julien";"750";6;2025;11;3;
"15193917";08033182054389;"Tenuta Delle Terre Nere Etna Rosso San Lorenzo";"750";1;2025;11;3;
"15343874";08033040312880;"Guiseppe Mascarello e Figlio Dolcetto d'Alba Vigna Santo";"750";1;2025;11;3;
"15357838";03511061493658;"Château Bellevue Mondotte Saint-Emilion Grand Cru";"1500";1;2025;11;3;
"12404969";00813497005904;"Luc Belaire Rare Rosé";"750";174;2025;11;3;
"11676487";00854745000739;"Coureur des Bois Crème";"1140";863;2025;11;3;
"15472684";03760201503362;"Pyrène Blanc Bec Léger";"750";583;2025;11;3;
"8888";03161420000166;"St-Rémy VSOP";"750";2808;2025;11;3;
"31096";08412449903231;"Real Tesoro Sec";"750";400;2025;11;3;
"585422";08027331000617;"Anselmi San Vincenzo Veneto";"750";863;2025;11;3;
"566182";00082000767282;"Smirnoff  Raspberry";"750";1984;2025;11;3;
"13746485";05606469000053;"Adega de Penalva Dão";"750";1185;2025;11;3;
"11355894";00050037599220;"Tia Maria";"1140";699;2025;11;3;
"1487";00087000007253;"Crown Royal";"750";2695;2025;11;3;
"11495168";00048415345927;"Polar Ice";"1140";3991;2025;11;3;
"14954438";00827924079208;"Domaine St-Jacques Pinots Rosé";"750";56;2025;11;3;
"15464588";05601356021524;"Terras Lusas Regional Alentejano";"750";332;2025;11;3;
"12979092";00628242480284;"Rouge Gorge Vermouth Rouge Domaine Lafrance";"750";71;2025;11;3;
"13142690";08801048096008;"Ilpoom Premium Soju";"375";52;2025;11;3;
"10863774";08033140750018;"Masciarelli Montepulciano d'Abruzzo";"750";1683;2025;11;3;
"12475425";08437008721040;"7 Fuentes Tenerife Valle de la Orotava";"750";34;2025;11;3;
"14000319";00795898009517;"Dehesa La Granja";"1500";21;2025;11;3;
"15044217";03760002914138;"Philippe le Hardi Mercurey Vieilles Vignes";"750";786;2025;11;3;
"722991";03760098130375;"Vins de Vienne Les Cranilles Côtes du Rhône";"750";608;2025;11;3;
"11464257";00621705111145;"Appleton Estate Signature";"1140";3007;2025;11;3;
"548875";08410702001267;"Los Molinos Tempranillo Valdepenas";"750";3320;2025;11;3;
"12251317";03548310110110;"Château Mayne Guyon Blaye Côtes de Bordeaux";"750";698;2025;11;3;
"12928076";03049614233258;"Veuve Clicquot Rich Rosé";"750";6;2025;11;3;
"15436464";00854745000227;"Ungava Fraise et Yuzu";"750";774;2025;11;3;
"12636882";00080480002176;"Noilly Prat Extra Sec";"750";776;2025;11;3;
"13744869";08437008402161;"Pago Casa Gran Casa Benasal Valencia";"750";216;2025;11;3;
"541250";07804304104715;"Errazuriz Fumé blanc Aconcagua";"750";8543;2025;11;3;
"13990613";05203888375184;"Kir-Yianni Cuvée Villages Naoussa";"750";282;2025;11;3;
"15249028";04000152490281;"Marchand-Tawse Les Teurons Beaune Premier Cru";"750";5;2025;11;3;
"113233";00814789003318;"Chemineaud";"1750";837;2025;11;3;
"13426182";05285000380160;"Massaya Arak Apéritif Anisé";"750";88;2025;11;3;
"15434055";00695554018757;"Milton Star Framboise Bleue 4 x 355 ml";"355";302;2025;11;3;
"15405182";00628190007229;"Noroi Sabrosa (4 x 355ml)";"355";818;2025;11;3;
"12990152";08437005068865;"Bodegas Juan Gil Pasico Jumilia";"750";7813;2025;11;3;
"33100";00088004400521;"de Kuyper Genièvre";"375";1273;2025;11;3;
"10826578";03040072467681;"Patriarche Pinot Noir";"750";1346;2025;11;3;
"11076764";05604086308026;"Lavradores de Feitoria Douro";"750";530;2025;11;3;
"122689";04003310011625;"Henkell Trocken";"750";1509;2025;11;3;
"15262441";04000152624419;"Raquillet Mercurey Premier Cru Les Veleys";"750";7;2025;11;3;
"10866887";05000299298459;"Aberlour 12 Ans Double Cask Speyside Scotch Whisky Single";"750";529;2025;11;3;
"15273781";06278435295382;"Mariana Morbleu Rhum Épicé";"750";1872;2025;11;3;
"734269";00815337000148;"Dom. Pinnacle Cidre de Glace";"375";178;2025;11;3;
"15102763";08014115002042;"Poli Marconi 42";"700";66;2025;11;3;
"15363621";00080432000212;"Olmeca Altos Margarita Classic Lime";"750";749;2025;11;3;
"10255939";03760149591032;"Château Pesquié Terrasses Ventoux";"750";468;2025;11;3;
"15380561";08002579980624;"Arnaldo Rivera Undicicomuni Barolo";"750";207;2025;11;3;
"14548739";08053610700008;"Cantina di Montalcino Brunello";"750";453;2025;11;3;
"854422";08412075050231;"Monasterio de Las Vinas Carinena Reserva";"750";5388;2025;11;3;
"14250203";00812485000709;"Mapu Reserva Maule Valley Baron Philippe de Rothschild";"750";453;2025;11;3;
"15455518";00627987734560;"Fou Gin Smash Framboise Yuzu 4 x 250ml";"250";1381;2025;11;3;
"13248638";00883043000585;"Black Fly Vodka Citrus (4x400ml)";"400";4232;2025;11;3;
"13072601";03700290102640;"Jeff Carrel Les Darons Languedoc";"750";726;2025;11;3;
"335174";00089046777336;"Errazuriz Max Cabernet- Sauvignon Edition Aniversario";"750";2282;2025;11;3;
"15404315";00873674000054;"Miele Hiver (4 x 355ml)";"355";287;2025;11;3;
"55533";03566921001177;"Louis Latour Bourgogne Chardo.";"750";1112;2025;11;3;
"13806089";03330548003896;"Vignerons de Buxy Bourgogne Buissonnier";"750";376;2025;11;3;
"15412471";03161420001972;"St-Rémy VSOP";"1140";3496;2025;11;3;
"14432744";00764793271305;"Aveleda Alvarinho";"750";475;2025;11;3;
"14731947";01513794500032;"O'Dwyer Dartmouth";"700";114;2025;11;3;
"15084315";08003015712366;"Carpineto Vermentino Valcolomba";"750";465;2025;11;3;
"12204086";00859670001288;"Coteau Rougemont Versant Rouge";"750";330;2025;11;3;
"15061826";03250250160550;"Domaine Maire Grand Mineral Cotes du Jura Pinot Noir";"750";140;2025;11;3;
"13074375";05603977006638;"Niepoort Diálogo Douro";"750";72;2025;11;3;
"15227646";08011783149215;"Villadoria Argo Langhe Bianco";"750";1439;2025;11;3;
"14311230";03700980200137;"Domaine Gauby La Jasse Côtes Catalanes";"750";2;2025;11;3;
"12102389";08032611640032;"Marchesi Alfieri La Tota Barbera d'Asti";"750";394;2025;11;3;
"11367473";03700361910037;"Château de Lastours Corbières";"750";43;2025;11;3;
"12962573";00628110292148;"Domaine Labranche Blanc";"750";19;2025;11;3;
"14678568";03391180021945;"M. Chapoutier Marius";"750";899;2025;11;3;
"13587947";03412253010168;"Lord de la Ragotière Sauvignon La Fille Couillaud Val de Loir";"750";23;2025;11;3;
"14959562";00082000800231;"Smirnoff Seltzer Limonades (12 X 355ml)";"355";4695;2025;11;3;
"14721861";00628110292209;"Domaine Labranche Rosé";"750";18;2025;11;3;
"14381318";05608309008014;"Altano Vin Biologique Douro";"750";333;2025;11;3;
"15120540";06281101540198;"Geonbae Makgeolli Sayangju Brasserie Vrooden";"500";30;2025;11;3;
"11035479";03760109382007;"Louis Moreau Petit Chablis";"750";657;2025;11;3;
"133140";08005390079959;"Sartori Merlot";"750";800;2025;11;3;
"14663833";00898549000380;"Vinum: Tire-bouchon sommelie à deux leviers 100e anniversaire";"1";10;2025;11;3;
"10517759";00839343000985;"La Massa Toscana";"750";49;2025;11;3;
"15362493";03770001475196;"Nicolas Grosbois Extra Bulles";"750";46;2025;11;3;
"15333748";00896131000923;"Queylus Chardonnay Tradition";"750";17;2025;11;3;
"6049";00630637091036;"Pernod";"750";137;2025;11;3;
"14113680";03760103820604;"Domaine Olivier Pithon Côtes Catalanes Mon P'tit Pithon.";"750";294;2025;11;3;
"11463828";03490960200003;"Pascal Jolivet Attitude Sauvignon Blanc";"750";1275;2025;11;3;
"11039331";08057094721009;"Tenuta di Sesta Brunello di Montalcino";"750";35;2025;11;3;
"15425466";08000174000976;"Fontanafredda Barolo";"375";120;2025;11;3;
"15460229";00628634509043;"Domaine Inselberg Lot 100 Dix Rosé";"750";16;2025;11;3;
"14979571";05687544567456;"Pierrick Bouley Pommard";"750";1;2025;11;3;
"11915038";08033011211327;"Tenuta Sette Ponti Crognolo Toscana";"750";304;2025;11;3;
"15148059";00055496402388;"Gin de Matante Tonic Rhubarbe (4 x 355 ml)";"355";74;2025;11;3;
"14947369";00852396711226;"Humble Melon Distillerie du Quai";"750";60;2025;11;3;
"15210596";05214001598250;"L'Esthete";"750";314;2025;11;3;
"13895536";05601109215965;"Quinta das Carvalhas Douro";"750";108;2025;11;3;
"15243275";00851006001320;"3 Lacs Épicé";"700";549;2025;11;3;
"855833";00063829999016;"Intermiel Bouquet Printanier";"750";12;2025;11;3;
"968990";08014629082417;"Pio Cesare Barbera d'Alba";"750";38;2025;11;3;
"14469441";00628120440331;"Maison Livernois Jules-Ernest";"750";18;2025;11;3;
"11580987";08022041060524;"Pinot nero Maculan Breganze";"750";686;2025;11;3;
"634881";00709067101100;"Campogiovanni San Felice Brunello di Montalcino";"750";46;2025;11;3;
"15329301";00628110292315;"Domaine Labranche Riesling";"750";46;2025;11;3;
"15477813";04711588245979;"Mizhiu Tou";"750";16;2025;11;3;
"15501414";03760011500896;"Pascal Doquet Arpège Brut Premier Cru Nature";"750";31;2025;11;3;
"13497061";08005829979362;"Bottega Rose Gold";"1500";13;2025;11;3;
"14154262";00627843837206;"Pomodoro Vodka";"750";54;2025;11;3;
"15210641";08436576360897;"Cayo Sol";"750";431;2025;11;3;
"14154051";08437005267619;"Tandem Inmune Navarra.";"750";208;2025;11;3;
"15045471";03584601710010;"Domaine Baud Rouge Ancestral";"750";31;2025;11;3;
"15123126";03760156436609;"Domaine Passy le Clou Chablis";"750";50;2025;11;3;
"14991618";00628110058270;"Dirty Devil Vodka";"750";176;2025;11;3;
"12526165";03185370773017;"Moët & Chandon Ice Impérial";"750";233;2025;11;3;
"13572729";08002062016014;"Masi Modello Prosecco";"750";393;2025;11;3;
"14788636";00615150986243;"Château de Cartes Vin de Soif";"750";18;2025;11;3;
"15311514";08032610971229;"Cortonesi Rosso di Montalcino La Mannella";"750";30;2025;11;3;
"15405203";00082000809920;"Crown Royal Réserve 12 ans";"750";73;2025;11;3;
"14808975";00627987317619;"Do Saint-Basile Frontenac Gris";"750";6;2025;11;3;
"15210561";00628634365229;"Ubald Gin Zesté";"700";33;2025;11;3;
"10823166";08411509212023;"Marqués de Murrieta Reserva Rioja";"750";47;2025;11;3;
"15371648";08007425241669;"Marchesi de Frescobaldi Ammiraglia Massovivo";"750";198;2025;11;3;
"15207469";09322214015962;"Pure Coastal Sauvignon Blanc";"750";112;2025;11;3;
"14687000";04000146870006;"Trapet Gewurztram. Riquewihr";"750";12;2025;11;3;
"12040392";08033576200040;"Ferghettina Franciacorta Rosé";"750";23;2025;11;3;
"15475105";06009607663186;"FairyDust";"750";29;2025;11;3;
"15278849";00628176471181;"Rosemont Aguardiente";"750";59;2025;11;3;
"13567031";08028920524613;"Caruso & Minini Nerello Mascalese";"750";4;2025;11;3;
"13217532";08410591305125;"Tempranillo/Graciano/Mazuelo Contino Gran Reserva";"750";137;2025;11;3;
"931006";00057496931004;"Le Carafon rouge";"20000";20;2025;11;3;
"12211892";08410537050133;"Coto de Imaz Reserva Rioja";"500";73;2025;11;3;
"12956114";08002645184062;"Campagnola Caterina Zardini Amarone della Valpolicella";"750";1;2025;11;3;
"10919707";00827924059095;"Léon Courville Réserve Vidal";"750";10;2025;11;3;
"14350280";00627843183174;"La Crème de Menthe de Eva";"750";206;2025;11;3;
"15222546";03380650002942;"Ferraton Saint-Joseph La Source";"750";28;2025;11;3;
"12466377";00837042001302;"Castello di Neive Barbaresco";"750";74;2025;11;3;
"11532571";08014115001236;"Poli Cleopatra Moscato Oro Grappa";"700";22;2025;11;3;
"14209614";03760140010976;"Domaine Manciat-Poncet Crémant de Bourgogne";"750";8;2025;11;3;
"14979424";08051766925023;"Col Di Lamo - Lamo";"750";75;2025;11;3;
"14806515";03760285160970;"Châtea Haut-Batailley Pauillac Grand Cru Classé";"750";1;2025;11;3;
"15184295";03760211002398;"Fleur de Pedesclaux Pauillac";"750";33;2025;11;3;
"352716";03114080821459;"Roederer Cristal Rosé Coffret";"750";1;2025;11;3;
"14072611";05605063317222;"Gaivos Primeros Anos Alves de Sousa";"750";7;2025;11;3;
"15340999";03351002592312;"Domaine Faiveley Beaune Premie r Cru Clos de l'Ecu Monopole";"750";11;2025;11;3;
"15355912";06286347709149;"Lindenlaub Pinot Auxerrois De l'Autre Côté";"750";33;2025;11;3;
"12406374";00056049133094;"Red Revolution Vin Rouge";"1000";9408;2025;11;3;
"13771761";00057496008829;"Smoky Bay Shiraz";"1000";4036;2025;11;3;
"15445660";00628942775314;"Entropie Pamplemousse";"700";10;2025;11;3;
"14948783";00627987677003;"Terre à Boire Gin Forestier";"750";60;2025;11;3;
"15294849";04901410019469;"Kizakura Junmai Daiginjo";"300";43;2025;11;3;
"11293662";00067311784036;"Arte Nova Espagne rouge (4 x 187,5 ml)";"750";1009;2025;11;3;
"14947351";00628110058836;"Leblanc Gin Cream";"750";27;2025;11;3;
"10809882";05601237219224;"Moscatel de Setùbal Bacalhoa";"750";44;2025;11;3;
"15264172";07804605830481;"Catalino País";"750";8;2025;11;3;
"15550451";00628942403729;"Titi Rosso Clos des Cigales";"750";9;2025;11;3;
"15356165";04000153561652;"Domaine Glantenay Volnay";"750";2;2025;11;3;
"14475402";08437005267138;"Tandem Macula Navarra";"750";98;2025;11;3;
"14971060";03760072975954;"Végan Par Pierbone Haut-Médoc";"750";20;2025;11;3;
"10486921";05604123008384;"Crasto Douro";"750";16;2025;11;3;
"13985339";00082000789475;"Crown Royal Pêche Crown Royal Pêche";"750";61;2025;11;3;
"15521571";00627987130867;"Nordiq Voyage Astral";"750";68;2025;11;3;
"13916211";05060568320076;"GlenAllachie 12 ans Single Ma.";"700";21;2025;11;3;
"14993171";07804640220001;"Clos des Fous Chardonnay Locura 1";"750";18;2025;11;3;
"14721933";00827924059163;"Léon Courville Muse";"750";17;2025;11;3;
"276816";05013521100895;"Fonseca Guimaraens Porto blanc";"750";6;2025;11;3;
"14951958";04040211000112;"Karl Haidle Ritzling Trocken Gutswein";"750";21;2025;11;3;
"13914928";03760108130012;"François Crochet Sancerre";"750";17;2025;11;3;
"12971";08008513005255;"Sperone Cremovo";"750";26;2025;11;3;
"14089544";03443483191297;"Château Vieux Robin Médoc Cru Bourgeois";"750";118;2025;11;3;
"14792539";03455370309234;"Pignier Côtes Jura Trousseau";"750";1;2025;11;3;
"15526005";03770001541778;"Patrick Piuze Chablis Les Bas de Chapelots";"750";14;2025;11;3;
"11869895";00080686836032;"Tres Generaciones Reposado";"750";9;2025;11;3;
"14003472";08011701090087;"Del Professore Crocodile";"700";31;2025;11;3;
"11451851";08032993240219;"Fattoria la Rivolta Falanghina";"750";66;2025;11;3;
"15124444";09421000630515;"Two Paddocks The Fusilier Central Otago";"750";1;2025;11;3;
"13699754";03584870000034;"Geoffroy Expression Premier Cru";"750";9;2025;11;3;
"15510249";03260980035486;"Boisset Gevrey-Chambertin En Champs";"750";4;2025;11;3;
"14486662";00628774160005;"Guy Lafleur 10";"750";76;2025;11;3;
"15129579";03760195190432;"D. Le Fay d'Homme Muscadet Sèvre et Maine Fief Seigneur";"750";7;2025;11;3;
"13597141";03760234930159;"Hauts Husseau Dom. Taille aux Loups";"750";16;2025;11;3;
"15481214";00688444500142;"St Peter's Suffolk Gold";"500";7;2025;11;3;
"15449978";08438001408297;"Doble 9 Ron Añejo 15 ans";"700";4;2025;11;3;
"15473134";08032947480050;"I Giusti & Zanza Nemorino Costa Toscana";"750";11;2025;11;3;
"13253218";03356420318827;"Moulin des Costes Domaine Bunan Bandol rosé";"750";8;2025;11;3;
"15187550";00628176313184;"Beemer Érable et Bleuet Boréal Boréal";"500";9;2025;11;3;
"15036401";04000150364010;"Château la Huste Fronsac";"750";2;2025;11;3;
"14801474";03701034104678;"Château Capbern Saint-Estèphe";"750";24;2025;11;3;
"13846152";08032505640032;"Caprili Rosso di Montalcino";"750";37;2025;11;3;
"15263989";00779334565522;"Cave Spring Chardonnay Estate Grown";"750";17;2025;11;3;
"15073907";04901410016222;"Kizakura Symphony of Galaxy";"375";14;2025;11;3;
"11568401";08016104241500;"Nino Franco Prosecco Valdobbiadene";"1500";6;2025;11;3;
"15471534";00839851000231;"Distillerie du Fjord Km12 Gin Tonic 4 x 355 ml";"355";193;2025;11;3;
"15476925";03687080556060;"Xavier Gérard Côte-Rôtie Le Mollard";"750";1;2025;11;3;
"14808983";00627987317633;"Domaine Saint-Basile Réserve";"750";43;2025;11;3;
"15447032";03522191201617;"Gérard Millet Sur Le Clou Sancerre";"750";2;2025;11;3;
"15354362";03372220230824;"Le Blanc d'Alain Brumont Brumont en Pacherenc du Vic";"750";7;2025;11;3;
"14412727";03760099780036;"Breton Clos Sénéchal Bourgueil";"750";5;2025;11;3;
"639583";00057496639580;"Marquis de Méricourt Georges Antoine du Pontneuf rouge";"1000";4200;2025;11;3;
"12577683";03760191287662;"Maison Roche Bellene Bourgogne Cuvée Réserve";"750";45;2025;11;3;
"15115193";08033011231035;"Orma Bianco di Orma Toscana";"750";1;2025;11;3;
"12625788";00827413001000;"Culmina Hypothesis";"750";19;2025;11;3;
"15393193";03770013755248;"Domaine Jamet Côte Rôtie Côte Brune";"750";1;2025;11;3;
"15586551";03700188073120;"Château Gloria Saint-Julien";"750";5;2025;11;3;
"15586631";03700188073229;"Château Cos Labory Saint- Estèphe";"750";19;2025;11;3;
"15276051";00628942374586;"Masachaï";"750";3;2025;11;3;
"13108096";00895958000758;"Domaine J. Chamonard Fleurie La Madone";"750";3;2025;11;3;
"15238821";04000152388212;"Domaine Antonin Guyon Savigny -les-Beaunes Les Goudelettes";"750";7;2025;11;3;
"15544211";04000155442119;"Henri Rebourseau Gevrey- Chambertin Aux Corvées";"750";10;2025;11;3;
"15087671";07804320032290;"Terrunyo Carmenère Valle del Cachapoal";"750";55;2025;11;3;
"15102958";00814051021231;"Roberto Voerzio Brunate Barolo";"750";1;2025;11;3;
"14954382";08057165330758;"Cirelli Cerasuolo D'Abruzzo";"750";3;2025;11;3;
"14872459";03760127252917;"Dom. de Pisse-Loup Chablis Cuvée Antoine";"750";2;2025;11;3;
"14962542";04000149625429;"Jean-Marc Burgaud Morgon James";"750";8;2025;11;3;
"12027024";03260923018163;"Pol Roger Blanc de Blancs Brut";"750";5;2025;11;3;
"15472967";03104051156314;"Hardy Noces d'Or Cognac Grande Champagne";"700";2;2025;11;3;
"15460211";00815126002766;"Vallier Robert Val ambré 8 ans";"500";4;2025;11;3;
"14349449";08002305009254;"Rocca delle Macie Tenuta Sant' Alfonso Chianti Classico";"750";82;2025;11;3;
"14555390";08033237690807;"Le Chiuse Brunello di Montalcino";"750";1;2025;11;3;
"11745788";00827924017095;"Marathonien Vidal Vin de Glace";"200";9;2025;11;3;
"12308432";03104051354505;"Hardy Organic Cognac V.S.O.P.";"700";16;2025;11;3;
"14505667";00827924119188;"Le Chat Botté Rouge Bourbon";"750";11;2025;11;3;
"12543838";00067311748038;"Double Vie vin rouge";"1000";7530;2025;11;3;
"15370362";00895958007245;"Domaine Derain Saint-Aubin Blanc Premier Cru En Remilly";"750";5;2025;11;3;
"12693035";00832841821403;"Tenuta Sant'Antonio Scaia Veneto";"750";26;2025;11;3;
"15084171";09414416599996;"Thornbury Sauvignon Blanc Marlborough";"750";31;2025;11;3;
"15054888";03760302171200;"Château Troplong Mondot Premier Grand Cru Classé";"750";3;2025;11;3;
"12886831";03583150000108;"Eric Chevalier Clos de la Butte";"750";2;2025;11;3;
"865139";03760091671264;"Château Lavillotte St-Estèphe";"750";22;2025;11;3;
"14559681";00628055392279;"Verger Petit et Fils Rabaska (4 x 355 ML)";"355";30;2025;11;3;
"15501182";00876855003875;"René Rostaing Puech-Noble";"750";13;2025;11;3;
"15490209";03391180023857;"Chapoutier Croix de Bois Châteauneuf-du-Pape";"750";2;2025;11;3;
"15241608";00087113000103;"Meursault Domaine du Pavillon Albert Bichot";"750";1;2025;11;3;
"15229991";05200100350950;"Zelos Malvazia";"750";23;2025;11;3;
"11669148";08016001000682;"Mompertone Prunotto Monferrato";"750";2;2025;11;3;
"15097634";08427154012154;"Vermut de Capçanes";"750";11;2025;11;3;
"14970737";03377450000933;"Charrette Rhum Agricole";"700";10;2025;11;3;
"15148171";07804315002871;"Undurraga T.H. Chardonnay Valle del Limari";"750";3;2025;11;3;
"11441338";00827924080013;"Zéphyr Domaine Mont-Vézeau vin de fraise";"500";2;2025;11;3;
"183400";00048162000018;"L'Auberge rouge";"4000";520;2025;11;3;
"15220575";00056049138686;"Morgan Hill Pinot Grigio Vin Blanc";"750";840;2025;11;3;
"15254919";03683080588186;"Formiche Integrale";"750";5;2025;11;3;
"15257482";03760090791642;"Tardieu Laurent Hermitage Rouge";"750";3;2025;11;3;
"13699842";06577715179078;"Champagne Agrapart Cuvée Complantée Extra Brut";"750";1;2025;11;3;
"15238898";04000152388984;"Domaine Dominique Guyon Perna nd-Vergelesses Premier Cru";"750";2;2025;11;3;
"15424279";03258690085754;"Grand Corbin-Despagne Saint- Émilion Grand Cru";"1500";4;2025;11;3;
"13818080";00056049135579;"Confessions Pinot Grigio";"750";-1;2025;11;3;
"15244358";08030967022915;"Fattoria Le Pupille Morellino di Scansano Riserva";"750";8;2025;11;3;
"11358260";03591161071130;"Domaine des Béates Coteaux d'Aix-en-Provence";"750";3;2025;11;3;
"15490065";03391180024212;"Chapoutier Les Granits St-Joseph";"750";25;2025;11;3;
"15506944";04000155069446;"Savigny-lès-Beaune 1er cru Les Lavières Chandon de Briailles";"750";1;2025;11;3;
"56440";00080432400524;"Chivas Royal Salute blended 21 Ans";"750";10;2025;11;3;
"15299455";00628011553447;"Comont Ranch Water Agave Seltzer (4 x 355 ml)";"355";18;2025;11;3;
"15374662";09335363008181;"Alpha Crucis Blewitt Springs Syrah";"750";14;2025;11;3;
"14941645";07798124150918;"Mikron Malbec Mendoza";"750";3;2025;11;3;
"15222108";08002312022888;"Poliziano Le Caggiole Nobile di Montepulciano";"750";5;2025;11;3;
"10272536";03434040017259;"Domaine Weinbach Les Caracoles Pinot Gris Alsace";"750";2;2025;11;3;
"15192973";09332658000950;"Jumping Juice Half Full";"750";1;2025;11;3;
"15501107";08412325003277;"Lustau Manzanilla Sanlúcar de Barrameda En Rama";"500";2;2025;11;3;
"13682231";05413963400025;"De Ranke Kriek";"750";1;2025;11;3;
"14473061";00627987414141;"SMAC Original (4 x 355 ML )";"355";33;2025;11;3;
"11036172";00080480281038;"Grey Goose L'Orange vodka aromatisée";"750";1;2025;11;3;
"15042035";00628055952077;"Artist in Residence Distillerie Crème Caramel";"750";1;2025;11;3;
"15141316";00837294000597;"Miel Nature Érable et Miel";"350";4;2025;11;3;
"15356659";04000153566596;"Château de Vaudieu Vieilles Roussannes Châteauneuf-du-Pape";"750";1;2025;11;3;
"15459842";03760169471581;"La Vieille Julienne lieu-dit Clavin";"750";2;2025;11;3;
"14354281";00760412901752;"Raul Perez Ultreia Godello Bierzo";"750";1;2025;11;3;
"15399149";03760128528868;"Jeeper Grand Assemblage Premier Cru";"750";1;2025;11;3;
"15518259";00628942814488;"Paradoxe 1882 X";"375";6;2025;11;3;
"14980783";00895958004565;"Vini Viti Vinci Irancy";"750";1;2025;11;3;
"13211827";00834482000117;"Pascal Bouchard Petit Chablis Blancs Cailloux";"750";3;2025;11;3;
"15461053";03609050316535;"Château Montrose Saint-Estèphe";"750";12;2025;11;3;
"14825492";00055480800015;"Lock 4 Dry Gin";"750";2;2025;11;3;
"15526929";00400155269299;"Puligny-Montrachet 1er cru Clos de la Mouchère H. Boillot";"750";18;2025;11;3;
"15231371";00816253010310;"Mionetto Prosecco Treviso Brut";"200";4;2025;11;3;
"11849106";08033219560029;"Grappa di Bassano Capovilla";"700";-1;2025;11;3;
"15320285";00604947839992;"Corentin Houillon Zénith";"750";1;2025;11;3;
"15445740";08032774600003;"Cascina Chicco Roero Arneis Anterisio";"750";3;2025;11;3;
"14472818";08437020611015;"Cinco Leguas La Maldicion Tinto Fino Vinos de Madrid";"750";3;2025;11;3;
"15379201";04000153792018;"Louis Claude Desvignes Morgon Côte du Py Javernières";"750";2;2025;11;3;
"15364157";05029704221288;"Bunnahabhain Feis Ile 14 ans Ruby Port Cask Finish";"700";2;2025;11;3;
"153171";00774336531711;"Notre Vin Maison blanc";"4000";572;2025;11;3;
"14148778";03760058070062;"J. Lassaigne Clos Sainte- Sophie Brut Nature";"750";4;2025;11;3;
"14555429";00185729000491;"Bachelder Les Villages Chardo. Niagara";"750";77;2025;11;3;
"14292593";03687080555032;"Athénaïs de Béru Bourgogne Pinot noir";"750";-1;2025;11;3;
"14991538";06009800591620;"AA Badenhorst Ramnasgras Cinsault";"750";1;2025;11;3;
"14718161";03760084870315;"Domaine Serol Turbullent";"750";1;2025;11;3;
"14953128";00628678661080;"Imagen Garnacha";"750";4;2025;11;3;
"340414";06001496311100;"Fleur du Cap Merlot Western Cape";"750";8;2025;11;3;
"15307371";07794450008305;"Nicolas Catena Zapata Mendoza";"750";1;2025;11;3;
"14562071";04000145620718;"Saint-Aubin Cuvée Luce Marc Colin et Fils";"750";-1;2025;11;3;
"15274733";08025022012727;"Produttori Del Barbaresco Montefico Riserva";"750";3;2025;11;3;
"15492263";00836977000268;"LB961 Vin Rouge";"750";384;2025;11;3;
"13222876";07794450092731;"Catena Zapata Mundus Bacillus Terrae Malbec";"750";1;2025;11;3;
"14923877";03292060133492;"Laroche Chablis Premier Cru L'Homme Mort";"750";2;2025;11;3;
"15360965";03455370400160;"Domaine Pignier Côtes du Jura";"620";1;2025;11;3;
"15255735";08055186311077;"Nittardi Casanuova di Nittardi Vigna Doghessa Chianti Classic";"750";-1;2025;11;3;
"15090619";08425132690011;"Bodegas Muriel Viñas Viejas Gran Reserva Rioja";"750";1;2025;11;3;
"15505933";05213015920026;"Lionheart Agiorgitiko Néméa";"750";12;2025;11;3;
"15458381";03336580082240;"Château Gassiot Côtes de Bourg";"750";-1;2025;11;3;
"15006131";00869013000038;"Hickinbotham Clarendon Vineyard Brooks Road Shiraz";"750";1;2025;11;3;
"13532161";00628055463115;"Peter McAuslan's Holy Smoke!";"500";1;2025;11;3;
"15255276";08032636135971;"Paolo Scavino Bric del Fiasc Barolo";"750";1;2025;11;3;
"392225";00086003061910;"Vint Robert Mondavi Cabernet Sauvignon Sélection Privée";"750";168;2025;11;3;
"14928900";03382173200836;"Domaine Grand Côtes du Jura Vin Jaune";"620";2;2025;11;3;
"15326871";00638478001009;"Don Ramon Mezcal Salmiana Joven";"750";2;2025;11;3;
"15474111";09120027128172;"Weingut Ecker-Eckhof Grüner von Eckhof";"750";1;2025;11;3;
"15436536";05056225900880;"Kingfisher Premium";"330";1;2025;11;3;
"14825521";00671858005037;"18.8";"750";1;2025;11;3;
"10895565";07790762050117;"La Mascota Cabernet-Sauvignon Mendoza";"750";5462;2025;11;3;
"12989160";06002039008143;"Robertson Winery Chenin Blanc";"3000";1468;2025;11;3;
"11276336";08410793333179;"Estrella Damm Inedit";"750";755;2025;11;3;
"13841423";03760035961963;"Château Cailleteau Bergeron L'Essentiel";"750";61;2025;11;3;
"15330871";09300620007375;"Wynns Coonawarra Shiraz";"750";1931;2025;11;3;
"15693";03163937836009;"Ricard pastis de Marseille alcool anisé";"750";1937;2025;11;3;
"15276085";06281101540334;"Sakusei Junmai";"750";7;2025;11;3;
"642561";08006030002412;"Cecchi Chianti";"750";3815;2025;11;3;
"14699596";00890590000500;"Stadaconé Gingria (4 x 250 ML)";"250";1853;2025;11;3;
"12477501";08019873524904;"Fantini Sangiovese Puglia";"750";4481;2025;11;3;
"15266485";00852652001559;"Tramontane";"750";342;2025;11;3;
"10357329";08410113001139;"Torres Vina Esmeralda Catalunya";"750";2194;2025;11;3;
"15525993";06009712610655;"Kaya Sauvignon Blanc";"750";338;2025;11;3;
"477836";00089540448985;"Malibu Rhum et Noix de Coco";"750";2037;2025;11;3;
"10483026";07410435512956;"Faustino I Rioja Gran Reserva";"750";971;2025;11;3;
"250548";05601129034249;"Meia Encosta Dao Rouge";"750";6116;2025;11;3;
"15373328";03536650792004;"E. Guigal Condrieu";"375";5;2025;11;3;
"126466";00080686823773;"Canadian Club Classic 12 Ans";"750";1165;2025;11;3;
"12531394";00608057000006;"Errazuriz Chardonnay Aconcagua";"750";993;2025;11;3;
"13299291";00695521154815;"Planteray Original Dark";"750";998;2025;11;3;
"14514310";09120013671750;"Huber Vision Grüner Veltliner";"750";2040;2025;11;3;
"12748278";03494980008144;"Domaine des Huards Envol Cheverny";"750";426;2025;11;3;
"15386727";03700188067204;"Château Tronquoy Lalande Saint Estèphe";"750";18;2025;11;3;
"11890926";03760041979921;"Nicolas Potel Bourgogne Chard. Vieilles Vignes";"750";347;2025;11;3;
"13581318";00895958000727;"Karim Vionnet Beaujolais Villages";"750";340;2025;11;3;
"12821771";06009708030139;"Amarula";"1140";1827;2025;11;3;
"230987";00080432500149;"Jameson";"375";1694;2025;11;3;
"10400788";04006770010276;"Fürstenberg Pils";"500";2788;2025;11;3;
"597559";03251092204297;"Marquis de Chasse Sauv./ Sémi. Bordeaux";"250";1026;2025;11;3;
"13953126";00827924039912;"Domaine de Lavoie Rosé";"750";80;2025;11;3;
"908269";00745163232102;"Farina Ripasso Valpolicella Classico Superior";"750";1078;2025;11;3;
"14485969";08014115001885;"Poli Elisir Sambuca";"700";18;2025;11;3;
"15180083";08032611190216;"Tenuta Casabianca Chianti Colli Senesi";"750";84;2025;11;3;
"12796739";00088076188501;"Don Julio Blanco";"750";200;2025;11;3;
"13883033";07804407004783;"De Gras Cab-Sauvignon/Syrah";"3000";816;2025;11;3;
"13996353";04902051076699;"Hakushika Shika Shochu Avec Yuzu";"500";29;2025;11;3;
"12139456";00057496522400;"Sortilège Crème d'Érable";"750";1063;2025;11;3;
"14195460";07804320150628;"Adobe Chardonnay";"750";1899;2025;11;3;
"15378452";00072890005885;"Heineken 0.0% (6 x 330 ml)";"330";1871;2025;11;3;
"15260569";08423110755479;"Parajes del Valle Monastrell Ecologico Jumilla";"1500";53;2025;11;3;
"865535";08410406111040;"Marqués de Caceres Gran Reserva Rioja";"750";112;2025;11;3;
"14883553";00628504255186;"La Poche Bleue Thé Glacé";"473";1151;2025;11;3;
"13064572";00080686007142;"Suntory Toki";"750";878;2025;11;3;
"14959440";03700188054211;"G d'Estournel Médoc";"750";77;2025;11;3;
"15151186";08437006624107;"Sierra de Tolono Rioja";"750";64;2025;11;3;
"15086804";00628774171025;"Amour Liquide Espresso Martini";"100";1541;2025;11;3;
"856575";03372220000007;"Château Bouscassé Madiran";"750";1142;2025;11;3;
"15298081";00628055980773;"Cottage Springs Vodka Soda Caisse Mixte 8 X 355 ml";"355";1197;2025;11;3;
"10210677";05281022512442;"Château Ksara Blanc de Blancs Vallée de Bekaa";"750";632;2025;11;3;
"13276090";04000132760908;"Chorey-les-Beaune Tollot-Beaut";"750";29;2025;11;3;
"13736615";00627843183235;"Subversifs La Vodka de Irma";"750";74;2025;11;3;
"14365844";08437000842026;"Laxas Albarino Rias Baixas";"750";172;2025;11;3;
"15002316";03584870000133;"Champagne Geoffroy Cumières Pureté Brut Nature";"750";9;2025;11;3;
"15532165";03700188070945;"Château Cos Labory Saint-Estèphe";"750";71;2025;11;3;
"11767856";00677758000516;"Carmen Premier Fumé Blanc Rese Valle del Colchagua";"750";763;2025;11;3;
"13027886";03591161081337;"Domaine des Béates Les Béatines Provence";"750";433;2025;11;3;
"13631119";09120012740488;"Domaine Meinklang Burgenland White";"750";277;2025;11;3;
"14262984";00056049136941;"Piola Shiraz Mendoza";"750";837;2025;11;3;
"15291357";04904070067368;"Sakari No.11 Junmai Daiginjo";"720";55;2025;11;3;
"15294523";08032764291006;"Montalbera Ruchè La Tradizione";"750";237;2025;11;3;
"11405652";00080432402689;"Chivas Regal 12 Ans Blended Scotch Whisky";"1140";462;2025;11;3;
"13854814";05000299296387;"Malfy Gin Rosa Malfy Gin Rosa";"750";859;2025;11;3;
"13989161";03474900032411;"Château Melin Cadillac Côtes de Bordeaux";"750";243;2025;11;3;
"13997401";03760087574661;"Josmeyer Sylvaner Peau rouge";"750";6;2025;11;3;
"13436751";08011783103811;"Villadoria Barbaresco";"750";404;2025;11;3;
"15567974";00839851000224;"Rhum aux épices boréales Km12";"750";243;2025;11;3;
"14113567";08005829981648;"Bottega Gold Prosecco";"200";899;2025;11;3;
"14544279";03488330009233;"Cattin Libre Riesling";"750";259;2025;11;3;
"15162117";00057496013779;"Seventh Heaven Framboise Hibiscus (4 x 355 ml)";"355";1989;2025;11;3;
"12553235";00652341401031;"Casamigos";"750";365;2025;11;3;
"15298479";00883043000196;"Black Fly Tequila Margarita (4 x 400 ml)";"400";2596;2025;11;3;
"884379";03174470080156;"Louis Bouillot Perle Rare Crémant de Bourgogne";"750";479;2025;11;3;
"14210869";03760040423883;"Domaine Paul Mas Vignes de Nicole Pays d'Oc";"1500";42;2025;11;3;
"15442426";05601012837872;"Sogrape Vinhos Evaristo Lisboa";"750";353;2025;11;3;
"15478568";00628693138178;"Domaine ValBrome Rouge";"750";23;2025;11;3;
"15040929";03538490299101;"Domaine de la Croix Senaillet Saint-Véran";"750";34;2025;11;3;
"11675994";03351650016147;"Fun Chardonnay Reserve Georges Duboeuf Pays d'Oc";"750";1842;2025;11;3;
"15298188";00062067421716;"Palm Bay Punch Tropical Mangue Goyave (4 x 355 ml)";"355";429;2025;11;3;
"14477977";08032610363024;"Brigaldara Valpolicella Superiore Ripasso";"750";622;2025;11;3;
"14724835";00057496011805;"Seventh Heaven Tonic Pamplemou (4 X 355 ML) Non-alcoolisé";"355";1712;2025;11;3;
"15073739";04970860225102;"Akashi-tai Junmai Tokubetsu";"300";41;2025;11;3;
"11259915";08026080001456;"Bourgogne Pinot noir Côtes d'Auxerre Goisot";"750";2;2025;11;3;
"12185698";05604846102796;"Quinta de la Rosa Passagem Reserva Douro";"750";9;2025;11;3;
"15365184";00827924190071;"Vallée d'Oka Chardo & Co";"750";92;2025;11;3;
"15518232";03770010269243;"Camille de Labrie Bordeaux";"750";118;2025;11;3;
"13612532";00859670001233;"Coteau Rougemont La Côte Chardonnay";"750";132;2025;11;3;
"14014825";09200157891235;"Mega Spileo Assyrtiko Achaia";"750";494;2025;11;3;
"94953";03062670036410;"Sieur d'Arques Première bulle Blanquette de Limoux";"750";989;2025;11;3;
"14730805";08025862220337;"Casanova di Neri Rosso di Montalcino";"750";143;2025;11;3;
"11906051";03760188290439;"Arnaud Lambert Midi Brézé Saumur";"750";13;2025;11;3;
"11613671";00645669117555;"Casa Solar Tierra de Castilla Cosecheros y Criadores";"1000";1880;2025;11;3;
"11097485";05203875010005;"Tselepos Moschofilero Mantinia";"750";541;2025;11;3;
"15123741";07290014501218;"Galil Mountain Haverim";"750";14;2025;11;3;
"15237351";00628069440140;"Distillerie du Square Bella Ciao! Aperitivo";"750";42;2025;11;3;
"15399261";03380650004069;"Samorens Ferraton Père & Fils Côtes du Rhône";"750";29;2025;11;3;
"15525299";00628110985514;"Menaud Vodka";"750";48;2025;11;3;
"503086";00088076188235;"Dalwhinnie Distillers Edition Highland Single Malt";"750";3;2025;11;3;
"12243114";05601194105936;"Barros Colheita";"750";41;2025;11;3;
"13258246";00628242480291;"Rouge Gorge Vermouth Blanc Domaine Lafrance";"750";65;2025;11;3;
"15059515";00883735002514;"Coffret-cadeau en bois deux bouteilles";"1";40;2025;11;3;
"15543471";00850014275099;"Clase Azul Tequila Reposado";"750";256;2025;11;3;
"854562";08015674910663;"Banfi Fumaio Toscana";"750";179;2025;11;3;
"13475005";03760061752092;"Château des Places Graves";"750";137;2025;11;3;
"12962549";00827924037178;"Domaine du Ridge Le Stanbridge";"750";106;2025;11;3;
"14969082";05600208583005;"Licor 35 Crme Pastel de Nata";"700";5;2025;11;3;
"709931";03760086250030;"Causse Marines Les Peyrouzelles Gaillac";"750";183;2025;11;3;
"15285125";00839905000590;"Domaine Julien Meyer RN422 Riesling";"750";12;2025;11;3;
"14462450";03192040529973;"Château Bénitey Saint-Émilion Grand Cru";"750";33;2025;11;3;
"14400540";03760169960368;"Brimoncourt Brute Moustache";"750";26;2025;11;3;
"15302175";04000153021750;"Aurore de Dauzac Margaux";"750";35;2025;11;3;
"15022421";07804664430042;"Dos Almas Pinot Noir Gran Reserva";"750";145;2025;11;3;
"12171940";00624177063769;"Amaretto Monalisa liqueur d'amande";"1140";472;2025;11;3;
"15407292";08003807003467;"Cascina Valle Asinari Ciuchino Monferrato";"750";5;2025;11;3;
"12186471";07804611490990;"Syrah Polkura vallée de Colchagua";"750";71;2025;11;3;
"14363523";00670459011171;"Guy Lafleur Signature Chardo. Péninsule du Niagara";"750";12;2025;11;3;
"13567911";05604805004253;"Quinta Nova Reserva Terroir";"750";106;2025;11;3;
"14980839";00852396779912;"Humble boisson aux framboises Distillerie du Quai";"750";67;2025;11;3;
"13911920";05283026701228;"Dom. Tourelles Pierre L Brun";"750";26;2025;11;3;
"14370272";08423954260573;"Vina Bosconia Reserva R. Lopez de Heredia";"750";29;2025;11;3;
"15331443";03770011580002;"Château TURCAUD, Château Turca ud";"750";25;2025;11;3;
"15060487";00628110848147;"St-Laurent Gin Borea";"700";85;2025;11;3;
"15518267";03428431201105;"Château Sociando-Mallet Haut- Médoc";"750";6;2025;11;3;
"15073421";00827924071080;"l'Ange Gardien Réserve Swenson";"750";17;2025;11;3;
"15073430";00081753829414;"Volcan De Mi Tierra Blanco";"750";20;2025;11;3;
"15179066";09326755001118;"Gemtree Dragon's Blood Shiraz";"750";117;2025;11;3;
"10552415";03517610083035;"Santenay Champs Claude vieilles vignes Lucien Muzard";"750";25;2025;11;3;
"15443605";08802521894746;"Kooksoondang Makgeolli Pêche";"750";16;2025;11;3;
"334771";05601292171529;"Messias colheita";"750";22;2025;11;3;
"274753";03185370010624;"Moët & Chandon Brut Impérial";"3000";2;2025;11;3;
"15511006";08410106010087;"Bordon Viña Sole Gran Reserva Rioja Alta";"750";10;2025;11;3;
"13744404";08000852006535;"Donnafugata Sul Vulcano Etna";"750";37;2025;11;3;
"15317959";03701225002042;"Clarendelle inspiré par Haut- Brion";"375";74;2025;11;3;
"15119207";00628634365366;"Ubald London Dry Gin";"700";101;2025;11;3;
"14942841";03760059491514;"A.Colonge Beaujolais Villages";"750";76;2025;11;3;
"503060";00088076188266;"Lagavulin Distillers Edition Islay Single Malt";"750";11;2025;11;3;
"13217305";05021692650132;"Hayman's Sloe Gin";"700";34;2025;11;3;
"11266761";10067311781066;"Au Quotidien blanc";"1000";8106;2025;11;3;
"15364034";03760087575545;"Josmeyer H Pinot Auxerrois Vieilles Vignes";"750";12;2025;11;3;
"15350898";08595198861820;"R. Jelinek Poire Williams";"700";109;2025;11;3;
"15501431";03760011500841;"Champagne Pascal Doquet Champs Libres Blanc de Blancs Extra";"750";23;2025;11;3;
"15350855";00990000101626;"BK Wines Carte Blanche Rouge";"750";13;2025;11;3;
"12517921";03760099780104;"Épaulé Jeté Domaine Catherine et Pierre Breton Chinon Beaumo";"750";36;2025;11;3;
"14223011";00057496009314;"Valle della Rosa Pinot Grigio vin blanc";"750";6120;2025;11;3;
"15325326";08025862231333;"Casanova di Neri, Rosso di Mon talcino Giovanni Neri";"750";4;2025;11;3;
"14213947";04000108396605;"Delamotte Champagne Brut";"750";1;2025;11;3;
"15131530";03433330082359;"B de Fonbadet Bordeaux";"750";25;2025;11;3;
"15427074";04000154270744;"Domaine Gauby La Jasse Côtes Catalanes";"750";7;2025;11;3;
"15086812";00638478000958;"Don Ramon Reposado";"750";5;2025;11;3;
"14781848";04000147818489;"Domaine de la Taille aux Loups Triple Zéro";"750";3;2025;11;3;
"14955431";03371808000361;"Bailly Lapierre Bourgogne Côtes d'Auxerre";"750";46;2025;11;3;
"11387546";03760154390019;"Mâcon Péronne Chardonnay Domaine du Bicheron";"750";54;2025;11;3;
"15045615";03185130001305;"Red Tie by Pfaff Pinot Noir";"750";2;2025;11;3;
"15477768";03760246400794;"La Plaine Pastis de la Plaine";"700";4;2025;11;3;
"15329714";04000153297148;"Domaine Anne & Hervé Sigaut Chambolle-Musigny";"750";7;2025;11;3;
"15495579";00726529376982;"Domaine Capmartin Zou Bisou";"750";34;2025;11;3;
"15433423";03377450000896;"Charrette Traditionnel";"700";21;2025;11;3;
"15238281";03760201810002;"Château Jean Gué Lalande- de-Pomerol";"750";58;2025;11;3;
"87585";05601196020046;"Casa Dos Vinhos Madère Sec Léger";"750";17;2025;11;3;
"15570727";00076183009413;"Snapple Spiked Thé à la Framboise et Cerise";"458";11;2025;11;3;
"14191573";03760001880366;"Domaine Cady Anjou";"750";117;2025;11;3;
"14494890";08413423111079;"Ramon Bilbao Rioja Gran Reserva";"750";-1;2025;11;3;
"14323118";03550543002957;"Domaine Neumeyer Tulipe Pinot Blanc";"750";57;2025;11;3;
"15384553";00628425160132;"Cherry River Coffret Gin Aromatisés";"1125";15;2025;11;3;
"14900051";00628110058713;"HP Juniper Signature";"750";10;2025;11;3;
"15487253";03445152009636;"Les Astrelles Les Maladières Bourgogne";"750";6;2025;11;3;
"15489777";03453521287875;"Le Relais de Durfort Vivens Margaux";"750";17;2025;11;3;
"14204522";08437001003921;"Celler Credo Aloers Penedès";"750";38;2025;11;3;
"13989920";05204352000021;"Domaine Tetramythos Muscat sec";"750";7;2025;11;3;
"15330061";05000267116419;"Johnnie Walker Double Black scotch blended";"750";14;2025;11;3;
"15108170";03770019814147;"Les Équilibristes Zestos";"750";44;2025;11;3;
"15027513";08059018940343;"Arillo in Terrabianca Campaccio Toscana";"750";4;2025;11;3;
"14919608";08004645301203;"Tommasi Casisano Brunello Di Montalcino";"750";31;2025;11;3;
"15266928";08032628443596;"Mauro Veglio Barolo";"750";9;2025;11;3;
"14727067";08588008644201;"Slobodne Oranzista";"750";2;2025;11;3;
"15369783";00628176673738;"Chabot Lager";"473";23;2025;11;3;
"15167233";03567540319209;"Domaine de la Pointe Pomerol";"750";25;2025;11;3;
"204560";05010314066703;"Highland Park 12 ans Orkney Single Malt";"750";12;2025;11;3;
"13489503";00627843819080;"Distillerie Shefford Acerum Esprit d'Érable Vielli 3 ans";"500";9;2025;11;3;
"14645301";03286171915009;"Château Arnauld Haut-Médoc cru bourgeois";"750";5;2025;11;3;
"13043780";08002366209273;"Castelgiocondo Brunello di Montalcino Frescobaldi";"1500";2;2025;11;3;
"15383059";08026720111125;"G.D. Vajra Barolo Bricco delle Viole Nebbiolo";"750";2;2025;11;3;
"15349352";05412783054203;"Boon Duivels Bier 1883";"330";19;2025;11;3;
"13766304";03282946014663;"Coffret Nicolas Feuillatte Réserve Exclusive Deux Verres";"750";27;2025;11;3;
"15252091";08003503019007;"Montresor Amarone Della Valpolicella Riserva";"750";-2;2025;11;3;
"13894883";08005369005354;"Zeni Marogne Valpolicella Ripasso DOC Superiore";"750";57;2025;11;3;
"13040693";03023480140759;"Chartreuse Jaune Liqueur d'herbe";"750";53;2025;11;3;
"12583047";00878102002013;"Chardonnay Hidden Bench Beamsville Bench";"750";24;2025;11;3;
"15186522";05060383654486;"Ardnamurchan Cask Strength Single Malt";"700";2;2025;11;3;
"15515314";00818201022444;"Masseto Toscana";"750";8;2025;11;3;
"10782309";08020359001444;"Sergio Mottura Poggio della Costa";"750";14;2025;11;3;
"14825062";03700188054013;"Château Potensac Médoc";"750";28;2025;11;3;
"13963762";03660989055025;"Tavel Roc Épine Domaine Lafond";"750";1;2025;11;3;
"15563851";00080686009986;"Alberta Pure";"1140";144;2025;11;3;
"14210682";05602660005408;"Cabral Reserva Douro";"1500";10;2025;11;3;
"14971001";08414837040122;"Los Losares Monastrell Almansa";"750";11;2025;11;3;
"15449361";03535928083691;"Château des Jacques Moulin-à- Vent Clos de Rochegrès";"750";1;2025;11;3;
"14307361";00604984150005;"Humberto Canale Black River Patagonia";"750";47;2025;11;3;
"15425221";00857852002146;"Bel Colle Roero Arneis";"750";1;2025;11;3;
"15505546";04000155055463;"Mont Damnés François Cotat Sancerre";"750";6;2025;11;3;
"14044160";08437008721088;"Suertes Del Marques Candio Valle De La Orotava";"750";2;2025;11;3;
"15243232";00767461548785;"Autour de la Pomme Petite Parcelle";"750";3;2025;11;3;
"15486867";00012086003349;"Gevrey-Chambertin Joseph Drouhin";"750";4;2025;11;3;
"15211046";00628504255414;"Noroi Canneberge";"700";1;2025;11;3;
"15507664";00827924171124;"Effervescent Coquillages";"750";3;2025;11;3;
"15156198";00626990454809;"Poplar Grove The Legacy Vallée de l'Okanagan";"750";0;2025;11;3;
"15195331";03812591420238;"Cidre Sauvageon Margoulette";"750";5;2025;11;3;
"14839641";05060221850629;"Isle Raasay Highland Sing Malt";"700";7;2025;11;3;
"15235152";08033765253727;"No Compromise Nerello Mascales Sicilia";"750";3;2025;11;3;
"15326679";05200146050043;"Altitude";"750";3;2025;11;3;
"14834321";03770001475073;"Nicolas Grosbois Les Jardins de mon Père";"750";12;2025;11;3;
"15014051";00852396112221;"Humble Menthe et Romarin Distillerie du Quai";"750";3;2025;11;3;
"15389098";05000299213902;"Glenlivet 12 Ans American Oak Speyside Single Malt";"700";5;2025;11;3;
"11825067";05604846102741;"La Rosa Reserva Douro";"750";7;2025;11;3;
"14970024";05712718005547;"Ron Cristobal Nina";"700";2;2025;11;3;
"15477611";00895958008006;"Gérard Schueller Pinot Noir Cuvée Particulière";"750";-1;2025;11;3;
"15392781";04986818206024;"Essence 5 by Chartier Blend Charme";"500";1;2025;11;3;
"14719711";00057496010730;"Bon Temps Pour... Sauvig Blanc Vin Blanc";"750";1224;2025;11;3;
"15215864";03683080400136;"Fattoria di Sammontana Chianti";"1500";10;2025;11;3;
"15145771";03770002602119;"Domaine du Pré Semelé Sancerre La Montée de Saint Romble";"750";1;2025;11;3;
"13565511";08410439010907;"Parés Baltà Indigena Garnatxa Blanca Penedès";"750";2;2025;11;3;
"15254388";00827924038137;"Artisans du Terroir Bouquet";"750";3;2025;11;3;
"15361298";00876855003417;"Puech Noble Domaine René Rostaing Coteaux du Languedoc";"750";1;2025;11;3;
"15203783";08031822000215;"Brancaia Chianti Classico Gran Selezione";"750";4;2025;11;3;
"15210158";04000152101583;"La Combe des Fous Clos Saint Jean Châteauneuf-du-Pape";"750";2;2025;11;3;
"15185511";03185370303382;"Ruinart Blanc de Blancs";"375";2;2025;11;3;
"13386133";08437011078957;"Otazu Premium Cuvée Navarra";"1500";5;2025;11;3;
"15127477";00786552078154;"Andi Weigand Amphora Pinot Noir";"750";2;2025;11;3;
"11766626";08002062000112;"Serego Alighieri Vaio Armaron Amarone della Valpolicella";"750";4;2025;11;3;
"14949111";04260171333222;"Rings Sauvignon Blanc Gutswein";"750";1;2025;11;3;
"14703778";00628176313108;"Beemer Gin";"750";4;2025;11;3;
"196899";00059578207106;"Le Forêt Noire blanc";"4000";520;2025;11;3;
"15408800";05010494991697;"Ardbeg 19 Ans V5 Traigh Bhan Islay Single Malt";"700";1;2025;11;3;
"15181457";08026131000025;"Balbiano Surpreisa Freisa di Chieri";"750";1;2025;11;3;
"15250707";09421003771307;"Rapaura Springs Sauvignon Blanc Reserve";"750";2;2025;11;3;
"14597291";04000145972916;"Raul Perez Ultreia Valtuille";"750";1;2025;11;3;
"15473011";03760103990697;"R. Pouizin Les Roches Alpines Gigondas";"750";1;2025;11;3;
"15269942";00854954000261;"Land of Hope Reserve Pinot Noir";"750";1;2025;11;3;
"15057501";03701034105408;"Le Marquis de Calon Ségur Saint-Estèphe";"750";1;2025;11;3;
"15154993";03760210040223;"Domaine de Montbourgeau L'Étoile Montangis";"750";-1;2025;11;3;
"15073851";03304117350001;"Château de Beaulon XO Premier";"700";1;2025;11;3;
"15221973";00808755017461;"Le Vieux Pin Syrah Cuvée Classique";"750";1;2025;11;3;
"15459762";04000154597629;"Domaine Gilbert Picq et Fils Chablis Vauclaire";"750";13;2025;11;3;
"15004266";03683080595245;"Elian Da Ros Vin est une fête Côtes du Marmandais";"750";101;2025;11;3;
"15097415";00659651102931;"Laubade Bas Armagnac 1973";"700";1;2025;11;3;
"15167188";00628942227066;"Saint-Pierre Le Vignoble Envol";"750";3;2025;11;3;
"14797891";03507381002823;"Les Demoiselles de Larrivet Haut-Brion Pessac-Léognan";"750";3;2025;11;3;
"15302925";03365910002412;"Henri Bourgeois Sancerre d'Antan";"750";1;2025;11;3;
"15131134";04904230071235;"Nikka Miyagikyo Aromatic Yeast Single Malt Limited Edit. 2022";"700";2;2025;11;3;
"14348163";00881116002009;"La Chaufferie Sugar Shack";"750";1;2025;11;3;
"15238599";05060210706678;"Kilchoman Cognac Cask Matured Islay Single Malt";"700";1;2025;11;3;
"15490313";04000154903130;"Domaine Joblot Givry Préface";"750";2;2025;11;3;
"15086151";07804320462738;"Gravas del Maipo Syrah";"750";1;2025;11;3;
"14198847";03760161040068;"Riesling Hengst Barmès-Buecher Alsace Grand Cru";"750";4;2025;11;3;
"15438507";03491330023444;"Prosper Maufoux Givry";"750";1;2025;11;3;
"14525140";00510314301781;"The Macallan Rare Cask Highland Single Malt";"750";3;2025;11;3;
"13416339";05060116326000;"Glen Moray Elgin Classic Port Cask Finish Single Malt";"750";1;2025;11;3;
"10841170";05605567203212;"Cistus Douro Reserva Quinta do Vale da Perdiz";"750";-1;2025;11;3;
"14970083";05021692500949;"Smith & Cross Navy Strength Rum";"750";2;2025;11;3;
"12883357";00181856000434;"Talamonti Tre Saggi Montepulciano d'Abruzzo";"750";4;2025;11;3;
"14973971";04000149739713;"Meursault Les Tillets Patrick Javillier";"750";7;2025;11;3;
"14317252";04000143172523;"La Vizcaina La del Vivo Raul Perez Bierzo";"750";1;2025;11;3;
"14788581";00827924014117;"Vignoble Gagliano Barricato";"750";1;2025;11;3;
"10675001";03760037012069;"Cosse Maisonneuve Le Combal Cahors";"750";278;2025;11;3;
"14294687";03506707014113;"Rhonéa Vacqueyras Fontimple";"750";158;2025;11;3;
"15108487";08412766200686;"Sumarroca Rosé Brut Cava";"750";771;2025;11;3;
"563338";03049614222245;"Veuve Clicquot Ponsardin Brut";"750";1720;2025;11;3;
"10858086";08437005068001;"Juan Gil Vieilles Vignes Jumilla";"750";1791;2025;11;3;
"10841161";05605567203113;"Cistus Douro";"750";830;2025;11;3;
"37333";03023480110370;"Chartreuse Verte";"375";635;2025;11;3;
"15105083";03701505001413;"Château Plagnac Médoc Cru Bourgeois";"750";774;2025;11;3;
"15385652";08410113003041;"Familia Torres Gran Coronas Cabernet Sauvignon";"375";342;2025;11;3;
"14691421";07804407005711;"Montgras Pinot Noir Valle del Bio Bio";"750";72;2025;11;3;
"14937996";00065912006946;"Mott's Clamato Caesar Original 6 x 341 ml";"341";33970;2025;11;3;
"15500876";00057496007778;"Scars Rhum Épicé";"750";735;2025;11;3;
"15187795";00628011395122;"Moonlight";"700";980;2025;11;3;
"11253564";03760201501108;"Pyrène Cuvée Marine Côtes de Gascogne";"750";3827;2025;11;3;
"12494714";08008960682689;"Bolla Pinot Grigio Valdadige";"750";7802;2025;11;3;
"15186063";00695554020408;"Cidrerie Milton Rubinette";"750";11;2025;11;3;
"15480406";09419227009320;"Kim Crawford Illuminate Sauvignon Blanc";"750";968;2025;11;3;
"860668";05998830730431;"Pajzos Furmint Tokaji";"750";420;2025;11;3;
"13182018";04841346000929;"Crama Regala Sauvignon Blanc";"750";11239;2025;11;3;
"11414145";08413472059421;"Lan Rioja Reserva";"750";1530;2025;11;3;
"15481388";03475290013189;"Château Cambon La Pelouse Haut-Médoc";"750";374;2025;11;3;
"155051";08002062000068;"Masi Campofiorin Verona";"750";3189;2025;11;3;
"15157836";03414810275171;"Bargemone Côteaux d'aix en Provence";"750";60;2025;11;3;
"106492";09998827759892;"Hungaria Grande Cuvée Brut";"750";7055;2025;11;3;
"231597";05410769100135;"La Chouffe";"750";1023;2025;11;3;
"14922137";08410113557827;"Torres Secret del Priorat";"750";223;2025;11;3;
"236653";03192040363010;"La Fleur Anne Saint-Émilion";"750";1582;2025;11;3;
"556746";00635335364017;"Piedra Negra Pinot Gris Mendoza";"750";2918;2025;11;3;
"13797979";00827924914011;"Union Libre UL Blanc";"750";111;2025;11;3;
"10669189";08000160631955;"Folonari Valpolicella Ripasso";"750";3676;2025;11;3;
"12389113";00000094186109;"Twisted Shotz Sex on the Beach 4x30ml";"30";3596;2025;11;3;
"14955529";03260980023636;"Jean-Claude Boisset Bourgogne Les Ursulines Chardonnay";"750";464;2025;11;3;
"453076";03185370791790;"Moët & Chandon Impérial Brut";"375";144;2025;11;3;
"463";00080686816027;"Canadian Club";"375";3165;2025;11;3;
"14727235";00895958002172;"Cantalapiedra Viticul. Lirondo";"750";404;2025;11;3;
"10540721";08002235004091;"Zonin Cuvée 1821 Prosecco";"750";5128;2025;11;3;
"10667474";00087113111434;"Albert Bichot Bourgogne Origines";"750";707;2025;11;3;
"11113191";00701467114308;"Super Bock 6 x 330ml";"330";3582;2025;11;3;
"11133811";09311789475974;"Yalumba The Y Series Viognier";"750";1000;2025;11;3;
"12413291";08437011079022;"Godelia Mencia";"750";95;2025;11;3;
"12920074";03500610096655;"J.P. Chenet Ice Mousseux Rosé";"200";84;2025;11;3;
"270363";08414837010118;"Castillo de Almansa Reserva";"750";5629;2025;11;3;
"14729337";09120104731554;"Heinrich Naked White";"750";291;2025;11;3;
"12884510";05604135003032;"Marques de Borba Colheita Alentejo";"750";163;2025;11;3;
"15112726";00057496011317;"Blush d'Été Pinot Noir";"750";1746;2025;11;3;
"14588600";03462355703055;"Lieubeau Voyage Extraordinaire Muscadet";"750";339;2025;11;3;
"15265239";00852652001535;"Quarzo Rosso Sangiovese";"750";136;2025;11;3;
"13274131";08000395143940;"Alois Lageder Pinot Grigio Dolomiti Terra Alpina";"750";1137;2025;11;3;
"384529";03052853075909;"Bollinger Spécial Cuvée Brut";"750";92;2025;11;3;
"15148649";00890590000562;"Stadaconé Gingria Blanche (4 x 250 ml)";"250";2549;2025;11;3;
"54593";00622153190072;"Troika";"1750";5959;2025;11;3;
"15148016";00628451469186;"Madison Park Breakfast Gin Thé Glacé (4 x 355 ml)";"355";2033;2025;11;3;
"15108621";03760115646445;"Cabrils Côtes du Roussillon";"750";6;2025;11;3;
"15127258";05999567701091;"Kristinus Siller Balatonboglár";"750";17;2025;11;3;
"10339041";03760090820366;"Rully Les St-Jacques Villaine";"750";5;2025;11;3;
"14836845";06280118341941;"L-Claude Desvignes Javernières Morgon Côte du Py";"750";16;2025;11;3;
"13968264";08052462549032;"La Monaca Monreale Sallier de la Tour";"750";193;2025;11;3;
"10272755";00829190101089;"Château des Estanilles Faugères Vallongue";"750";305;2025;11;3;
"12981301";00827924079123;"Domaine St-Jacques Pinot Gris";"750";101;2025;11;3;
"15459877";04000154598770;"Paul Prieur et Fils La Pitaude Sancerre";"750";1;2025;11;3;
"15168156";00876511000255;"Cherry River Collection Mixol. Caisse Mixte (6 x 355 ml)";"355";1208;2025;11;3;
"13319088";04000133190889;"Domaine Claudie Jobard Rully en Villerange Côte Chalonnaise";"750";17;2025;11;3;
"13360081";00057496005927;"Villa Di Ponticello Sangiovese Romagna";"3000";23;2025;11;3;
"15446831";00890590000807;"Piñata - liqueur de bonbon, Pê che surette";"750";329;2025;11;3;
"15535841";03770004064014;"Mont Verrier Fleurie";"750";167;2025;11;3;
"12207957";08436610930208;"Comoloco Jumilla";"750";716;2025;11;3;
"15071813";03282946016100;"Nicolas Feuillatte Grand Cru Blanc de Blancs";"750";28;2025;11;3;
"14948951";04016175000734;"Alexander Gysler, Sternenglanz Weißburgunder";"750";40;2025;11;3;
"15122449";08052469290180;"Daniele Piccinin Muni Kalipè";"750";-1;2025;11;3;
"12057004";08000395102008;"Alois Lageder Pinot Bianco Sudtirol Alto Adige";"750";69;2025;11;3;
"15514282";00628055809630;"1642 Sodas Tonic original 4 X 355 ml";"355";9;2025;11;3;
"485565";08008863004113;"Merlot Vivolo di Sasso Veneto i.g.t.";"750";1618;2025;11;3;
"14195355";00879716000037;"Dom. Bousquet Cab.-Sauvignon Valle de Uco";"750";498;2025;11;3;
"10220269";00990312368106;"L'Orpailleur Vin de Glace";"200";237;2025;11;3;
"15168252";00750122536030;"La Mongestine Bob Singlar";"750";7;2025;11;3;
"14979416";08051766920011;"Col Di Lamo Brunello Di Montalcino";"750";87;2025;11;3;
"14317543";00088004034696;"Dr. McGillicuddy's Caramel Écossais";"50";972;2025;11;3;
"15514928";00628250519280;"Blood Brothers Autopop Cherry Cola";"473";69;2025;11;3;
"15270302";00628942385797;"Domaine Héritage Terroir";"750";8;2025;11;3;
"15298348";00628176654256;"Mate Libre Passion (4 x 330 ml)";"330";552;2025;11;3;
"14713360";00627843819134;"Dist. Shefford Érable Tomahawk";"750";117;2025;11;3;
"15409992";05000299296400;"Malfy Con Arancia";"750";266;2025;11;3;
"12866291";03330548001236;"Vignerons de Buxy Montagny Millebuis";"750";707;2025;11;3;
"15534401";00000570008109;"Martini Sec";"500";34;2025;11;3;
"919100";03469620000017;"Domaine Labranche Laffont Madiran";"750";9;2025;11;3;
"11733277";05099873027219;"Diplomatico Mantuano";"750";116;2025;11;3;
"14930436";03451272001726;"Domaine Alain Geoffroy Chablis Premier Cru Beauroy";"750";55;2025;11;3;
"15513781";08410337324038;"Montecillo Blanco";"750";5;2025;11;3;
"14822603";05029704220540;"Deanston 12 ans Single Malt";"750";11;2025;11;3;
"15505837";03666140033727;"Whispering Angel Côtes de Provencence";"375";51;2025;11;3;
"13612778";00773253006111;"Minot la Bolée Pétillante Rosé (4x250ml)";"250";12;2025;11;3;
"15454144";00051497473006;"Mélangeur à cocktail en acier inoxydable";"1";78;2025;11;3;
"15219072";03760222784399;"Arlaud Bourgogne Aligoté";"750";10;2025;11;3;
"323105";00878448003156;"Mouton Cadet Bordeaux";"375";316;2025;11;3;
"15070415";03700188060540;"Château d'Arsac Margaux";"750";15;2025;11;3;
"15532907";00990000102296;"Très-Précieux-Sang Éclaircie";"750";45;2025;11;3;
"476846";03391180024991;"M. Chapoutier Belleruche Côtes-du-Rhône";"750";2079;2025;11;3;
"11057475";00827924036195;"Rivière du Chêne Monde Vin de Glace";"200";6;2025;11;3;
"15298057";08032611640148;"Marchesi Alfieri Costa Quaglia Terre Alfieri";"750";8;2025;11;3;
"427682";03265120010484;"Poire Williams Massenez eau-de-vie de fruit";"500";45;2025;11;3;
"11638333";00699013001434;"Ron Zacapa Sistema Solera 23 Gran Reserva";"750";174;2025;11;3;
"15115732";03282946051088;"Nicolas Feuillatte Premier Cru Réserve Exclusive Extra-Brut";"750";9;2025;11;3;
"12687436";03282946101264;"Nicolas Feuillatte Blanc de Blancs Vintage";"750";48;2025;11;3;
"14932626";08030967024216;"Fattoria Le Pupille Poggio Argentato I.G.T Toscana";"750";112;2025;11;3;
"13286802";03764201892013;"Pacalet Lapierre Juliénas Cousins";"750";53;2025;11;3;
"14562717";00773253006142;"Cidrerie du Minot Le Cidre 0.5 (4 X 250 ml)";"250";69;2025;11;3;
"15449581";03283770211976;"Isautier Mangue Caramélisée";"700";10;2025;11;3;
"14778788";00080480986001;"Bombay Bramble";"750";49;2025;11;3;
"14278855";03340060501008;"Vidal-Fleury Côtes-du-Rhône";"750";1746;2025;11;3;
"11544290";03267571000014;"Salers Apéritif à base de Gentiane";"1000";29;2025;11;3;
"15476861";03391180025318;"La Bernardine Chapoutier Châteauneuf-du-Pape";"750";27;2025;11;3;
"15265087";09326755000944;"Gemtree Cinnabar GSM";"750";72;2025;11;3;
"13903410";04901410015201;"Hana Kizakura Junmai Ginjo";"300";13;2025;11;3;
"15098637";00990000100513;"Château d'Arlay Côtes du Jura Corail";"750";9;2025;11;3;
"15527796";06284514180968;"Cirka Framboise Canneberge";"750";39;2025;11;3;
"14982391";05942046482011;"Cotnari Francusa";"750";180;2025;11;3;
"733477";00622837000901;"St-Nicolas Moût de Pomme <0,5%";"750";67;2025;11;3;
"318543";05013521100956;"Fonseca tawny 20 ans";"750";17;2025;11;3;
"14140856";03584870000072;"Champagne Geoffroy Volupté Extra-Brut Premier Cru";"750";1;2025;11;3;
"914127";03540328011144;"Les Hauts de Montaurio Fronton";"750";83;2025;11;3;
"14082588";00056049136149;"Bù Pinot Grigio";"750";35091;2025;11;3;
"15547025";03770019694589;"Moderato Cuvée Révolutionnaire Chardonnay";"750";41;2025;11;3;
"14989770";00628011228321;"Cherry River Lychee Tangerine";"750";62;2025;11;3;
"15263840";00721733000234;"Patron Silver";"50";230;2025;11;3;
"12741033";03760222530606;"Les Escures Cahors";"750";67;2025;11;3;
"15113391";05060895571264;"Fable Hound Chapter 5 Speyside Single Malt Single";"700";1;2025;11;3;
"14394012";03760247871869;"Rêveur la Vigne en Rose";"750";20;2025;11;3;
"11675476";00087229174033;"No.3 London Dry Gin";"750";2;2025;11;3;
"15511241";03483815530004;"Château de Rouanne Vinsobres Les Côtes";"750";8;2025;11;3;
"15455251";05450013151186;"Bernard Massard Cuvée de l'Écusson Brut";"200";78;2025;11;3;
"14311635";03760011901594;"Domaine Laurent Gauthier Morgon Vieilles Vignes Côte du";"750";1;2025;11;3;
"12555679";00858037000827;"Savigny Les Beaune Vieilles Vignes C. & C. Maréchal";"750";23;2025;11;3;
"14956003";07070292967681;"Clos du Moulin aux Moines Monthélie Sous le Cellier";"750";10;2025;11;3;
"15448094";08030944161217;"Sangiovese Puro Chianti Fattoria Lavacchio";"750";4;2025;11;3;
"15238775";03770001397009;"Domaine Oudin Chablis Les Serres";"750";1;2025;11;3;
"12401477";05010496002469;"Auchentoshan American Oak Single Malt Scotch Whisky";"750";33;2025;11;3;
"15236139";03483810000298;"St-Cosme Les Deux Albion Principauté d'Orange";"750";6;2025;11;3;
"15182046";08006725103769;"Sella & Mosca Terre Rare Carignano del Sulcis";"750";46;2025;11;3;
"15210481";00627167101120;"Wayne Gretzky Maple Canadian Cream";"750";18;2025;11;3;
"15253932";00628176744056;"Lore & Legends Amaro";"750";11;2025;11;3;
"11659927";03760087400076;"Mourgues du Gres Terre d'Argence Costières de Nîmes";"750";10;2025;11;3;
"14758904";00628242481014;"Domaine Lafrance Tin Toé Cidre Pétillant";"750";21;2025;11;3;
"15208939";03770011450015;"Clos Signadore A Mandria Patrimonio";"750";3;2025;11;3;
"15541272";00080686009832;"Alberta Premium 9 Ans Golden Rye";"750";4;2025;11;3;
"15121956";08033776210214;"Roeno La Rua Marzemino";"750";2;2025;11;3;
"13679892";05603016000153;"Adega De Pegoes Colheita Seleccionada";"750";28;2025;11;3;
"15073886";04901410013597;"Kizakura Tsu No Junmai Reishu Saké";"180";125;2025;11;3;
"14393706";03257150102536;"Meukow VSOP Superior Édition Spéciale Rouge";"750";1;2025;11;3;
"14492481";03683080400204;"Joao Eduardo Novais Malheiro Tavares de Pina Rufia";"750";37;2025;11;3;
"12542659";00827924059125;"Léon Courville Rés. Riesling";"750";8;2025;11;3;
"11793173";08028920523616;"Caruso & Minini Frappato Terre di Giumara";"750";1;2025;11;3;
"15557047";00747020942216;"Benromach 15 Ans Spey Valley Single Malt";"700";14;2025;11;3;
"13760738";04260425911107;"Weingut Brand Riesling Stein & Fels";"750";9;2025;11;3;
"15509619";00631470008007;"Miraval Côtes de Provence";"375";70;2025;11;3;
"15374831";09339661005668;"Yarra Yering Dry Red No.2 Yarra Valley";"750";2;2025;11;3;
"12259992";03464882612008;"Clisson Muscadet-Sèvre et Maine";"750";16;2025;11;3;
"12024325";05000277003587;"Aberfeldy 21 ans Highland single malt";"750";1;2025;11;3;
"14504681";08411580037737;"Palacios Remondo Placet Rioja";"750";10;2025;11;3;
"15317844";05601064003058;"Quinta do Noval Colheita Porto Tawny";"375";6;2025;11;3;
"15532042";00628719787007;"TP-Immortelle";"500";22;2025;11;3;
"15024275";00827924190057;"La Cantina Vallée d'Oka Orange";"750";4;2025;11;3;
"13858954";07503016230018;"Mezcal Union Mezcal Union";"750";3;2025;11;3;
"12796747";08008594003997;"Piu Grappa Barricata Riserva Villa de Varda";"700";3;2025;11;3;
"15378954";03760163409900;"Domaine Zind-Humbrecht Muscat Turckheim";"750";11;2025;11;3;
"15179234";00088004047672;"Collingwood Double Barreled";"750";1;2025;11;3;
"12358245";00827924039905;"Domaine de Lavoie Mousseux Rosé";"750";4;2025;11;3;
"14645723";00657381825366;"Vignoble Lano d'Or Lou";"750";8;2025;11;3;
"10999938";05010019636614;"Laphroaig Quarter Cask Islay scotch single malt";"750";5;2025;11;3;
"14990957";09351296000757;"Koerner Wine La Korse";"750";6;2025;11;3;
"15336834";08033576200064;"Ferghettina Franciacorta Riserva";"750";8;2025;11;3;
"15531699";00617086958202;"Viu Manent Tiny Trials Chardonnay";"750";26;2025;11;3;
"15115804";03469380010530;"Drappier Quattuor Blanc de Quatre Blancs";"750";1;2025;11;3;
"15057552";00649185027763;"Les Tourelles de Longueville Pauillac";"750";6;2025;11;3;
"14951878";00628110848055;"St-Laurent Gin Vieux";"700";42;2025;11;3;
"15503794";03490890048386;"Château Tronquoy-Lalande Saint-Estèphe";"1500";10;2025;11;3;
"15232779";00628250939309;"BluePearl Tropical";"700";25;2025;11;3;
"14302940";00898549000403;"Vinum: Tire-bouchon sommelier à deux leviers";"1";29;2025;11;3;
"15273271";04042287107115;"Weingut Galler Ready2Grill";"750";10;2025;11;3;
"14748474";00056049137535;"Bù Verdejo Sauvignon Blanc Vin Blanc";"750";2244;2025;11;3;
"14883465";00087752028384;"Sforno Reserva Malbec/Syrah";"750";39;2025;11;3;
"10259796";00659264115465;"La Terre de mon père Clos Bagatelle Saint-Chinian";"750";14;2025;11;3;
"15441087";00899109002714;"Badenhorst Swartland No Brimstone";"750";5;2025;11;3;
"11890934";03760194450063;"Bourgogne Aligoté P-L & J-F Bersan";"750";6;2025;11;3;
"15161325";06284514186021;"Cirka Folklore";"750";2;2025;11;3;
"14946500";04000149465001;"G. et Félix Richoux Irancy Ve.";"750";8;2025;11;3;
"12557092";07312040217519;"Absolut Elyx";"750";14;2025;11;3;
"15463180";03412959601226;"Château Calon-Ségur Saint-Estèphe";"750";16;2025;11;3;
"10897851";03451740500065;"Domaine de Mouscaillo Limoux";"750";103;2025;11;3;
"14798527";03661419120207;"Château Talbot Grand Cru Classé Saint-Julien";"750";-1;2025;11;3;
"15260761";08436532093388;"Granza Verdejo Rueda";"750";6;2025;11;3;
"13133902";03760011904007;"Domaine La Verpaille Mâcon Villages Vieilles Vignes";"750";9;2025;11;3;
"13946575";03330540102191;"Buissonnier Bourgogne Côte Chalonnaise";"750";12;2025;11;3;
"14228786";03394150052963;"Sichel 1883 Bordeaux";"750";12;2025;11;3;
"14792838";00057496012352;"Keep Calm & Shine Vin Blanc";"750";2247;2025;11;3;
"14682487";03142920006926;"Gabriel Meffre Saint François Côtes du Rhône";"750";1;2025;11;3;
"15518531";03052853085779;"Bollinger PNTX20";"1500";1;2025;11;3;
"15421107";05010327515892;"The Balvenie 25 ans Single Barrel Spey Valley Single Malt";"700";1;2025;11;3;
"15518718";04001551871879;"Jérôme Galeyrand Marsannay Les Champs Perdrix";"750";1;2025;11;3;
"15511057";08410441002334;"Bodegas Faustino Rioja Gran Reserva";"750";10;2025;11;3;
"15253035";03760018890082;"L'impudent Terrasses du Larzac";"750";1;2025;11;3;
"11398317";00827924017064;"Marathonien Vidal Vin de Glace";"375";9;2025;11;3;
"13573203";03683080354224;"Podere Luisa Amnesya";"750";2;2025;11;3;
"15287876";05056510009212;"Duncan Taylor Laphroaig Single Cask Single Malt";"700";1;2025;11;3;
"15531795";00852396001242;"TP-Seigneur Pickle Distillerie du Quai";"750";2;2025;11;3;
"15032232";00895958004589;"Cantalapiedra Viticultores Mondo";"750";3;2025;11;3;
"15463155";03412952411730;"Château Calon-Ségur Saint-Estèphe";"750";23;2025;11;3;
"12880113";00628451469032;"MVodka";"750";27;2025;11;3;
"10553178";00056049015987;"Nicolas Laloux Gentleman Bohèm Vin Blanc";"1000";39986;2025;11;3;
"14503522";00620654033010;"Inniskillin Montague P. Noir Four Mile Creek";"750";4;2025;11;3;
"14808043";03760173790166;"Château Charmail Haut-Médoc";"750";8;2025;11;3;
"10789789";03546095302010;"Pinot gris Les Éléments Domaine Bott-Geyl Alsace";"750";5;2025;11;3;
"15157844";00628451239208;"Lieux Communs Thé (4 x 355 ml)";"355";33;2025;11;3;
"15281132";08437012917378;"Herencia Altés La Musaranya Terra Alta";"750";2;2025;11;3;
"15374620";03443208004017;"Terres Secrètes Les Préludes Saint-Véran";"750";4;2025;11;3;
"15490233";03391180024779;"Chapoutier Collioure Chrysopée";"750";0;2025;11;3;
"11605785";06009673270073;"Glenelly Estate Reserve Afrique du Sud";"750";4;2025;11;3;
"14727489";09120104732209;"Heinrich Naked Rosé Blaufränkisch";"750";4;2025;11;3;
"12610025";00185729000378;"Bachelder Chardonnay Mineralité";"750";3;2025;11;3;
"14954518";03760095277233;"D. Berthaut-Gerbet Bourgogne Hautes-Côtes De Nuits";"750";11;2025;11;3;
"13385309";08412619130399;"Conde Valdemar Blanco Rioja";"750";9;2025;11;3;
"13907728";05281022701495;"Château Ksara Cuvée du Troisième Millénaire";"750";3;2025;11;3;
"14033938";03760143270377;"Domaine Gayda Chemin de Moscou Pays D'Oc";"750";11;2025;11;3;
"15376342";04000153763421;"Château le Puy Barthélémy";"750";1;2025;11;3;
"12291319";05605538002004;"Sino da Romaneira Douro";"750";4;2025;11;3;
"15392836";03282946022644;"Nicolas Feuillatte Réserve Exclusive Brut";"750";2;2025;11;3;
"13632103";09003634113963;"Esterhazy Klimt";"750";10;2025;11;3;
"11156570";04902051035436;"Hakushika Junmai Ginjo sake";"720";5;2025;11;3;
"14515005";00627843561873;"Cremaglace Vanille";"750";9;2025;11;3;
"12291221";08007443001078;"Calcarole Guerrieri Rizzardi Amarone della Valpolicella";"750";3;2025;11;3;
"15405191";08054382930372;"Le Ragnaie Rosso di Montalcino";"750";13;2025;11;3;
"14802881";03277038415749;"Clarence de Haut-Brion Pessac-Léognan";"750";2;2025;11;3;
"13316961";06009227302076;"Sauvignon Blanc Reyneke";"750";1;2025;11;3;
"11173151";00056049022800;"Greystone Park Bin 86 blanc";"750";1224;2025;11;3;
"14157463";00057496009574;"À LA CARTE Pinot Grigio vin blanc";"3000";600;2025;11;3;
"15193837";04000151938371;"Domaine Bart Marsannay Au Champ Salomon";"750";1;2025;11;3;
"14495665";00632070101457;"Old Pulteney 12 ans Highland single malt";"750";4;2025;11;3;
"15147275";00627987676938;"Terre à Boire Vodka Agricole";"750";5;2025;11;3;
"14984240";03760045230745;"Domaine Kreydenweiss Lune à Boire Orange Alsace";"750";8;2025;11;3;
"15475130";03760105309510;"Trimbach Cuvée Frédéric Émile";"1500";1;2025;11;3;
"15467818";03328150004318;"Château Magdelaine Saint-Emilion Grand Cru";"750";9;2025;11;3;
"13430413";00859670001646;"Cot. Rougemont 4x355ml Fizz Framboise";"355";4;2025;11;3;
"15356026";03760424210009;"Domaine Zind-Humbrecht Zind Chardonnay/Auxerrois";"750";3;2025;11;3;
"15521466";04000155214662;"Clos Rougeard Les Poyeux Saumur-Champigny";"1500";1;2025;11;3;
"10963821";00080686817406;"Canadian Club 20 ans whisky canadien";"750";2;2025;11;3;
"15210465";03760126790021;"Clos de l'Amandaie Languedoc";"750";5;2025;11;3;
"14678138";03760184171084;"Bourgueil Rosé de Minière";"750";2;2025;11;3;
"15333203";00706229175016;"Ouzo Mini Mytilini";"750";3;2025;11;3;
"15439500";03514123133448;"Gérard Bertrand French Cancan Brut Nature";"750";2;2025;11;3;
"15527382";03434040017464;"Weinbach Clos des Capucins Pinot Noir";"750";3;2025;11;3;
"14456703";00056049136927;"Nicolas Laloux Rosé Framboise Passion Cooler au Vin";"1500";768;2025;11;3;
"15328789";03770011913084;"Egiazki Patxaran";"750";4;2025;11;3;
"15054933";03700400301277;"Château Beau-Séjour Bécot PGGC Saint-Émilion";"750";1;2025;11;3;
"14234060";00080686816201;"Canadian Club (BHT)";"1000";216;2025;11;3;
"15449290";03535928083677;"Morgon Château des Jacques Côte du Py Louis Jadot";"750";2;2025;11;3;
"14549256";00626990327134;"Poplar Grove Chardonnay Okanagan";"750";1;2025;11;3;
"15448078";03507920000716;"Chavet Menetou-Salon Clos de Coquin";"750";2;2025;11;3;
"13232599";03760127253525;"Domaine de Pisse-Loup Petit-Chablis";"750";1;2025;11;3;
"15264121";09120012746329;"Biokult PetNat";"750";1;2025;11;3;
"13633106";03460410530714;"Cognac Ferrand 10 Générations";"500";1;2025;11;3;
"12794717";08021934007721;"Di Gresy Monferrato Tenute Cisa Asinari dei Marchesi";"750";5;2025;11;3;
"15522864";00726529465228;"Rolland Naturellement Grenache Syrah Vin Rouge";"750";1;2025;11;3;
"15549830";04000155498307;"Domaine de Montille Volnay Premier Cru Taillepieds";"750";11;2025;11;3;
"14807702";03453521284850;"Château Villegeorge Haut Médoc";"1500";1;2025;11;3;
"13565326";04000135653269;"Frederic Savart L'Ouverture Premier Cru Brut";"750";3;2025;11;3;
"14046472";03760088891415;"Château Le Puy Émilien Bordeaux";"1500";1;2025;11;3;
"12587911";04000125879112;"Sauvignon Quarz Kellerei Cantina Terlan Alto Adige";"750";4;2025;11;3;
"15475148";08054785203110;"Cantine Petrosino Petros Grillo Sicilia";"750";1;2025;11;3;
"15200136";03760332020196;"Château Corbin Saint-Émilion Grand Cru Classé";"750";1;2025;11;3;
"15313253";03516221122010;"Château La Tour Blanche Sauternes";"750";7;2025;11;3;
"14220194";04000142201941;"Badia a Passignano Riserva Antinori Chianti Classico";"750";6;2025;11;3;
"14817214";03337694127360;"Bouchard Savigny-lès-Beaune Les Lavières";"750";1;2025;11;3;
"15487026";04000154870265;"Serradenari Giulia Negri Nebbiolo Pian delle Mole";"750";1;2025;11;3;
"14185018";07312040017034;"Absolut vodka (BHT)";"1000";96;2025;11;3;
"10680118";00827924059101;"Léon Courville Cuvée Julien";"750";2;2025;11;3;
"15369901";03700188067006;"Cos d'Estournel Saint-Estèphe";"1500";2;2025;11;3;
"13616293";08033286752495;"Silvio Grasso Langhe Nebbiolo";"750";2;2025;11;3;
"14501480";08010544924771;"Argiolas Cardanera Carignano";"750";2;2025;11;3;
"15315283";03760046020598;"L'Hermitage blanc Domaine Jean-Louis Chave";"750";1;2025;11;3;
"15484247";04000154842477;"A. Clape Cornas";"750";1;2025;11;3;
"15054685";03700188060021;"Smith-Haut-Lafitte CC de Graves Pessac-Léognan";"750";2;2025;11;3;
"13637991";05604742000943;"Lua Cheia Andreza Reser. Douro";"750";54;2025;11;3;
"409888";08008863004076;"Bottero di Cello Rosso";"1000";5452;2025;11;3;
"11446622";04600659111155;"Moskovskaya";"1140";3565;2025;11;3;
"478891";08003015700363;"Carpineto Chianti Classico";"750";3534;2025;11;3;
"354779";03049614239113;"Veuve Clicquot La Grande Dame Brut";"750";18;2025;11;3;
"13460655";08006630830200;"Astorre Noti Chianti Riserva";"750";875;2025;11;3;
"14278935";08003015703456;"Carpineto Dogajolo";"750";562;2025;11;3;
"11461970";03172250000158;"Bougrier Vouvray";"750";852;2025;11;3;
"12266965";00085156211005;"Ketel One";"1140";1026;2025;11;3;
"14294214";08437017035244;"Wine by Nature du Vin Bodegas Latue";"750";5493;2025;11;3;
"858357";03361122110020;"Chardonnay Rolet Père et Fils Côtes du Jura";"750";74;2025;11;3;
"13640277";05601129035154;"Borges Fita Azul Attitude Brut Reserva";"750";1547;2025;11;3;
"14422351";08028270101533;"I love Monsters La Vergine Tavignano";"750";20;2025;11;3;
"160358";08000160615214;"Merlot Donini";"1000";12449;2025;11;3;
"15491560";08003015700127;"Carpineto Farnito Cab-Sauv. Toscana";"750";1633;2025;11;3;
"608596";03296353098017;"Château Ramafort Médoc";"750";697;2025;11;3;
"15202721";03683080579740;"Rennersistas Superglitzer";"750";144;2025;11;3;
"10540730";08008863014341;"Botter Santi Nello Prosecco";"750";627;2025;11;3;
"10967434";00608057104971;"Arboleda Cabernet-Sauvignon Valle de Aconcagua";"750";1388;2025;11;3;
"11676145";03514124231037;"Gérard Bertrand Côtes du Roussillon Villages Tautavel";"750";1199;2025;11;3;
"14154131";08437006339346;"Altolandon Enrosado Manchuela";"750";383;2025;11;3;
"15396191";08801048921102;"Jinro Soju Raisin Vert";"360";877;2025;11;3;
"13283661";08005390044681;"Murari Pinot Noir Trevenezie";"1000";1440;2025;11;3;
"11383617";08025022005002;"Produttori Barbaresco Langhe";"750";363;2025;11;3;
"926899";03760082220020;"Séguinot-Bordet Chablis";"750";1244;2025;11;3;
"14715357";03475380111061;"Grand Bateau Bordeaux";"750";457;2025;11;3;
"15294531";08029095001275;"Tenuta Rocca Langhe Nebbiolo";"750";59;2025;11;3;
"15526988";00082000811060;"Crown Royal Chocolat";"750";72;2025;11;3;
"10522401";03760131770018;"Yannick Amirault Cote 50 Bourgueil";"750";65;2025;11;3;
"539528";08412075030233;"Monasterio de Las Vinas Carinena Crianza";"750";5859;2025;11;3;
"15210502";08436576360880;"Cayo Sol";"750";562;2025;11;3;
"11305580";08033269000018;"Tenuta Monteti Caburnio Toscana";"750";310;2025;11;3;
"15313780";08413929010210;"Loxarel A Pèl Brut Nature Penedès";"750";57;2025;11;3;
"15505503";03760113497056;"Chateau du Moulin-à-Vent";"750";38;2025;11;3;
"13188794";03176780036427;"Marcel Martin Saumur";"750";886;2025;11;3;
"15372106";00065912001750;"Mott's Clamato Caesar Gin et Concombre";"458";2231;2025;11;3;
"615583";03028130075344;"Camus Cognac Borderies Reserve XO";"700";9;2025;11;3;
"10933998";09414453926571;"Mudshake Vanille Française (4x270 ml)";"270";5053;2025;11;3;
"12894822";08801048951000;"Jinro Chamisul Soju Fresh";"360";921;2025;11;3;
"14019618";08032998160055;"Petra Zingari Toscana";"750";718;2025;11;3;
"15296019";03760064357645;"Stéphane Orieux La Grande Pièce";"750";2;2025;11;3;
"13232484";09343863000062;"Tequila Tromba Reposado";"750";5;2025;11;3;
"331090";03260980006110;"Grande Réserve des Challières Bonpas Ventoux";"750";6668;2025;11;3;
"14161032";07790762053255;"Gran Mascota Cabernet-Sauvignon Mendoza";"750";1833;2025;11;3;
"13239820";04902051330364;"Hakushika Yoshino Taru";"300";59;2025;11;3;
"11584013";00087000010383;"Crown Royal";"1140";3040;2025;11;3;
"14323871";03249381025418;"Artis Merlot <0,5%";"750";811;2025;11;3;
"10915298";00087113112158;"C'est la Vie Chardonnay/Sauv. Pays d'Oc";"750";2963;2025;11;3;
"15366056";00851006001382;"3 Lacs Pêche";"750";171;2025;11;3;
"14951966";09005634995136;"Gruber Röschitz Weinviertel Grüner Veltliner";"750";969;2025;11;3;
"11341855";08003015031054;"Carpineto Farnito Chardo. Brut";"750";914;2025;11;3;
"14214018";03760048730884;"Xavier Vignon Côtes du Rhône Vieilles Vignes";"750";1088;2025;11;3;
"10237458";05601332008853;"Ramos-Pinto Duas Quintas Douro";"750";401;2025;11;3;
"13096523";08959580005436;"La Cadette Champs Cadet";"750";6;2025;11;3;
"10845701";08412423120647;"Tocado Campo de Borja";"750";1509;2025;11;3;
"15097651";00628011395085;"Mayday Épinette Cannelle";"700";27;2025;11;3;
"14178694";03330548003148;"Vignerons de Buxy Bourgogne Aligoté Silex";"750";1810;2025;11;3;
"12538431";00048415520041;"Lot No.40 Rye";"750";676;2025;11;3;
"15055709";00057496013526;"M. Cocktail Sangria Framboises ( 4 x 355 ml)";"355";203;2025;11;3;
"11140498";00786934426399;"Malivoire Gamay Niagara Peninsula";"750";113;2025;11;3;
"11451835";00811538010825;"Jose Cuervo Especial Silver";"1140";1331;2025;11;3;
"14348307";05604424396005;"Casa Santos Lima Fortissimo";"750";354;2025;11;3;
"732099";03221240050007;"Wolfberger Crémant d'Alsace";"750";540;2025;11;3;
"15115329";00628075802574;"Ribeira Grande Dona Julieta";"750";1749;2025;11;3;
"10253626";08003015700462;"Carpineto Brunello di Montalcino";"750";50;2025;11;3;
"14741731";03500610120015;"Nozeco Blanc <0,5%";"750";379;2025;11;3;
"13286861";05604214263357;"Serradinha Vinho Tinto Quinta da Serradinha";"750";70;2025;11;3;
"11901138";05200101710012;"Ktima Biblia Chora Pangeon";"750";274;2025;11;3;
"13190034";07791728010381;"Santa Julia Chenin Blanc";"750";2702;2025;11;3;
"862078";08032853729113;"Umani Ronchi Jorio Montepulciano d'Abruzzo";"750";1996;2025;11;3;
"15491252";00056049139263;"Les 4 Jeudis Sauvignon blanc";"750";295;2025;11;3;
"14057665";00088076183346;"Coffret Johnnie Walker Explorer Dégustation (5x50 ml)";"250";71;2025;11;3;
"15324462";08437013484565;"Burgoviejo Rioja";"750";163;2025;11;3;
"15581320";00851006001696;"3 Lacs Rhum Blanc";"50";1101;2025;11;3;
"15141199";00628242481045;"Dom. Lafrance Rick Special #1";"750";1;2025;11;3;
"865329";05601007475454;"Casa Ferreirinha Vinha Grande Douro";"750";2;2025;11;3;
"14209462";03488330000193;"Cattin Crémants d'Alsace Signature Brut";"750";12;2025;11;3;
"11903344";00745641031159;"Valdemar Rioja Inspiracion";"750";598;2025;11;3;
"15104911";08437002995102;"Bermejo Diego Seco Lanzarote";"750";9;2025;11;3;
"13510552";04260031858322;"Riesling Trocken Dönnhoff";"750";183;2025;11;3;
"15462742";05010867505292;"Rio Belo Douro";"750";606;2025;11;3;
"10944187";00715126600019;"Montes Pinot Noir Sélection Limitée";"750";681;2025;11;3;
"15180121";08002793021981;"Piccini Collezione Oro Chianti Riserva";"750";688;2025;11;3;
"15020442";00051497330576;"Cottage Springs Vodka Limonade Classique";"4000";61;2025;11;3;
"14086431";03760027690079;"Domaine de la Garrelière Touraine Gamay Sans Tra La La";"750";84;2025;11;3;
"10887400";03760063530254;"Domaine Philippe Vandelle Vin Jaune L'Étoile";"620";14;2025;11;3;
"15318054";09120046950624;"Christoph Bauer Gruener Veltliner Weinviertel";"750";28;2025;11;3;
"15461424";00873922004896;"Jean Luc Colombo Les Collines de Laure Viognier";"750";2;2025;11;3;
"14029795";00827924079154;"Domaine St-Jacques Riesling";"750";55;2025;11;3;
"13579461";05410702000331;"Saison Dupont Ale";"330";74;2025;11;3;
"14700121";00554964022726;"Gin de Mononcle Bière Épinette (4x355ml)";"355";585;2025;11;3;
"15442338";09338499004447;"Muse Cabernet";"750";3;2025;11;3;
"15361976";09120039647944;"Hager Matthias Pet Nat Grüner Veltliner";"750";24;2025;11;3;
"15455622";00082000809227;"Captain Morgan Guava Mojito 4 x 355 ml";"355";3187;2025;11;3;
"13844325";05604575000035;"Cabriz Reserva Encruzado";"750";94;2025;11;3;
"15116188";08005829982133;"Bottega Rose Gold Brut";"200";125;2025;11;3;
"260091";05601034008502;"Offley Baron de Forrester Tawny 10 Ans";"750";107;2025;11;3;
"12202380";00040001220236;"Pierre Morin Sancerre Ovide";"750";21;2025;11;3;
"15092497";00628011553706;"Comont Spirit. d'Agave Vieilli";"750";3;2025;11;3;
"13913562";08005557821148;"Poggio Landi Brunello di Montalcino";"750";3;2025;11;3;
"14997770";05060383652192;"Ardnamurchan AD/ Highlands Single Malt";"700";10;2025;11;3;
"10551471";08437004566089;"Petalos Bierzo";"750";211;2025;11;3;
"15435592";03760104956159;"Château les Croisille Cahors Calcaire";"750";7;2025;11;3;
"15538655";03500610174179;"Place du Village";"750";253;2025;11;3;
"31278";03104691024189;"Crème de Cassis de Dijon Lejay Lagoute liqueur de fruit";"750";254;2025;11;3;
"10669816";07809625200078;"Carmenère PKNT Terraustral Private Reserve Valle Central";"750";2;2025;11;3;
"857698";05281022013260;"Château Ksara vallée de la Bekaa";"750";26;2025;11;3;
"11587927";03760201940150;"Elisabeth & François Jourdan Carignan Vieilles Vignes";"750";87;2025;11;3;
"15405123";03700188067242;"Réserve de la Comtesse Pauillac";"1500";1;2025;11;3;
"15498411";00618398080384;"Del Maguey Chichicapa";"750";11;2025;11;3;
"15532309";00628242481243;"Domaine Lafrance Sangria La Dorada";"750";32;2025;11;3;
"10782510";03473930500150;"Domaine Cauhapé Symphonie de Novembre Jurançon";"750";23;2025;11;3;
"15032363";08437006339902;"Altolandon Rayuelo Manchuela";"750";23;2025;11;3;
"14703495";00088004036935;"Yukon Jack";"750";121;2025;11;3;
"14887634";03700563400985;"Ch Lamothe-Bergeron Haut-Médoc Cru Bourgeois";"750";8;2025;11;3;
"15521968";08412423120234;"Borsao Terroir Unique Campo de Borja";"750";163;2025;11;3;
"14682874";06279871668976;"Abel Miel et Propolis";"750";16;2025;11;3;
"14963174";03700967702746;"Mathilde Chapoutier Selection Ribera de Duero";"750";42;2025;11;3;
"14758744";03760200899008;"Le Petit Chavin Chardonnay";"750";1;2025;11;3;
"15046167";03299641113935;"Veuve Ambal Crémant Bourgogne Grande Cuvée";"750";24;2025;11;3;
"11039470";05291732000016;"Skinos Mastiha eau-de-vie aromatisée";"700";30;2025;11;3;
"14971094";00632111659176;"The Bad Na H-Achlaise Highland Single Malt Scotch Whisky";"700";4;2025;11;3;
"15031395";09120066300904;"Weingut Schödl Safari";"750";1;2025;11;3;
"15089685";00628055392835;"Le St-Hil Cider Crisp";"473";27;2025;11;3;
"15241085";03760078030572;"Château Villemaurine Grand Cru Classé Saint-Émilion Grand Cru";"750";5;2025;11;3;
"15490479";04000154904793;"Agrapart Minéral Extra Brut Blanc de Blancs";"750";4;2025;11;3;
"12028262";00084692212743;"Alizé Gold Passion";"750";22;2025;11;3;
"15224891";00628011395115;"Ciel! Camerise Mandarine";"700";114;2025;11;3;
"14775771";03379930001591;"Côtes du Rhône Les P'tits Gars Oratoire St Martin";"750";63;2025;11;3;
"13076961";03273390080212;"Alphonse Mellot La Moussière Sancerre";"375";5;2025;11;3;
"14981567";03683080594460;"Spirit des Laurentides Piments";"750";44;2025;11;3;
"15083064";00083664872978;"Montelobos Espadin Joven";"750";6;2025;11;3;
"12449067";08007425211792;"Frescobaldi Nipozzano Vecchie Viti Collezione Privata Riser.";"750";75;2025;11;3;
"15483981";03428430002178;"Demoiselle de Sociando-Mallet Haut-Médoc";"750";41;2025;11;3;
"15362856";00628678492127;"Domaine Polisson Bâtard Blanc";"750";61;2025;11;3;
"15550443";00855569001360;"Trois Moineaux Shoemaker";"750";11;2025;11;3;
"173096";00059578859008;"La Vinée blanc";"20000";14;2025;11;3;
"14199751";07804319009012;"Santa Ema Merlot Gran Reserva Valle Del Maipo";"750";9;2025;11;3;
"15330918";00827924915087;"Grand Saint-Charles Farniente";"750";33;2025;11;3;
"12760584";00827924112042;"Mas des Patriotes Hortensias";"750";4;2025;11;3;
"14199284";00617835007007;"Nekeas Cepa Por Cepa Navarra";"750";13;2025;11;3;
"475103";00063829999047;"Intermiel Benoîte hydromel";"750";55;2025;11;3;
"14736271";04000147362715;"A Mandria di Signadore Patrimonio Corse";"750";7;2025;11;3;
"15052348";03760126364109;"Château du Tertre Margaux Grand Cru Classé";"750";2;2025;11;3;
"15271680";00622837005029;"St-Nicolas La Passionnée";"473";29;2025;11;3;
"11738609";00827924039448;"Dom de Lavoie Bulles d'Automne Cidre Mousseux";"750";8;2025;11;3;
"11617217";00087752010419;"Sauvignon blanc Goose Bay South Island";"750";38;2025;11;3;
"11665534";03760153280069;"La Folie Château Yvonne Saumur Champigny";"750";23;2025;11;3;
"15256658";00899002000114;"Val Caudalies Frontenac";"750";10;2025;11;3;
"14821299";03701280300039;"Château de Castets Blaye Côtes de Bordeaux";"750";14;2025;11;3;
"15356552";08032804342606;"Azelia Margheria Luigi Scavino Barolo";"750";3;2025;11;3;
"15008283";00852652001351;"NORDIQ Cuvée Hemmingford 01";"750";4;2025;11;3;
"15201067";03760181355074;"Château Léoville Poyferré Grand Cru Classé Saint-Julien";"750";3;2025;11;3;
"15267584";08436028380893;"Vivanco Brunes Rioja";"750";5;2025;11;3;
"15501078";03770001286600;"Domaine Barreau Gaillac";"750";140;2025;11;3;
"15514629";09009100004780;"Eggenberger Hopfenkönig";"330";24;2025;11;3;
"15587289";03211200347452;"Château Ferrande Graves";"750";1;2025;11;3;
"14444201";09120011734846;"Weingut Pittnauer Pitti";"750";5;2025;11;3;
"15529530";03245991128716;"Hennessy X.O.";"750";6;2025;11;3;
"862623";03480597599014;"Château La Caussade Sainte-Croix-du-Mont";"750";36;2025;11;3;
"12488533";08425907087442;"Llopart Corpinnat Brut Reserva";"750";36;2025;11;3;
"12862898";00859670001653;"Coteau Rougemont Bulles Rosé Framboise";"750";14;2025;11;3;
"15182038";04000151820386;"Eleni et Edouard Vocoret Chablis Le Bas de Chapelot";"750";3;2025;11;3;
"15588863";00628110985682;"Menaud Maria";"750";20;2025;11;3;
"11358948";00056049024491;"Zone 37 rouge";"4000";1040;2025;11;3;
"173088";00059578854003;"La Vinée rouge";"20000";19;2025;11;3;
"13477959";03700090300536;"Château Ducasse Bordeaux";"750";105;2025;11;3;
"12898022";04018847184032;"J.Bäumer Pinot Noir";"750";30;2025;11;3;
"15555851";03185370827772;"Moët & Chandon Rosé Impérial Édition Limité";"750";11;2025;11;3;
"13387380";00895958001014;"Versante Nord Terre Siciliane Eduardo Torres Acosta";"750";17;2025;11;3;
"15473062";04901410062403;"Kizakura Karakuchi Ikkon";"100";12;2025;11;3;
"15509686";03176780039299;"LaCheteau Crémant de Loire Brut";"750";20;2025;11;3;
"907568";08007425000150;"Nipozzano Riserva Frescobaldi Chianti Rùfina";"375";8;2025;11;3;
"14960184";00628250101270;"Violette Pamplemousse (4X355ml)";"355";183;2025;11;3;
"12454958";03765682220029;"Jean Foillard Beaujolais";"750";14;2025;11;3;
"10689622";03760177964266;"Domaine des Roches Neuves Saumur-Champigny";"750";3;2025;11;3;
"13210621";03591420200516;"Moulin Touchais Coteaux du Layon";"750";1;2025;11;3;
"15510564";03700218215339;"Murmure de Larcis Ducasse Saint-Emilion Grand Cru";"750";8;2025;11;3;
"15106473";00627843797159;"Domaine Bresee Bressoc Blanc";"750";8;2025;11;3;
"15484044";04000154840442;"Domaine Jean Fournier Marsannay Les Longeroies";"750";3;2025;11;3;
"13628817";06009820750328;"De Morgenzon Maestro Blanc";"750";6;2025;11;3;
"15240074";03511062294407;"Château Cantemerle Haut-Médoc Grand Cru Classé";"750";1;2025;11;3;
"15535825";03760011902768;"L.Lardy Fleurie Les Moriers";"750";45;2025;11;3;
"14183426";05016840192220;"Glen Scotia Victoriana Cask Strength Single Malt";"750";16;2025;11;3;
"14555496";00056049137085;"Revolution Pinot Grigio Vin BLanc";"750";2452;2025;11;3;
"13476139";07804320081496;"Emiliana Coyam";"750";40;2025;11;3;
"15492431";03701034106726;"Le C de Calon Ségur Saint- Estèphe";"750";16;2025;11;3;
"14432656";05600314049785;"Rocim Nat'Cool Fresh From Amphora";"1000";3;2025;11;3;
"15113315";05600999401649;"AdegaMãe Dory Blanc";"750";17;2025;11;3;
"14468931";00609465769349;"Siegloch Sandhase Riesling Trocken";"750";10;2025;11;3;
"15521431";04000155214310;"Le Bourg Clos Rougeard Saumur-Champigny";"750";13;2025;11;3;
"15268886";03593580211210;"Dominique Cornin Pouilly- Fuissé 1er Cru Les Chevrières";"750";2;2025;11;3;
"15444931";05601085004225;"Poças Brig's Dry White";"750";3;2025;11;3;
"15474170";03561012300245;"André et Mireille Tissot Pinot Noir sous la Tour";"750";2;2025;11;3;
"15452114";04260065960268;"Gustavshof Zero S Weiss";"750";5;2025;11;3;
"14944571";03442000121816;"Domaine Antonin Guyon Beaune Clos de la Chaume Gaufriot Mon";"750";3;2025;11;3;
"701714";05287000222006;"Arak Brun Domaine des Tourelles alcool anisé";"750";23;2025;11;3;
"15383171";08030198006548;"Vietti Barolo Riserva";"750";5;2025;11;3;
"10703818";05203995301182;"Kotsifali Lyrarakis vin régional de Crète";"750";7;2025;11;3;
"147694";04003310011885;"Henkell Trocken mousseux";"3000";4;2025;11;3;
"14977541";03537470212512;"Domaine du Vieux Collège Marsannay Les Longeroies";"750";14;2025;11;3;
"10678641";00085316118199;"Cabernet-Sauvignon Terroso Valle del Lontue";"750";14;2025;11;3;
"15180606";08017015304179;"Mastroberardino Radici Taurasi";"750";11;2025;11;3;
"10360261";08423309213001;"Ijalba Varietales Graciano Rioja";"750";7;2025;11;3;
"13321911";03457210720018;"Château de by";"750";17;2025;11;3;
"13570521";07290004528362;"Kerem Ben Zimra Cabernet Sauvignon";"750";8;2025;11;3;
"15127240";07865520781470;"2 Natur Kinder Drei Freunde";"750";1;2025;11;3;
"13579437";03418060000217;"Château des Estanilles Sous les Rocs";"750";2;2025;11;3;
"14222991";00057496009673;"Keep Calm & Thrive Pinot Noir vin rouge";"750";1008;2025;11;3;
"14682111";03700360019458;"Château Closiot Bordeaux";"750";77;2025;11;3;
"10380166";08032880030015;"Palazzo Brunello di Montalcino";"750";2;2025;11;3;
"15535104";05056510014926;"The Octave Invergordon PX Finish 14 ans Single Grain";"700";1;2025;11;3;
"255448";00082896710270;"Fetzer Fumé Blanc";"750";696;2025;11;3;
"13963771";03760040420820;"Les Domaines Paul Mas Claude Val Pays d'Oc";"750";2;2025;11;3;
"896332";03760025956146;"Château Lecusse Gaillac";"750";-1;2025;11;3;
"14808941";00827924039301;"Domaine de Lavoie SV-318";"750";12;2025;11;3;
"12561948";00827924070120;"Les Petits Cailloux Rosé";"750";1;2025;11;3;
"15386410";08030198006425;"Vietti Dolcetto d'Alba Trevìe";"750";6;2025;11;3;
"12039666";03459289700496;"Le réviseur 10 ans X.O. Cognac Fine Petite Champagne";"750";2;2025;11;3;
"15179226";05391532620275;"The Legendary Dark Silkie";"750";5;2025;11;3;
"15540173";00628942964466;"Hydromellerie Tal Bleuet 4 x 355  ml";"355";13;2025;11;3;
"15150141";03760087640038;"Les Cocalières Domaine d' Aupilhac Languedoc Montpeyroux";"750";1;2025;11;3;
"15356579";08032804342620;"Azelia San Rocco Barolo";"750";3;2025;11;3;
"10812969";05000299298466;"Aberlour 16 ans Highland Single Malt";"750";1;2025;11;3;
"15073042";03540437508283;"Château Alcée";"750";2;2025;11;3;
"10388344";03760091910059;"Ch. Roland La Garde Tradition Blaye-Côtes de Bordeaux";"750";3;2025;11;3;
"15469717";04000154697176;"Château Hosanna Pomerol";"750";8;2025;11;3;
"12591371";00622153662180;"Johnnie Walker Green Label 15 Ans";"750";2;2025;11;3;
"15538612";03560960004595;"Taupenot-Merme Auxey-Duresses Village";"750";8;2025;11;3;
"14294396";03517610015166;"Lucien Muzard & Fils Santenay Premier Cru Maladière";"750";5;2025;11;3;
"14020483";05203773000092;"Domaine Skouras Megas Oenos";"750";2;2025;11;3;
"10250855";09311832437003;"Shiraz/Viognier The Laughing Magpie D'Arenberg McLaren Vale";"750";3;2025;11;3;
"14070624";03760060192066;"Domaine de Cristia Côtes du Rhône";"750";4;2025;11;3;
"15564538";06902952894024;"Flying Fairy Kweichow Moutai Chiew";"500";5;2025;11;3;
"15344105";03760424210153;"Pinot Gris Clos Windsbuhl Domaine Zind-Humbrecht";"750";1;2025;11;3;
"15459578";04000154595786;"Chablis Premier Cru Beauregard Domaine Pattes Loup";"750";1;2025;11;3;
"176693";00057496176696;"Olé Sangrita Originale cooler de vin";"1000";843;2025;11;3;
"14682903";00627987176988;"Distilleri Mitis Rhum Nordique";"750";3;2025;11;3;
"15385716";05010496002575;"Bowmore 12 ans Sherry Oak Islay Single Malt";"700";5;2025;11;3;
"15215856";08033866633060;"Le Macchiole Bolgheri Rosso";"1500";2;2025;11;3;
"15229799";03260923020180;"Pol Roger Winston Churchill Brut";"750";2;2025;11;3;
"14970577";00827586001722;"Lacroix Chai Série Découverte (4 x 355 ml)";"355";4;2025;11;3;
"15500041";03258691565453;"Château Les Carmes Haut-Brion Pessac-Léognan";"750";3;2025;11;3;
"14040610";03760248250144;"Julien Sunier Fleurie";"750";3;2025;11;3;
"13909660";00895958001281;"Les Vins Pirouettes Pinot Noir";"750";6;2025;11;3;
"14812771";03286172015005;"Château Arnauld Haut-Médoc cru bourgeois";"750";3;2025;11;3;
"15528342";00659651121123;"Château de Laubade 21 Ans";"700";2;2025;11;3;
"14810573";00628504255308;"Noroi Boréal";"750";5;2025;11;3;
"15334046";08437008224299;"Las Cepas Rebuzno Rioja";"750";5;2025;11;3;
"15498278";03661419115203;"Château Talbot Saint-Julien";"750";162;2025;11;3;
"14947326";00628110058874;"Gentlemint";"750";14;2025;11;3;
"15174994";03524187985433;"Philippe Lancelot Chouilly le Fond du Bateau";"750";1;2025;11;3;
"15408789";04000148579020;"Don Wines Pinot Noir Nelson";"750";1;2025;11;3;
"15180091";04989880087096;"Shichiken Sparkling Brume de Montagne";"360";1;2025;11;3;
"13984037";00063829999276;"Intermiel O Signé Macle";"750";1;2025;11;3;
"13526597";05410557000135;"Brasserie Blaugies La Vermontoise";"750";1;2025;11;3;
"12897901";08011074150012;"Il Poggione Brunello di Montalcino";"750";2;2025;11;3;
"13374706";00627843690658;"Miellerie St-Patrice Valhalla";"500";1;2025;11;3;
"13622407";08032568512321;"ColleMassari Rigoleto Montecucco Rosso";"750";1;2025;11;3;
"15366566";03760027872093;"Audoin Marsannay les Longeroie";"750";3;2025;11;3;
"15221981";08003503018727;"Montresor Prosecco Brut";"750";1;2025;11;3;
"12689520";03700980200021;"Domaine Gauby Les Calcinaires rouge";"750";1;2025;11;3;
"14973196";03535928067509;"L. Jadot Clos des Gatsulards Monopole Santenay";"750";4;2025;11;3;
"14798041";04000149466909;"Château Phélan Ségur Saint-Estèphe";"750";3;2025;11;3;
"15287868";05056510008802;"Duncan Taylor Octave Glentauchers";"700";1;2025;11;3;
"15536537";03683080667416;"Chavy-Chouet Meursault Premier Cru Les Charmes";"750";1;2025;11;3;
"15068551";00812485000594;"Escudo Rojo Gran Reserva Valle Central";"750";6;2025;11;3;
"14998502";03760361302010;"Chateau de Chamirey Mercurey Premier Cru en Sazenay";"750";1;2025;11;3;
"15586702";03700188073144;"Château Coufran Haut-Médoc";"750";6;2025;11;3;
"12806731";03666140036100;"Rock Angel Côtes de Provence";"750";2;2025;11;3;
"15441010";03550780000426;"Bonnigal Bodet Touraine Amboise Huis Clos";"750";1;2025;11;3;
"15549856";04000155498567;"Domaine de Montille Meursault Premier Cru Les Perrières";"1500";1;2025;11;3;
"14917629";08436532093463;"Win Tempranillo 12 meses";"750";3;2025;11;3;
"15137595";08421499001996;"Batea Sense Terra Alta";"750";6;2025;11;3;
"15344754";08028777008212;"Poderi Aldo Conterno Conca Tre Pile Barbera d'Alba";"750";1;2025;11;3;
"13303836";08002001047093;"Tollo Mo Montepulciano d'Abruzzo Riserva";"750";1;2025;11;3;
"15402281";04000154022817;"Chambertin grand cru Armand Rousseau";"750";1;2025;11;3;
"14715429";00661144000631;"Foreign Affair Win. Conspiracy Péninsule du Niagara";"750";1;2025;11;3;
"15327989";03760309370118;"Alter Ego Margaux";"1500";1;2025;11;3;
"14564211";04000145642116;"Vincent Pinard Vendanges Entières Sancerre";"750";1;2025;11;3;
"13106541";00056049134503;"Jaléo Rouge";"750";12;2025;11;3;
"15052807";04000151575293;"Château Mouton Rothschild PGCC Pauillac";"750";3;2025;11;3;
"15279500";07794450943552;"Catena White Clay Lujan de Cuyo";"750";187;2025;11;3;
"868729";18420347141027;"Baron de Ley Reserva Rioja";"750";2350;2025;11;3;
"123133";05201003110702;"Kaloyannis 12 Ouzo";"750";391;2025;11;3;
"741108";08413472050954;"Lan Rioja Crianza";"750";2098;2025;11;3;
"12560401";08033765258753;"Vento Di Mare Pinot Grigio Terre Siciliane";"750";6330;2025;11;3;
"14878498";00854745000494;"Coureur des Bois Excellence 12";"750";386;2025;11;3;
"12716356";03770003034131;"Château Lacour Jacquet Haut Médoc Cru Bourgeois";"750";31;2025;11;3;
"240416";08003503000555;"Montresor Amarone della Valpolicella";"750";1276;2025;11;3;
"12494677";08003625079200;"Luna Di Luna Salento";"750";678;2025;11;3;
"15440252";00851006001474;"3 Lacs Gin Limonade Rose 4 x 355ml 0%";"355";3151;2025;11;3;
"116426";07804320043203;"Frontera Cabernet-Sauvignon Valle Central";"750";3273;2025;11;3;
"15449871";00063657006290;"Jackson Triggs  Reserve Chardonnay";"750";360;2025;11;3;
"15317941";08003015713455;"Carpineto Chianti Classico";"375";218;2025;11;3;
"11767768";03760040426204;"Dom. Paul Mas Vignes de Nicole l'Assemblage Blanc";"750";4491;2025;11;3;
"196287";00048415363396;"Crème de menthe verte Meagher liqueur de menthe";"750";720;2025;11;3;
"11455342";03483812150007;"Saint Cosme Côtes du Rhône";"750";759;2025;11;3;
"12592980";00080686823261;"Canadian Club 100% Rye";"750";2036;2025;11;3;
"15137552";03760165370116;"Mademoiselle du Mont Côtes du Rhône";"750";1159;2025;11;3;
"4069";08001660101733;"Ruffino Chianti";"375";1313;2025;11;3;
"69229";00000030043947;"Grand Marnier";"50";3229;2025;11;3;
"10258638";03584692330142;"Château Calabre Montravel";"750";150;2025;11;3;
"15557119";00848819001968;"White Claw Caisse Mixte No. 2 12 x 355 ml";"355";8479;2025;11;3;
"15404235";03433110048513;"Roseblood d'Estoublon Coteaux d'Aix-en-Provence";"750";27;2025;11;3;
"15298807";00065912006977;"Mott's Clamato Caesar Extra- épicé (6 x 341 ml)";"341";14533;2025;11;3;
"12604098";08423302131111;"Izadi Reserva Rioja";"750";1127;2025;11;3;
"447334";00774336473349;"Merlot Antoine Bonet vin de pays d'Oc";"4000";844;2025;11;3;
"10269388";05604424108011;"Bons-Ventos Lisboa Casa Santos Lima";"750";7922;2025;11;3;
"13453762";04040354200172;"Burg Ravensburg Riesling";"750";187;2025;11;3;
"110221";00088352103297;"St-Rémy VSOP";"375";3693;2025;11;3;
"223537";03394150008717;"Sirius Merlot/Cabernet Bordeaux";"750";2045;2025;11;3;
"10516625";03664395026259;"Maison Champy Cuvée Edme Bourgogne Pinot Noir";"750";405;2025;11;3;
"10666826";05011013100095;"Baileys l'Originale";"1140";4294;2025;11;3;
"11253599";03760025958256;"Château Lecusse Gaillac Cuvée Spéciale";"750";2474;2025;11;3;
"14748765";03770020903021;"Domaine Vignes du Maynes Mâcon";"750";22;2025;11;3;
"14878842";03760196320272;"Dom. du Tix Bonhomme-Tremblay";"750";218;2025;11;3;
"15357256";08033286611013;"Ornello Rocca di Frassinello";"750";15;2025;11;3;
"15455649";00628011553492;"Comont Paloma Blanco 4 x 355 ml";"355";414;2025;11;3;
"15539682";09003634118104;"Esterhazy Klimt Grüner Veltliner Burgenland";"375";430;2025;11;3;
"411892";08013417000015;"Taurino Riserva Salice Salentino";"750";655;2025;11;3;
"13184056";03760212210051;"Bastide de la Ciselette Bandol";"750";8;2025;11;3;
"11379749";06009607660857;"Ken Forrester Petit Pinotage Western Cape";"750";103;2025;11;3;
"11456492";03561019600096;"D. André Et Mireille Tissot Crémant du Jura";"750";84;2025;11;3;
"15264800";00834482000612;"Pascal Bouchard Bourgogne Aligoté Réserve St-Pierre";"750";37;2025;11;3;
"15309086";03298663407091;"Jean Loron Jean Beaujolais";"750";179;2025;11;3;
"11073918";00087113115258;"C'est La Vie! Syrah-Grenache";"750";413;2025;11;3;
"10324615";03546680019149;"Laroche 3 Grappes Blanches De la Chevalière Pays d'Oc";"750";12665;2025;11;3;
"13893178";00642038000333;"Albino Armani Ripasso Valpolicella Superiore";"750";217;2025;11;3;
"11676137";00083729007796;"Maison Castel Chardonnay- Viognier Grande Réserve";"750";2167;2025;11;3;
"12398491";03419640011302;"Tribaut Schloesser Brut Reserve";"750";992;2025;11;3;
"15210414";08410744011071;"Knock Knock Tempranillo Syrah";"750";653;2025;11;3;
"14567593";00827924038083;"Artisans Prémices Blanc";"750";357;2025;11;3;
"13286829";03142920024401;"Gabriel Meffre Saint-Mapalis Plan de Dieu";"750";1683;2025;11;3;
"14816211";03760290642751;"Domaine De Chevalier L'Esprit de Chevalier Pessac-Léognan";"750";4;2025;11;3;
"13692966";00628110521071;"Bold Vodka";"750";327;2025;11;3;
"13575815";08029439000155;"Ciù Ciù Oris Falerio";"750";1394;2025;11;3;
"12477914";03021891080732;"Réserve St-Martin Merlot";"750";550;2025;11;3;
"15180622";08005390004999;"Sartori Amarone della Valpolicella";"750";165;2025;11;3;
"15298313";00848819001340;"White Claw Vodka Smash Caisse Mixte (8 x 355 ml)";"355";2609;2025;11;3;
"14465933";04260196280334;"Leitz Eins-Zwei-Zero Riesling désalcoolisé";"250";33;2025;11;3;
"14093041";03299641118886;"Veuve Ambal Grande Cuvée Brut Crémant de Bourgogne";"750";378;2025;11;3;
"11442664";08001660104758;"Ruffino Modus Toscana";"750";976;2025;11;3;
"10518962";00087752005644;"Bartenura Moscato";"750";806;2025;11;3;
"13737941";03683080356716;"Quarticello Neromaestri";"750";64;2025;11;3;
"14016020";00628504255018;"Noroi Vodka Soda 4 x 355 ml Citron Lime";"355";830;2025;11;3;
"10701265";05200104241018;"Ktima Pavlidis Thema";"750";517;2025;11;3;
"35840";05900343008143;"Zubrowka Herbe de bison";"750";322;2025;11;3;
"13566521";09310297009428;"Penfolds Max's Shiraz-Cabernet";"750";206;2025;11;3;
"14588757";00628451418122;"Cirka Sauvage";"750";97;2025;11;3;
"15421043";08901193004122;"Amrut Fusion Single Malt";"700";88;2025;11;3;
"11869457";05010867101982;"Warre's Otima tawny 10 Ans";"500";209;2025;11;3;
"14937988";00057496013168;"Brise de Mer Sauvignon Blanc";"750";1652;2025;11;3;
"15586796";03760147653954;"Château Soutard Saint-Emilion Grand Cru";"750";11;2025;11;3;
"14302923";04000143029230;"Coffret-cadeau en bois pour une bouteille";"1";135;2025;11;3;
"13952570";00615150986250;"Château de Cartes Atout Rouge";"750";44;2025;11;3;
"969303";03760149591520;"Château Pesquié Quintessence Ventoux";"750";542;2025;11;3;
"12699103";08033765258142;"Torrecorta Terre Siciliane";"750";2137;2025;11;3;
"14398751";00628176471037;"Rosemont Mojito Épicé (4 x 355 ml) Dist de Montréal";"355";909;2025;11;3;
"13990592";05203888272254;"Kir-Yianni Assyrtiko";"750";430;2025;11;3;
"15210342";08437008052076;"Bodegas Bastida Talma Garnacha";"750";1915;2025;11;3;
"11826289";03245999484319;"Hennessy V.S.O.P.";"750";191;2025;11;3;
"11962900";08412423121095;"Borsao Berola Campo de Borja";"750";605;2025;11;3;
"972422";03192040534809;"Château Viramière Saint-Émilion grand cru";"750";22;2025;11;3;
"13913378";08032622930191;"Perrini Negroamaro Puglia";"750";164;2025;11;3;
"15070394";03760211021405;"Château Lilian Ladouys Saint- Estèphe";"750";11;2025;11;3;
"14977533";03463647526130;"Domaine du Vieux Collège Marsannay Les Clos du Roy";"750";20;2025;11;3;
"15471551";00827924059323;"Courville Romanesque";"750";16;2025;11;3;
"15115169";00628250939910;"Aléa Liqueur d'Espresso";"700";112;2025;11;3;
"13187126";00818276003232;"Umberto Cesari Vintage Collection Sangiovese";"750";393;2025;11;3;
"14700235";00057496011386;"Seventh Heaven Gin Fizz Pampl. (4x355ml)";"355";3551;2025;11;3;
"14092698";05603977009349;"Niepoort Nat'Cool Drink Me";"1000";795;2025;11;3;
"15070466";03453521289251;"Château Deyrem Valentin Margau";"750";42;2025;11;3;
"15208234";05202413007019;"Ouzo of Plomari Isidoros Arvanitis";"700";23;2025;11;3;
"15303987";08033675412184;"Elvio Cogno Barolo Riserva Vigna Elena";"750";1;2025;11;3;
"11264491";08410062600407;"Gran Feudo Crianza";"750";14;2025;11;3;
"15235101";08033765252409;"Tenute Orestiadi Catarratto Sicilia";"750";19;2025;11;3;
"13612760";00063829999252;"1534 Vin Érable Type Vermouth";"750";24;2025;11;3;
"551085";00620654011230;"Inniskillin Icewine Vidal Niagara Peninsula";"375";66;2025;11;3;
"10654948";08424487600188;"Juvé y Camps Brut Nature Reserva de la Familia Cava";"750";446;2025;11;3;
"11333513";07804320081335;"Carmenère/Cabernet-Sauvignon Novas valle de Colchagua";"750";2;2025;11;3;
"15188747";03700305402086;"Château de Ferrand Saint- Emilion Grand Cru Classé";"750";42;2025;11;3;
"10678835";07290100940945;"Cabernet-Sauvignon Terroso Yecla";"750";346;2025;11;3;
"12554676";00626990094982;"Chum Churum Soju Original";"360";81;2025;11;3;
"15473960";00628942687914;"Trail Estate Jus Rouge";"750";8;2025;11;3;
"14183872";05712718005523;"Ron Cristobal Pinta";"700";2;2025;11;3;
"15385732";03770019694244;"Moderato Colombard Cabernet Sauvignon Rosé";"750";55;2025;11;3;
"14977891";03770009836067;"Domaine Capelanel Titou";"750";104;2025;11;3;
"13445981";05603977000902;"Niepoort Diálogo";"1500";36;2025;11;3;
"14955051";03760076070006;"Domaine de Valdition Vallon Des Anges";"750";1;2025;11;3;
"12374149";03423112257211;"Château Vignelaure Rosé";"750";3;2025;11;3;
"15011440";00628176313139;"Beemer Liqueur de Cerise";"375";29;2025;11;3;
"12875630";03760151313110;"Domaine du Prieuré avigny-lès-Beaune";"750";31;2025;11;3;
"15298006";00080432002186;"Absolut Saveurs assorties (8 x 355 ml)";"355";1208;2025;11;3;
"14721896";00695554018986;"Milton Star Limonade Givrée (4 x 355 ml)";"355";322;2025;11;3;
"13615160";03760263790021;"Domaine Alexandre Chablis";"750";566;2025;11;3;
"15521888";00831256007266;"Ferme de la Sansonnière Les Ruelles";"750";1;2025;11;3;
"14959802";00873674000009;"Miele Sour Limonade Amaretto Ananas (4 x 355 ml)";"355";21;2025;11;3;
"15299914";00062067421693;"Palm Bay Mixer (12 x 355ml)";"355";912;2025;11;3;
"197228";03185130085961;"Pfaff Yellow Tie Gewurztramine";"750";415;2025;11;3;
"12842256";03760054832534;"Domaine la Suffrene Bandol Rosé";"750";21;2025;11;3;
"14893145";06002269001488;"Van Loveren Blue Velvet Pinot Noir Robertson";"750";16;2025;11;3;
"11414241";08410869450021;"Marqués de Riscal Reserva Rioja";"375";21;2025;11;3;
"10248931";05204222575024;"Domaine Gerovassiliou Epanomi";"750";20;2025;11;3;
"13959675";08007555000907;"La Poderina Brunello di Montal cino Tenute del Cerro";"750";26;2025;11;3;
"13141460";07758218181112;"Santiago Queirolo Pisco Quebranta";"750";83;2025;11;3;
"12930926";03760109875202;"Domaine du Gros'Noré Bandol";"750";13;2025;11;3;
"15200937";03700188064784;"Château Phélan Ségur Saint-Estèphe";"750";3;2025;11;3;
"15229051";08437011762818;"Albet i Noya Icònic Petit Albet Penedès";"750";18;2025;11;3;
"11636143";03760144821103;"Château Le Caillou Pomerol";"750";114;2025;11;3;
"14029007";04904230074113;"Nikka Coffey Gin";"700";36;2025;11;3;
"15220946";00839905007209;"Les Bertrand Fleurie Cuvée du Chaos";"750";7;2025;11;3;
"15105729";03479650000284;"Madame de Beaucaillou Haut-Médoc";"750";7;2025;11;3;
"14936491";03760210040056;"Domaine de Montbourgeau L'Étoile Cuvée spéciale";"750";2;2025;11;3;
"15521562";00628425160828;"Cherry River Crème Glacée à la Vanille Coaticook";"750";368;2025;11;3;
"13614642";08050262650088;"Paraschos Orange One";"750";31;2025;11;3;
"14375268";00627987101690;"Côte des Saints Premium";"750";9;2025;11;3;
"13402316";03760201500200;"Cami Salié Jurançon Sec Lionel Osmin & Cie";"750";28;2025;11;3;
"15438056";00628678625181;"Au Pied de Cochon Melon d'eau 4 x 355ml";"355";97;2025;11;3;
"14879520";00628110848123;"St-Laurent Rye";"700";68;2025;11;3;
"625889";05602660001295;"Cabral tawny 30 ans";"750";18;2025;11;3;
"14676095";05604424429031;"Casa Santos Lima Rosé Blend Lisboa";"750";2;2025;11;3;
"15439041";03507720110929;"Gevrey Chambertin Domaine Drouhin-Laroze";"750";2;2025;11;3;
"357194";07610224106292;"Kirsch Tradition Vieille Fine Fassbind eau-de-vie";"350";50;2025;11;3;
"11873190";08033286980348;"Monte delle vigne Lambrusco";"750";13;2025;11;3;
"15327760";08379830040206;"La Fortuna Rosso di Montalcino Special Late Release";"750";104;2025;11;3;
"13940561";00777081717768;"Lola Riesling Pelee Island";"750";27;2025;11;3;
"15183751";00795652202161;"Jinro Makguli";"750";28;2025;11;3;
"565614";00774167656140;"Nobella de Espana rouge";"20000";15;2025;11;3;
"15073835";04902051021682;"Hakushika Kijuro";"720";15;2025;11;3;
"15011167";03560042351210;"Coucher de Soleil Sauvignon blanc";"750";3;2025;11;3;
"15509694";06286347700887;"Jeux de Vins, Bonne Mine";"750";15;2025;11;3;
"14530643";00037496010909;"Wild North Rye 5 Ans";"750";38;2025;11;3;
"15199155";08033481320109;"Tua Rita Redigaffi";"750";3;2025;11;3;
"12592496";03573850001604;"Domaine du Nozay Sancerre";"750";11;2025;11;3;
"15332657";09329448003345;"Joseph Chromy Riesling";"750";10;2025;11;3;
"15443445";03259663034793;"Laurent Dufouleur Bouzeron";"750";30;2025;11;3;
"15521415";04000155214150;"Guidalberto Tenuta San Guido Toscana i.g.t.";"750";39;2025;11;3;
"15100813";00851006001085;"3 Lacs Orange Triple Sec";"750";29;2025;11;3;
"15088279";04000150882798;"Sac réutilisable 4 bouteilles polypropylène";"1";1;2025;11;3;
"15472844";03701618900696;"C des Carmes Haut-Brion Pessac-Léognan";"750";1;2025;11;3;
"15533361";00869013000021;"Hickinbotham Clarendon Trueman Cabernet Sauvignon";"750";4;2025;11;3;
"13031973";03574721000009;"Champalou Vouvray Brut";"750";5;2025;11;3;
"14378135";00990312401148;"Union Libre UL Rosé";"750";48;2025;11;3;
"15031416";04016462171109;"Dr. Bürklin-Wolf";"750";3;2025;11;3;
"14536586";00627843561828;"White Keys Vodka";"750";46;2025;11;3;
"15088244";03760181572198;"Famille Grossot Chablis Premier Cru Les Fourneaux";"750";20;2025;11;3;
"14293553";08056772640014;"Elisabetta Abrami Franciacorta";"750";5;2025;11;3;
"15555762";03185370825884;"Moët & Chandon Brut Impérial Édition Limitée";"750";24;2025;11;3;
"15263647";03760310550035;"Patte Blanche Vis-à-Vis VSOP";"700";3;2025;11;3;
"15141324";00628110521088;"Bold Whisky à l'Érable";"700";6;2025;11;3;
"14997956";08027374675193;"Tenimenti Luigi d'Alessandro Syrah Toscana";"750";3;2025;11;3;
"15337731";03760115440210;"Prieuré de Montézargues Tavel";"750";6;2025;11;3;
"14727518";00631471000352;"Famille Perrin Côtes du Rhône Signature";"750";42;2025;11;3;
"12360855";00858037000223;"Pommard La Chanière Maréchal";"750";1;2025;11;3;
"14691113";08059307390101;"Lenuzza Schioppettino Prepotto Friuli Colli Orientali";"750";4;2025;11;3;
"15269977";06009835630677;"Jasper Raats Driefontein Stellenbosch";"750";11;2025;11;3;
"15150159";08033373295560;"Frank Cornelissen Munjebel Rosso VA Vigne Alte";"750";2;2025;11;3;
"13885485";03760277871785;"Vignoble du Rêveur Artisan Vignoble du Rêveur Artisan";"750";3;2025;11;3;
"12990531";09311789001692;"Yalumba Organic Shiraz";"750";63;2025;11;3;
"15335305";00747020919317;"Benromach 10 Ans Speyside Single Malt";"750";4;2025;11;3;
"14786155";08033229400926;"Tenuta La Fortuna Brunello di Montalcino";"750";7;2025;11;3;
"15516544";03760163409948;"Zind-Humbrecht Riesling Roche Calcaire";"750";2;2025;11;3;
"15097407";00887341007093;"Campari Negroni";"375";10;2025;11;3;
"13909512";05010327304274;"Glenfiddich Experimental Series #4 Fire & Cane";"750";4;2025;11;3;
"15329861";08032049220028;"Cepparello Isole e Olena Toscana i.g.t.";"750";7;2025;11;3;
"12433882";08007117010061;"Cocchi Americano Bianco";"750";24;2025;11;3;
"14924984";00803289405814;"Passione Natura Montepulciano d'Abruzzo";"750";2;2025;11;3;
"11589666";03436802170417;"Chablis Premier Cru Vau de Vey Jean-Marc Brocard";"750";21;2025;11;3;
"15331005";00628942040559;"Midi Tequila Blanco";"750";0;2025;11;3;
"131870";00811538016322;"Bushmills 10 ans Single Malt";"750";5;2025;11;3;
"15287551";03309712121117;"Domaine de la Mordorée La Dame Rousse Lirac";"750";1;2025;11;3;
"14954155";08033309310015;"Corte Moschina Roncathe Soave";"750";23;2025;11;3;
"14913927";08003807002156;"Borgogno Derthona";"750";9;2025;11;3;
"15289812";03760361301952;"Mercurey 1er cru Les Ruelles Château de Chamirey";"750";7;2025;11;3;
"15416738";03683080597041;"Les Vignerons d'Estézargues Carambouille";"750";35;2025;11;3;
"15438697";03760218140130;"Franc Baudron Montagne Saint Émilion Cuvée Authentique";"750";1;2025;11;3;
"11330101";03760113370021;"Pouilly-Fuissé Château Fuissé Tête de Cuvée";"750";23;2025;11;3;
"11463924";08410113003720;"Miguel Torres Cos Perpetual Priorat";"750";8;2025;11;3;
"15478234";00812884010361;"Cocodrilo Corte";"750";20;2025;11;3;
"14228701";03760187171111;"Jérémie Huchet Muscadet Les Quinze Hommées";"750";17;2025;11;3;
"15479173";03342835653172;"Chassagne Montrachet Premier Cru Les Chenevottes Chanson";"750";1;2025;11;3;
"15436376";03191381132118;"Château Fougas Maldoror Côtes de Bourg";"750";1;2025;11;3;
"15458495";03328155002074;"Château Plince Pomerol";"750";-1;2025;11;3;
"15174978";05016840155300;"Loch Lomond, 12 ans Inchmoan Single Malt";"750";3;2025;11;3;
"14898405";03513276600005;"Le Pinard de Rochard Grolleau/ Chenin";"750";3;2025;11;3;
"15438486";03298664107211;"Les Repentis Bourgogne Gamay";"750";7;2025;11;3;
"15287930";05056510008932;"Duncan Taylor Glenrothes Single Cask";"700";1;2025;11;3;
"11599830";03508032015254;"Mercurey Premier Cru Clos des Barrault Michel Juillot";"750";6;2025;11;3;
"12880691";00084279993638;"Opihr Oriental Spiced London dry gin";"750";3;2025;11;3;
"14824254";00628176744100;"Lore & Legends Vodka";"750";2;2025;11;3;
"15052081";03249990055998;"Château Batailley Grand Cru Classé Pauillac";"750";1;2025;11;3;
"13734337";03328155003996;"Christian Moueix Bordeaux";"750";2;2025;11;3;
"14970075";03460410538550;"Planteray Isle of Fidji";"700";4;2025;11;3;
"13774689";08054314340484;"Tenuta Arbeta Langhe";"750";2;2025;11;3;
"11315171";05281022045902;"Château Ksara Clos St-Alphonse Vallée de Bekaa";"750";15;2025;11;3;
"15042668";03664395032212;"Maison Champy - Chorey-les- Beaune";"750";7;2025;11;3;
"15515816";04000155158164;"E. Guigal Côtes-du-Rhône";"375";1;2025;11;3;
"14719681";00057496010747;"Bon Temps Pour... Cab Sauvigno Vin Rouge";"750";1020;2025;11;3;
"15510855";00063657046937;"Nicolas Laloux Cuvée Bohème Vin Rouge";"1000";12939;2025;11;3;
"10974976";03024480002191;"Rémy Martin Louis XIII";"700";4;2025;11;3;
"14748255";00067311799337;"Stefano Catarratto Vin Blanc";"750";720;2025;11;3;
"13567647";03760014980749;"La Grange Dimière Jean-Max Roger";"750";-2;2025;11;3;
"14810354";03770005597405;"Dom. Gueguen Chablis Premier Cru Vaucoupin";"750";24;2025;11;3;
"14955166";03760225270127;"Domaine Sébastien Giroux Pouilly-Loché";"750";6;2025;11;3;
"11472337";08002235020121;"Castello d'Albola Chianti Classico";"750";4;2025;11;3;
"13963931";03490960200300;"Pascal Jolivet Sancerre";"750";2;2025;11;3;
"12899851";03590701223114;"Aloxe-Corton Domaine Chevalier Père & Fils";"750";6;2025;11;3;
"14973014";00057496013298;"Dolce Venti Montepulciano-San giovese Vin Rouge";"750";1020;2025;11;3;
"15145798";03455370107229;"Domaine Pignier Côtes du Jura Gamay";"750";1;2025;11;3;
"11156502";00728817199723;"Gekkeikan sake";"18000";25;2025;11;3;
"14199743";03282946106481;"Nicolas Feuillatte Brut Vintage";"750";2;2025;11;3;
"14788644";00799705518230;"Château de Cartes Marquette Réserve";"750";4;2025;11;3;
"14646814";03740069094028;"Bout du Monde Échappée Belle";"750";-1;2025;11;3;
"15085060";00827924119263;"Le Chat Botté Premiers Pas";"750";5;2025;11;3;
"14113698";03760103820611;"Domaine Olivier Pithon Côtes Catalanes Carignan";"750";1;2025;11;3;
"255851";00059578207410;"Le Forêt Noire mousseux";"750";2016;2025;11;3;
"15247532";03446281100034;"Champagne Palmer & Co La Réserve";"750";1;2025;11;3;
"14970059";03760199220050;"Tahiti Love Rhum Au Miel";"700";2;2025;11;3;
"15487528";08033675412191;"Elvio Cogno Barolo Riserva Vigna Elena";"750";3;2025;11;3;
"13479241";03760078971288;"Do. Besson Chablis Premier Cru Montmains";"750";1;2025;11;3;
"15472975";08005829988593;"Bottega Crema di Gianduia Fondente";"500";1;2025;11;3;
"14152494";03584670005130;"Vincent Pinard Grand Chemarin Sancerre";"750";1;2025;11;3;
"15469741";04000154697411;"Château Trotanoy Pomerol";"750";7;2025;11;3;
"15449468";04000154494683;"Domaine Olivier Pithon Côtes Catalanes La D18";"750";5;2025;11;3;
"15442291";00854954000520;"Radford Dale Thirst Clairette Stellenbosch";"750";1;2025;11;3;
"14999812";03760046000613;"J.L. Chave Selection Mon Coeur J.L. Chave Selection Mon Coeur";"1500";1;2025;11;3;
"15521503";08017015314178;"Mastroberardino Radici Taurasi Riserva";"750";3;2025;11;3;
"15127590";08005389027015;"Monte Schiavo Pic-Eno Monte Schiavo Pic-Eno";"750";16;2025;11;3;
"13314914";03760162660531;"S. Ogier Le Temps est Venu Côtes du Rhône";"750";6;2025;11;3;
"14597338";04000145973388;"Raul Perez Ultreia Paluezas";"750";3;2025;11;3;
"14971191";00628110292278;"Dom. Labranche Vin bl Érable Exclusif";"750";7;2025;11;3;
"14439920";03760042572152;"Château Moncets Lalande de Pomerol";"750";50;2025;11;3;
"15255591";00839343000862;"La Massa Carla 6 Toscana";"750";1;2025;11;3;
"10860346";00836951004237;"Poderi Colla Nebbiolo d'Alba";"750";5;2025;11;3;
"13963463";03700967702449;"Mathilde Chapoutier Sélection Orsuro";"750";2;2025;11;3;
"13323440";03289810001293;"Le Clos de Bannon Domaine Fouassier";"750";2;2025;11;3;
"11733904";00721733100026;"Pyrat XO reserve rhum brun";"750";5;2025;11;3;
"15210326";00627167100796;"Wayne Gretzky Salted Caramel Canadian Cream Whisky";"750";4;2025;11;3;
"14800754";00818276003454;"Umberto Cesari Costa Di Rose";"750";1;2025;11;3;
"14807382";03760309371207;"Château Palmer Grand Cru Classé Margaux";"750";6;2025;11;3;
"15296490";04000152964904;"Matunei Macaia";"750";2;2025;11;3;
"13987983";03335200009797;"Esprit Nature Bordeaux Rauzan";"750";2;2025;11;3;
"15264201";00834298000004;"Odfjell Armador Sauvignon Blanc Valle de Casablanca";"750";1;2025;11;3;
"13740665";00088076188518;"Don Julio Reposado";"750";1;2025;11;3;
"15200574";03328155023840;"Château Hosanna Pomerol";"750";1;2025;11;3;
"598623";00057496598627;"Settler's Cove The First Fleet Shiraz / Cabernet";"750";7;2025;11;3;
"15388301";00631470008694;"Maison Les Alexandrins Cornas";"750";1;2025;11;3;
"14762022";03340060191001;"Vidal-Fleury Côte Rôtie La Chatillonne";"750";-1;2025;11;3;
"14788880";00609780050016;"Ouï-dire Vin Blanc";"750";1;2025;11;3;
"14941573";07798331100850;"Dandelion Skin Contact Mendoza";"750";1;2025;11;3;
"14127651";08437011795885;"Bernabeleva Camino de Navaherreros Vinos de Madrid";"750";61;2025;11;3;
"15234601";03760037260958;"Clos Bellane Vinsobres";"750";1;2025;11;3;
"13507441";08025205000466;"Cab.-Sauv. San Fabiano Calcinaia Toscana";"750";5;2025;11;3;
"10914877";00088004144746;"Fireball Whisky à la Canelle";"750";4806;2025;11;3;
"265439";08004445110708;"Pellegrino Fine Italia Particolare Marsala";"750";549;2025;11;3;
"11462112";00063657006962;"Jackson-Triggs Merlot Réserve";"750";795;2025;11;3;
"13239862";03760159160884;"Domaine Billard Père et Fils Hautes-Côtes de Beaune";"750";465;2025;11;3;
"14431223";05601854108833;"Castelo Rodrigo Beira Interior";"750";122;2025;11;3;
"15097562";07791540054112;"Koskil Pinot Noir Patagonia";"750";720;2025;11;3;
"14561781";00627987103663;"Cherry River Dry Gin";"750";36;2025;11;3;
"11254495";00892339002172;"Si Soave";"750";5592;2025;11;3;
"14060670";03257698321109;"Moulin de Gassac Pays D'Oc Pinot Noir";"750";315;2025;11;3;
"11447414";00622153625062;"Tanqueray";"1140";3187;2025;11;3;
"10272093";03365585017513;"Château de Gaudou Renaissance Malbec Cahors";"750";79;2025;11;3;
"10825920";03380140240854;"Belle de Brillet liqueur de poire et cognac";"700";1537;2025;11;3;
"643700";00635335596197;"Lurton les Fumées Blanches Côtes de Gascogne";"750";7390;2025;11;3;
"12166825";09310415011548;"McGuigan Private Bin Shiraz";"750";961;2025;11;3;
"13735305";00040232205811;"Romeo's Gin";"750";1309;2025;11;3;
"15416746";00635335313138;"Zero Fumées Blanches Sauvignon Blanc";"750";1948;2025;11;3;
"12484436";05010867410220;"Graham's Tawny 10 ans";"750";155;2025;11;3;
"15298330";00082000807148;"Smirnoff Vodka & Soda Caisse Mixte (12 x 355ml)";"355";5988;2025;11;3;
"15335655";00873674000030;"Miele Sour Limonade Amaretto Faible en Alcool 4 x 355 ml";"355";1749;2025;11;3;
"15396204";08801048178308;"Jinro Soju Prune";"360";842;2025;11;3;
"15084340";04260196280129;"Leitz Zero Point Five Pinot Noir";"750";632;2025;11;3;
"10780338";00818276000644;"Umberto Cesari Sangiovese di Romagna Riserva";"750";3143;2025;11;3;
"15523496";03251092504267;"Croix de Beauséjour Saint-Emilion Grand Cru";"750";8;2025;11;3;
"13880191";08032584220019;"Ampeleia Bianco di Ampeleia";"750";24;2025;11;3;
"9043";00087000007604;"Crown Royal";"375";1760;2025;11;3;
"10270442";08000160632402;"Folonari Valpolicella";"750";12766;2025;11;3;
"11905841";09311910102977;"Peter Lehmann Layers Adelaide";"750";855;2025;11;3;
"15243128";00851006001306;"3 Lacs Pamplemousse Romarin";"700";351;2025;11;3;
"892406";03391263012013;"Château Treytins Lalande-de-Pomerol";"750";281;2025;11;3;
"741173";00827924049010;"Domaine De Lavoie Rouge";"750";263;2025;11;3;
"15147911";03451740530000;"Absinthe Fleur Bleue Absintherie des Cantons";"500";12;2025;11;3;
"534768";03760022532114;"Roseline Vin de pays de Méditerranée";"750";2595;2025;11;3;
"12221628";03604894772370;"Château Beaulieu Coteaux Rosé d'Aix-en-Provence";"750";386;2025;11;3;
"14732181";00827924079215;"Domaine St-Jacques Classique";"750";398;2025;11;3;
"14947334";00628110058881;"Gentlemint Eucal. et Chocolat Noir";"750";63;2025;11;3;
"14092680";05600824210019;"Niepoort Nat'Cool Drink Me Bairrada";"1000";629;2025;11;3;
"15487051";04000154870517;"Bussola Valpolicella Classico";"750";2;2025;11;3;
"15147187";00057496013625;"Atanga Sauvignon blanc";"750";305;2025;11;3;
"15004215";09120038120868;"Eschenhof Holzer The Natural Orange Grüner Veltliner";"1000";282;2025;11;3;
"14349051";03760211165796;"Christophe Pacalet Marcellins Beaujolais";"750";740;2025;11;3;
"69781";04750021003462;"Stoli Sans Gluten";"750";545;2025;11;3;
"11639441";03760125863016;"Petit Chablis Clotilde Davenne";"750";397;2025;11;3;
"19935";03442680030088;"Willm Riesling Réserve";"375";218;2025;11;3;
"11767565";08412325000689;"Lustau Manzanilla Papirusa Solera very dry Xérès";"375";8;2025;11;3;
"14645563";03770001216102;"Château Belle-Vue Haut-Médoc";"750";3;2025;11;3;
"13014372";08032764291501;"Montalbera Grigné Grignolino d'Asti";"750";894;2025;11;3;
"437772";05901867816726;"Belvedere";"750";1352;2025;11;3;
"12473825";08437011734068;"Moraza Rioja Alta";"750";229;2025;11;3;
"15031176";08423110752614;"Parajes del Valle Orange Ecológico";"750";595;2025;11;3;
"15264084";03760222530460;"Fabien Jouves Somnam'bulles";"750";77;2025;11;3;
"15506215";05203773000733;"Skouras Omoro";"750";67;2025;11;3;
"13985881";03350781312104;"J. Mourat Chenin de Jardin";"750";992;2025;11;3;
"13064257";00811538016278;"Bushmills Black Bush";"750";56;2025;11;3;
"15170993";00776545995209;"Mission Hill Reserve Sauvignon Blanc Vallée de l'Okanagan";"750";22;2025;11;3;
"15404227";03466520000062;"Hubert Brochard Chât.Thauvenay Terres Blanches Sancerre";"750";1064;2025;11;3;
"596";00620213015600;"Bacardi Superior";"375";3394;2025;11;3;
"896308";03569401000516;"La Croix d'Aline Saint-Chinian";"750";351;2025;11;3;
"719393";03372370102347;"Château de Pizay Morgon";"750";1303;2025;11;3;
"11919979";05060210700522;"Kilcho. Machir Bay Single Malt";"700";7;2025;11;3;
"13360101";00056049135098;"Étienne Marceau Blanc";"4000";723;2025;11;3;
"15329845";08032049122025;"Isole e Olena Chianti Classico";"750";70;2025;11;3;
"13682282";05010327105215;"Monkey Shoulder The Original Blended Malt";"750";652;2025;11;3;
"11338226";03660044150016;"Château Patache d'Aux Médoc";"750";468;2025;11;3;
"11098761";08004160681309;"Frangelico";"750";533;2025;11;3;
"15148382";00874618009362;"Dillon?s Cocktails au Gin Caisse Mixte (12 x 355 ml)";"355";1816;2025;11;3;
"133751";00769692000124;"Ramos Pinto Quinta da Ervamoira tawny 10 ans";"750";23;2025;11;3;
"14397993";00057496009918;"Seventh Heaven Fraise Sauvage et Rhubarb Gin Fizz 4 x 355 ml";"355";11648;2025;11;3;
"14514281";08414837526251;"Piqueras VS Almansa";"750";260;2025;11;3;
"10704984";00832841821229;"Tenuta Sant'Antonio Castagnedi Amarone Della Valpolicella";"750";72;2025;11;3;
"14514598";04860108670927;"Giuaani Mtsvane Qvevri";"750";14;2025;11;3;
"15536174";03683080667201;"Casina Bric Mesdi? Bianco";"750";131;2025;11;3;
"13557828";08410439010303;"Parés Baltà Mas Petit Penedes";"750";71;2025;11;3;
"15507349";00055480021175;"St-Ambroise Minim IPA";"473";184;2025;11;3;
"10456440";08022534524755;"Sandrone Luciano Dolcetto d'Alba";"750";234;2025;11;3;
"11096116";03760087640021;"Dom. d'Aupilhac Languedoc Lou Maset";"750";-1;2025;11;3;
"12260002";03760218910467;"Complices de Loire Pointe d'Agrumes Touraine";"750";786;2025;11;3;
"11458594";04902650025715;"Hakutsuru Sho-Une Junmai Dai Ginjö saké";"300";184;2025;11;3;
"15217544";08008003939459;"Fattoria Dei Barbi Brusco dei Barbi";"750";459;2025;11;3;
"14348956";06282501871950;"Loop Lime et Gingembre";"750";666;2025;11;3;
"15477830";03332418010560;"La Chablisienne Chablis les Vénérables";"375";89;2025;11;3;
"14393896";01357945000046;"O'Dwyer Pudding Stone";"700";169;2025;11;3;
"972489";03242160381170;"Château Les Bouysses Cahors";"750";40;2025;11;3;
"15302052";03391180022669;"M. Chapoutier Rasteau Les Gadilles";"750";140;2025;11;3;
"533026";08002062012825;"Modello Masi Trevenezie";"750";3073;2025;11;3;
"14084161";03770011696000;"Derrière Montbard Hautes-Côtes de-Beaune Denis Fouquerand & F";"750";292;2025;11;3;
"14300717";05029704219582;"Tobermory 12 ans Single Malt Tobermory 12 ans Single Malt";"750";19;2025;11;3;
"11074064";03275846855023;"Jean-Baptiste Monpezat Cahors Gouleyant";"750";440;2025;11;3;
"183251";00835229000605;"Absolut";"1750";893;2025;11;3;
"12782441";03770001475134;"La Cuisine de ma Mère Nicolas Grosbois";"750";584;2025;11;3;
"904102";05285000380863;"Massaya Terrasses de Baalbeck Vallée de Bekaa";"750";364;2025;11;3;
"13616533";05601250101810;"Gota Prunus Private Selection";"750";1031;2025;11;3;
"13236670";03561019800113;"Domaine André et Mireille Tissot Crémant du Jura";"750";26;2025;11;3;
"15486980";04000154869801;"Serradenari Giulia Negri La Tartufaia Barolo";"750";10;2025;11;3;
"15246492";08032130023057;"Loacker Morit St.Magdalener Classico Südtirol Alto Adige";"750";16;2025;11;3;
"12217821";00086891085784;"Conde Valdemar Rioja";"750";410;2025;11;3;
"15414193";00747846010052;"Hakutsuru Organic Junmai";"300";38;2025;11;3;
"14905564";03760078740051;"Château de Coulaine Chinon";"750";67;2025;11;3;
"15363701";00850033013269;"Doladira";"700";49;2025;11;3;
"15580984";00080686005827;"Canadian Club 100% Rye";"375";45;2025;11;3;
"15460448";03760091841162;"Villa J. Augusta François- Xavier Nicolas";"750";3;2025;11;3;
"15400568";06280900508132;"Château Ferran Pessac-Léognan";"750";5;2025;11;3;
"15235902";08020735074000;"Planeta Frappato";"750";370;2025;11;3;
"14380059";03760261520064;"A-1710 La Perle";"700";7;2025;11;3;
"15505829";08410113560704;"Torres Clos Ancestral Penedès";"750";102;2025;11;3;
"14000511";08436037406034;"Telmo Rodriguez Al-muvedre Alicante";"750";133;2025;11;3;
"15352210";00628942391392;"Vignoble l'Arpège Untitled";"750";30;2025;11;3;
"14012512";03683080416175;"La Grange de Piaugier Côtes du Rhône";"750";20;2025;11;3;
"15460165";00628634509036;"Domaine Inselberg Lot 100 Dix Blanc";"750";92;2025;11;3;
"14827359";00852652001238;"Vodka Guy Lafleur 10";"750";23;2025;11;3;
"15407170";00628110293220;"Domaine Labranche Cidre PetNat";"750";27;2025;11;3;
"15298284";00817217000231;"Romeo's gin Mojito (4 x 355ml) Melon d'eau Menthe Huacatay";"355";172;2025;11;3;
"13952941";00827924190040;"Cantina Vallée d'Oka P. Noir";"750";30;2025;11;3;
"15518460";00876855003912;"Domaine Johann Michel Cornas";"750";23;2025;11;3;
"15488598";04779049240895;"Acala Spritz Style";"330";55;2025;11;3;
"15311557";05601889009167;"Justino's Madeira Madère Sercial Dry 10 ans";"750";2;2025;11;3;
"908186";00641734000074;"Zenato Valpolicella Superiore";"750";515;2025;11;3;
"14954921";00082000803447;"Smirnoff Limonade à la pêche";"750";123;2025;11;3;
"14742144";00083729011601;"Château Montlabert Saint-Emilion Grand Cru";"750";13;2025;11;3;
"12841510";01760644450539;"Domaines Paul Mas Le Berceau Brut";"750";281;2025;11;3;
"13343264";03428372293009;"Saint-Verny l'Impromptu Côtes d'Auvergne";"750";292;2025;11;3;
"14510466";03683080621609;"Pearl Morissette Irrévérence Péninsule du Niagara";"750";9;2025;11;3;
"11305344";03760196820017;"Morgon Marcel Lapierre";"750";46;2025;11;3;
"13598890";00854745000289;"Kayak 23 Vermouth Rouge";"750";72;2025;11;3;
"15519999";03760369531337;"Thibault Liger-Belair Les Charmes";"750";138;2025;11;3;
"14810514";00628110058768;"Caldi di Napoli";"750";158;2025;11;3;
"15069553";00627987314946;"Distillerie La Manufacture Koï";"750";9;2025;11;3;
"13863016";00811538010030;"1800 Anejo";"750";18;2025;11;3;
"15282629";00845078011004;"Bockale Lager 6 x 355ml";"355";192;2025;11;3;
"14968135";06282503720294;"Wabasso WhisKeyLime (4x355ml)";"355";981;2025;11;3;
"15378962";08410439040010;"Gratavinum 2 Pi R Priorat";"750";48;2025;11;3;
"12543985";03412250008014;"Muscadet Sèvre et Maine sur lie Château de la Ragotière";"750";14;2025;11;3;
"13386088";08413529851039;"Vina Alberdi Rioja";"750";21;2025;11;3;
"15566736";00627040411568;"Crystal Head Aurora";"750";31;2025;11;3;
"15237334";00852396001075;"Humble Abricot Distillerie du Quai";"750";31;2025;11;3;
"108704";03018300019711;"Grand Marnier Cuvée du Centenaire liqueur d'agrumes";"750";18;2025;11;3;
"13466723";08437014028232;"Villa Conchi Brut Seleccion Cava";"1500";109;2025;11;3;
"13844317";05606469001258;"Penalva Maceration Dão";"750";105;2025;11;3;
"14819228";00012354014459;"Cabernet/Shiraz Penfolds Bin 389 South Australia";"750";16;2025;11;3;
"13795720";08018794001822;"Gini Contrada Salvarenza Soave Classico";"750";13;2025;11;3;
"15260121";05605891199519;"Oscar's Quevedo Douro";"750";45;2025;11;3;
"10553160";00056049021261;"Nicolas Laloux Gentleman Bohèm Vin Rosé 1L";"1000";1848;2025;11;3;
"14366775";05601174822006;"J.M. da Fonseca Original Syrah Rosé";"750";11;2025;11;3;
"15287809";00628451469230;"Madison Park Premium London";"1750";31;2025;11;3;
"10540297";05606710533125;"Carm Douro";"750";13;2025;11;3;
"15501502";04000155015023;"Dom.de Montbourgeau L'Étoile";"750";14;2025;11;3;
"15472676";08034115197982;"Vita Libera Pinot Grigio";"750";59;2025;11;3;
"14427611";00818051020744;"Bread & Butter Cab. Sauvignon";"750";-1;2025;11;3;
"14273499";03683080400150;"Joao Eduardo Novais Malheiro Tavares de Pina Rufia";"750";62;2025;11;3;
"14682719";00082000794516;"Captain Morgan Sliced Apple";"750";32;2025;11;3;
"12868835";05600255623143;"Herdade do Arrepiado Alentejano";"750";4;2025;11;3;
"13722838";08055748495016;"Musso Barbaresco Pora";"750";10;2025;11;3;
"15458516";03331450407505;"Cave de Saint-Désirat Amendine St-Joseph";"750";132;2025;11;3;
"15486832";00012086003363;"Meursault Joseph Drouhin Meursault Joseph Drouhin";"750";5;2025;11;3;
"15113420";05060895571233;"Fable Folk Chapter 2 Speyside Single Malt Single Cask";"700";3;2025;11;3;
"15308841";05060608100316;"Nc'nean Single Malt Aon Single Cask";"700";3;2025;11;3;
"15173431";00745178483568;"Domaine Capmartin Tannat Madiran";"750";33;2025;11;3;
"15208568";00649944230298;"Clos Puy Arnaud Castillon Côtes de Bordeaux";"750";5;2025;11;3;
"15244139";03760218980095;"Simonis Pinot Blanc Vieilles Vignes";"750";3;2025;11;3;
"13749184";03760119560044;"Dom. de la Patience Costières de Nîmes Nemausa";"750";4;2025;11;3;
"15441950";05010327704210;"Hendrick's Oasium";"750";97;2025;11;3;
"223495";00088004400286;"L'Original Long Island Thé Glacé liqueur diverse";"1140";400;2025;11;3;
"13676878";00610854009588;"Kilkerran 8 ans Cask Strength Single Malt";"700";89;2025;11;3;
"14954614";00827924039295;"Domaine de Lavoie Jaune Éclaté (4 x 355 ml)";"355";58;2025;11;3;
"15066539";09421030103140;"Twisted Shotz Chocolate Box (8 X 30 ml)";"30";115;2025;11;3;
"13035851";08412325000221;"Emilio Lustau Jerez Oloroso Don Nuno Solera";"750";2;2025;11;3;
"15350134";00990000101619;"BK Wines Carte Blanche Chardonnay";"750";4;2025;11;3;
"14682129";03760002337180;"Forget Brimont Millésime P Cru Brut";"750";15;2025;11;3;
"15489734";03185370811139;"Moet & Chandon Brut Impérial Pharrell";"750";2;2025;11;3;
"15175188";03760196811039;"Château Castigno Pinard de Rochard";"750";6;2025;11;3;
"15341684";03590661017501;"Bruno Paillard Première Cuvée Extra-Brut";"750";11;2025;11;3;
"15092500";00614141007349;"Distillerie du Square Gin du Jardin";"750";35;2025;11;3;
"15363728";03760112790523;"Pierre & Antonin Pet-Nat La Revanche de la Nature";"750";3;2025;11;3;
"15187525";03683080625478;"Mother Rock White Swartland";"750";9;2025;11;3;
"15180171";04902615004793;"Karahashi Yumenokaori Parfum de Rêve";"720";6;2025;11;3;
"15121104";03516221109028;"Château La Tour Blanche Sauternes";"375";9;2025;11;3;
"540963";08014115000369;"Grappa Jacopo Poli Moscato";"500";2;2025;11;3;
"15467498";03760210040292;"Montbourgeau L'Étoile Les Hauts de Montangis";"750";17;2025;11;3;
"13473974";03760244400390;"Philippe le Hardi Bourgogne Vieilles Vignes";"750";27;2025;11;3;
"13602941";03494980007178;"Domaine des Huards Cheverny Prose";"750";16;2025;11;3;
"13451054";03114080511657;"Louis Roederer Brut";"750";8;2025;11;3;
"15336375";04000153363751;"Raquillet Mercurey Premier Cru Les Veleys";"750";3;2025;11;3;
"13622319";08437006339308;"Altolandon Doña Leo Manchuela";"750";20;2025;11;3;
"10856558";08032771622596;"Bric del Salto Sottimano Dolcetto d'Alba";"750";4;2025;11;3;
"14819295";03510991007515;"Château de Pibarnon Bandol";"750";13;2025;11;3;
"15165166";00628176166124;"Grand Antonio Orange";"750";27;2025;11;3;
"15286742";08031822110181;"Brancaia Chianti Classico Riserva";"1500";4;2025;11;3;
"15393783";03760023872875;"Château Durfort-Vivens Blanc de Noir";"750";2;2025;11;3;
"15128710";00831256004241;"Jean-Claude Lapalu Brouilly La Croix des Rameaux";"750";1;2025;11;3;
"11163340";00898549000069;"Petit verre à mesurer";"1";4;2025;11;3;
"11964497";06968050010803;"Canet Valette Une et Mille Nuits Saint-Chinian";"750";6;2025;11;3;
"14622636";03234783103901;"Cave de Tain Crozes-Hermitage Nobles Rives";"750";12;2025;11;3;
"13824720";08031802002390;"Vignalta Alpianae";"375";3;2025;11;3;
"15380421";00056049138983;"Les Vins BASK Pinot Noir";"750";2045;2025;11;3;
"15501140";03760278783780;"HB de Haut-Bailly";"750";10;2025;11;3;
"14301402";03438910871026;"Haussmann Baron Eugène Bordeaux";"750";2;2025;11;3;
"15009729";08424432220041;"Albariño Marques de Murrieta Pazo Barrantes";"750";4;2025;11;3;
"15472650";09120028564160;"Pratsch Grüner Veltliner";"750";2;2025;11;3;
"15240963";03591862341068;"Château Mangot Saint-Émilion Grand Cru";"750";2;2025;11;3;
"15590381";00804566086115;"Sac-cadeau en carton pour une bouteille Manhattan Rouge";"1";53;2025;11;3;
"15336383";00628011805270;"Domaine Guiberteau Brézé Saumur";"750";6;2025;11;3;
"13420127";08410591306214;"Vina Real Rioja Gran Reserva";"750";14;2025;11;3;
"13063721";05010496002483;"Auchentoshan Three Wood Single Malt";"750";11;2025;11;3;
"14898552";03424560063003;"Jean-Paul Brun Moulin à Vent Les Thorins";"750";8;2025;11;3;
"15529468";03493290000213;"Kirrenbourg Riesling Roche Granitique";"750";4;2025;11;3;
"14969955";00876855001901;"Domaine La Folie Lucé Saumur-Champigny Encore";"750";2;2025;11;3;
"15196448";00080686957195;"AO Suntory World Whisky";"700";6;2025;11;3;
"15510943";08436011563593;"Alma Bohemia Rioja";"750";5;2025;11;3;
"14172612";03485050401019;"Bernard et Benoît Landron Coteaux Ancenis Esprit Détente";"750";3;2025;11;3;
"15175006";06289421189998;"Konpira Maru Pan Opticon";"750";2;2025;11;3;
"15472895";03539361511223;"Domaine Le Sang des Cailloux Vacqueyras Floureto";"750";-1;2025;11;3;
"10268588";03455840613021;"Château Saint-Martin de la Garrigue Languedoc Bronzinelle";"750";0;2025;11;3;
"15514565";08412619130320;"Conde Valdemar Finca Alto Cantabria Viñedo Singular Rioj";"750";2;2025;11;3;
"15469768";04000154697688;"Château Latour à Pomerol";"750";31;2025;11;3;
"15317983";03450301137368;"Château La Clémence Pomerol";"750";16;2025;11;3;
"15117105";00628176313931;"Beemer Arancello";"500";5;2025;11;3;
"12677115";09120011730657;"Weingut Pittnauer Zweigelt";"750";1;2025;11;3;
"12414665";03260923017180;"Pol Roger Brut Rosé";"750";4;2025;11;3;
"15374671";09335363003148;"Luna Cabernet Sauvignon";"750";1;2025;11;3;
"14959474";00087647113874;"Jura 12 ans Island Single Malt";"750";10;2025;11;3;
"15472730";08410065300120;"Marques de la Concordia MM Selección Especial Brut";"750";7;2025;11;3;
"15116786";09007500454716;"Domäne Wachau Ried Kollmitz Grüner Veltliner Federspiel";"750";4;2025;11;3;
"15513765";03260980016676;"Boisset Chorey-Lès-Beaune Les Beaumonts";"750";19;2025;11;3;
"14936467";03770004672769;"Château Haut Ferrand Pomerol";"750";1;2025;11;3;
"15387412";05010494988390;"Ardbeg Anthology V2 Islay Single Malt";"750";8;2025;11;3;
"15434805";00604947844262;"L'Austral Treillaujeard Saumur";"750";1;2025;11;3;
"15252868";03566580000023;"Ollier Taillefer Allegro";"750";1;2025;11;3;
"14575315";00827924017040;"Vignoble du Marathonien Rouge";"750";16;2025;11;3;
"15321430";08033331410011;"Catabbo Tintilia del Molise Colle Cervino";"750";2;2025;11;3;
"15302618";05601196010849;"Henriques Verdelho Single Harvest Verdelho";"750";1;2025;11;3;
"15053990";00881116000012;"Dist. de La Chaufferie Foreman";"750";1;2025;11;3;
"13918937";08586000971752;"Urpiner Exclusive 16 Golden Craft Beer";"500";1;2025;11;3;
"15157799";08032853722626;"Umani Ronchi Jorio Colli Aprutini";"750";1;2025;11;3;
"15449951";08436599480435;"Naga Shani";"700";2;2025;11;3;
"14889605";09003634114137;"Esterhazy Weinland";"750";3;2025;11;3;
"15472983";08005829981037;"Bottega Crema di Pistacchio";"500";1;2025;11;3;
"15327778";03760075212124;"Puech-Haut Argali Pays d'Oc";"1500";1;2025;11;3;
"15410192";00627987342802;"Autour de la Pomme Dans ma Bulle Brut";"750";2;2025;11;3;
"15455067";03328155030695;"Château Calon Ségur Saint-Estèphe Grand cru classé";"1500";5;2025;11;3;
"15411099";05998835045226;"Tokaj Oremus Late Harvest";"500";1;2025;11;3;
"15495042";08007430205304;"Scrimaglio Piemonte Rosso";"750";3;2025;11;3;
"14973516";03535928049826;"L. Jadot Chapelle-Chambertin Grand Cru";"750";3;2025;11;3;
"13984248";08437007174700;"Bodegas Nodus Chaval Utiel- Requena";"750";1;2025;11;3;
"15164121";09311789006352;"Yalumba Samuel's Collection Shiraz Barossa";"750";1;2025;11;3;
"13571064";05604805004277;"Quinta Nova de Nossa Senhora do Carmo Pomares Douro";"750";1;2025;11;3;
"15324391";00638478000989;"Don Ramon Plata Platinium";"750";1;2025;11;3;
"15185554";03683080595887;"Domaine Ostertag Alsace Pinot";"750";8;2025;11;3;
"10703594";05200101710050;"Domaine Biblia Chora Ovilos";"750";3;2025;11;3;
"14816203";03760290643000;"L'esprit de Chevalier Pessac-Léognan";"750";11;2025;11;3;
"11975559";00067311798033;"Au Quotidien Vin rouge";"4000";208;2025;11;3;
"15285467";04000152854670;"Jérôme Galeyrand Bourgogne Orane";"750";2;2025;11;3;
"10985827";07791728019162;"Vida Organica Sauvage Mendoza Cabernet- Sauvignon";"750";2;2025;11;3;
"13106568";08005829230470;"Bottega White Gold";"750";2;2025;11;3;
"14915931";03760011905240;"D. Victor Sornin Beaujolais- Villages Naturel";"750";1;2025;11;3;
"12275925";08016001000163;"Prunotto Bussia Barolo";"750";8;2025;11;3;
"15264691";03687080561910;"Domaine Fontchêne Aupiho";"750";1;2025;11;3;
"14805820";03460440011597;"Château Le Gay Pomerol";"750";2;2025;11;3;
"15021171";08033749750402;"Azienda Agricola COS Zibibbo in Pithos";"750";1;2025;11;3;
"14825054";03292140835209;"Château Sénéjac Haut-Médoc";"750";-1;2025;11;3;
"15394444";04901524021716;"Konishi Daiginjo Hiyashibori";"720";2;2025;11;3;
"15324761";08002366211047;"Luce della Vite";"750";2;2025;11;3;
"13994307";08006030031115;"Val delle Rose Poggio al Leone Morellino di Scansano Riserva.";"750";1;2025;11;3;
"14030606";00850709002160;"Champagne Collet Art Déco Brut Premier Cru";"750";1;2025;11;3;
"15282872";07792756001198;"Lagarde Guarda Chardonnay";"750";2;2025;11;3;
"14807729";03453521284867;"Château Deyrem Valentin Margau";"750";1;2025;11;3;
"15082361";03760290644380;"L'esprit de Chevalier Pessac-Léognan";"750";2;2025;11;3;
"15311936";05600775534257;"Carvalho Martins Pacto Palhete Douro";"750";2;2025;11;3;
"15148219";05601012007541;"Offley Clink Portonic";"250";1;2025;11;3;
"15479270";03760255770840;"Château La Tour de Bessan Margaux";"750";3;2025;11;3;
"15458129";03760155580044;"Château Pilet Bordeaux";"750";1;2025;11;3;
"11098752";08004012000791;"Caparzo La Casa Brunello di Montalcino";"750";4;2025;11;3;
"15525774";03770001541204;"Patrick Piuze Chablis la Grande Vallée";"750";6;2025;11;3;
"15501799";04000155017997;"Domaine Bart Es Chezots";"750";9;2025;11;3;
"15092622";07757379000010;"Aqara Agave De Los Andes Plateado";"750";2;2025;11;3;
"14714354";03016570001412;"Taittinger Comtes de Champagne Brut Blanc de Blancs";"750";3;2025;11;3;
"15280244";00824243006519;"Le Labo Cabernet Sauvignon";"750";900;2025;11;3;
"15266266";09006580201425;"Weszeli We Love Pet Nat";"750";1;2025;11;3;
"15489865";03760350360212;"Michel Arcelain Bourgogne Côte d'Or Pinot Noir";"750";2;2025;11;3;
"15529556";04000155295562;"Dom Pérignon P2 Vintage";"750";1;2025;11;3;
"15047872";05608309006188;"Dow's Colheita 2007 Tawny Single Year Release";"750";3;2025;11;3;
"11065002";03760159880188;"Château Blaignan Médoc";"750";2062;2025;11;3;
"15541256";08056040250082;"Terra di Seta Chianti Classico";"750";36;2025;11;3;
"15440236";00851006001481;"3 Lacs Limonade Framboise Bleue 4 x 355ml 0%";"355";2280;2025;11;3;
"15249571";00609780023133;"Michel Jodoin Cidre Pétillant 4 X 355 ml";"355";1524;2025;11;3;
"10703834";08000834312005;"Mara Valpolicella Ripasso Superiore";"750";2064;2025;11;3;
"12553251";00652341401024;"Casamigos Tequila Reposado";"750";863;2025;11;3;
"12759840";05600224301409;"Duorum Tons Douro";"750";859;2025;11;3;
"12990179";00056049134442;"Bartolo Mazzi Vittori Montepulciano d'Abruzzo";"750";1850;2025;11;3;
"13142227";00088004400712;"Fireball Whisky à la cannelle";"375";4441;2025;11;3;
"15455534";00057496014424;"Fireball Pomme Cannelle 4 x 355ml";"355";1149;2025;11;3;
"318741";00608057106043;"Errazuriz Chardonnay Aconcagua";"750";2324;2025;11;3;
"12791401";00811538010238;"1800 Reposado";"750";1910;2025;11;3;
"578187";03282946006835;"Nicolas Feuillatte Réserve Exclusive Brut Champagne";"750";990;2025;11;3;
"10678464";00089419745023;"The Wolftrap Western Cape";"750";1874;2025;11;3;
"11598394";03342831993173;"Chanson Réserve du Bastion Bourgogne Pinot Noir";"750";483;2025;11;3;
"12489456";03514319999919;"Le Grand Ballon Sauvignon Blanc";"750";7740;2025;11;3;
"11133036";00056049021599;"Cabernet/Shiraz Cliff 79 South Eastern Australia";"750";4297;2025;11;3;
"12588921";03292051030243;"Champagne GH Martel Victoire Brut";"750";1056;2025;11;3;
"13532680";00057496008669;"L'Auberge Cuvée Festive";"4000";1672;2025;11;3;
"11405661";05010106111833;"Ballantine's Blended Scotch Whisky";"1140";1271;2025;11;3;
"13394918";00627843748274;"Distillerie du Fjord Gin km12";"750";1539;2025;11;3;
"12877256";03760099780111;"Avis de Vin Fort Catherine et Pierre Breton Bourgueil";"750";53;2025;11;3;
"10757074";01961650024718;"Hakutsuru Supérieur Junmai Ginjo";"300";1181;2025;11;3;
"15313499";00817217000446;"Romeo's Gin + Tonic (4x355 ml)";"355";5996;2025;11;3;
"11944411";05901559130000;"Zywiec bière type lager";"500";1565;2025;11;3;
"15148139";00628250101331;"Morbleu Jungle Bird (4 x 355 ml)";"355";221;2025;11;3;
"10405010";03760119322048;"Le Loup Blanc Minervois Le Régal";"750";511;2025;11;3;
"11530841";00620213190208;"Bombay Sapphire";"1140";3080;2025;11;3;
"12741084";03423170297525;"Les Domaines Landron Muscadet Amphibolite";"750";92;2025;11;3;
"4440";00814789003332;"Chemineaud";"750";1390;2025;11;3;
"12898305";08054377050061;"Donna Laura Ali Toscana";"750";1818;2025;11;3;
"13694857";00082000803461;"Smirnoff Berry Blast";"750";962;2025;11;3;
"14462290";08007425182382;"Frescobaldi Pomino Vin Santo";"375";5;2025;11;3;
"15210369";03148592014832;"Alderac Pays d'Oc";"750";617;2025;11;3;
"15330643";00797153978811;"Siempre Reposado";"750";32;2025;11;3;
"10264860";03760086380089;"Vieux Château Champs de Mars Castillon Côtes de Bordeaux";"750";172;2025;11;3;
"14102403";08003807000367;"Borgogno Pinin Langhe";"750";1025;2025;11;3;
"15054714";03428430000921;"Château Sociando-Mallet Haut-Médoc";"750";6;2025;11;3;
"12133994";03760087940398;"Morgon Corcelette Domaine Lathuilière-Gravallon";"750";356;2025;11;3;
"15147902";03451740680064;"Absintherie des Cantons Absinthe Joual Vert";"500";19;2025;11;3;
"12663119";08008863046021;"Santi Nello Pinot Grigio Delle Venezie";"750";1015;2025;11;3;
"880500";03760095274232;"Domaine Berthaut-Gerbet Fixin";"750";29;2025;11;3;
"10319912";08003015700615;"Carpineto Vino Nobile di Montepulciano Riserva";"750";260;2025;11;3;
"10516490";03568211168003;"Marcel Deiss Alsace Complantation";"750";320;2025;11;3;
"12505954";06004025001527;"Carpene Malvolti Conegliano Valdobbiadene Prosecco";"200";3200;2025;11;3;
"14433069";00057496090022;"Alcool Global 40%";"1140";954;2025;11;3;
"11331737";07804407000143;"Montgras Quatro Valle de Colchagua";"750";717;2025;11;3;
"11766917";00818276001191;"Umberto Cesari Iove Rubicone";"750";1962;2025;11;3;
"15590373";00804566077427;"Sac-cadeau en carton pour une bouteille Manhattan Kraft";"1";114;2025;11;3;
"574863";00694190006159;"Pommery Pop";"200";550;2025;11;3;
"12254420";03760161041010;"Barmès-Buecher Trilogie";"750";444;2025;11;3;
"15538719";03569618608758;"Domaine des Marrans Fleurie Les Marrans";"750";88;2025;11;3;
"15141498";00628176471587;"Whisky Smoky";"750";107;2025;11;3;
"14905628";00627987731576;"Acolytes Rhum";"750";32;2025;11;3;
"15553151";03451740990002;"Lindberg Le Rhum' Antique";"750";52;2025;11;3;
"14731921";07798124150383;"Krontiras Natural Malbec Mendoza";"750";332;2025;11;3;
"11974951";09414416305528;"Villa Maria Sauvignon Blanc Estate Private Bin Marlborough";"750";1940;2025;11;3;
"11072851";00818276000842;"Umberto Cesari Moma Rubicone";"750";623;2025;11;3;
"13832025";03289360010127;"Château Coufran Haut-Médoc";"750";301;2025;11;3;
"15427470";00057496011799;"Seventh Heaven Non-alcoolisé 4 X 355 ml";"355";1946;2025;11;3;
"721746";03353300000605;"Château de Belcier Castillon Côtes de Bordeaux";"750";144;2025;11;3;
"15298022";00062067421785;"Cutwater Mojito au rhum (4 x 355 ml)";"355";680;2025;11;3;
"12719741";05011013930197;"Baileys Caramel Salé";"750";641;2025;11;3;
"15477741";08005713350147;"Pallini Limonzero";"500";207;2025;11;3;
"11377225";08410439010136;"Xarel-lo Parès Baltà Calcari Penedès";"750";72;2025;11;3;
"709451";08013417000039;"Cosimo Taurino Notarpanaro Salento";"750";584;2025;11;3;
"14973188";08595198856130;"R. Jelinek Slivovice eau-de-vie de prune";"700";60;2025;11;3;
"14974789";08011783101718;"Villadoria Lirio Barolo";"750";554;2025;11;3;
"15324403";05203578102427;"Geometria Malagouzia";"750";41;2025;11;3;
"14234001";08436017631456;"Mariluna Verdejo & Macabeo Utiel-Requena";"750";3527;2025;11;3;
"10856427";08437004254290;"Aranleon Blés Valencia";"750";230;2025;11;3;
"13678419";08008960681682;"Bolla Le Origini Amarone della Valpolicella";"750";58;2025;11;3;
"14239469";08000174001997;"Mirafiore Langhe";"750";700;2025;11;3;
"13283901";07804407004134;"De Gras Reserva Fumé Blanc Valle Central";"750";1977;2025;11;3;
"15527067";07640175713218;"Grey Goose";"50";454;2025;11;3;
"14947393";00852396500004;"Vodka Sur Glace Distillerie du Quai";"750";62;2025;11;3;
"15229668";05600701196153;"Casa da Bouça Vinho verde";"750";57;2025;11;3;
"15518638";00895958008204;"SP68 Occhipinti Terre Siciliane i.g.t.";"750";78;2025;11;3;
"14764706";04041197103002;"Salwey Pinot Noir";"750";18;2025;11;3;
"15221480";00839905007247;"Les Bertrand Beaujolais Lantignié";"750";27;2025;11;3;
"734699";03469380630219;"Drappier Carte D'Or Brut";"750";24;2025;11;3;
"14923990";08032622423716;"Gulfi Rossojbleo Nero D'Avola";"750";280;2025;11;3;
"14954593";00837294000696;"Authentique Hydromel";"750";7;2025;11;3;
"14645740";00627987423860;"Vignoble Lano d'Or Ema";"750";10;2025;11;3;
"14970690";03760077781543;"Savanna Créol 52";"700";15;2025;11;3;
"15114828";03683080595443;"Cru Barréjats Sauternes";"500";15;2025;11;3;
"15325406";08033028430131;"Barbera D'Alba Bruno Giacosa";"750";10;2025;11;3;
"15475113";03760105303563;"Trimbach Cuvée Frédéric Émile";"375";0;2025;11;3;
"14300320";00000094202458;"Twisted Shotz Pussycat 4X30ml";"30";17;2025;11;3;
"15484351";03760114633118;"Duluc de Branaire Ducru";"750";38;2025;11;3;
"10856241";00805109445031;"Espelt Saulo Empordà";"750";21;2025;11;3;
"14872512";03760077210623;"Dom Courtault-Michelet Chablis";"750";158;2025;11;3;
"13621973";03760040181059;"Domaine Pierre Lurton Bordeaux";"750";44;2025;11;3;
"14829127";08032853722282;"Umani Ronchi Vellodoro Terre di Chieti Pecorino";"750";35;2025;11;3;
"15411929";00628055831303;"Miellerie King Alvéole - La Crème Artisanale du Québec";"500";48;2025;11;3;
"15477397";08008960146068;"Bolla Amarone della Valpolicella Classico";"750";110;2025;11;3;
"15368001";03760165375029;"J. Boutin Crozes-Hermitage Les Hauts Granites";"750";17;2025;11;3;
"14785953";03495796111196;"Mercurey Prem Cru La Cailloute Theulot Juillot";"750";12;2025;11;3;
"15256615";06279872423314;"Vent du Nord Perseïd Limoncello";"700";8;2025;11;3;
"15347963";03248847768722;"Domaine Cazes SAMso";"750";15;2025;11;3;
"602839";03257698303105;"Elise Moulin de Gassac vin pays de l'Hérault";"750";307;2025;11;3;
"947184";03275843090021;"Château de Haute-Serre Cahors Grand Vin Seigneur";"750";268;2025;11;3;
"13949573";03443050000083;"Château de Chaintré Mâcon-Chaintré";"750";370;2025;11;3;
"15501051";03760086380034;"Pelan Bellevue Côtes de Bordeaux";"750";63;2025;11;3;
"14883570";00627987672237;"Flamelo Orange Pomelo Tangerine";"750";30;2025;11;3;
"15243283";03453521259988;"Château Andron Blanquet Saint Estèphe";"750";-1;2025;11;3;
"15525475";03251092505035;"L'Enchanteur de Vray Pomerol";"750";17;2025;11;3;
"15178354";08032692480657;"Vola Volé Pecorino";"750";7;2025;11;3;
"14681193";00628250939170;"Jardin Verde Gin Tonic Zero (4 x 355 ml)";"355";496;2025;11;3;
"15404201";03521080000058;"Domaine Figeat Les Craies Pouilly-Fumé";"750";5;2025;11;3;
"12270577";00744607111324;"Herradura Reposado 100% Agave tequila";"750";23;2025;11;3;
"13574572";08437000043287;"Albet i Noya Lignum";"750";38;2025;11;3;
"15341844";00836974000384;"Mitolo Jester Vermentino";"750";147;2025;11;3;
"14862200";03760054832657;"Domaine de la Suffrene Bandol";"750";31;2025;11;3;
"12890830";04973373500223;"Yamazakura Blended Whisky Japon";"700";42;2025;11;3;
"14794770";00627987336474;"Sueno de Alden Mezcal Joven";"750";273;2025;11;3;
"544973";08014629192314;"Nebbiolo Langhe Pio Cesare";"750";46;2025;11;3;
"15293504";08002010680458;"Rapitala Alto Reale Nero d'Avola";"750";1;2025;11;3;
"13210939";08004012001590;"Borgonero Borgo Scopeto i.g.t.";"750";74;2025;11;3;
"14624711";05010314308476;"Macallan Double Cask 15 ans Highlands Single Malt";"750";15;2025;11;3;
"11463801";03418601010750;"Domaine Maison Père & Fils Cheverny";"750";79;2025;11;3;
"15378348";00810756000298;"Lagabière Ta Meilleure Sans Alcool";"473";234;2025;11;3;
"10678510";00746925000786;"Porcupine Ridge Syrah Swartland";"750";3;2025;11;3;
"14902574";04904230054160;"Nikka Days Blended Whisky";"700";23;2025;11;3;
"12591021";08410439035559;"Parés Baltà Cava Blanca Cusiné";"750";9;2025;11;3;
"15452691";04260529352301;"Janson Bernhard Zellertaler Weissburgunder";"750";5;2025;11;3;
"743187";05601332004718;"Ramos Pinto late bottled vintage";"750";15;2025;11;3;
"14575294";00827924171056;"Côte de Champlain Coquillages Rosé";"750";51;2025;11;3;
"15152576";00873399001954;"D. Jean-Pierre Maldant Aloxe- Corton Crapousuets V. Vignes";"750";18;2025;11;3;
"15125957";00816930000160;"Les Îles Sangria";"750";1;2025;11;3;
"14144427";00627843748298;"Distillerie du Fjord 48 Chemin Price Gin";"500";13;2025;11;3;
"15259200";08436015970762;"Paisajes Embotellados Garnacha Rioja";"750";9;2025;11;3;
"850685";03481630000092;"Château Destieux Saint-Emilion grand cru Classé";"750";4;2025;11;3;
"12497819";03147699112465;"Saint James Rhum Agricol Agricole";"750";105;2025;11;3;
"15109391";06286347702843;"A et A Durrmann Riesling de Gres";"750";282;2025;11;3;
"15281183";08413423380062;"Ramon Bilbao Rueda Verdejo";"750";14;2025;11;3;
"15348069";04000153480694;"Guado Al Tasso Il Bruciato Bolgheri";"750";74;2025;11;3;
"74633";03304115160008;"Château de Beaulon Réserve Or 10 ans Pineau des Charentes";"750";10;2025;11;3;
"14976021";08056370561018;"Francesco Tornatore Pietrarizzo Etna Rosso";"750";37;2025;11;3;
"15231830";00082000805380;"Smirnoff Red White & Merry";"750";13;2025;11;3;
"927939";05285000010357;"Fakra Cuvée du Temple vallée de Kfardebian";"750";6;2025;11;3;
"14683949";03760062620239;"Domaine Puech Redon Apparente";"750";6;2025;11;3;
"10768478";09120104730342;"Blaufränkisch Heinrich Burgenland";"750";1;2025;11;3;
"15108680";08420870300086;"Naveran Cava Brut Vintage Rosé";"750";2;2025;11;3;
"13489440";00627843819097;"Distillerie Shefford Acerum Blanc";"500";1;2025;11;3;
"11466076";00080686836018;"Tres Generaciones Plata";"750";19;2025;11;3;
"14014761";07804320401102;"Cono Sur 20 Barrels Pinot Noir Aconcagua";"750";13;2025;11;3;
"15540165";00628942964411;"Hydromellerie Tal Miel Toutes Fleurs 4 x 355 ml";"355";19;2025;11;3;
"872986";03379681000188;"Chablis premier cru Homme Mort Château de Maligny";"750";68;2025;11;3;
"15207477";05600455010248;"Madeira Maderista";"750";3;2025;11;3;
"14622644";00628110585028;"Distillerie Québec Gin Trait- Carré";"750";9;2025;11;3;
"11191885";08032793561507;"Fanti Brunello di Montalcino";"750";2;2025;11;3;
"11673008";08014115000185;"Prugna di Poli Prugna di Poli";"700";15;2025;11;3;
"329235";03300370180034;"Gewurztraminer Classique Famille Hugel Alsace";"750";10;2025;11;3;
"15517344";03052853085564;"Champagne Bollinger B16";"750";2;2025;11;3;
"15505386";03560680474791;"Rose Mont Rose Zéro";"750";41;2025;11;3;
"15235806";03760006321871;"Château de Rouillac Pessac- Léognan";"1500";2;2025;11;3;
"15398111";03473120003386;"Ropiteau Bourgogne Chardonnay";"375";7;2025;11;3;
"15240189";08002579970205;"Terre del Barolo Nebbiolo d'Alba";"750";13;2025;11;3;
"855114";08020735000160;"Chardonnay Planeta Sicilia d.o.c";"750";18;2025;11;3;
"15516085";03760069409639;"Château Vaudieu Châteauneuf-du-Pape";"750";35;2025;11;3;
"14970809";08438001408198;"Caracas Club 8 Ans";"700";14;2025;11;3;
"13835664";07071292390370;"Domaine Amalgames à Coeur Joie";"750";10;2025;11;3;
"15243591";03760119321133;"Le Loup Blanc Canon Cinsault";"750";2;2025;11;3;
"13073065";05600312475043;"Quinta do Pôpa Contos da Terra Douro";"750";1;2025;11;3;
"15488571";03264380086536;"Mommessin Bachelder Beaujolais Lantignié";"750";22;2025;11;3;
"15439331";03760195191408;"Domaine Le Fay d'Homme Fief des Coteaux";"750";2;2025;11;3;
"12717893";03274510003821;"Dolin Vermouth Blanc de Chambéry";"750";188;2025;11;3;
"14427603";09120033231439;"Riberach Synthèse Côtes Catalanes";"750";12;2025;11;3;
"15517504";03760088892702;"Château Le Puy Marie-Cecile";"750";10;2025;11;3;
"15210801";04000152108018;"Domaine Les Monts Fournois Montagne, Verzy Grand Cru";"750";6;2025;11;3;
"15412585";04000154125853;"Château Hosanna Pomerol";"750";15;2025;11;3;
"14794075";07804315002505;"Sibaris Gran Reserva Sauvignon Valle de Leyda";"750";5;2025;11;3;
"15281221";08437006339407;"Mil Historias Manchuela";"750";10;2025;11;3;
"13000173";00080686823728;"Canadian Club Classic 12 ans whisky canadien";"375";4;2025;11;3;
"12642300";00827924039820;"Domaine de Lavoie Poiré Mousseux";"750";7;2025;11;3;
"15509731";06286347700894;"Dom. Kumpf et Meyer Infrarouge Restons Nature Pinot Noir";"750";3;2025;11;3;
"14126915";00088004030490;"Mr Sam Tribute Blended";"750";20;2025;11;3;
"15421191";08033324031421;"Where Dreams Have no End All With You";"750";4;2025;11;3;
"11563423";08016001000019;"Prunotto Barolo";"750";15;2025;11;3;
"15243187";00628250715316;"Le Somnambule Sidro Amaro";"355";2;2025;11;3;
"14124346";09311910103103;"Peter Lehmann Layers";"750";48;2025;11;3;
"15038335";00895958005012;"Sextant Bourgogne";"750";1;2025;11;3;
"11266779";10067311781035;"Au Quotidien rouge";"1000";9900;2025;11;3;
"12877774";00040232206153;"Pur Vodka Ultra Premium";"375";19;2025;11;3;
"15021488";00810064250040;"Engine";"500";6;2025;11;3;
"11575635";00837294000566;"Miel Nature Signature Cuvée Réserve";"750";15;2025;11;3;
"14954471";08396514600020;"Pierre Morin Sancerre Chêne Marchand";"750";2;2025;11;3;
"15500817";03700309186074;"Mas Jullien Les Nouveaux États d'Âme";"750";15;2025;11;3;
"13232791";03760057930015;"Domaine La Clef du Récit Sancerre";"750";21;2025;11;3;
"15190716";08026539053210;"Castello Romitorio Colto Rosso di Montalcino";"750";1;2025;11;3;
"15354928";08421499008209;"Naturalis Mer Terra Alta";"750";3;2025;11;3;
"12258551";04955932131086;"Chiyonosono Daiginjo Excel";"720";2;2025;11;3;
"963389";08003015700127;"Carpineto Farnito Cab-Sauv. Toscana";"750";53;2025;11;3;
"12287782";08033286752761;"Silvio Grasso Barolo";"750";5;2025;11;3;
"15167356";03770003751137;"Château Landra Le P'tit Landra Ventoux";"750";5;2025;11;3;
"15086329";07804320032276;"Terrunyo Sauvignon Blanc";"750";4;2025;11;3;
"14979512";05498791454969;"Pierrick Bouley Volnay";"750";15;2025;11;3;
"14642047";03760088892535;"Closerie Saint-Roc";"750";78;2025;11;3;
"13618942";08004910231013;"Marchesi di Barolo Barbaresco";"750";2;2025;11;3;
"12161602";00067311782292;"Arte Nova Colombard Chardonnay Blanc";"1000";2117;2025;11;3;
"15510978";08436011563586;"Alma Bohemia Rioja";"750";7;2025;11;3;
"14963166";08437005373006;"Finca Villacreces Ribera del Duero";"750";7;2025;11;3;
"15392801";04931754013366;"Arrive Gold";"300";9;2025;11;3;
"13509199";05200363557158;"Domaine Thymiopoulos Rapsani";"750";2;2025;11;3;
"11607588";07610268003991;"Pinot noir Réserve des Adm. Cave St-Pierre Valais";"750";1;2025;11;3;
"14228874";03328155013605;"Château Morillon Saint-Émilion Grand Cru";"750";10;2025;11;3;
"15145958";08435072305432;"Finca Allende Rioja Alta";"750";2;2025;11;3;
"15316438";03566761006202;"Dampt Frère Bourgogne Désir";"750";4;2025;11;3;
"14809978";00627987287264;"Domaine Nokomis Akenes";"750";5;2025;11;3;
"15473257";03258691617091;"Frank Phélan Saint-Estèphe";"750";1;2025;11;3;
"13824703";03258064120654;"Champagne Krug Vintage";"750";2;2025;11;3;
"14286100";00056049136637;"Wallaroo Trail chardonnay (ca nnette)";"250";7200;2025;11;3;
"12836462";03552272103028;"Château Picourneau Haut-Médoc";"750";0;2025;11;3;
"733378";05603616110054;"Quinta de Santa Eufêmia tawny";"750";21;2025;11;3;
"15243347";05060608100026;"Nc'nean Single Malt";"700";5;2025;11;3;
"15222685";04000152226859;"Le Château Sancerre Vincent Pinard";"750";5;2025;11;3;
"15356333";04000153563335;"Chablis 1er cru Fourchaume Philippe Charlopin";"750";10;2025;11;3;
"15215961";04000152159614;"E. Guigal Châteauneuf-du-Pape Château de Nalys";"1500";1;2025;11;3;
"15358890";00695554018252;"Cid Cuivré (4 x 355 ml)";"355";21;2025;11;3;
"15390363";05010327525464;"The Balvenie 16 ans French Oak Single Malt";"700";1;2025;11;3;
"180166";03577780000652;"Château Coulac Sainte-Croix-du-Mont";"750";3;2025;11;3;
"13235415";03760276060265;"Sauvignon Blanc Cuvée du Connetable Château de Sancerre";"750";1;2025;11;3;
"14936643";00088076183735;"Cîroc Watermelon";"750";2;2025;11;3;
"15549848";04000155498482;"Domaine de Montille Pommard Premier Cru Les Pézerolles";"750";3;2025;11;3;
"15081624";03760190270290;"L'Hetre Castillon Côtes de Bordeaux";"750";1;2025;11;3;
"10253651";08437001429745;"Dominio de Fontana Crianza Bodegas/Vinedos Fontana Uclés";"750";73;2025;11;3;
"13743516";00859670001813;"Coteau Rougemont Fizz Poire 4X355ml";"355";4;2025;11;3;
"15380632";06001506914086;"The Bernard Series Motherblock Albarino Single Vineyard";"750";8;2025;11;3;
"13978614";08016118231047;"Siepi Marchesi Mazzei Toscana";"750";3;2025;11;3;
"15380481";00057496008010;"Smoky Bay Shiraz-Cabernet";"1000";1512;2025;11;3;
"12559821";08411767512972;"Ontañón Reserva Rioja";"750";15;2025;11;3;
"12030080";00827924073039;"Saint Thomas Côte d'Alban Saint-Thomas-de-Joliette";"750";8;2025;11;3;
"15465054";00012086003226;"Joseph Drouhin Saint-Véran";"750";16;2025;11;3;
"15192981";03760303003043;"Charles Joguet Chinon Les Petites Roches";"750";3;2025;11;3;
"15449986";08719689981600;"1731 Fine & Rare Belize 7 Ans";"700";5;2025;11;3;
"15335188";09421905022644;"Cambridge Road Naturalist";"750";1;2025;11;3;
"14404786";00067311782322;"Arte Nova Espagne Tempranillo Vin Rosé";"1000";1920;2025;11;3;
"15492440";03701368663209;"Château Potensac Chapelle de Potensac";"1500";1;2025;11;3;
"15436413";03660327021514;"Chateau Langoa Barton Saint- Julien";"750";-1;2025;11;3;
"14649396";00628504255568;"Noroi Aperitivo";"50";1;2025;11;3;
"15264789";03687080561927;"Domaine Fontchêne Léon";"750";1;2025;11;3;
"14806347";03760317183397;"La Mondotte Premier Grand Cru Classé Saint-Émilion Grand Cru";"750";1;2025;11;3;
"10706728";08021364106018;"Castellani I Castei Valpolicel Ripasso Classico Superiore";"750";1;2025;11;3;
"14392578";00628451469124;"Distillerie 1769 Azura";"750";1;2025;11;3;
"15078951";00649185027718;"Château du Taillan Haut-Médoc Cru Bourgeois";"750";3;2025;11;3;
"15086821";08054110640184;"Lame Del Sorbo Tintilia Del Molise";"750";4;2025;11;3;
"14954278";08052787410994;"Diego Verdicchio dei Castelli di Jesi Classico";"750";4;2025;11;3;
"10969747";08032584137058;"Fontalpino Chianti Classico";"750";6;2025;11;3;
"15421431";05000299607176;"Scapa Skiren Scotch Single Malt The Orcadian";"700";1;2025;11;3;
"14955730";08004349010456;"Terre in Fiore Bardolino";"750";7;2025;11;3;
"15214124";03185370303320;"Ruinart Brut";"750";4;2025;11;3;
"10276473";03586150300704;"Roger Groult 3 ans Calvados Pays d'Auge";"700";10;2025;11;3;
"15523875";04000155238750;"Anne & Hervé Sigaut Millandes";"750";3;2025;11;3;
"14827615";03683080593418;"Domaine Gramenon Poignée de R aisins";"750";129;2025;11;3;
"13945214";03361122130028;"Côtes du Jura Expression du Terroir Domaine Rolet";"750";3;2025;11;3;
"15498180";04000154981800;"Domaine Arnoux Lachaux Vosne- Romanée Les Hautes Maizières";"750";2;2025;11;3;
"14936580";03683080593272;"De Fermo Concrete Abruzzo";"750";2;2025;11;3;
"14947342";00628110058898;"Ora Boréale";"750";10;2025;11;3;
"14413287";04000144132878;"Arianna Occhipinti BB Bombelieri Terre Siciliane";"750";1;2025;11;3;
"14042252";00628110292179;"Domaine Labranche Rosé Érable et Framboise";"750";1;2025;11;3;
"15454380";09344154021346;"Wild Folk Nouveau Pinot Noir";"750";1;2025;11;3;
"15210588";08436563281006;"Caifas Macabeo";"750";19;2025;11;3;
"15498163";04000154981633;"Arnoux Lachaux Chambolle- Musigny";"750";2;2025;11;3;
"15518136";03049614228957;"La Grande Dame Rosé";"750";1;2025;11;3;
"14822531";03568211188230;"Domain Marcel Deiss Zellenberg";"750";5;2025;11;3;
"15490081";03391180024236;"M. Chapoutier Les Granits";"1500";1;2025;11;3;
"14969040";03185231907322;"Les Princes Abbés Riesling";"750";60;2025;11;3;
"15468466";08033481326200;"Tua Rita Keir Ansonica";"750";1;2025;11;3;
"15298129";00628190007281;"Noroi Sangria pêche (4 x 355 ml)";"355";14;2025;11;3;
"890244";03760037650384;"Château Lafitte-Tramier Médoc";"750";-1;2025;11;3;
"15324411";00652341400034;"Campo Azul Selecto Anejo";"750";1;2025;11;3;
"15294671";07483677502689;"Santa Venere Cirò";"750";1;2025;11;3;
"13904607";07798000210224;"Vinalba Gran Reserva Malbec Valle de Uco";"750";1;2025;11;3;
"15515912";03536650901000;"E. Guigal Saint-Joseph";"750";2;2025;11;3;
"14539533";00627987126112;"Cartier-Potelle Lot 100 Dix Bl";"750";2;2025;11;3;
"14370264";04000143702645;"Casanova di Neri Tenuta Nuova Brunello di Montalcino";"750";-1;2025;11;3;
"15454371";08005011005053;"Cantina Trevigiana Prosecco Rosé Brut Millésimé";"750";1;2025;11;3;
"15296609";04000152966090;"Chambeyron Condrieu Vernon";"750";1;2025;11;3;
"15521394";04000155213948;"Sassicaia Bolgheri Sassicaia";"750";6;2025;11;3;
"15440295";00056049139218;"Svelte Vin Blanc";"750";2040;2025;11;3;
"10685251";00183103000013;"Dr. Loosen Bros Riesling Mosel";"750";1;2025;11;3;
"15515630";04000155156306;"La Landonne Guigal Côte Rôtie";"750";1;2025;11;3;
"15235873";08032804342484;"Azelia Barolo Cerretta";"750";12;2025;11;3;
"15486744";03760027872109;"Charles Audoin Marsannay Clos du Jeu";"750";1;2025;11;3;
"443903";08501110080644;"Havana Club Anejo Reserva";"750";1;2025;11;3;
"14494611";07791728234138;"Vida Organica Sauvage Viognier Mendoza";"750";461;2025;11;3;
"1743";08001660101757;"Ruffino Chianti";"750";7971;2025;11;3;
"13188727";03700067800045;"Fat Bastard Chardonnay Pays d'Oc";"750";7143;2025;11;3;
"11692997";08410351138000;"Cosme Palacio Reserva Rioja";"750";77;2025;11;3;
"13504419";00080480002923;"D'Ussé VSOP";"750";345;2025;11;3;
"496349";03179077542588;"Cellier des Dauphins Prestige";"250";5308;2025;11;3;
"14302931";04000143029315;"Coffret-cadeau en bois deux bouteilles";"1";60;2025;11;3;
"14734881";03368881122103;"Domaine de Beaurenard Châteauneuf-du-Pape";"750";28;2025;11;3;
"15122019";08008235000316;"Miglianico Montepulciano d'Abruzzo";"750";909;2025;11;3;
"335901";05000299278277;"The Glenlivet 18 ans Highland single malt";"750";40;2025;11;3;
"15385741";03770019694367;"Moderato Cuvée Révolutionnaire Colombard";"750";400;2025;11;3;
"14348884";08413423111239;"Ramon Bilbao Edicion Limitada Rioja";"750";861;2025;11;3;
"130724";00087113111205;"Albert Bichot Bourg. Aligoté";"750";8408;2025;11;3;
"13284313";08437012278585;"Beau Bonhomme Jumilla";"750";4722;2025;11;3;
"943";00878448002609;"Mouton Cadet Bordeaux";"750";5385;2025;11;3;
"15454267";09344154011675;"Farm Hand Chardonnay";"750";272;2025;11;3;
"15017091";00057496013113;"Seventh Heaven London Dry Gin";"750";177;2025;11;3;
"240";00776103000246;"Smirnoff No.21";"375";10618;2025;11;3;
"12207914";08033765258418;"Vento di Mare Sicilia";"750";1180;2025;11;3;
"12284303";03372220000199;"Alain Brumont Tour Bouscassé Madiran";"750";843;2025;11;3;
"15168789";03269210256493;"Estandon Terres d'Estandon Coteaux Varois en Provence";"750";32;2025;11;3;
"10254012";00083664990436;"Hendrick's";"750";1857;2025;11;3;
"743922";03760149592145;"Château Pesquié Édition 1912m Ventoux";"750";1217;2025;11;3;
"14297562";08437002967109;"Vinos Valtuille Pago de Valdoneje Bierzo";"750";22;2025;11;3;
"13485297";08437001035045;"Bodegas Gil Luna Tres Lunas";"750";196;2025;11;3;
"10324543";08002305008271;"Rocca delle Macìe Riserva Chianti Classico";"750";486;2025;11;3;
"27763";03255537507066;"Saint James Royal Ambré";"750";498;2025;11;3;
"14786825";04000147868255;"Raul Perez La Vizcaina El Rapolao";"750";13;2025;11;3;
"12822651";08005390043783;"Murari Pinot Grigio Delle Venezie";"1000";7195;2025;11;3;
"13750978";00818276003317;"Liano Chard./sauv.blanc Umberto Cesari rubicone";"750";910;2025;11;3;
"637058";00620213180902;"Bombay Sapphire";"375";1867;2025;11;3;
"356";03163933575001;"Dubonnet";"750";423;2025;11;3;
"14038350";03579132015017;"Château Les 5 Clés Bordeaux";"750";561;2025;11;3;
"743559";00990312368021;"L'Orpailleur Rouge";"750";450;2025;11;3;
"10968218";03049614223389;"Veuve Clicquot";"750";245;2025;11;3;
"44990";03272513020753;"Larsen V.S.O.P.";"750";243;2025;11;3;
"482240";03422920094025;"Château la Coustarelle Grande Cuvée Prestige Cahors";"750";277;2025;11;3;
"14909101";00057496012147;"Maravilla Sauvignon Blanc";"750";1077;2025;11;3;
"15449610";05411911004639;"St. Bernardus Abt 12";"330";226;2025;11;3;
"357244";00081706000013;"Chimay Rouge Pères Trappistes bière forte type ale";"330";254;2025;11;3;
"13694427";08437008635965;"Proyecto Garnachas Fosca del Priorat";"750";746;2025;11;3;
"14439997";03760085610415;"Uby Côtes de Gascogne N.21";"750";105;2025;11;3;
"733394";00609780001025;"M. Jodoin Boire la Vie en Rose";"750";128;2025;11;3;
"11965182";03279982021014;"Jean Perrier Cuvée Gastronomie Apremont Savoie";"750";912;2025;11;3;
"13946760";03332418006532;"La Chablisienne Émotions Minérales Bourgogne";"750";1027;2025;11;3;
"15460173";00628634509050;"Domaine Inselberg Lot 100 Dix Rouge";"750";80;2025;11;3;
"500512";00087000151086;"Captain Morgan Original Spiced";"750";5895;2025;11;3;
"15073510";09279872663878;"Tresor N°7 Basilic Citron";"750";104;2025;11;3;
"15298524";09340928005086;"Adelina Clare Valley Riesling Polish Hill River";"750";1;2025;11;3;
"15318206";09311789007809;"Yalumba Y Series Pinot Noir";"750";385;2025;11;3;
"14399391";05603522994533;"Murcas Esporao Assobio Douro";"750";102;2025;11;3;
"15447438";07804320746173;"Casillero del Diablo Reserva Especial Sauvignon Blanc";"750";271;2025;11;3;
"14561909";00040232339479;"Chocolats Favoris Choco Crème Classique Lait";"700";41;2025;11;3;
"15308913";03760156439679;"Miss Gamay Beaujolais Villages";"750";845;2025;11;3;
"13567971";00057496008546;"Seventh Heaven";"750";1458;2025;11;3;
"613208";08002010689635;"Rapitala Catarratto-Chardonnay Terre Siciliane";"750";1333;2025;11;3;
"13555945";00601202020331;"Mencia Ultreia St-Jacques Raul Perez Bierzo";"750";43;2025;11;3;
"13944385";04000139443859;"Santenay 1er Cru Beauregard Château de la Charrière";"750";21;2025;11;3;
"101394";00000000101394;"Reynac Pineau des Charentes";"750";394;2025;11;3;
"11377014";08437005068438;"Verdejo Shaya Rueda";"750";324;2025;11;3;
"974477";03507921200115;"Chavet Menetou-Salon";"750";717;2025;11;3;
"15205682";03217661028886;"Rouge Frigo Côtes du Rhône";"750";211;2025;11;3;
"10269151";03760002310077;"Château Sainte-Marie vieilles vignes Entre-Deux-Mers";"750";718;2025;11;3;
"13862081";03231230200688;"Les Vignerons de Buzet SANS Sulfites Ajoutés";"750";1132;2025;11;3;
"15392748";00851006001399;"3 Lacs Fruit de la passion";"750";296;2025;11;3;
"11714181";03480041009021;"F. Lurton Les Fumées Blanches Côtes de Gascogne";"3000";1437;2025;11;3;
"14905388";09120012749009;"Biokult Gruner Veltliner Nied.";"750";549;2025;11;3;
"15339066";08410062670011;"Beronia Rioja Gran Reserva";"750";199;2025;11;3;
"11232149";03174470080187;"Louis Bouillot Perle d'Aurore Crémant de Bourgogne Rosé";"750";2204;2025;11;3;
"15401860";03760193359794;"Château Les Trois Moulins Côtes de Bourg";"750";244;2025;11;3;
"12784551";00083960190455;"Jose Cuervo Tradicional Reposado";"750";59;2025;11;3;
"12549164";03760152200013;"Arbois Ploussard Les Parelles";"750";184;2025;11;3;
"278416";04973480659364;"Casillero del Diablo Cabernet- Sauvignon";"750";6909;2025;11;3;
"14721749";00806891012548;"Montesecondo Bianco";"750";25;2025;11;3;
"14970788";07501033200144;"El Ron Prohibido Gran Reserva 15 ans";"750";5;2025;11;3;
"15192906";06282501013930;"Mariana Grands Voyageurs";"700";168;2025;11;3;
"14691287";07804340905710;"Gran Tarapaca Reserva Viña San Pedro";"750";512;2025;11;3;
"15449898";00620654022946;"Inniskillin Série Réserve Shiraz Cabernet";"750";210;2025;11;3;
"13598881";00854745000302;"Kayak 19 Vermouth Blanc";"750";46;2025;11;3;
"15093756";00695554012342;"Schnappan Pêches";"750";47;2025;11;3;
"13470001";03391180024298;"Belleruche Côtes-du-Rhône M. Chapoutier";"750";1855;2025;11;3;
"14346176";05606686000737;"Quinta da Pellada Outeiro Dão";"750";286;2025;11;3;
"15504703";00827924915117;"Domaine Le Grand Saint-Charles LaRoche";"750";28;2025;11;3;
"12362797";05010494940435;"Ardbeg Corryvreckan Islay scotch single malt";"750";6;2025;11;3;
"15044006";03760194450131;"Bersan Bourgogne Côtes Auxerre";"750";24;2025;11;3;
"15249503";00628250939200;"Jardin Verde Mojito Zero 4 X 355 ml";"355";308;2025;11;3;
"15324227";08055271140797;"Terre Di Rai Pinot Grigio Delle Venezie";"750";50;2025;11;3;
"15433870";04000154338703;"Bourgogne Gravel Catherine et Claude Maréchal";"750";41;2025;11;3;
"12538570";09007615160236;"Pinot Noir Markowitsch Pinot Noir Markowitsch";"750";4;2025;11;3;
"11676381";03760040431796;"Paul Mas Cabernet de Cabernet Pays d'Oc";"750";643;2025;11;3;
"15232681";00851006001276;"3 Lacs Vodka";"750";106;2025;11;3;
"15269900";03430560009781;"The Capeography Co. Sauvignon Blanc Elgin";"750";26;2025;11;3;
"15555746";00628678625327;"Au Pied de Cochon Canneberge";"750";17;2025;11;3;
"15508801";03760325230236;"Les Frères Engel";"750";316;2025;11;3;
"15244905";00815337000377;"Domaine Pinnacle Harmonie Érable";"375";177;2025;11;3;
"14801191";00887341340060;"Aperol";"375";214;2025;11;3;
"15384431";00628341742436;"Burdock Jobolais";"750";2;2025;11;3;
"12885379";08414132520008;"El Tribut De Scala Dei Priorat";"750";10;2025;11;3;
"15509820";05601012837971;"Casa Ferreirinha Vinha Grande Douro";"750";68;2025;11;3;
"15335209";00628176471556;"Rosemont Santa Banana Banane Flambée";"750";68;2025;11;3;
"11833753";00827924072025;"La Halte des Pèlerins Rosé";"750";3;2025;11;3;
"412338";05601085900084;"Pocas Coroa d'Ouro Douro";"750";332;2025;11;3;
"11510102";05600224301027;"Duorum Colheita DOC Douro";"750";385;2025;11;3;
"12398642";03700124720255;"G. Gruet Fils Blanc de Blancs";"750";45;2025;11;3;
"15299818";03451740045009;"La Bête Verte Absinthe et Lime Absinthe et Lime 4 X 355 ml";"355";47;2025;11;3;
"15363630";05998623530620;"Adelma Chardonnay";"750";26;2025;11;3;
"14347822";03760193350777;"Château Tour Bayard Montagne-Saint-Émilion";"750";168;2025;11;3;
"15398103";09333016003330;"Mount Macleod Pinot Noir";"750";6;2025;11;3;
"15500850";00087752007624;"Bartenura Moscato D'Asti";"375";24;2025;11;3;
"11115073";05603196002534;"Castelinho Reserva DOC Douro";"750";282;2025;11;3;
"14801183";00805534970054;"Miccine Chianti Classico Gran Selezione";"750";6;2025;11;3;
"11811765";07070292624782;"Occhipinti SP68";"750";124;2025;11;3;
"15505491";03700397152210;"Amiral de Beychevelle Saint- Julien";"750";26;2025;11;3;
"220400";03377480219992;"Domaine de Fourn Blanquette de Limoux";"750";37;2025;11;3;
"14161243";03770004331024;"La Demoiselle de Sigalas Bordeaux";"750";14;2025;11;3;
"15237570";03249990035587;"Château Haut Bages Monpelou Pauillac Cru Bourgeois";"750";19;2025;11;3;
"14903526";00663935100049;"Sandbanks Cabernet Franc";"750";2;2025;11;3;
"13616269";08033286752587;"Silvio Grasso Langhe Rosso";"750";2;2025;11;3;
"12613955";04000126139550;"Nero d'avola Siccagno Occhipinti Sicilia";"750";11;2025;11;3;
"15371285";03483810000304;"Château de Rouanne Vinsobres";"750";31;2025;11;3;
"15248252";03355820085599;"Vougeot Le Clos du Prieuré Monopole Domaine la Vougeraie";"750";1;2025;11;3;
"15103846";09414603412619;"Babich Select Blocks Marlborough Sauvignon Blanc";"750";113;2025;11;3;
"14707533";03585670000101;"Jonathan Pabiot  Élisa Pouilly-Fumé";"750";105;2025;11;3;
"14708288";00628176471044;"Dist. Mtl Rosemont El Chapleau";"750";28;2025;11;3;
"11017625";03372220190043;"Château Montus Pacherenc du Vic Bilh Sec";"750";13;2025;11;3;
"14748431";00056049137528;"Bù Tempranillo Vin Rouge";"750";1428;2025;11;3;
"913558";03496840005393;"Abbaye St-Hilaire Cerisiers Coteaux Varois en Provence";"750";190;2025;11;3;
"15374718";03760050743599;"Château de Melin Saint Romain Sous le Château";"750";3;2025;11;3;
"15537089";03683080667423;"Chavy-Chouet Saint-Aubin Premier Cru Murgers des Dents";"750";3;2025;11;3;
"11556901";03258690049244;"Château de Ricaud Cadillac Côtes de Bordeaux";"750";169;2025;11;3;
"14852255";03770010616146;"3 Terres Happy Lemon Riesling";"750";31;2025;11;3;
"14915666";03683080598840;"La Grange aux Belles Chaussée Rouge";"750";14;2025;11;3;
"12574141";03760106880353;"Château Fleur Haut Gaussens Bordeaux Supérieur";"750";158;2025;11;3;
"14971035";03531720007637;"Clos Lapeyre Jurançon Sec Clos Lapeyre Jurançon Sec";"750";10;2025;11;3;
"15386479";00628634365960;"Les 5 Plumes Audacieux";"700";18;2025;11;3;
"14946711";07804444001622;"País Salvaje Valle del Maule";"750";45;2025;11;3;
"14703946";03760011903987;"Dom. Emman. Fellot Bour. Char.";"750";43;2025;11;3;
"15179146";00628942047633;"Catalyst Spiritueux Chevaliers Catalyst";"750";18;2025;11;3;
"15489363";00088076189652;"Casamigos Cristalino";"750";9;2025;11;3;
"195362";03041311026041;"Marie Brizard liqueur banane";"750";16;2025;11;3;
"15501457";03760011500858;"Champagne Pascal Doquet Champs Libres Extra Brut 1e cru";"750";10;2025;11;3;
"15347841";05060638171997;"Lindores Old Forester Bourbon Exclusive Cask";"700";1;2025;11;3;
"15332420";03770022369054;"Marc Hennequière Pêche par Stéphane Modat";"750";6;2025;11;3;
"14714371";03760227760015;"Fair Rum";"750";5;2025;11;3;
"12454991";03767143350115;"Château Cambon Beaujolais";"750";35;2025;11;3;
"15174134";03760046710673;"Château la Martinette Côtes de Provence";"750";1;2025;11;3;
"14982893";03760046120328;"Albert Morot Savigny Beaune Premier Cru La Bataillère";"750";5;2025;11;3;
"14999118";03700360022250;"Château des Tourettes Tinus Rouge d'une Nuit";"750";8;2025;11;3;
"13333322";00628242480277;"Georges-Étienne Lafrance";"500";15;2025;11;3;
"15298428";00082000805762;"Smirnoff Vodka & Soda Creamsicle Blast (6 x 355 ml)";"355";60;2025;11;3;
"10809920";05601239605537;"Thasos Moscatel de Setúbal";"750";36;2025;11;3;
"960872";00792131750168;"Château Saint-Georges Saint-Georges-Saint-Émilion";"750";6;2025;11;3;
"15418768";00628942874765;"Grand Dérangement Pembroke";"750";28;2025;11;3;
"12405996";00056049133100;"White Revolution Vin Blanc";"1000";18985;2025;11;3;
"15064963";00087113113476;"Domaine Adélie Mercurey En Pierre Milley";"750";6;2025;11;3;
"13597109";03760234930098;"Domaine de la Taille aux Loups aux Loups";"750";9;2025;11;3;
"15079031";03568211208532;"Domaine Marcel Deiss Le Jeu des Verts";"750";1;2025;11;3;
"14825855";00057496007389;"Oakbank Cabernet Sauvignon";"750";24;2025;11;3;
"15329600";04003669031015;"Hefeweissbier Naturtrüb";"500";47;2025;11;3;
"15218803";03760260361781;"Cyprien Arlaud Bourgogne Oka";"750";8;2025;11;3;
"14346820";00628110521095;"Bold Gin";"750";29;2025;11;3;
"13681714";08007425161868;"Frescobaldi Alie";"750";29;2025;11;3;
"15086564";03469380630929;"Drappier Millésime Exception Brut";"750";10;2025;11;3;
"15512308";08809158909119;"Hwayo X Premium";"500";5;2025;11;3;
"15549987";04000155499878;"Domaine de Montille Volnay Premier Cru Les Mitans";"750";3;2025;11;3;
"14950525";00609780001056;"M. Jodoin Les Bulles Poussent dans les Arbres";"750";1;2025;11;3;
"15082387";03609051271703;"Les Hauts De Smith Pessac-Léognan";"750";4;2025;11;3;
"15258522";08006725100218;"Sella & Mosca La Cala Vermentino di Sardegna";"750";10;2025;11;3;
"14365035";05425007812015;"3 Fonteinen Golden Blend Oude Geuze";"375";1;2025;11;3;
"15476571";03391180023413;"Les Arènes M. Chapoutier Cornas";"750";17;2025;11;3;
"11546949";08032584220262;"Kepos di Ampeleia Toscana";"750";-1;2025;11;3;
"15287788";00827924038168;"Artisans du Terroir Les P'tits Tannants";"750";13;2025;11;3;
"13478880";03263280116664;"Bon Voyage Merlot <0,5%";"750";5;2025;11;3;
"13694486";08051490710001;"Carobbio Chianti Classico";"750";3;2025;11;3;
"13989524";00670459010914;"Tawse Winery Quarry Road Pinot Noir";"750";14;2025;11;3;
"15484087";03770001420035;"Christian Binner Bombisch";"750";13;2025;11;3;
"15312411";03301801703099;"La Cave d'Irouléguy Gabe";"750";5;2025;11;3;
"15526451";04000155264513;"Vignoble Jean-Luc Jamet Syrah Valine";"750";11;2025;11;3;
"15306141";03507160000095;"Domaine Ragot Givry blanc Pur T";"750";2;2025;11;3;
"15526591";04000155265916;"Do. Chante Cigale Châteauneuf- du-Pape Pi";"750";9;2025;11;3;
"13660315";03571710004055;"Laurent Miquel Albarino";"750";2;2025;11;3;
"14954622";00827924039318;"Domaine de Lavoie Rosé Éclaté (4 x 355 ml)";"355";55;2025;11;3;
"14802709";03700188055980;"Château Lafite Rothschild PGCC Pauillac";"750";1;2025;11;3;
"15459640";04000154596400;"Chablis Premier Cru Vaucoupin Domaine Gilbert Picq et Fils";"1500";3;2025;11;3;
"15461571";04000154615712;"Château Montrose Saint-Estèphe";"750";11;2025;11;3;
"15475164";08033087180077;"Bagliesi Terre di Totò Grillo Sicilia";"750";7;2025;11;3;
"15255524";04000152555249;"Castiglion del Bosco Millecento Riserva";"750";2;2025;11;3;
"15054407";03700188060465;"Château Phélan Ségur Saint-Estèphe";"750";1;2025;11;3;
"10784099";05060716145414;"GlenDronach  12 ans Highland Single malt";"750";1;2025;11;3;
"15255567";04000152555676;"Sottimano Currá Barbaresco";"750";1;2025;11;3;
"13996337";03760099780005;"Domaine Catherine et Pierre Breton Vouvray Pierres Rousses";"750";3;2025;11;3;
"14203870";03683080400112;"Fattoria di Sammontana Chianti";"750";4;2025;11;3;
"12307712";05000299613191;"Plymouth English Gin";"750";5;2025;11;3;
"15139304";00674464127506;"Neige Gin";"750";3;2025;11;3;
"14096533";05011007003227;"Jameson (BHT)";"1000";36;2025;11;3;
"15389004";00088076189539;"Mortlach Vallée de Spey Single Malt Scotch Whisky";"750";1;2025;11;3;
"15099955";05608527000906;"Casa Ermelinda Freitas Moscatel De Setubal Superior";"500";14;2025;11;3;
"14400620";08055712340250;"Fattoria di Vaira Ancestrale";"750";1;2025;11;3;
"15445580";00628090050899;"Pierre-Jean Villa Jardin Suspendu";"750";2;2025;11;3;
"12560531";00056049133032;"Woodbridge Cabernet-Sauvignon by Robert Mondavi";"3000";100;2025;11;3;
"15274821";08025022012789;"Produttori Del Barbaresco Rabajà Riserva";"750";3;2025;11;3;
"15534638";00628678354609;"Les Bottes Rouges La Pépée Arbois";"750";6;2025;11;3;
"15376406";04000153764060;"Morey-St-Denis Domaine Hubert Lignier";"750";1;2025;11;3;
"12891621";00056049134169;"Bù Splendido Chardonnay-Fiano vin blanc";"750";28560;2025;11;3;
"13841212";00873156000046;"Capraia Chianti Classico Riserva";"750";0;2025;11;3;
"15404091";00626990127710;"Moraine Cliffhanger";"750";3;2025;11;3;
"15344551";08051732911616;"Dagromis Gaja Barolo";"750";1;2025;11;3;
"15524042";04000155240425;"Domaine du Cellier aux Moines Givry P. Cru Clos du Cellier";"750";8;2025;11;3;
"15052946";03700188059582;"Château Cheval Blanc PGCC Saint-Émilion";"750";6;2025;11;3;
"14266934";08410113055057;"Sangre de Toro Rosé 0,0";"750";7;2025;11;3;
"13553077";05602640000164;"Quinta de Soalheiro Allo";"750";1;2025;11;3;
"15332307";05060044487170;"Lagg Kilmory Edition Single Malt";"700";4;2025;11;3;
"15356510";08032804342569;"Azelia Barolo";"750";3;2025;11;3;
"32276";03473120003829;"Prince Philippe Passe-tout- grains";"750";89;2025;11;3;
"15081659";04000150816595;"Le Grand Rouge Revelette Vin de Pays des IGP Méditerranéen";"750";1;2025;11;3;
"15268448";03683080640945;"Nibiru Schönberg Grüner Veltliner";"750";5;2025;11;3;
"533000";00774336330000;"Silverthorne blanc";"750";204;2025;11;3;
"14400152";03361121700024;"Domaine Rolet Savagnin Ouillé Arbois";"750";5;2025;11;3;
"15274805";08025022012772;"Pora Riserva Barbaresco";"750";1;2025;11;3;
"15207311";04000152073118;"Puech Noble Domaine René Rostaing Coteaux du Languedoc";"750";1;2025;11;3;
"13737378";08059070322170;"E Pira e Figli Langhe Nebbiolo";"750";5;2025;11;3;
"15452288";03760298320163;"Reverdy Terre de Maimbray";"750";2;2025;11;3;
"15400912";08031642000242;"San Michele a Torri Campotrovo Toscana";"750";1;2025;11;3;
"13792422";08437004254320;"Aranléon Blés Valencia";"750";112;2025;11;3;
"14002234";03683080416182;"Viteadovest GC Bianco Terre Terre Siciliane";"750";1;2025;11;3;
"11301482";08000852100325;"Ben Ryé Donnafugata Passito di Pantelleria";"375";3;2025;11;3;
"15366507";06002039013109;"Swartberg Wingerde Holism Garnacha Piekenierskloof";"750";1;2025;11;3;
"10783951";03760026100067;"Jean-Luc Colombo La Redonne Côtes du Rhône";"750";1;2025;11;3;
"14422992";00628504255377;"Noroi Liqueur d'Orange";"750";1;2025;11;3;
"12768771";00776545981738;"Oculus Mission Hill Okanagan Valley VQA";"750";2;2025;11;3;
"15526822";04000155268221;"Chablis Premier cru Butteaux Patrick Piuze";"750";3;2025;11;3;
"12100316";03584605310001;"Domaine Baud Brut S Crémant du Jura";"750";7;2025;11;3;
"15093238";08034115196183;"Santa Tresa Rina Russa Frappato";"750";1;2025;11;3;
"15150175";08033373295461;"Frank Cornelissen Munjebel Rosso P Cuvée Perpetuum II";"750";2;2025;11;3;
"11039736";00670459011386;"Tawse Chardonnay";"750";12;2025;11;3;
"15471462";00895958007955;"Cappellano Barolo Chinato";"750";4;2025;11;3;
"15263823";08420342002814;"Protos Tempranillo 9 Meses Ribera del Duero";"750";-1;2025;11;3;
"15106211";08437015137391;"Basque Moonshiners, Bikkun Vat ted Malt Whisky";"700";1;2025;11;3;
"14460016";00056049136910;"Wallaroo Trail Pinot Grigio Bin 919 Vin Blanc";"4000";780;2025;11;3;
"15082977";04000150829779;"Domaine Tupinier-Bautista Mercurey En Sazenay";"750";2;2025;11;3;
"15409765";04000150496162;"Kunoh Wines Wasurenagusa";"750";2;2025;11;3;
"14292446";03453560103006;"Domaine Pellé Menetou-Salon Morogues";"750";2;2025;11;3;
"14959790";00628176471273;"Dist. Mtl Rosemont Margarita (4X355ml)";"355";4;2025;11;3;
"14930760";03390740000161;"Domaine Gavoty Cuvée Clarendon Côtes de Provence";"750";3;2025;11;3;
"14089771";03770011833016;"Domaine de Courbissac Minervois les Traverses";"750";4;2025;11;3;
"15465396";03770019865675;"Domaine de l'Enclos Chablis Grand Cru Vaudésir ";"750";1;2025;11;3;
"14988611";03536651193008;"E. Guigal Châteauneuf-du-Pape Château de Nalys";"1500";1;2025;11;3;
"15101955";08033765258814;"Tenute Orestiadi Nerello Mascalese";"750";2;2025;11;3;
"15433757";08022888260088;"Feudi di San Gregorio Cutizzi";"750";1;2025;11;3;
"13566943";08033765253710;"Cademusa Rose Terre Siciliane Organic Certified";"750";3;2025;11;3;
"10694093";07804414001430;"Luis Felipe Edwards Chardonnay Gran Reserva Vallée de Leyda";"750";1;2025;11;3;
"15479368";04000154793687;"Dom. Rossignol-Trapet Vieilles Vignes Gevrey-Chambertin";"750";-1;2025;11;3;
"12408134";08437015640303;"Senorio De Barahonda Tinto Yecla";"750";67;2025;11;3;
"15306678";04000153066782;"L'Huisserie Domaine Philippe Alliet Chinon";"750";1;2025;11;3;
"14919780";08437015724485;"Bodegas Mas Que Vinos Los Con ejos Malditos Blanco con Madra";"750";-1;2025;11;3;
"14156014";05000267125046;"Johnnie Walker Black Label 12 ans scotch blended (BHT)";"1000";24;2025;11;3;
"14213146";08029284000201;"Bussola Vigneto Alto Amarone della Valpolicella Classico";"750";2;2025;11;3;
"15480326";08026530000152;"Tormaresca Masseria Maime Negroamaro";"750";1;2025;11;3;
"15375121";03536650592000;"E. Guigal Côtes-du-Rhône";"375";3;2025;11;3;
"15385353";00814051021897;"Roberto Voerzio Barolo del Comune di la Morra";"1500";1;2025;11;3;
"15361466";03760162660524;"St-Joseph Passage Rouge Stéphane Ogier";"750";3;2025;11;3;
"14504162";00878448002289;"Mouton Cadet Héritage Bordeaux";"750";1;2025;11;3;
"973248";08437002692018;"Azul Guelbenzu vino de la Tierra Ribera del Queiles";"750";3;2025;11;3;
"14980775";05200000019629;"Domaine Dalamara Naoussa";"750";1;2025;11;3;
"15175989";09332658000622;"Ochota Barrels A Forest Pinot noir";"750";1;2025;11;3;
"14564165";04000145641652;"Champagne Chartogne-Taillet Les Barres";"750";2;2025;11;3;
"15168130";09007500457014;"Domäne Wachau Grüner Veltliner Smaragd Achleiten";"750";10;2025;11;3;
"15200241";03700188063923;"Château Duhart-Milon Pauillac Grand Cru Classé";"750";4;2025;11;3;
"14801319";03328155014879;"Château Bélair-Monange Premier Grand Cru Classé Saint-Émilion";"750";1;2025;11;3;
"13565334";04000135653344;"Frederic Savart Bulle de Rosé Premier Cru Extra Brut";"750";1;2025;11;3;
"15302984";03760096520178;"Domaine Fond Croze Cuvée Confidence Côtes du Rhône";"750";12;2025;11;3;
"15263938";03453521292527;"Château Livran";"500";1;2025;11;3;
"11639070";00086785900001;"Aperol";"750";3191;2025;11;3;
"15378399";05998623531122;"Is This it? Grüner Veltliner";"750";442;2025;11;3;
"67";00776103000260;"Smirnoff No.21";"750";3622;2025;11;3;
"508879";03586610000441;"Carrelot des Amants Brulhois";"750";649;2025;11;3;
"978387";08410310602757;"Hoya de Cadenas Reserva Utiel-Requena";"750";4550;2025;11;3;
"11254313";08008863026078;"Santi Nello Pinot Noir Trevenezie";"750";951;2025;11;3;
"105601";00088544016770;"Southern Comfort";"750";1088;2025;11;3;
"13325701";00813497006109;"Bumbu";"750";1874;2025;11;3;
"53546";00620213100511;"Russian Prince";"1140";2116;2025;11;3;
"12525120";05603016000221;"Fonte do Nico Castelao Peninsula de Setubal";"750";1727;2025;11;3;
"14321913";08436569290392;"Ozu Chardonnay";"750";365;2025;11;3;
"10394533";07790240090277;"Astica Sauvignon Blanc";"750";1313;2025;11;3;
"14729046";08420202004361;"Flor de Victo Macabeo Utiel- Requena";"750";1664;2025;11;3;
"342246";00083300048729;"Amarula";"750";1656;2025;11;3;
"11097451";05204172117039;"Savatiano Dom. Papagiannakos Markopoulo";"750";2406;2025;11;3;
"4242";00814789003349;"Chemineaud";"375";1338;2025;11;3;
"15347971";03525490011987;"Les Jamelles Chardonnay";"750";557;2025;11;3;
"11833690";00827924076023;"Vents d'Ange Cuvée Catherine";"750";730;2025;11;3;
"12555548";03460410538567;"Planteray Guatemala Gran Anejo";"700";115;2025;11;3;
"13597791";03760099780012;"La Dilettante Cath et Pierre Breton";"750";29;2025;11;3;
"15475199";00627987101706;"Côte Des Saints Série Premium Single Malt";"700";29;2025;11;3;
"11791848";08002365013000;"Michele Chiarlo Nivole Moscato d'Asti";"750";56;2025;11;3;
"11003338";08014115000123;"Poli Bassano Del Grappa";"500";575;2025;11;3;
"912311";03186128081538;"Cousu Main Devois des Agneaux d'Aumelas Jeanjean Languedoc";"750";290;2025;11;3;
"12103411";03760099780074;"Breton Vouvray Épaulé Jeté";"750";374;2025;11;3;
"15511049";00859670001769;"Paulo Eden";"750";223;2025;11;3;
"11459722";00689768871314;"Barbancourt 4 Ans";"750";344;2025;11;3;
"13478564";08022799001558;"Fabio Oberto Barolo";"750";663;2025;11;3;
"638494";03590662017500;"Bruno Paillard Première Cuvée Extra-Brut";"750";2;2025;11;3;
"11766597";03527801100106;"Paul Goerg Brut Premier Cru Blanc de Blancs";"750";131;2025;11;3;
"15194944";04262360520055;"Meinklang Djuce Kontext";"250";49;2025;11;3;
"15345984";00618397202220;"Mezcal Del Maguey Puebla";"750";126;2025;11;3;
"15395623";00781159884535;"Savage Wines Salt River Stellenbosch";"750";812;2025;11;3;
"15371007";03701338000348;"Edouard Delaunay Septembre Bourgogne Pinot Noir";"750";260;2025;11;3;
"10383691";09415549801604;"Oyster Bay Chardonnay Marlborough";"750";913;2025;11;3;
"12476452";03494980002081;"Domaine des Huards François Premier";"750";35;2025;11;3;
"15364923";00827924190088;"Vallée d'Oka Pinot & Co";"750";159;2025;11;3;
"11013317";08026080001265;"Canet Valette Antonyme St- Chinian Vin de France";"750";216;2025;11;3;
"12484575";05204352000014;"Tetramythos Roditis Patras";"750";1499;2025;11;3;
"15498235";03500610171062;"J.P. Chenet Fizzy Citron Lime";"750";43;2025;11;3;
"13657731";09120010690402;"Forstreiter Gruuner Niederosterreich";"750";464;2025;11;3;
"15253481";00080432106846;"Olmeca Altos Plata";"750";591;2025;11;3;
"15082758";03770012860530;"Hautes Pistes Pinot Noir Aubert & Mathieu";"750";1007;2025;11;3;
"15143231";03760195190166;"Domaine Le Fay d'Homme Muscadet Sèvre et Maine Gorges";"750";13;2025;11;3;
"15273554";09120007506013;"Weingut Weninger Ponzichter";"750";219;2025;11;3;
"13188858";00618109447512;"Barone Ricasoli Chianti";"750";2014;2025;11;3;
"10894431";07790189040036;"Don David Reserve Syrah El Esteco Vallée de Calchaqui";"750";431;2025;11;3;
"10961180";00087752008867;"Barkan Classic Shiraz";"750";50;2025;11;3;
"15514602";00080432106853;"Olmeca Altos Reposado";"750";967;2025;11;3;
"13137647";08410023035682;"Gonzalez Byass La Copa Vermouth";"750";91;2025;11;3;
"15140495";08410261273105;"Don Simon";"1000";6545;2025;11;3;
"15344586";08032636143556;"Magari Ca' Marcanda Bolgheri";"750";13;2025;11;3;
"10395309";08002062001607;"Masi Passo Doble Valle de Uco";"750";333;2025;11;3;
"13575452";07790240095760;"Trapiche Cab-Sauvigon Reserve";"3000";1299;2025;11;3;
"14724641";00050037597752;"Disaronno Velvet";"750";290;2025;11;3;
"14311061";00628055952138;"Artist Residence Gin Concombre";"750";95;2025;11;3;
"15438574";00817217000101;"Romeo's Gin Tonic 4 x 355 ml";"355";659;2025;11;3;
"15127725";04860065015946;"Teliani Valley Winery 97 Kakhuri No.8";"750";51;2025;11;3;
"13992820";06282501010960;"Morbleu Rhum Cacao";"750";234;2025;11;3;
"12533541";08437012252264;"El Petit Bonhomme Rueda Blc";"750";506;2025;11;3;
"918557";03275846901027;"Château Leret Réserve Cahors";"750";297;2025;11;3;
"15460691";03760040435626;"Coté Mas Aurore";"750";60;2025;11;3;
"379032";05390424120817;"O'Casey's";"750";1715;2025;11;3;
"12224669";03760006321840;"Château de Rouillac Pessac-Léognan";"750";26;2025;11;3;
"14315783";03250250160536;"Domaine Maire Grand Minéral Côtes du Jura";"750";594;2025;11;3;
"330803";05010496001615;"Bowmore 12 Ans Islay Single Malt Scotch Whisky";"750";759;2025;11;3;
"13574927";08031802002116;"Cab. Sauv./Merlot Marrano Vignalta Veneto";"750";68;2025;11;3;
"10388601";03760035961130;"Cailleteau Bergeron Tradition Blaye Côtes de Bordeaux";"750";375;2025;11;3;
"10454882";08008310072702;"Fragoli avec fraises de bois Toschi liqueur de fruit";"500";217;2025;11;3;
"744169";00827924036058;"Rivière du Chêne William Blanc";"750";834;2025;11;3;
"15334530";07804320457963;"Emiliana Adobe Pinot Noir Reserva";"750";1064;2025;11;3;
"14455436";00627843841470;"Les Bacchantes R1";"750";72;2025;11;3;
"15508413";03760325230229;"Les Frères Engel Terre de Gneiss";"750";58;2025;11;3;
"15363808";00664732008491;"Distillerie des Marigots Série Exploratoire Prélude";"750";34;2025;11;3;
"14722055";08526520010852;"Taïga Seltzer Framboi Camerise (4 x 355ml)";"355";376;2025;11;3;
"13990218";04968167052644;"Echigo Denemon Yuki Hotaru Snow Firefly Sake";"720";52;2025;11;3;
"14435347";08413929002130;"Loxarel A Pèl Penedès";"750";10;2025;11;3;
"13620751";03289810006137;"Domaine Fouassier Sancerre Iconoclaste";"750";27;2025;11;3;
"15512869";03443660019796;"Bonfils Capitoul Grand Terroir Languedoc";"750";286;2025;11;3;
"114223";03292060010045;"Chablis Saint-Martin Domaine Laroche";"750";628;2025;11;3;
"913418";03282062146224;"Clos de Gamot Cahors";"750";49;2025;11;3;
"15554137";00776545601155;"Our Story Charming White";"750";67;2025;11;3;
"12564233";03760129630317;"J-F Mérieau Arpent des Vaudons Touraine";"750";369;2025;11;3;
"15014069";00628176471419;"Rosemont Rhum Punch";"750";9;2025;11;3;
"15518072";06282503720904;"TP-Le Malin César Haricot Mariné";"750";18;2025;11;3;
"13963421";00635335849101;"Lurton Les Fumées Blanches Gris de Sauvignon";"750";550;2025;11;3;
"14751964";03514123121049;"G Bertrand Corbières Naturae";"750";15;2025;11;3;
"15115901";08412766150653;"Sumarroca Il·lògic Penedès";"750";504;2025;11;3;
"10914746";09414453931049;"Twisted Shotz Buttery Swirl (4 x 30 ml)";"30";2796;2025;11;3;
"15472561";05202795130022;"Metaxa 7 Étoiles Gold Label";"700";575;2025;11;3;
"13736463";00695521154785;"Planteray 3 Étoiles";"750";262;2025;11;3;
"15460157";00628634509067;"Domaine Inselberg Riesling";"750";55;2025;11;3;
"12477543";03683080027296;"Alain Renardat Fâche Bugey Cerdon";"750";27;2025;11;3;
"13020588";03760118232386;"Domaine Chante Cigale Châteauneuf-du-Pape";"750";33;2025;11;3;
"14235960";00627987176957;"Mugo Gin";"750";269;2025;11;3;
"12908260";03586250000733;"Château de Lamarque Haut-Médoc";"750";9;2025;11;3;
"12719055";04905846114989;"Choya Umeshu Liqueur Umeboshi";"700";136;2025;11;3;
"571521";03152900051358;"Boulard X.O. Calvados Pays d'Auge";"500";19;2025;11;3;
"14786391";00628011395047;"Echo Foxtrot Framboises";"750";46;2025;11;3;
"15185440";00628678560550;"Domaine Les Rassembleurs l'Orange";"750";254;2025;11;3;
"12589511";00786992000609;"St-Lucia Distillers Chairman's Reserve Spiced";"750";3;2025;11;3;
"14216110";04262465030220;"A.J. Adam Im Pfarrgarten Riesling Feinherb Gutswein";"750";70;2025;11;3;
"11155665";08025127001848;"Velenosi Verdicchio dei Castelli di Jesi Classico";"750";148;2025;11;3;
"738997";08420347292586;"Baron de Ley Gran Reserva Rioja";"750";187;2025;11;3;
"15452430";09120018187157;"Judith Beck Beck Ink";"750";22;2025;11;3;
"12748180";08436546823148;"Casarojo MMM Monastrell";"750";284;2025;11;3;
"15416797";08033140735008;"Ca' del Baio Barbaresco Autinbej";"750";51;2025;11;3;
"15548538";00628176471891;"Rosemont Dry Gin";"750";85;2025;11;3;
"14438089";08959580018856;"Le Sot de l'Ange Malolactix";"750";182;2025;11;3;
"12632275";03557785119016;"Agrapart Les 7 Crus Blanc de Blancs Brut";"750";11;2025;11;3;
"15382347";04036198000993;"Corvers-Kauter R3 Zero";"750";147;2025;11;3;
"15538436";00852396001198;"TP-Distillerie du Quai Commodre 1964 - Rhum épicé";"700";1;2025;11;3;
"14405033";03760286320113;"Tète Red Vin de France";"750";333;2025;11;3;
"14827703";03700188055027;"Les Griffons de Pichon Baron Pauillac Grand Cru Classé";"750";6;2025;11;3;
"15441095";00899109002707;"Badenhorst Swartland Grensloos Steen";"750";15;2025;11;3;
"13425956";00089419446159;"Padrillos Pinot noir Mendoza";"750";19;2025;11;3;
"14143061";03760080940029;"Domaine Chancelle Saumur- Champigny";"750";37;2025;11;3;
"14751841";00895958002448;"Domaine Labet Macvin du Jura";"750";9;2025;11;3;
"15243769";00831256005538;"Plageoles Braucol Gaillac";"750";14;2025;11;3;
"15324235";03450301137597;"Château Destieux Saint Emilion Grand Cru Classé";"1500";3;2025;11;3;
"14703698";03434040016917;"Weinbach Alsace Vignes Prêcheu";"750";10;2025;11;3;
"15316577";00839905006660;"Domaine Les Hautes Noëlles Galénée";"750";58;2025;11;3;
"15458225";03770030950015;"Bruyère et David Les Parcelles Saint-Joseph";"750";16;2025;11;3;
"15052356";03292142614215;"Château Malartic-Lagravière Cru Classé Pessac-Léognan";"750";7;2025;11;3;
"11541890";00622153621040;"Pimm's No.1 Original";"750";2;2025;11;3;
"12604071";03760149570426;"Mâcon Villages Domaine Rijckaert";"750";38;2025;11;3;
"15515331";00818201022406;"Le Serre Nuove dell'Ornellaia Bolgheri";"750";89;2025;11;3;
"15222191";03700188063022;"Petit Vauthier Saint-Emilion Grand Cru";"750";163;2025;11;3;
"15111045";00895958002868;"Quarticello Ferrando";"750";23;2025;11;3;
"15471518";08022799001473;"Fabio Oberto Langhe Nebbiolo";"750";114;2025;11;3;
"13843322";03701394500066;"Naud Panama Anejo 15 ans";"700";2;2025;11;3;
"15373635";04000153736357;"Château La Cabanne Pomerol";"750";29;2025;11;3;
"15388837";08053178010021;"Mazzola Crinale Nordest";"750";2;2025;11;3;
"15252075";00830294001106;"Michele Satta Cavaliere";"750";3;2025;11;3;
"13728826";07804320056203;"Cono Sur Single Vineyard Chardonnay";"750";69;2025;11;3;
"480145";03379681000140;"Chablis premier cru Fourchaume Château de Maligny";"750";65;2025;11;3;
"15492511";00628176744162;"L&L Grande Menthe Boréale";"750";22;2025;11;3;
"639591";00057496639597;"Marquis de Méricourt Georges Antoine du Pontneuf rouge";"4000";1092;2025;11;3;
"15377839";00609780007607;"De L'Or en Pomme Mistelle de Pomme";"700";11;2025;11;3;
"15529521";03049614236181;"Veuve Clicquot Puffy Bottle Holder";"750";12;2025;11;3;
"15471446";05413977003182;"Blanche de Liège";"330";14;2025;11;3;
"15108938";09416504014015;"Kumeu River Rays Road";"750";8;2025;11;3;
"15384027";00873674000047;"Coffret Iberville Boire à l'Italienne Boîte Découverte";"1320";3;2025;11;3;
"13869418";00627843605515;"Dayaa Arak";"750";2;2025;11;3;
"15515779";03536650101004;"Guigal Côte Brune et Blonde Côte Rôtie";"750";13;2025;11;3;
"15370995";03180421039975;"Moillard Maranges";"750";20;2025;11;3;
"15263671";05060411501218;"Glasgow 1770 Peated Lowlands Single Malt";"700";1;2025;11;3;
"927822";05281108010046;"Château St-Thomas Les Émirs Vallée de Bekaa";"750";32;2025;11;3;
"15489531";07503036644246;"La Serpiente Emplumada Artesanal Ensamble Espadin";"750";6;2025;11;3;
"15324382";05203021111501;"Gaia Wines Monograph Assyrtiko";"750";5;2025;11;3;
"15181721";03260980029904;"J-C Boisset Bourgogne Pinot Noir Nature d'Ursulines";"750";21;2025;11;3;
"15273731";03760011904304;"Domaine Yohan Lardy Moulin-à- Vent Vieilles Vignes 1903";"750";22;2025;11;3;
"15521343";04000155213436;"Podere Le Boncie Cinque";"750";6;2025;11;3;
"11409320";09120022320380;"Laurenz Grüner Veltliner Singing";"750";71;2025;11;3;
"14496481";03497850009104;"Bonnet Huteau Nuit Boréale Brut";"750";13;2025;11;3;
"15131716";06282503720447;"Amoretto Di Wabasso";"700";83;2025;11;3;
"15318687";09327017001297;"Hewitson Madame M Blanc et Blanc Adelaide";"750";14;2025;11;3;
"13351619";00723120257351;"Siempre Tequila Plata";"750";3;2025;11;3;
"15425415";08410113556707;"Andica Reserva Sauvignon Blanc Valle del Curico";"750";9;2025;11;3;
"11885772";40057496004968;"Toro Loco vin blanc";"500";2;2025;11;3;
"15032419";03760102760093;"Céline et Laurent Tripoz Mâcon Les Morandes";"750";3;2025;11;3;
"12030291";00627843195382;"Entre Pierre & Terre Cidre Mousseux Canneberge";"750";8;2025;11;3;
"15060575";05011013941612;"Coffret Baileys L'Originale Cadeau une Coupe";"750";4;2025;11;3;
"11957191";00627843195405;"Entre Pierre et Terre Cidre de Glace";"200";10;2025;11;3;
"10236682";00736040011651;"Golan Heights Mount Hermon";"750";28;2025;11;3;
"15113163";06009881241209;"Coterie Grenache & Syrah";"750";8;2025;11;3;
"540260";05013626113288;"Taylor Fladgate tawny 40 ans Porto";"750";5;2025;11;3;
"15501203";08025862200315;"Casanova di Neri Tenuta Nuova Brunello di Montalcino";"750";9;2025;11;3;
"15174556";08059617371470;"Tenuta Fornace Regina Di Cuori";"750";20;2025;11;3;
"15052621";03760087182002;"Château Fourcas Dupré Listrac-Médoc";"750";19;2025;11;3;
"12501419";00827924112011;"Le Sieur Rivard Sélection Le Mas des Patriotes";"750";11;2025;11;3;
"15545812";00080480053970;"Patron Coffret Découverte";"600";14;2025;11;3;
"15511479";03481662138756;"Héritage d'Aqueria Lirac";"750";6;2025;11;3;
"15325220";08022931507221;"Solengo Argiano Toscana i.g.t.";"750";12;2025;11;3;
"15304533";03760201500927;"Le Conservatoire Marcillac Mansois";"750";26;2025;11;3;
"13353251";09419038900076;"Alpha Domus Syrah The Barnstormer";"750";14;2025;11;3;
"14438126";09120011266811;"Fritsch Purist Pét.Nat.";"750";1;2025;11;3;
"15375139";03770008968097;"Bourdaire-Gallois Prestige Extra-Brut";"750";3;2025;11;3;
"15362872";05214000440345;"Venetsanos Assyrtiko Santorini";"750";22;2025;11;3;
"12689853";00664858000119;"Aguardiente Antioqueño";"750";58;2025;11;3;
"873018";03368883100017;"Domaine de Beaurenard Côtes du Rhône";"750";8;2025;11;3;
"15116621";00627987806564;"Fove Acerum Ambré";"500";8;2025;11;3;
"14410705";05029704219001;"Bunnahabhain Stiuireadair Isla Single Malt";"750";1;2025;11;3;
"15452085";09120008948270;"Leth Blauer Zweigelt Terrassen";"750";7;2025;11;3;
"15455841";04000142963412;"Alphonse Mellot Cuvée Edmond Sancerre";"750";2;2025;11;3;
"15538903";03355820085667;"Gevrey-Chambertin Premier Cru Bel Air Domaine de Vougeraie";"750";2;2025;11;3;
"15344623";08051732911326;"Gaia & Rey Gaja Langhe";"750";2;2025;11;3;
"14928707";03230410421912;"L'Étincelle Sancerre";"750";-2;2025;11;3;
"15269168";08004129010454;"Spinelli Montepulciano d'Abruzzo";"750";27;2025;11;3;
"14792694";03701394500707;"Naud Hidden Loot Dark Reserve Premium Panama";"700";20;2025;11;3;
"14883588";00627843717348;"Willibald Gingerbread";"750";11;2025;11;3;
"13574661";03460410538512;"Planteray OFTD";"700";8;2025;11;3;
"15134204";03760171590294;"Domaine Pfister Engelberg Riesling Grand Cru";"750";2;2025;11;3;
"14798551";03700188053122;"Château de Fieuzal Pessac-Léognan";"750";1;2025;11;3;
"14792782";00057496012284;"Keep Calm & Laugh Chardonnay Vin Blanc";"750";504;2025;11;3;
"14681257";07630040403689;"Martini Floreale";"750";11;2025;11;3;
"15521626";08003565000388;"Casale del Giglio Bellone Lazio";"750";12;2025;11;3;
"13210197";05017469310002;"Château Musar Jeune";"750";3;2025;11;3;
"14879562";03282946069458;"Nicolas Feuillatte Collection Organic";"750";6;2025;11;3;
"950378";00063829999030;"Intermiel Verge d'Or hydromel";"750";11;2025;11;3;
"14900042";00628176744124;"Lore & Legends Old Tom";"750";7;2025;11;3;
"15525715";00628347360580;"Joy Hill Raisin Brin";"750";30;2025;11;3;
"15046095";03683080594743;"Christophe Pacalet Haru-Ichi";"750";4;2025;11;3;
"15464203";03760119329115;"Le Loup Blanc Soif Blanc";"750";8;2025;11;3;
"15445766";03561780020000;"Perceval Apremont La Pierre-Hâchée";"750";1;2025;11;3;
"14212688";04040354200233;"Burg Ravensburg Husarenkappe Riesling";"750";12;2025;11;3;
"15006931";00067311799023;"Stefano Sangiovese Vin Rouge";"750";720;2025;11;3;
"13802985";08437012073036;"Fincas de Landaluce Rioja Crianza";"750";3;2025;11;3;
"12986612";08414542151106;"Muga Reserva Seleccion Especial  Rioja";"750";2;2025;11;3;
"15452368";05425029531499;"Tilquin Pêche jaune";"375";1;2025;11;3;
"15348253";03514123133202;"Gérard Bertrand Trouble xp";"750";30;2025;11;3;
"15279446";03687080561781;"Domaine Les Poëte Orphée";"750";5;2025;11;3;
"15052057";03394150057296;"Château Angludet Margaux";"750";11;2025;11;3;
"15347496";08410439500019;"Dominio Romano Ribera del Duero";"750";3;2025;11;3;
"15440527";03760280711481;"Belleville Rully Premier Cru Chapitre";"750";1;2025;11;3;
"13749379";04989501114569;"Ryoma Rhum Japonais Vieilli 7 ans Kikusui Distillery";"700";6;2025;11;3;
"13856166";00812066024780;"Glenrothes 18 Ans Glenrothes 18 Ans";"750";2;2025;11;3;
"15518283";03547831221015;"Château de Chamilly Montagny Premier Cru Les Burnins";"750";1;2025;11;3;
"979823";03770032143002;"Château Peybrun Cadillac";"750";2;2025;11;3;
"15477792";06903431103842;"Xinghua Cun Fen Chiew-Silk Road";"500";13;2025;11;3;
"15243208";00628451239291;"Lieux Communs Piquette Pâle (4 X 355 ml)";"355";35;2025;11;3;
"14994886";03292060133430;"Laroche Chablis Premier Cru Montée de Tonnerre";"750";1;2025;11;3;
"14999100";03700360021307;"Château des Tourettes Tinus Pure Nature";"750";1;2025;11;3;
"12270948";09414498315101;"Nobilo Sauvignon Blanc Malborough";"750";24;2025;11;3;
"15344594";08032636143587;"Ca'Marcanda Vistamare Toscana i.g.t.";"750";3;2025;11;3;
"15281950";08029358072158;"Renato Ratti Barolo Marcenasco Barolo";"750";-1;2025;11;3;
"15200267";03760023872660;"Château Durfort-Vivens Margaux Grand Cru Classé";"750";1;2025;11;3;
"15496512";04000154965121;"Michel Bouzereau Puligny- Montrachet Les Champs Gains";"750";-2;2025;11;3;
"14900085";00627843837152;"L'Apéro par Amermelade";"750";3;2025;11;3;
"14959503";05022069011082;"Spey Tenné Tawny Port Finish Vallée de Spey Single Malt";"700";1;2025;11;3;
"15453871";03540437509570;"Collines de L'if Saint-Emilion";"1500";1;2025;11;3;
"12721809";08004012000098;"Caparzo Ca' del Pazzo";"750";6;2025;11;3;
"13106912";00799705182165;"Château de Cartes Saint-Pépin";"750";1;2025;11;3;
"15191225";03760040180465;"Château Marjosse Bordeaux";"750";13;2025;11;3;
"15476853";03391180023529;"M. Chapoutier Les Granilites Saint-Joseph";"750";2;2025;11;3;
"15549952";04000155499526;"Domaine de Montille Corton Clos du Roi Grand Cru";"750";7;2025;11;3;
"15393097";04935787201882;"Manotsuru Maho Daiginjo";"720";10;2025;11;3;
"15510951";08410023000352;"Beronia Vareia Vinedo Singular Rioja";"750";4;2025;11;3;
"15366558";03760027872116;"Charles Audoin Bourgogne";"750";3;2025;11;3;
"15093481";03700188060168;"Les Pagodes de Cos Bordeaux";"750";4;2025;11;3;
"12448486";04955932128659;"Junmai Dai Ginjo Shuhai Chiyonosono";"720";4;2025;11;3;
"14096058";00080432400432;"Chivas Regal 12 ans Blended Scotch Whisky (BHT)";"1000";157;2025;11;3;
"15086871";03770027269021;"AMI Gaminot";"750";2;2025;11;3;
"15436510";03372961900802;"Château Lamartine Cahors Tandem";"750";1;2025;11;3;
"15373686";04000153736869;"Guigal Côte Brune et Blonde Côte Rôtie";"750";2;2025;11;3;
"13285607";00057496008485;"Smoky Bay Cabernet-Merlot";"1000";2692;2025;11;3;
"15511305";03481662248752;"Héritage d'Aqueria Lirac";"750";2;2025;11;3;
"14504701";07794450004826;"El Enemigo Los Paraisos Mendoza";"750";9;2025;11;3;
"14955991";03760078971165;"Domaine Besson Chablis Premier Cru Mont de milieu";"750";4;2025;11;3;
"13946541";03760088940052;"Domaine Fichet Bourgogne Aligoté";"750";1;2025;11;3;
"15461547";00873922000720;"Domaine Richeaume Carignan";"750";7;2025;11;3;
"15127098";03328155018488;"Château Lafleur-Gazin Pomerol";"750";-1;2025;11;3;
"15515648";04000155156481;"Ex Voto Guigal Hermitage";"750";2;2025;11;3;
"15257571";03105710370218;"Paul Jaboulet Hermitage La Maison Bleue";"1500";1;2025;11;3;
"14996398";04000149963989;"Belle Dame Domaine Vacheron Sancerre";"750";5;2025;11;3;
"14977293";03391180021914;"M. Chapoutier Côte du Rhône Belleruche";"750";12;2025;11;3;
"15200890";03460440012549;"Château Le Gay Pomerol";"750";4;2025;11;3;
"15073077";00057496010334;"Smoky Bay Pinot Grigio Vin Blanc";"4000";520;2025;11;3;
"15439956";03591860421069;"L'autre Mangot Saint-Émilion";"750";2;2025;11;3;
"116764";00068586167647;"Bellini Rouge Vermouth de Pomme";"1000";1010;2025;11;3;
"15261001";00824243006205;"Vida Alta Torrontes Vin Blanc";"750";3;2025;11;3;
"15237650";00810039720028;"Isle of Harris The Hearach Single Malt";"750";1;2025;11;3;
"15433360";03760077781178;"Savanna 5 ans Traditionnel Vieux de la Réunion";"700";1;2025;11;3;
"15286970";08437001101153;"Finca Tresolmos Lias Rueda";"750";6;2025;11;3;
"12891613";00056049134244;"Bù Glissando Red Blend";"750";1;2025;11;3;
"13989946";05200109000597;"Monemvasia Winery Asproudi Péloponnèse";"750";2;2025;11;3;
"15382937";04000153829370;"Guidalberto Tenuta San Guido Toscana i.g.t.";"750";5;2025;11;3;
"14923682";09421011182454;"Schubert Marion's Viney. Pinot Noir North Island";"750";2;2025;11;3;
"15525563";00628425160859;"Cherry River Collection Réconfort";"800";1;2025;11;3;
"15261254";00824243006182;"Puma De Las Montanas Viognier Chenin Blanc";"750";1;2025;11;3;
"14921071";08437006339414;"Altolandon Mil Historia Bobal Manchuela";"750";2;2025;11;3;
"15205949";05060044483738;"Arran Single Malt Barrel Reserve";"700";1;2025;11;3;
"15187293";05056510007669;"The Octave Ardmore Peated Single Malt";"700";1;2025;11;3;
"14788089";03760332770183;"Domaine Mylène Bru Les Moulins de mon Coeur";"750";3;2025;11;3;
"12213505";08437006989084;"El Bonhomme Valencia";"1500";4;2025;11;3;
"14962121";03760121160010;"Vincent Gaudry Sancerre Le Tournebride";"750";2;2025;11;3;
"15050238";06009820750311;"De Morgenzon DMZ Stellenbosch";"750";1;2025;11;3;
"13568519";08016760003573;"Col d'Orcia Poggio al Vento Brunello di Montalcino Riserva";"1500";2;2025;11;3;
"15274979";08410441512130;"Bodegas Faustino Rioja Gran Reserva";"750";3;2025;11;3;
"15516106";04000155161065;"Cervaro Castello della Sala Antinori Umbria";"750";2;2025;11;3;
"14936651";00088076187511;"Tanqueray Blackcurrant Royale";"700";4;2025;11;3;
"13856879";08012738000551;"Tenuta Friggiali Rosso di Montalcino";"750";1;2025;11;3;
"14029947";03251091812936;"Chateau Haut Blaignan Médoc Cru Artisan";"750";-1;2025;11;3;
"13821879";03431442023024;"René Muré Clos St-Landelin Sylvaner Cuvée Oscar";"750";3;2025;11;3;
"488742";00659651420028;"Château Peyros vielles vignes Madiran";"750";2;2025;11;3;
"15527155";08029001000132;"Inama Vigneti Foscarino Soave Classico Superiore";"750";1;2025;11;3;
"14924001";08032993240110;"Fattoria la Rivolta Aglianico del Taburno";"750";2;2025;11;3;
"12887251";03434040017150;"Riesling Cuvée Colette Domaine Weinbach Alsace";"750";1;2025;11;3;
"14364059";05601007476505;"Casa Ferreirinha Quinta da Leda Douro";"750";1;2025;11;3;
"12250963";08004889004007;"Distilleria Erboristica Alpina Genepy Don Gabet";"700";5;2025;11;3;
"15522881";00726529465327;"Chai Grenache Cinsault Rosé";"750";336;2025;11;3;
"15310992";00608057000396;"Kai Carménère Valle del Aconcagua";"750";1;2025;11;3;
"15429002";04270003684903;"Kleines Gut Vin de soif";"750";1;2025;11;3;
"897686";08006150000350;"Rosso del Camul";"750";1886;2025;11;3;
"12274615";00080480172022;"Cazadores Blanco";"750";992;2025;11;3;
"710780";06001497413209;"Le Bonheur Chardonnay Stellenbosch";"750";9553;2025;11;3;
"14039395";08007813440179;"Cantina Girlan 448 s.l.m.";"750";5;2025;11;3;
"15210633";08436559523714;"The Butler Tempranillo";"750";1172;2025;11;3;
"38505";00776103000284;"Smirnoff No.21";"1750";2458;2025;11;3;
"705046";08020735004007;"Cometa Planeta Sicilia DOC";"750";21;2025;11;3;
"13188815";03271360041744;"Antonin Rodet Coteaux Bourguignons";"750";483;2025;11;3;
"14077244";00082000790600;"Gordon's Premium Pink";"750";1279;2025;11;3;
"14727745";03760218911280;"Montlouis-sur-Loire 3 Parcelle Complices de Loire";"750";585;2025;11;3;
"15515349";04000155153497;"Athénaïs de Béru Bourgogne";"750";24;2025;11;3;
"11184925";07791728023114;"Fuzion Chenin Blanc/Torrontes Mendoza";"375";655;2025;11;3;
"30155";00011373001983;"Marquis de Jouennes Bourgogne Aligoté";"750";8002;2025;11;3;
"10230555";08004645365106;"Tommasi Le Rosse Delle Venezie";"750";1275;2025;11;3;
"10857569";08410537050126;"Coto de Imaz Rioja Reserva";"750";1542;2025;11;3;
"13950161";05600816900201;"Monte Cascas Colheita Beira Interior";"750";694;2025;11;3;
"11016016";03569840208016;"Clos des Fées Les Sorcières Côtes du Roussillon";"750";629;2025;11;3;
"12211366";03760031472999;"Domaine Lafage Nicolas Côtes Catalanes";"750";1035;2025;11;3;
"13570942";07312040551675;"Absolut Lime";"750";255;2025;11;3;
"597534";08012915000282;"De Negri Grappa Monovitigno di Prosecco";"700";167;2025;11;3;
"896720";05713840000011;"Château de Ripaille Savoie";"750";880;2025;11;3;
"12667911";08006031071806;"Cantina Lavis Pinot Grigio Rosé Delle Venezie";"750";1440;2025;11;3;
"13750329";05412783052841;"Boon Oude Geuze";"375";193;2025;11;3;
"15511911";00620213015457;"Bacardi Superior";"750";2096;2025;11;3;
"13031244";00727760501638;"Mionetto Treviso Prosecco";"750";2697;2025;11;3;
"10374997";03546680019415;"Laroche De La Chevalière Pinot Noir Pays d'Oc";"750";2472;2025;11;3;
"12797686";07804640220094;"Clos des Fous Itata";"750";340;2025;11;3;
"14701334";00087692007470;"Twisted Tea Originale";"473";3833;2025;11;3;
"14699617";00854745080595;"Chic Choc Rhum Épicé Libré (4 x 355 ml)";"355";7809;2025;11;3;
"15298233";08436017630510;"Bodegas Murviedro Todo Va Bien";"750";33;2025;11;3;
"15453774";00628308620234;"Artist Residence Fruits Sauvag";"700";109;2025;11;3;
"15448140";00806891847102;"Villa Papiano Terra";"750";8;2025;11;3;
"13897574";00808375139499;"Montesecondo Sangiovese Toscana";"750";74;2025;11;3;
"12685625";00990312368083;"L'Orpailleur Brut";"750";85;2025;11;3;
"12824197";09311220004534;"19 Crimes Cabernet-Sauvignon";"750";2781;2025;11;3;
"14622880";00664732006527;"Société secrète Herbes Folles";"500";208;2025;11;3;
"13225840";06009077000139;"Beaumont Wines Chenin Blanc";"750";456;2025;11;3;
"11401547";03760055223201;"Château de Carolle Graves";"750";1206;2025;11;3;
"13971535";08003625007333;"Gemma di Luna Delle Venezie";"750";761;2025;11;3;
"14218932";00628451773108;"Empress 1908 Indigo Gin";"750";193;2025;11;3;
"14959984";03285640410168;"Fournier Père et Fils Pouilly-Fumé Les Deux Cailloux";"750";87;2025;11;3;
"15055004";03760317184523;"Canon La Gaffelière St-Émilion Grand Cru Classé";"750";2;2025;11;3;
"15306424";08032700977582;"Colomba Bianca Scurata Sicilia";"750";665;2025;11;3;
"15471542";08005829230388;"Bottega Rose Gold";"750";443;2025;11;3;
"12378511";08414837010125;"Castillo de Almansa Reserva";"1500";1666;2025;11;3;
"12888182";08426998000297;"Clos Amador Ecologic";"750";492;2025;11;3;
"15115935";06009800902075;"Constantia Glen Sauvignon Blanc";"750";109;2025;11;3;
"13369819";05605063300248;"Domingos Alves de Sousa Branco da Gaivosa";"750";35;2025;11;3;
"15186119";04900081036706;"Sanzen Omachi Junmai Daiginjo";"720";136;2025;11;3;
"10838982";05010867505575;"Vale do Bomfim Douro";"750";1570;2025;11;3;
"12258842";00792059001410;"Joseph Mellot La Chatellenie Sancerre";"750";1138;2025;11;3;
"11156756";00715126556040;"Kaiken Ultra Mendoza";"750";72;2025;11;3;
"38414";03152900051051;"Boulard Grand Solage";"750";380;2025;11;3;
"15385724";03770019694190;"Moderato Cabernet Sauvignon Cabernet Franc";"750";444;2025;11;3;
"12097954";08421478770158;"De Nit Raventos i Blanc Conca del Riu Anoia mousseux rosé";"750";147;2025;11;3;
"15403136";00087113000233;"Albert Bichot Mâcon-Milly- Lamartine";"750";160;2025;11;3;
"14988865";08422443005442;"Mundo Organic Mundo Organic Monastrell Yecla";"750";2035;2025;11;3;
"10271904";00400009959109;"Farina Amarone della Valpolicella Classico";"750";198;2025;11;3;
"15588994";00087116011618;"Sour Puss Bleu Tropical";"750";547;2025;11;3;
"15400672";08801100130367;"Good Day Melon Soju";"360";930;2025;11;3;
"15438566";00817217000583;"Romeo's Gin Sour - Amaretto Tangerine 4 x 355 ml";"355";1585;2025;11;3;
"12698346";07804407003021;"De Gras Cab-Sauvignon/Syrah Valle Central";"750";9198;2025;11;3;
"10265061";03480041080037;"Domaine les Salices Viognier Pays d'Oc";"750";557;2025;11;3;
"15455454";00628068270908;"Simply Spiked Limade Caisse Mixte 12 x 355 ml";"355";761;2025;11;3;
"14494478";00635335346563;"Piedra Negra Pinot Gris Reserva Arroyo Grande";"750";156;2025;11;3;
"74393";00086767210098;"Baileys l'Originale";"375";1398;2025;11;3;
"14015991";00621605453130;"Southbrook Vidal Ontario";"750";13;2025;11;3;
"605287";03760015200013;"Château La Lieue Coteaux Varois en Provence";"750";227;2025;11;3;
"14964687";00628504255032;"Noroi Sangria Rosée (4X355ml)";"355";10;2025;11;3;
"15461678";03760026100760;"Terres Brûlées Jean-Luc Colombo Cornas";"750";7;2025;11;3;
"15266127";03683080577456;"Christophe Pueyo Galipette";"750";15;2025;11;3;
"194431";05411681014005;"Duvel bière Belge forte";"330";1213;2025;11;3;
"15408906";06008922000607;"Le Bonheur Chardonnay";"2000";383;2025;11;3;
"13284292";08003015707690;"Carpineto Originale Rosso Italiano";"750";761;2025;11;3;
"12878646";04902051021798;"Hakushika Yamadanishiki Amayagi Honjozo";"500";59;2025;11;3;
"15492386";00628190004068;"Bilboquet Heller Bock";"473";98;2025;11;3;
"13566732";08437006260121;"Envinate Albhara";"750";189;2025;11;3;
"14821264";03760046128904;"Albert Morot Beaune Premier Cru Les Teurons";"750";7;2025;11;3;
"10330759";00063829999108;"Intermiel Gélinotte";"375";36;2025;11;3;
"12629666";08001935005407;"Villa Antinori Chianti Classico Riserva";"750";401;2025;11;3;
"14719876";08001935006497;"Antinori Pian delle Vigne Rosso di Montalcino";"750";349;2025;11;3;
"14044653";08013681201248;"Volpaia Citto Toscana";"750";978;2025;11;3;
"13809773";08054314340811;"Tenuta Arbeta Barolo";"750";214;2025;11;3;
"3103";00774336031037;"St-Georges Sélectionné Blanc";"1000";748;2025;11;3;
"11547378";08032937581101;"Argentiera Bolgheri Superiore";"750";7;2025;11;3;
"15032371";05584612030099;"Frisach L'Abrunet Terra Alta";"750";15;2025;11;3;
"11863282";08030198003561;"Vietti Trevìe Barbera d'Asti";"750";368;2025;11;3;
"14965532";05941976203475;"Budureasca Biologique Chardonnay";"750";116;2025;11;3;
"14896910";05010852050905;"Smokehead Islay Single Malt";"700";2;2025;11;3;
"15324438";07502213348489;"El Salto Mezcal Blanco";"750";114;2025;11;3;
"15229078";00851006001269;"Coffret Découverte 3 Lacs Gin";"600";51;2025;11;3;
"10690519";03760014981142;"Jean-Max Roger Menetou-Salon Cuvée Le Charnay";"750";109;2025;11;3;
"11957203";00827924033019;"Isle de Bacchus Le 1535";"750";5;2025;11;3;
"744367";00674464010112;"Neige";"375";544;2025;11;3;
"15282101";04000152821016;"Vincent Couche Brut";"750";13;2025;11;3;
"14721706";03560042021236;"La Quille Graves Xavier et Caroline Perromat";"750";15;2025;11;3;
"15156171";03363380001942;"Château de Respide";"750";97;2025;11;3;
"29983";03442680020058;"Willlm Réserve Pinot Blanc";"750";370;2025;11;3;
"11962774";08437012278226;"Bodegas Tridente Tempranillo";"750";12;2025;11;3;
"15366582";00628120440003;"Distillerie Arsenal & CO., Gin Canadien No 13";"750";167;2025;11;3;
"15532325";00609780010270;"Litchi-litchi par-ci Litchi- litchi par-là 4x355 ml";"355";252;2025;11;3;
"13616285";08033286752785;"Silvio Grasso Barolo Annunzia ta Vigna Plicotti";"750";7;2025;11;3;
"10839694";08033406220101;"Nebbiolo Travaglini Gattinara";"750";47;2025;11;3;
"15039995";03453521287936;"Le Loup de la Loubière";"750";3;2025;11;3;
"15255604";08032869640457;"Collemattoni Brunello di Montalcino";"750";12;2025;11;3;
"15525344";08436615100453;"Girasol Verdejo Rueda";"750";46;2025;11;3;
"14222958";08032532580226;"Tenuta La Novella Casa di Colombo Chianti Classico";"750";295;2025;11;3;
"15408594";06007380000129;"Springfield Estate Robertson Life from Stone";"750";102;2025;11;3;
"11034741";00717215000960;"Selbach Riesling Mosel Qualitä tswein";"750";8;2025;11;3;
"15167348";00628176471570;"Rosemont Tio Méo Rhum Chocolat Café";"750";109;2025;11;3;
"533257";00774336332578;"Silverthorne rouge";"750";205;2025;11;3;
"14896750";08008003939596;"Fattoria Dei Barbi Rosso di Montalcino";"750";121;2025;11;3;
"577601";00609780006013;"Michel Jodoin L'Heure de Mettre la Pomme à Off";"700";62;2025;11;3;
"15180163";08007674005272;"Valiano 6.38 Chianti Classico Gran Selezione";"750";187;2025;11;3;
"13258289";00628242480260;"Lafrance Cidre Mousseux Rosé";"750";43;2025;11;3;
"15066766";00874618001298;"Dillon's Rose Gin Aromatisé";"750";6;2025;11;3;
"13218480";00080432110751;"Redbreast Lustau Edition";"750";11;2025;11;3;
"15383091";04000153830918;"Castellare di Castellina I Sodi di S.Niccolò";"750";2;2025;11;3;
"14909127";00057496012574;"Me Time Sauvignon Blanc";"250";21;2025;11;3;
"15202078";00803173159953;"Montesecondo Chianti Classico Chianti Classico";"750";13;2025;11;3;
"14714573";03760161290395;"Moulin-à-Vent Les Trois Roches P.-M. Chermette";"750";46;2025;11;3;
"13990015";03760119343302;"Vignerons des Pierres Dorées Beaujolais Les Pépites Schiste";"750";125;2025;11;3;
"968982";08014629142517;"Chardonnay L'Altro Pio Cesare Langhe";"750";94;2025;11;3;
"11133108";08410310601781;"Hoya de Cadenas Reserva Privada Utiel-Requena";"750";22;2025;11;3;
"14232646";00185729000422;"Chardonnay Bachelder Wismer Foxcroft Niagara VQA";"750";8;2025;11;3;
"14700497";00628011553508;"Comont Paloma (4 x 355 ml)";"355";619;2025;11;3;
"14378186";00827924097011;"Côte Grise Vignoble Côte de Vaudreuil";"750";5;2025;11;3;
"15498420";00618397960021;"Del Maguey Minero Santa Catarina Minas";"750";7;2025;11;3;
"13995027";06009800591798;"Riviera Secateurs Swartland AA Badenhorst";"750";109;2025;11;3;
"14450045";03356201511614;"Caraguilhes Les Gourgoules Corbières";"750";48;2025;11;3;
"12763056";00721733000944;"Patron Silver";"375";8;2025;11;3;
"15514291";00628055809241;"1642 Sodas Bière de gingembre 4 X 275 ml";"275";21;2025;11;3;
"15459990";04000154599906;"G.D. Vajra Albe Barolo";"750";74;2025;11;3;
"15197504";07798000210835;"Riccitelli Hey Malbec";"750";1;2025;11;3;
"882381";03760089470015;"Gérald Talmard Mâcon-Uchizy";"750";48;2025;11;3;
"15481337";03609050755907;"Château Cantemerle Haut-Médoc";"750";5;2025;11;3;
"540971";08014115000314;"Grappa Vespaiolo Poli";"500";12;2025;11;3;
"14947318";00628110058812;"Act 1751 London";"750";13;2025;11;3;
"15486752";00850038709228;"Pergolaia Caiarossa Societa Agricola i.g.t.";"750";45;2025;11;3;
"15378487";06002269004458;"Van Loveren Absolute Zero Dry";"750";51;2025;11;3;
"15323048";09332919001115;"Sunsets Natural";"750";4;2025;11;3;
"12676825";08682392502946;"Efe Fresh Grapes Raki";"700";18;2025;11;3;
"14897007";00621605332138;"Southbrook Triomphe Merlot";"750";7;2025;11;3;
"15254855";03760025561388;"Bastide Saint Loup Le Pic Rouge";"750";112;2025;11;3;
"14815260";00628678354012;"JP Thevenet Morgon Tradition";"750";9;2025;11;3;
"15395922";00080480989484;"Bombay Sapphire Sunset Édition Spéciale";"750";8;2025;11;3;
"15253422";00628634365489;"UBALD Cosmopolitan";"700";20;2025;11;3;
"15160701";03760222530217;"Fabien Jouves À Table!!!";"750";5;2025;11;3;
"700484";03372370102293;"Régnié Château de Pizay";"750";11;2025;11;3;
"15241042";03700188065040;"Château Rouget Pomerol";"750";6;2025;11;3;
"15150124";04000151501247;"Bourgogne Emotion Domaine Vincent Girardin";"750";16;2025;11;3;
"13491241";08016001000187;"Prunotto Occhetti Langhe Nebbiolo";"750";39;2025;11;3;
"15521870";08437009563373;"Mas Bertran Xarel.Lista Penedès";"750";120;2025;11;3;
"927996";05601531101102;"Alvarinho Deu La Deu Vinho verde";"750";34;2025;11;3;
"13112503";00087752008171;"Ben-Ami Merlot Galil";"750";30;2025;11;3;
"14652211";03289810001323;"Domaine Fouassier Sancerre Rosé";"750";3;2025;11;3;
"15179138";00814789002106;"Missmosa Orange";"750";55;2025;11;3;
"15477047";05600356250019;"Vale do Homem Loureiro Vinho Verde";"750";7;2025;11;3;
"12854169";00690604000485;"Michel Gassier Nostre Pais Blanc Costières de Nîmes";"750";6;2025;11;3;
"15413019";03770001546131;"Julien Braud Les Vignes Bourg Muscadet Sèvre  Maine Sur Lie";"750";6;2025;11;3;
"14030631";05281004041243;"Château Kefraya Les Bretèches";"750";2;2025;11;3;
"13112870";03766995801257;"Christophe Pacalet Beaujolais Blanc";"750";19;2025;11;3;
"11575651";00061013001163;"Vieux Moulin hydromel doux";"750";1;2025;11;3;
"15330811";03760309371115;"Alter Ego Margaux";"750";1;2025;11;3;
"15567958";00628011395252;"Première Classe";"750";26;2025;11;3;
"15410977";00612789121809;"Domaine de Joy Côtes de Gascogne Sauvignon Blanc";"750";14;2025;11;3;
"15536457";03760087951127;"Domaine Bernhard Floralsace";"750";14;2025;11;3;
"13533295";03451740400006;"Absintherie Cantons Aquavit Belle-Isle";"750";28;2025;11;3;
"15271698";09120013671576;"Huber Riesling Berg";"750";3;2025;11;3;
"15508122";03760124910223;"Domaine Michel Sarrazin Givry Premier Cru Les Bois Gauthiers";"750";48;2025;11;3;
"14819244";00012354071919;"Penfolds Bin 311 Chardonnay";"750";4;2025;11;3;
"15445889";03445650012213;"Domaine de la Pinte Arbois Chardonnay";"750";5;2025;11;3;
"14998078";08022799001466;"Fabio Oberto Barbera d'Asti";"750";2;2025;11;3;
"15373168";03687080561170;"de Chassorney Saint-Romain Sous Roche";"750";4;2025;11;3;
"15374890";03770018327082;"Obi Wine Keno Bulle Domaine Geschickt";"750";4;2025;11;3;
"15341772";00645781045651;"Vignoble du PicBois Vidal Seyval Blanc Geisenheim";"750";6;2025;11;3;
"15245035";04840472005532;"Château Purcari Merlot de Purcari";"750";16;2025;11;3;
"14676079";08032853721926;"Umani Ronchi Centovie Colli Aprutini";"750";1;2025;11;3;
"10771360";03569340001735;"Château Leydet-Valentin Saint-Emilion grand cru";"750";21;2025;11;3;
"15221615";00839905007230;"Les Bertrand Morgon Dynamite";"750";5;2025;11;3;
"15532392";04000155323920;"Dominique Lafon Bourgogne";"750";95;2025;11;3;
"12455184";05601085000685;"Poças Tinto Douro";"750";5;2025;11;3;
"15223320";08053017310022;"Sant'Agata Paltrinieri";"750";4;2025;11;3;
"15196149";07798068484148;"Susana Balbo Signature White Blend";"750";13;2025;11;3;
"15085115";00749355298525;"Chât. Cartes Affleurements Rg";"750";5;2025;11;3;
"15453459";04260677441520;"Weingut Heiligenblut Scheurebe Vieilles Vignes";"750";4;2025;11;3;
"14960011";03760277534215;"Terra Vita Vinum Anjou Terre de 3";"750";18;2025;11;3;
"15249618";08005829223786;"Bottega GOLD Prosecco";"6000";1;2025;11;3;
"14829274";00057496012956;"Fin Finaud Cabernet Sauvignon Vin Rouge";"1000";1;2025;11;3;
"895334";03508031012285;"Mercurey Premier Cru Clos Tonnerre Michel Juillot";"750";11;2025;11;3;
"15261676";03460440010965;"Chateau Montviel Pomerol";"750";2;2025;11;3;
"12019083";08021846142220;"Ama Castello di Ama Chianti Classico";"750";33;2025;11;3;
"15223338";08003325608502;"Cleto Chiarli Lambrusco Grasparossa";"750";20;2025;11;3;
"15477750";03428431501106;"Château Sociando-Mallet Haut-Médoc";"750";517;2025;11;3;
"15081771";08003015710492;"Carpineto Molin Vecchio Toscana i.g.t.";"750";21;2025;11;3;
"15461563";03609050152249;"Château Montrose Saint-Estèphe";"750";4;2025;11;3;
"14946497";08396511300015;"Gabin et Félix Richoux Irancy";"750";15;2025;11;3;
"11153934";03569618707000;"Do. des Marrans Chiroubles Aux Côtes";"750";6;2025;11;3;
"14426969";03683080400174;"Le Facteur Su'l vélo Vouvray";"750";4;2025;11;3;
"15313798";08412307270055;"Joan Sardà Cava Reserva Brut Nature Guarda Superior";"750";5;2025;11;3;
"14508121";00736040520412;"Golan Heights Gilgal Merlot";"750";43;2025;11;3;
"15082993";04000150829939;"Domaine Tupinier-Bautista Mercurey Vieilles Vignes";"750";16;2025;11;3;
"12610480";08033237690791;"Le Chiuse Rosso di Montalcino";"750";10;2025;11;3;
"303511";03365910002214;"Henri Bourgeois Sancerre";"750";42;2025;11;3;
"14649450";00082000006381;"Smirnoff Vodka & Soda Pêche Blanche (4 x 355 ML)";"355";3;2025;11;3;
"15486681";03760086921312;"Bernard Baudry Les Granges Chinon";"750";8;2025;11;3;
"13565502";08410439011119;"Parés Baltà Indigena Garnatxa Penedès";"750";2;2025;11;3;
"15490284";04000154902843;"Vincent Pinard Petit Chemarin Sancerre";"750";3;2025;11;3;
"15264826";03491330023406;"Prosper Maufoux Bourgogne Hautes-Côtes de Nuits";"750";8;2025;11;3;
"15238863";04000152388632;"Domaine Antonin Guyon Volnay Premier Cru Clos des Chênes";"750";2;2025;11;3;
"13565553";08429758001114;"Can Rafols dels Caus Petit Caus";"750";4;2025;11;3;
"14822363";00185729000804;"Bachelder L'Insouciant Gamay Péninsule de Niagara";"750";1;2025;11;3;
"15523728";03683080667256;"Mâcon-Chardonnay Climat Les Crays Bret Brothers";"750";7;2025;11;3;
"10522540";00827924059132;"Léon Courville Vigneron Vidal";"750";8;2025;11;3;
"15477418";03410251150046;"Château Lascombes Margaux";"750";5;2025;11;3;
"12704101";03248847751458;"Hommage Cazes Cotes du Roussillon";"750";2;2025;11;3;
"10870704";05010496020722;"Bowmore 15 ans Islay single malt";"750";3;2025;11;3;
"15174185";00990000100759;"Koerner Red Clare Valley";"750";12;2025;11;3;
"15250715";08059307390484;"Lenuzza Vineyards Pinot Noir Hemel-en-Aarde Ridge";"750";1;2025;11;3;
"879841";08021019000012;"Fontodi Chianti Classico";"750";5;2025;11;3;
"15478277";08031301370211;"Clivus Soave Classico";"750";3;2025;11;3;
"11670237";10056049030362;"Amoretti Italie blanc";"1000";1008;2025;11;3;
"14294134";00632070101419;"Balblair 12 ans Highlands Single Malt";"750";8;2025;11;3;
"15471526";03760145420664;"Château de Fieuzal Pessac- Léognan";"750";42;2025;11;3;
"15050705";06009607660291;"Ken Forrester Silver Rose Stellenbosch";"750";8;2025;11;3;
"15523488";00628678492158;"Domaine Polisson Batard";"750";1;2025;11;3;
"14946981";03700188053894;"Ch. Rieussec Sauternes Pre Cru Classé";"750";1;2025;11;3;
"15262871";08436559741828;"Villa de Corullon Alvaro Palacios Bierzo";"750";3;2025;11;3;
"15081632";08015674183142;"Banfi Poggio Alle Mura Brunell Di Montalcino Riserva";"750";3;2025;11;3;
"15285846";08032937313207;"Tenuta di Biserno Il Pino Di Biserno";"750";2;2025;11;3;
"15193909";08033182054150;"Feudo di Mezzo Terre Nere Etna";"750";4;2025;11;3;
"15088914";00628176471471;"Rosemont Orange Électrique";"750";2;2025;11;3;
"15458348";03770019908037;"Chambeyron La Chavaroche Côte Rôtie";"750";1;2025;11;3;
"15336316";08032636090485;"Riecine Chianti Classico Riserva";"750";4;2025;11;3;
"15082192";03451740470009;"La Serpiente Emplumada Mezcal Artesanal Tobala Joven";"750";2;2025;11;3;
"15486904";00012086003301;"Beaune Premier Cru Clos des Mouches Joseph Drouhin";"750";8;2025;11;3;
"13514916";00652341401017;"Casamigos Anejo";"750";4;2025;11;3;
"582098";09009100000669;"Samichlaus extra forte bière type lager";"330";150;2025;11;3;
"15137616";05206356251546;"Lydia Sideritis";"750";1;2025;11;3;
"14988769";05600374720020;"Lagar de Darei Tinto Dâo";"750";2;2025;11;3;
"10553362";08020735009002;"Planeta Cerasuolo di Vittoria";"750";2;2025;11;3;
"15082985";04000150829854;"Domaine Tupinier-Bautista Bourgogne La Garenne";"750";3;2025;11;3;
"15240111";03760126364581;"Château du Tertre Margaux Grand Cru Classé";"750";7;2025;11;3;
"15241051";03700415104375;"Château Saint-Pierre Grand Cru Classé Saint-Julien";"750";2;2025;11;3;
"15455921";07798126080213;"Luca Laborde Syrah Double Select Vallée de Uco";"750";2;2025;11;3;
"14970593";00827586001685;"Cidrerie Lacroix Gabrielle Série Héritage";"750";7;2025;11;3;
"15511153";09005702013816;"Domaine Schlumberger Cuvée Klimt Brut";"750";5;2025;11;3;
"12888051";09311789000190;"Riesling Eden Valley Pewsey Vale Vineyard Barossa";"750";3;2025;11;3;
"15393257";03760090796906;"Tardieu-Laurent Vieilles Vignes Lirac";"750";2;2025;11;3;
"15198574";03760290645844;"Domaine de Chevalier Cru Classé de Graves Pessac-Léogna";"750";4;2025;11;3;
"15526401";04000155264018;"Domaine du Collier Saumur La Ripaille";"750";1;2025;11;3;
"15374638";03451491750962;"Domaine des Malandes Petit Chablis";"750";2;2025;11;3;
"15344771";08028777015210;"Aldo Conterno Langhe Quartetto";"750";1;2025;11;3;
"12981483";00627843137535;"Vallée du Bras Omerto Sec";"375";-1;2025;11;3;
"15357281";00817217000293;"Pur Vodka Bloody Caesar 4 x 355 ml";"355";8;2025;11;3;
"642884";03586150800709;"Groult Calvados 8 ans Calvados Pays d'Auge";"700";1;2025;11;3;
"15215776";04000152157764;"Castello di Bolgheri Superiore";"750";1;2025;11;3;
"15418792";05060996640463;"Càrn Mòr Strathmill Sherry ry Butts Spey Valley Single";"700";1;2025;11;3;
"15239233";08014629242514;"Pio Cesare Langhe Sauvignon";"750";2;2025;11;3;
"14989956";00628176471358;"Rosemont Madame Gin Amour";"750";1;2025;11;3;
"15511188";04589858890125;"Kamiki Maltage Sakura Wood";"750";4;2025;11;3;
"12996061";00056049134268;"Revolution Sauvignon Blanc";"1000";672;2025;11;3;
"13993814";03289810001125;"Domaine Fouassier Sancerre Les Grands Champs";"750";-1;2025;11;3;
"13711223";03760045550010;"Jean Reverdy & Fils La Reine Blanche";"750";1;2025;11;3;
"14562282";03770009664004;"Denis Jeandeau Viré-Clessé";"750";-1;2025;11;3;
"15372034";03760020114749;"Brio de Cantenac Brown Margaux";"750";1;2025;11;3;
"12454608";03760194450070;"Saint-Bris J-F & P-L Bersan";"750";4;2025;11;3;
"15489540";00810034600318;"Quechol Sotol Texanum";"750";1;2025;11;3;
"15454478";03683080580111;"Good Intentions Wine Pinot Noir";"750";3;2025;11;3;
"14990025";08057457880114;"Monte Bernardi Sangió Chianti Classico";"1000";1;2025;11;3;
"15229959";03760041531815;"Domaine aux Moines Savennières Roche aux Moines";"750";1;2025;11;3;
"15137587";05600215330067;"Invincible Número 1 Douro";"750";-2;2025;11;3;
"15358591";00675829505076;"Ryder Estate Sauvignon Blanc";"750";60;2025;11;3;
"855007";08414542100104;"Muga Rioja Reserva";"750";513;2025;11;3;
"13152142";03263286345518;"Grand Sud Merlot";"1000";11836;2025;11;3;
"11326946";08410113002266;"Celeste Crianza Torres Ribera del Duero";"1500";43;2025;11;3;
"14700075";00080480986292;"Bacardi Mojito (6x355ml)";"355";9351;2025;11;3;
"10270741";05602660001974;"Cabral Tawny 10 Ans";"750";1157;2025;11;3;
"145680";00814789003363;"Chemineaud";"50";4837;2025;11;3;
"10542647";00666056000090;"Velenosi Il Brecciarolo Rosso Piceno Superiore";"750";1438;2025;11;3;
"13807516";08436028380459;"La Maldita Rioja";"750";996;2025;11;3;
"13190982";05202533484516;"Ktima Spiropoulos Mantinia";"750";1464;2025;11;3;
"13576615";03700201711916;"Château du Grand Bern Bordeaux Supérieur";"750";716;2025;11;3;
"160317";08000160615276;"Trebbiano/Chardonnay Donini Rubicone i.g.t.";"1000";13091;2025;11;3;
"13631071";09120012742178;"Meinklang Gruner-Veltliner Osterreich";"750";1487;2025;11;3;
"15206036";00082000772064;"Smirnoff Pomme Verte";"375";1234;2025;11;3;
"323972";08006550943233;"Ramazzotti Sambuca";"750";1016;2025;11;3;
"14355152";08420426012005;"Granbazan Etiqueta Verde Rias Baixas";"750";476;2025;11;3;
"11570682";08008960684478;"Bolla Valpolicella Ripasso Classico Superiore";"750";2313;2025;11;3;
"14800762";00063657043110;"Clos Jordanne Pinot Noir Péninsule du Niagara";"750";264;2025;11;3;
"5595";04750021000966;"Moskovskaya";"750";3170;2025;11;3;
"14836976";03142920010091;"Gabriel Meffre Côtes Du Rhône Villages Laurus";"750";624;2025;11;3;
"11495424";00080686821311;"Canadian Club";"1140";2761;2025;11;3;
"10803051";05607645077555;"Herdade das Albernoas Alentejano";"750";2735;2025;11;3;
"11768744";00057496004555;"Villa di Ponticello P. Grigio Delle Venezie";"3000";2967;2025;11;3;
"11342049";00087000151116;"Captain Morgan Original Spiced";"1750";3259;2025;11;3;
"15588951";00087116011731;"Sour Puss Framboise Rouge";"1140";2732;2025;11;3;
"196303";00048415360050;"Crème de menthe blanche Meaghers";"750";646;2025;11;3;
"270272";00816685011725;"Listel Grain de Gris";"750";2510;2025;11;3;
"568410";00624177684100;"Moskova";"1750";2004;2025;11;3;
"15489099";00628425160231;"Cherry River Averse";"750";242;2025;11;3;
"196204";00048415163071;"Meaghers Abricot Brandy";"750";936;2025;11;3;
"15372093";00065912001095;"Mott's Clamato Caesar Haricot Mariné";"458";6637;2025;11;3;
"14900114";04260199784440;"DB Schmitt Zold";"750";20;2025;11;3;
"4945";00814789003226;"St-Leger Blended Scotch Whisky";"1140";510;2025;11;3;
"13374790";00627843639770;"Friga Cidre de glace Vergers Philion";"200";21;2025;11;3;
"15455577";00082000809135;"Crown Royal Limonade Mûre 4 x 355ml";"355";1503;2025;11;3;
"15362400";04260199785591;"Schmitt Freiheit Rosé Fizz";"750";57;2025;11;3;
"11582958";00627098163358;"Iceberg";"1140";1407;2025;11;3;
"14544025";08423110755530;"Parajes del Valle Monastrell Ecologico Jumilla";"750";2227;2025;11;3;
"15266557";03552657023804;"Just For You Chardonnay";"250";1348;2025;11;3;
"11386877";07804320227382;"Cono Sur Pinot Noir";"750";1788;2025;11;3;
"11584486";00776103000277;"Smirnoff No.21";"1140";5793;2025;11;3;
"11557007";00082000795254;"Smirnoff No.21";"750";5624;2025;11;3;
"15515470";04000155154708;"Comp. Vini. del Norte de Espa. Imperial Reserva Rioja";"750";17;2025;11;3;
"11495571";00080686832034;"Sauza Silver";"1140";1088;2025;11;3;
"285734";05010494564839;"Glenmorangie 18 ans Highland Scotch single malt";"750";53;2025;11;3;
"14348112";03191741501196;"Château La Croix Saint-Georges Saint-Georges-Saint-Émilion";"750";22;2025;11;3;
"11957051";00859670001226;"Coteau Rougemont Versant Blanc";"750";365;2025;11;3;
"15562487";08801100131401;"Good Day Menthe Choco Soju";"360";303;2025;11;3;
"13178490";03292060100579;"Dom. Laroche Chablis Premier Cru Les Fourchaumes Vieilles";"750";12;2025;11;3;
"582064";05601034022508;"Offley Cachucha Reserve";"750";17;2025;11;3;
"15210393";04841346002640;"Crama Regala";"750";908;2025;11;3;
"15366591";00628120440027;"Distillerie Arsenal & CO., Exp lorentum-Royaume d'Espagne";"750";297;2025;11;3;
"11015970";08032610319540;"Giacondi Nero d'Avola Terre Siciliane";"3000";1470;2025;11;3;
"582205";00080432400487;"Chivas Regal 18 ans Blended Scotch Whisky";"750";273;2025;11;3;
"10689981";00721733000029;"Patron Silver";"750";623;2025;11;3;
"15298356";00057496004296;"Seventh Heaven Mix Heaven Gin Tonic Caisse mix (12 x 355 ml)";"355";1223;2025;11;3;
"10394664";03258691254579;"Clos de los Siete Mendoza Michel Rolland";"750";1082;2025;11;3;
"11469621";03185130081543;"Pfaff Black Tie Riesling / Pinot Gris";"750";1095;2025;11;3;
"13674021";06282501010106;"Distillerie Mariana Violette Gin";"750";72;2025;11;3;
"15311531";00065912002689;"Mott's Clamato Caesar Original Léger";"458";335;2025;11;3;
"13040941";00766181771947;"Clemente VII Castelli del Grevepesa Chianti Classico Ris";"750";233;2025;11;3;
"968214";03499057550007;"Pinot gris Léon Beyer Alsace";"750";548;2025;11;3;
"13466803";08436555720469;"Volver Paso a Paso Verdejo";"750";546;2025;11;3;
"8284";03245990043300;"Hennessy Very Special";"750";1608;2025;11;3;
"15396693";08437002520267;"Bodegas Carchelo Eya Jumilla";"750";118;2025;11;3;
"10462778";08412075500309;"Corona de Aragon Carinena Grandes Vinos/Vinedos Reserva";"750";444;2025;11;3;
"11731141";08014115000154;"Miele Poli Liqueur de miel à base de grappa";"500";32;2025;11;3;
"15375104";03185130071070;"Pfaff Pinot Gris";"375";73;2025;11;3;
"864249";03760070900040;"Château Montaiguillon Montagne -Saint-Émilion";"750";743;2025;11;3;
"14556114";08030198006401;"Vietti Roero Arneis";"750";43;2025;11;3;
"15158530";08410261272108;"Don Simon";"1000";2560;2025;11;3;
"13432515";08054382930150;"Le Ragnaie Troncone Toscana";"750";403;2025;11;3;
"15393388";04900516240142;"Urakasumi Junmai-Shu";"720";73;2025;11;3;
"15455497";00890590000678;"Stadaconé Gingria Tropical Tropical (4 x 250 ml)";"250";716;2025;11;3;
"11959348";07804320555959;"Cono Sur Bicicleta Rosé Pinot Noir";"750";1819;2025;11;3;
"193490";05011013100088;"Baileys l'Originale";"1750";524;2025;11;3;
"11997731";00813897020460;"Tullibardine 228 Burgundy Fini Highland Single Malt";"750";14;2025;11;3;
"11902077";08437008073200;"Acùstic Celler Monstant Blanc";"750";10;2025;11;3;
"15477881";09007500434732;"Dom. Wachau Grüner Veltliner Federspiel Kollmitz";"375";53;2025;11;3;
"15469928";03700276522073;"Marsannay Bruno Clair";"750";15;2025;11;3;
"15498227";03500610171048;"J.P. Chenet Fizzy Framboise Hibiscus";"750";52;2025;11;3;
"15526996";06003891000115;"Boland Cellar Chenin Blanc";"750";478;2025;11;3;
"14651824";09120012740471;"Meinklang Prosa";"750";351;2025;11;3;
"12846741";03683080130200;"La Biancara Masieri Angiolino Maule";"750";148;2025;11;3;
"15408607";00056049139164;"Bancs Publics Corbières";"750";251;2025;11;3;
"10860944";01836840000202;"Garnacha Alto Moncayo Campo de Borja";"750";182;2025;11;3;
"14426117";03760222530071;"Fabien Jouves Cochon de Dieu Cahors";"750";447;2025;11;3;
"14691404";08410113556769;"Andica Pinot Noir G Res Maule Miguel Torres";"750";428;2025;11;3;
"15401296";06008922000591;"L'Avenir Pinot Grigio Stellenbosch";"750";647;2025;11;3;
"13088030";05600321001585;"Niepoort Dão Rótulo";"750";109;2025;11;3;
"15229086";06282501014166;"Coffret Morbleu Trilogie Découverte";"600";35;2025;11;3;
"12862935";00859670001684;"Coteau Rougemont Bulles Poiré";"750";43;2025;11;3;
"12383854";08033286010380;"Fratelli Alessandria Barolo";"750";40;2025;11;3;
"13807102";00829190100228;"Domaine de l'Écu Schistes Muscadet-Sèvre et Maine";"750";441;2025;11;3;
"15108701";08410644140208;"Cavarnicola Brut Nature";"750";393;2025;11;3;
"15179218";00779376450619;"Henry of Pelham Pinot Grigio";"750";101;2025;11;3;
"10783088";03760144930058;"Dupéré Barrera Côtes du Rhône Villages";"750";385;2025;11;3;
"15522274";08424487800502;"Juvé & Camps Postals d'Espiells Penedès";"750";54;2025;11;3;
"13222391";05601989980809;"Esporao Reserva Alentejo";"750";237;2025;11;3;
"306431";05281087011751;"Arak Gantous & Abou alcool anisé";"750";109;2025;11;3;
"14056515";03260980032034;"Grande Réserve des Challières Bonpas Luberon";"750";1852;2025;11;3;
"14480391";00627843872696;"Rosemont Gin Rose de Montréal";"750";40;2025;11;3;
"10264018";08420759900017;"Telmo Rodriguez Basa Rueda";"750";262;2025;11;3;
"14278812";03345128218119;"Jérôme Quiot Côtes du Rhône";"750";148;2025;11;3;
"14837004";03142920009903;"Gabriel Meffre Côtes du Rhône Saint-François";"750";772;2025;11;3;
"15289898";03760040922638;"Domaine de la Haute Fevrie Gras Moutons Muscadet-Sèvre";"750";1;2025;11;3;
"201954";03176780102450;"La Sablette Muscadet-Sèvre et Maine sur lie";"375";163;2025;11;3;
"12582984";00878102001016;"Hidden Bench Estate Pinot Noir Beamsville Bench";"750";41;2025;11;3;
"14703954";03760325230007;"Frangins Engel Euphonie";"750";8;2025;11;3;
"14915682";05605769202228;"Quinta do Convento Douro";"750";515;2025;11;3;
"927830";05281108010145;"Château St-Thomas Vallée de la Bekaa";"750";548;2025;11;3;
"15531710";08421390010172;"La Posada Airén";"750";350;2025;11;3;
"12212220";05200363506125;"Domaine Thymiopoulos Jeunes Vignes de Xinomavro Macedonia";"750";649;2025;11;3;
"14798877";03451273001091;"Chablis Premier C. Vau-Ligneau Domaine Alain Geoffroy";"750";67;2025;11;3;
"387316";05010327505138;"The Balvenie 12 Ans DoubleWood Single Malt";"750";34;2025;11;3;
"15144672";06282501013794;"Distil. Mariana Morbleu Blanc";"750";68;2025;11;3;
"15315398";03536650391009;"E. Guigal Châteauneuf-du-Pape";"750";0;2025;11;3;
"10856873";08437005068230;"Bodegas Ateca Atteca Calatayud";"750";235;2025;11;3;
"15401940";00895958007108;"Le Rocher des Violettes Pétillant Originel";"750";4;2025;11;3;
"15472692";09311471890603;"Not Guilty Pinot Grigio";"750";83;2025;11;3;
"15412534";08020735056006;"Planeta Terebinto Grillo Sicilia Menfi";"750";32;2025;11;3;
"866186";08055323462587;"Fabiano I Fondatori Amarone della Valpolicella";"750";27;2025;11;3;
"15281141";08411789050094;"Bodegaverde";"750";39;2025;11;3;
"11481006";03473930100169;"Domaine Cauhapé Chant des Vignes Jurançon sec";"750";23;2025;11;3;
"15299949";00062067421679;"Palm Bay Ananas Mandarine (6 x 355ml)";"355";1128;2025;11;3;
"15474399";00827924039967;"Domaine de Lavoie Tourelle";"250";269;2025;11;3;
"14923746";08000395055311;"Alois Lageder Römigberg";"750";6;2025;11;3;
"15550064";04000155500642;"D. du Pavillon Beaune Premier Cru Clos des Mouches";"750";4;2025;11;3;
"11534702";00832889006213;"Compass Box The Peat Monster Blended Malt";"750";2;2025;11;3;
"14379980";08438001407191;"Relicario Superior";"700";18;2025;11;3;
"15287913";00664732012078;"Charme Liqueur de gin à la fraise";"500";32;2025;11;3;
"15411443";06282503720720;"Wabasso Florida Pample. Yuzu";"700";41;2025;11;3;
"15221906";00628942439346;"La Piffaudière Touraine Sauvignon";"750";24;2025;11;3;
"15325473";05060142990862;"Dunvilles 1808";"700";15;2025;11;3;
"13568560";08029627152246;"Foradori Teroldego Vigneti Delle Dolomiti";"750";50;2025;11;3;
"15210625";00677855000846;"Espiritu de Chile Sauvignon Blanc";"750";499;2025;11;3;
"15273685";08437006624213;"Sierra de Tolono Blanco Rioja";"750";41;2025;11;3;
"15108479";00628942046834;"Pur Sang Vodka";"750";26;2025;11;3;
"15098645";00990000100520;"Château d'Arlay Côtes du Jura  Pinot Noir";"750";21;2025;11;3;
"15476597";00850270000695;"La Fiorita Brunello di Montalcino Sangiovese";"750";1;2025;11;3;
"15248682";03760159871391;"Le Sec de Rayne Vigneau Bordeaux";"750";46;2025;11;3;
"15464220";08032937310336;"Lodovico";"1500";1;2025;11;3;
"14480711";00628176471006;"Rosemont Laurentia 3 Ans";"750";4;2025;11;3;
"15363744";08020220001177;"Castello di Tassarolo Gavi Ato Wines";"750";6;2025;11;3;
"480285";03760109382038;"Do. Louis Moreau Chablis Prem. Cru Vau Ligneau";"750";139;2025;11;3;
"14721722";09007615940227;"Joma Blanc de Blancs Pét. Nat. Extra Brut";"750";1;2025;11;3;
"13984539";00865317000316;"Lubanzi Chenin Blanc";"750";67;2025;11;3;
"15543243";08809158902424;"Hwayo 25 Soju";"375";9;2025;11;3;
"15490073";03700188069864;"Lions Blanc Sec de Suduiraut";"750";9;2025;11;3;
"15502038";03324111719857;"Armagnac Delord Vieil Armagnac";"700";10;2025;11;3;
"13966197";00895958001335;"Le Rocher Des Violettes Montlouis Touche-Mitaine";"750";3;2025;11;3;
"14041330";08033049450408;"Poggio Al Tesoro Il Seggio Bolgheri";"750";5;2025;11;3;
"14767181";05010494961584;"Ardbeg Wee Beastie 5 Ans Islay Single Malt";"750";16;2025;11;3;
"15102608";07798108621489;"Inkarri Cabernet-Sauvignon Lujan de Cuyo";"750";135;2025;11;3;
"13982023";03760196122227;"Domaine du Tix Ventoux Cuvée Bramefan";"750";8;2025;11;3;
"15466145";08008530098360;"Tavernello Spumante Extra Dry";"750";7;2025;11;3;
"15221990";08054317020796;"Terraquilia Lambrusco Dell Emilia Brut";"750";1;2025;11;3;
"12663282";08410113193124;"Torres Mas la Plana Penedès";"750";24;2025;11;3;
"15052874";03609051273257;"Vieux Château Saint-André Montagne Saint-Émilion";"750";32;2025;11;3;
"15343567";09120012746268;"Meinklang Stillwater Dinkel";"500";1;2025;11;3;
"15473450";08032841820075;"Tenuta Sant'Antonio Soave Monte di Cologna";"750";2;2025;11;3;
"15369433";06289424936834;"Trois-Îles, Rhum arrangé cacao -vanille";"700";41;2025;11;3;
"14555470";00056049137054;"Revolution Cabernet Sauvignon Vin Rouge";"750";1225;2025;11;3;
"15382970";04000153829707;"Castello di Bolgheri Superiore";"750";1;2025;11;3;
"10860901";08437006680028;"Galena Priorat";"750";38;2025;11;3;
"11509857";03760169470584;"Daumen Côtes-du-Rhône";"750";1;2025;11;3;
"15099891";05601109128012;"Quinta das Carvalhas Colheita";"750";24;2025;11;3;
"14775704";00851006001047;"3 Lacs Limoncello";"750";82;2025;11;3;
"13111228";00895958000680;"Marco De Bartoli Vignaverde Grillo Sicilia";"750";27;2025;11;3;
"14094714";04000140947148;"Domaine des Baumard Quarts de Chaume";"375";12;2025;11;3;
"14708157";00628011395023;"Bravo Charlie";"750";52;2025;11;3;
"13984897";00895958001342;"Karim Vionnet Vin de Kav Chiroubles";"750";7;2025;11;3;
"14947300";00628110058805;"Refuge 42 Boréal";"750";67;2025;11;3;
"14294441";03687080555087;"J. Bambara Le Jet de Pierre Bourgogne";"750";2;2025;11;3;
"13328937";03185370772768;"Moët & Chandon Ice Imp. Rosé";"750";27;2025;11;3;
"14035247";08436610931533;"La Bonhomme Jumilla";"750";11;2025;11;3;
"14005072";00086785012346;"Drumshanbo Gunpowder Irish Gin";"750";1;2025;11;3;
"14814283";03258432440001;"Laurent-Perrier La Cuvée Brut";"1500";5;2025;11;3;
"15433845";00895958007610;"Martin Texier Petite Nature";"750";6;2025;11;3;
"13698823";03016570001115;"Taittinger Brut Réserve";"375";11;2025;11;3;
"15226782";00649944231097;"La Closerie de Camensac Haut-Médoc";"750";3;2025;11;3;
"14799319";08022534323754;"Valmaggiore Luciano Sandrone Nebbiolo d'Alba";"750";7;2025;11;3;
"15244180";05013626111130;"Taylor Fladgate Quinta de Vargellas Vintage";"375";2;2025;11;3;
"14558275";08014629132310;"Chardonnay Piodilei Pio Cesare Langhe";"750";11;2025;11;3;
"15226029";04000152260297;"Yves Cuilleron Condrieu La Petite Côte";"750";2;2025;11;3;
"13829942";08411155922581;"Luis the Marinero Vermut Blanc";"750";4;2025;11;3;
"15438671";00647581364345;"Unkel Life on Mars";"750";14;2025;11;3;
"13479751";08012738000063;"Poggiotondo Brunello di Montalcino";"750";5;2025;11;3;
"15210511";00628634365304;"Ubald Gin fin épicé";"700";12;2025;11;3;
"14198951";03760042586296;"Domaine Milan Le Vallon";"750";9;2025;11;3;
"15032283";08437011513526;"Vi Natural Xic del Mel";"750";1;2025;11;3;
"13785978";00057496008867;"Keep Calm  & Laugh Sauvignon Blanc";"750";4874;2025;11;3;
"15051847";00827924003104;"Dom. Côtes d'Ardoise Riesling";"750";12;2025;11;3;
"15244121";00628942275104;"Vodk'arotte";"750";3;2025;11;3;
"15070458";03475290013219;"Château Cambon La Pelouse Haut-Médoc";"750";9;2025;11;3;
"15537337";03258690027914;"Château Chauvin Saint-Emilion Grand Cru";"750";59;2025;11;3;
"15498307";03260980022776;"Jean Claude Boisset Meursault Le Limozin";"750";15;2025;11;3;
"12924711";03481260000714;"Domaine du Lendemain Côtes Catalanes Filou du jour";"750";5;2025;11;3;
"15473919";04000154739197;"Théo Dancer Savagnin Jurassique";"750";2;2025;11;3;
"10745495";00776409000230;"Château des Charmes Pinot Noir Cuvée Michèle Estate";"750";4;2025;11;3;
"854661";03372961902912;"Château Lamartine Cuvée Expression Cahors";"750";31;2025;11;3;
"964536";05281004211219;"Château Kefraya vallée de Bekaa";"750";3;2025;11;3;
"10749795";00048415000307;"J.P. Wiser's Deluxe";"750";108;2025;11;3;
"15271719";05204622010200;"Domaine Gioulis Agiorgitiko Cabernet";"750";8;2025;11;3;
"10348297";00087752006474;"Joyvin Rashi Vineyard";"750";46;2025;11;3;
"14802872";03760078030442;"Château Villemaurine Grand Cru Classé Saint-Émilion Grand Cru";"750";1;2025;11;3;
"15339314";00754590809580;"Munda Wines Kaurna Country Syrah";"750";3;2025;11;3;
"15070423";03760208653022;"Château Brown Pessac-Léognan";"750";11;2025;11;3;
"15388263";00628347360825;"Joy Hill L'impératrice";"750";17;2025;11;3;
"15255719";08055186311350;"Fattoria Nittardi Nectar Dei Maremma Toscana";"750";4;2025;11;3;
"14784555";00745125360362;"Domaine Capmartin Lou Piaf";"750";-8;2025;11;3;
"15414231";00628942560491;"La Ponce Rose-Anna Caramel";"750";9;2025;11;3;
"14044240";03518310011311;"Château de La Bonnelière Chinon Les Galets";"750";11;2025;11;3;
"15108401";03244081900201;"Listel Pet Nat";"750";2;2025;11;3;
"13692510";00636662058525;"Deakin Estate Chardonnay";"750";95;2025;11;3;
"12402568";03376370080582;"Pagès Crème de Mûre";"700";9;2025;11;3;
"13114322";05604135011303;"João Portugal Ramos Loureiro Vinho Verde";"750";3;2025;11;3;
"14041831";05204352000236;"Domaine Tetramythos Sauvignon Blanc Nature";"750";15;2025;11;3;
"15326863";00628678560680;"Parasol Lime & cactus";"750";8;2025;11;3;
"15330854";05413963130014;"Simplex";"330";12;2025;11;3;
"10937884";00067311782308;"Arte Nova Espagne blanc Airén Sauvignon blanc";"1000";5955;2025;11;3;
"15260585";08437011734235;"Moraza Las Tasugueras Rioja Alta San Vicente Sonsierra";"750";15;2025;11;3;
"13827277";03423171117501;"Les Domaines Landron Muscadet Le Fief du Breil";"750";3;2025;11;3;
"15357336";06284514190349;"Cirka Pomelo";"750";8;2025;11;3;
"14400558";03184710002169;"Louis de Sacy Originel Extra- Brut";"750";25;2025;11;3;
"14744342";08054314342730;"Ambasciata del Buon Vino Valpolicella Classico";"750";23;2025;11;3;
"15444157";03760189210153;"Le Clos des Grives Des Bois Côtes du Jura";"750";4;2025;11;3;
"15371445";03391180019966;"M. Chapoutier Cornas Temenos";"750";2;2025;11;3;
"15097773";07804653760037;"Maturana Wines Ascension Valle del Maule";"750";7;2025;11;3;
"15051901";03217661023973;"Brotte Côtes du Rhône Viridi";"750";1;2025;11;3;
"15357977";08032790768145;"Paranze Passerina Colline Pescaresi";"750";2;2025;11;3;
"15473476";08008960684461;"Bolla Soave Classico";"750";11;2025;11;3;
"14902582";04901903064518;"Togouchi Sake Cask finish Blended";"700";3;2025;11;3;
"14510415";03700188057427;"Le Sec de Rayne Vigneau Bordeaux";"750";6;2025;11;3;
"15401958";03760193190199;"Sébastien Brunet Le Naturel Vouvray";"750";35;2025;11;3;
"15441052";03687080560654;"Domaine Miolanne Puy de Dôme Pinot Noir/Syrah";"750";3;2025;11;3;
"13629676";08008268005159;"Il Grappolo Rosso Montalcino";"750";0;2025;11;3;
"12891550";00067311748328;"Double Vie vin rosé";"1000";3960;2025;11;3;
"14895394";03760090790126;"Tardieu-Laurent Cornas Vieille Vignes";"750";1;2025;11;3;
"15226580";03511061873122;"Château Fonbadet Pauillac";"750";5;2025;11;3;
"14947422";00628055952541;"Artist in Residence Melon dEau";"750";1;2025;11;3;
"11154558";03760201500903;"Fer de Soif Marcillac";"750";2;2025;11;3;
"15169685";06001108075994;"Lomond Belladona SMV Cape Agulhas";"750";1;2025;11;3;
"14682698";00628504851043;"Betchwan Réserve d'Henry Distillerie Puyjalon";"750";5;2025;11;3;
"15103820";00627987041279;"Sivo Série Liquoriste Cassis";"500";3;2025;11;3;
"15360922";00990000101602;"AA Badenhorst Le Grand Michel";"1500";3;2025;11;3;
"15526961";00873922005640;"Patrick Piuze Petit Chablis";"750";1;2025;11;3;
"15230976";00627987177015;"Mitis Acerum Vieilli en baril";"700";15;2025;11;3;
"14808908";00628055392613;"Vergers Petit et Fils Le Brut";"750";12;2025;11;3;
"12178931";04006542074383;"Cabernet-Sauvignon Vi-No-Ze-Ro";"750";7;2025;11;3;
"15438911";04000154389118;"Berthet-Bondet Château-Chalon";"620";1;2025;11;3;
"15442434";03540437509464;"Château Puygueraud Francs Côte de Bordeaux";"750";3;2025;11;3;
"15480457";06282501016900;"Gazoline";"750";1;2025;11;3;
"15463219";08034097530258;"Carlin de Paolo Barbaresco";"750";7;2025;11;3;
"13058674";00695521154853;"Planteray Ananas Stiggins' Fancy Rhum aromatisé";"750";6;2025;11;3;
"15461660";03104051711704;"Hardy X.O. Cognac Fine Champagne";"700";2;2025;11;3;
"147959";03351001952315;"Dom. Faiveley Mercurey Premier Cru Clos des Myglands Monopole";"750";3;2025;11;3;
"15139283";00895958005555;"Sauro Maule Granselva";"750";2;2025;11;3;
"15356173";04000153561737;"Volnay 1er Cru Les Brouillards Glantenay";"750";4;2025;11;3;
"14355380";08425402154328;"Hika Txakolina Chacoli de Guetaria";"750";4;2025;11;3;
"15285563";03760091536259;"Pernand-Vergelesses 1er Cru Les Vergelesses";"750";1;2025;11;3;
"15299834";08032611640049;"Marchesi Alfieri Barbera d'Asti";"750";3;2025;11;3;
"15457185";08495390826132;"Mesquida Mora Sincronia Mallorca";"750";14;2025;11;3;
"15271541";00711639733916;"Tenuta Scersce Nettare Rosso di Valtellina";"750";2;2025;11;3;
"14786382";08811160200030;"KRWN Framboise";"750";1;2025;11;3;
"15525846";00628347360276;"Joy Hill Paysage";"750";6;2025;11;3;
"15586788";04000155867882;"Château La Cabanne Pomerol";"750";12;2025;11;3;
"14646902";00628176849041;"Alchimia";"500";5;2025;11;3;
"10213860";00089540462875;"Tia Maria boisson diverse";"50";1;2025;11;3;
"12161590";00067311782094;"Arte Nova vin rouge";"1000";5762;2025;11;3;
"15344156";03760424210054;"Domaine Zind-Humbrecht Riesling Clos Hauserer";"750";1;2025;11;3;
"15523744";09120008893006;"Malat Furth Grüner Veltliner";"750";1;2025;11;3;
"15538701";03760364260089;"Fair Oaxaca";"700";20;2025;11;3;
"14806064";03700188056062;"Château L'Évangile Pomerol";"750";1;2025;11;3;
"10223460";01234567890128;"Donnafugata Mille e una Notte";"750";1;2025;11;3;
"15555578";00990312401124;"Union Libre Pinot Gris";"750";9;2025;11;3;
"15054626";03770016115254;"Château Rauzan-Ségla Grand Cru Classé Margaux";"750";1;2025;11;3;
"695056";05602660001820;"Cabral Carácter Reserva";"375";2;2025;11;3;
"12097911";03765128944106;"Arretxea Irouléguy";"750";1;2025;11;3;
"13589926";08016118221086;"Marchesi Mazzei Philip Toscana";"750";1;2025;11;3;
"15524149";04000155241491;"Domaine du Cellier aux Moines Montagny Les Combes";"750";6;2025;11;3;
"11692882";00057496004500;"Toro Loco Espagne Tempranillo vin rouge";"4000";780;2025;11;3;
"14379904";06279871657772;"Distillerie des Appalaches Moins 40";"700";7;2025;11;3;
"12592605";06306461420192;"Laherte Frères Ultradition Extra-Brut";"750";6;2025;11;3;
"15445993";03561012000183;"Domaine André et Mireille Tissot Arbois Savagnin Ouillé";"750";1;2025;11;3;
"11582907";00082184080900;"Jack Daniel's Old No 7 américain";"1140";0;2025;11;3;
"15147953";05203773000078;"Skouras St-George Néméa";"750";2;2025;11;3;
"13737503";06282503720027;"Wabasso Gin";"750";1;2025;11;3;
"15187787";06009800163018;"Natte Valleij P.O.W.";"750";1;2025;11;3;
"12014901";08000513201217;"Nardini Grappa Riserva";"700";1;2025;11;3;
"15155822";06280118345536;"Canet-Valette St-Chinian Ivresses";"750";3;2025;11;3;
"15373352";09300727044099;"St-Hugo Chardonnay Eden Valley";"750";2;2025;11;3;
"10331778";03147699102435;"Cruz Special Reserve";"750";1;2025;11;3;
"15234766";03760169652218;"Château Franc Mayne Saint-Émilion grand cru classé";"750";2;2025;11;3;
"14551874";03277038410447;"Château Montlandrie Castillon Côtes de Bordeaux";"750";-1;2025;11;3;
"14022438";08034108571072;"Salvaterra Pinot Grigio Delle Venezie";"750";1;2025;11;3;
"15201286";04000153015193;"Château Lynch-Moussas Grand Cru Classé Pauillac";"750";7;2025;11;3;
"12487581";00084543800075;"Singha The Original Thai Beer type lager bouteille 6 x330ml";"330";1760;2025;11;3;
"15204612";00674464558638;"Sangria Verde";"750";63;2025;11;3;
"10675554";08002235017589;"Merlot Principi di Butera Sicilia";"750";16;2025;11;3;
"13888379";03583150000603;"Domaine Eric Chevalier Chardonnay Les 3 bois";"750";496;2025;11;3;
"2253";00050037014501;"Disaronno Originale";"750";3044;2025;11;3;
"12773692";08410113004406;"Torres Natureo Rouge <0,5%";"750";1309;2025;11;3;
"560763";03379680000066;"Château de Maligny Chablis Vigne de la Reine";"750";509;2025;11;3;
"12699509";08033765258128;"Cademusa Nero d'Avola Syrah Sicilia";"750";4205;2025;11;3;
"642538";08427154011225;"Mas Collet Montsant";"750";120;2025;11;3;
"14004125";08437008963075;"Menade Verdejo Ecologico";"750";346;2025;11;3;
"13466782";08008863041163;"Gran Passione Veneto";"750";1675;2025;11;3;
"15108452";08000353000018;"Luxardo Maraschino Originale";"750";124;2025;11;3;
"13057997";00781718566278;"The Drifter Cinsault Swartland Malmesbury";"750";198;2025;11;3;
"13181971";04841346000356;"Crama Regala Cabernet Sauvignon";"750";15991;2025;11;3;
"704221";00990312368045;"L'Orpailleur Vignoble de l'Orpailleur Blanc";"750";935;2025;11;3;
"15521634";08501110083393;"Havana Club Especial";"1140";2502;2025;11;3;
"13369801";08437002583071;"Tobia Seleccion Autor Rioja";"750";211;2025;11;3;
"902965";08437000100034;"Laguna de la Nava Gran Reserva Navarro Lopez Valdepenas";"750";4311;2025;11;3;
"13535389";08002235007900;"Zonin Cuvée 1821 Prosecco";"200";5402;2025;11;3;
"14323839";08420342002012;"Protos Roble Ribera del Duero";"750";604;2025;11;3;
"15501326";08423302394110;"Alba de Vetus Rias Baixas";"750";6;2025;11;3;
"14649417";00627843837183;"Miele";"750";94;2025;11;3;
"15080197";03760145080561;"Domaine Arnoux Père et Fils Chorey-Les-Beaune";"750";49;2025;11;3;
"15329626";05704255122757;"Mikkeller Drink'in the Sun";"330";136;2025;11;3;
"15388984";00854745000340;"Ungava Negroni";"375";137;2025;11;3;
"11405679";05000329002353;"Beefeater";"1140";4040;2025;11;3;
"11097101";08028262000066;"Cusumano Angimbé Tenuta Ficuzza Sicilia";"750";1337;2025;11;3;
"13406149";08014115001762;"Limoncello Poli Elisir Limone";"700";405;2025;11;3;
"15459893";08436546823018;"Casa Rojo Enemigo Mio";"750";687;2025;11;3;
"15541117";00628774171049;"Amour Liquide Daiquiri aux Fraises";"100";907;2025;11;3;
"10702997";00683652000668;"Ken Forrester Petit Chenin Blanc Stellenbosch";"750";1147;2025;11;3;
"11259940";03760161290043;"P.-Marie Chermette Griottes Beaujolais";"750";619;2025;11;3;
"11927741";00082000763604;"Smirnoff Ice (4 x 330 ml)";"330";5806;2025;11;3;
"13425500";00080686835028;"Hornitos Reposado";"750";394;2025;11;3;
"263640";00631470000018;"La Vieille Ferme Ventoux Rouge";"750";8276;2025;11;3;
"11372766";03186127750855;"Pive Gris Sable de Camargue";"750";3259;2025;11;3;
"14682858";00881116102006;"Chaufferie FMR Barnston Brum";"750";3;2025;11;3;
"13408929";08412766133625;"Sumarroca Brut Nature Gran Reserva Cava";"750";1697;2025;11;3;
"15299789";00012086002151;"Chablis Joseph Drouhin";"750";1183;2025;11;3;
"13188989";05010314303297;"Macallan Double Cask 12 Ans Highland Single Malt";"750";88;2025;11;3;
"642827";00650298010115;"Les Jamelles Sauvignon Blanc Pays d'Oc";"750";11153;2025;11;3;
"12098033";05602840078659;"Niepoort Dialogo DOC Douro";"750";2949;2025;11;3;
"7880";00622153629046;"Johnnie Walker Black Label 12 Ans Scotch Blended";"750";736;2025;11;3;
"15379210";05060210707620;"Kilchoman Sauternes Cask Matured Islay Single Malt";"700";3;2025;11;3;
"219105";09300727549006;"Jacob's Creek Classic Sémillon / Chardonnay";"750";2469;2025;11;3;
"12123657";00827924076030;"Les Vents d'Ange Marie-Rose";"750";146;2025;11;3;
"13568623";00762571710008;"Kassatly Beirut Pilsner";"330";1776;2025;11;3;
"10968752";03016570001030;"Taittinger Brut Réserve";"750";99;2025;11;3;
"13880246";00620654029198;"Inniskillin P3 Discovery Series";"750";1034;2025;11;3;
"10293169";00871610001554;"Osoyoos Larose Le Grand Vin Okanagan Valley";"750";708;2025;11;3;
"15406097";08054726001225;"Tenuta La Cà Dritto Bardolino";"750";42;2025;11;3;
"15544941";00827924037499;"Domaine du Ridge Le Litre du Ridge";"1000";75;2025;11;3;
"26021";08005390065105;"Sartori Valpolicella Superiore Radole";"750";4202;2025;11;3;
"12653172";03419640011401;"Tribaut Schloesser Brut Rosé";"750";31;2025;11;3;
"10864700";00080432316672;"Soho boisson alcoolique à saveur de litchi";"750";1228;2025;11;3;
"14020336";04904230032731;"Nikka Coffey Grain";"700";29;2025;11;3;
"14349625";00057496364130;"Sortilège whisky canadien et sirop d'érable";"375";374;2025;11;3;
"13565422";08414848200126;"Clos Mont-Blanc Catalunya";"750";1012;2025;11;3;
"15049771";03770001475110;"Nicolas Grosbois Bourgueil Litron";"1000";183;2025;11;3;
"15510994";03282946007252;"Nicolas Feuillatte Réserve Exclusive Brut";"1500";24;2025;11;3;
"10754279";00089819501458;"Gabbiano Chianti";"750";1350;2025;11;3;
"14786219";00082000803430;"Smirnoff Pink Lemonade";"750";256;2025;11;3;
"31062";08001660126750;"Ruffino Orvieto Classico";"750";6958;2025;11;3;
"11462104";00056049026105;"Cabernet/Shiraz Cliff 79 South Eastern Australia";"3000";2524;2025;11;3;
"14559841";03260420094240;"Kérisac Cuvée Spéciale Cidre Pétillant";"750";590;2025;11;3;
"14620526";00628110985569;"Menaud Camerise";"750";24;2025;11;3;
"15378541";03500610154362;"Nozeco Peach Bellini";"750";239;2025;11;3;
"14045402";03477600306592;"Labouré-Roi Princesse Maudite Coteaux Bourguignons";"750";1634;2025;11;3;
"15455542";06286784310595;"Kepler Keplerita Chili Mango 4 x 355 ml";"355";294;2025;11;3;
"13821561";08000400203942;"Amaro Siciliano Averna liqueur amère";"750";190;2025;11;3;
"14716923";03770012940003;"Le Caillou Côtes du Rhône";"750";781;2025;11;3;
"12259407";08437007958287;"Frontaura & Victoria Aponte Toro";"750";255;2025;11;3;
"13279872";05604575110024;"Cabriz Colheita Selecionada Dão";"750";706;2025;11;3;
"15116049";03174470081351;"Louis Bouillot Crémant de Bourgogne Perle D'Aurore";"375";245;2025;11;3;
"15236673";09120008894201;"Crazy Creatures Niederösterreih";"750";294;2025;11;3;
"10667351";05601012045505;"Gazela Vinho Verde";"750";887;2025;11;3;
"15498331";06281101540648;"Sakusei Junmai";"500";104;2025;11;3;
"14853741";03440747507559;"Patrick Piuze Bourgogne Chard onnay";"750";508;2025;11;3;
"14347574";05606486988587;"Anselmo Mendes Pardusco";"750";296;2025;11;3;
"15132778";03522191202188;"Gérard Millet Sancerre";"750";242;2025;11;3;
"15492520";00628176744049;"Lore & Legends Limoncello";"750";23;2025;11;3;
"12990742";03760040431321;"Vignobles Paul Mas Grenache de Grenache Jean-Claude Mas";"750";2837;2025;11;3;
"10556993";08411580035801;"Finca La Montesa Rioja Bodega Palacios Remondo";"750";199;2025;11;3;
"13437391";08032622423778;"Gulfi Nerojbleo Nero D'Avola Sicilia";"750";20;2025;11;3;
"14004045";08423302311100;"Izadi Rioja";"750";236;2025;11;3;
"13530676";00721059707510;"Espolon Reposado";"750";205;2025;11;3;
"15455323";05600897380015;"Sogrape Vinhos Prova Régia Arinto Bucelas";"750";11;2025;11;3;
"15373301";09331727017363;"Tenacity";"750";272;2025;11;3;
"852434";03453560101002;"Domaine Pellé Morogues Menetou-Salon";"750";322;2025;11;3;
"15454339";09369999102173;"Nomads Garden Pinot Meunier";"750";15;2025;11;3;
"11534876";05010019640253;"Laphroaig 10 ans Islay single malt scotch whisky";"750";91;2025;11;3;
"11838765";00088076190047;"Johnnie Walker Gold Label Reserve Blended Scotch Whisky";"750";159;2025;11;3;
"15530186";03289370109125;"Château Verdignan Haut-Médoc";"750";75;2025;11;3;
"10870211";03371801811445;"Bailly-Lapierre Saint-Bris";"750";759;2025;11;3;
"15295219";03760135411726;"Instant H Cabernet Franc";"750";182;2025;11;3;
"14752027";03770000388442;"La Ferme des Fontaines Saint Saint Nicolas De Bourgueil";"750";28;2025;11;3;
"15136621";05602660005460;"Cabral Moscatel Galego Branco Douro";"750";133;2025;11;3;
"15102149";07798395160067;"Paso a Paso Las Criollas de Do n Graciano, Clarete";"750";27;2025;11;3;
"15328746";05060577440048;"Lind and Lime";"750";27;2025;11;3;
"14808887";00628055392606;"Vergers Petit et Fils Rabaska Pêche Abricot";"473";33;2025;11;3;
"15247401";09414603469699;"Babich Hawke's Bay Syrah";"750";26;2025;11;3;
"11172254";00627843011040;"Domaine des Salamandres Poiré de glace";"200";49;2025;11;3;
"12533752";00627040411452;"Crystal Head";"50";107;2025;11;3;
"15438777";00635335296523;"Là Là & Là";"750";1;2025;11;3;
"14000589";03760171590331;"Domaine Pfister Riesling Berg";"750";16;2025;11;3;
"15504228";03566761007070;"Régis Fevre Chablis";"750";168;2025;11;3;
"15092382";03257698121105;"Moulin de Gassac Tèrra Languedoc";"750";19;2025;11;3;
"14549248";00084692477005;"Le Difese Tenuta San Guido Toscana i.g.t.";"750";142;2025;11;3;
"15109519";03683080621593;"Pearl Morissette Flammerole Lincoln Lakeshore";"750";13;2025;11;3;
"15277635";00609780010324;"Michel Jodoin Pomme on the Beach Mangue & Menthe 4X355ml";"355";56;2025;11;3;
"15360771";03760003140550;"Cosse Maisonneuve Les Beraudies Blanc";"750";374;2025;11;3;
"591826";03376375756000;"Prunelle de Bourgogne Védrenne liqueur de prunelle";"700";9;2025;11;3;
"15253449";00628693065412;"Benelux Pilsner Allemande";"473";6;2025;11;3;
"15097503";03563891320505;"Domaine Charly Nicolle Chablis Premier Cru Les Fourneaux";"750";7;2025;11;3;
"15323013";06279872423932;"Vent du Nord Le Norkotié";"700";113;2025;11;3;
"11156596";04904070032458;"Nihonsakari Daiginjo sake";"500";37;2025;11;3;
"15323030";06279872423499;"Distillerie Vent Nord Arkosa";"700";39;2025;11;3;
"15521124";08410537206417;"El Coto Crianza Rioja";"375";221;2025;11;3;
"15291429";04901410011180;"Kizakura Kyo No Tokurri Junmai Gold";"180";69;2025;11;3;
"15524860";00827924079246;"Domaine St-Jacques Gamay Pinot";"750";55;2025;11;3;
"15528369";00631471002295;"Famille Perrin Côtes du Rhône Réserve";"1500";40;2025;11;3;
"15321472";09336616001003;"First Drop Wines Mother's Milk";"750";27;2025;11;3;
"15252067";08033749750303;"Cos Vittoria Rosso";"1500";1;2025;11;3;
"13878921";08437011734143;"Moraza 4 Caminos Tempranillo Rioja Alta San Vicente Sonsier";"750";21;2025;11;3;
"14555488";00056049137078;"Revolution Sauvignon Blanc Vin Blanc";"750";2448;2025;11;3;
"10837331";03424560060002;"Moulin-à-Vent Terres Dorées Jean-Paul Brun";"750";27;2025;11;3;
"15052196";03412952102423;"Château Capbern Saint-Estèphe";"750";13;2025;11;3;
"15509651";03215190005088;"De Chanceny Crémant de Loire Brut";"750";64;2025;11;3;
"93401";00080432124079;"Wyndham Estate Bin 222 Chardonnay";"750";1;2025;11;3;
"15128867";04260344613328;"Riffel Orange-Naked trocken";"750";7;2025;11;3;
"15241000";04000153130513;"Château Montlandrie Castillon Côtes de Bordeaux";"750";2;2025;11;3;
"12986428";08033749750174;"COS Pithos Bianco";"750";5;2025;11;3;
"945709";00057496945704;"Cuvée Fiorello blanc";"20000";14;2025;11;3;
"14646849";09279872663823;"Tresor N°6 Gin";"750";45;2025;11;3;
"15237781";03770008121560;"Camin de Lumet Limoux";"750";1;2025;11;3;
"14760490";03414330003728;"Champagne Gremillet Forget Me Not Brut";"750";39;2025;11;3;
"15291381";04901410015775;"Bijito Junmai Ginjo";"720";3;2025;11;3;
"15321405";03485851400334;"Max et Duband Pinot Noir";"750";13;2025;11;3;
"11293742";03664395026242;"Bourgogne Chardonnay Cuvée Edme Champy";"750";123;2025;11;3;
"14255987";03760011906841;"Frederic Sornin Morgon Les Charmes";"750";5;2025;11;3;
"13806142";03431449023041;"Dom. Muré Riesling Calcaires Jaunes";"750";12;2025;11;3;
"13912762";04995762800257;"Sayori Nakadori Junmai";"720";39;2025;11;3;
"12595259";08437010555008;"Tinedo Cala N.2";"750";22;2025;11;3;
"15386399";03701523800029;"Domaine Jean-François Jacouton St-Joseph Pierre d'Iserand";"750";16;2025;11;3;
"13842119";03469380100354;"Drappier Rosé Nature Dosage Zéro";"750";19;2025;11;3;
"13886875";05604805004031;"Quinta Nova de Nossa Senhora do Carmo Pomares tinto";"750";35;2025;11;3;
"12099950";00057496004067;"Premixxx P Star Boisson alcoolisée";"1140";23;2025;11;3;
"15570735";00076183009659;"Snapple Spiked Assortiment 12 x 341 ml";"341";420;2025;11;3;
"15506725";03268920094227;"Boeckel Sylvaner Grand Cru Zotzenberg";"750";23;2025;11;3;
"14928926";03760181572167;"Famille Grossot Chablis";"750";73;2025;11;3;
"14938905";04000149389055;"Daniel Crochet Cuvée Prestige Sancerre";"750";5;2025;11;3;
"15084235";00627987340471;"Sueno de Alden Mezcal Reposado";"750";16;2025;11;3;
"14730557";03450020180126;"I. et P. Clement Menetou-Salon Classique";"750";1;2025;11;3;
"12960519";04000129605199;"Ceretto Barbaresco Bernardot Piémont";"750";-1;2025;11;3;
"14784563";00745178313100;"Domaine Capmartin Cosmique";"750";217;2025;11;3;
"14514993";03760156951812;"Vignobles Pueyo Tellus Vinea Bordeaux";"750";139;2025;11;3;
"13588691";08437014045154;"Terroir AL Limit Historic";"750";3;2025;11;3;
"13841600";03760074671144;"Pieuchaud Dom. Paul Prieur & Fils";"750";3;2025;11;3;
"15478496";03142910002457;"Le Dit du Bastidon Côtes du Rhône Villages Saint-Maurice";"750";37;2025;11;3;
"14296674";05605829000634;"A&D Wines Singular Vinho Verde A&D Wines Singular Vinho Verde";"750";12;2025;11;3;
"14955035";03120581441782;"Domaine de Mongillon Côtes du Rhône Villages Valréas";"750";27;2025;11;3;
"13801691";08437002558178;"Tilenus Ecologico Bierzo Bodegas Estefania";"750";26;2025;11;3;
"15524018";09120008893303;"Malat Furth Pinot Noir";"750";48;2025;11;3;
"12263043";00627843195412;"Entre Pierre et Terre Poiré de Glace";"200";36;2025;11;3;
"15093473";03700188060144;"G d'Estournel Médoc";"750";7;2025;11;3;
"12661480";08029836000352;"Azien. Agric. Marchesi Incisa della Rocchetta Valmorena";"750";37;2025;11;3;
"15274944";00845078010977;"Bockale IPA 6 x 355ml";"355";175;2025;11;3;
"14419902";03760186401202;"François Mikulski Aligoté";"750";1;2025;11;3;
"15501764";04000155017645;"Côte-de-Nuits-Villages Clos du Chapeau Domaine de L'Arlot";"750";8;2025;11;3;
"14646945";00627843593713;"Vignoble Cortellino Novità";"750";2;2025;11;3;
"15116743";00627987313352;"Sage Gin Vieilli Fût de Rhum Distillerie Grand Dérangement";"375";4;2025;11;3;
"15008267";00717215002940;"Weingut Selbach-Oster Wehlener Sonnenuhr Riesling Spätlese";"750";6;2025;11;3;
"13638151";00627843561859;"Portage Gin";"750";82;2025;11;3;
"15116882";09007500464715;"Domäne Wachau Ried Bruck Riesling Federspiel";"750";9;2025;11;3;
"14775982";03683080599168;"La Grange aux Belles Brise d'Aunis";"750";4;2025;11;3;
"15314264";03760319700042;"Château Climens Petite Lily";"750";15;2025;11;3;
"13612508";06384265030120;"Famille Lançon la Solitude Côtes du Rhône";"750";1;2025;11;3;
"15247356";00057496002308;"Magnitude Cabernet Sauvignon Vin Rouge";"1000";2352;2025;11;3;
"14806419";03700188054891;"Carillon d'Angélus St-Émilion Grand Cru";"750";4;2025;11;3;
"13061494";03330548005128;"Vignerons de Buxy Millebuis Bourgogne Côte Chalonnaise";"750";23;2025;11;3;
"15427120";08009265010108;"Strega Alberti Liquore Strega Liqueur D'Herbes";"700";109;2025;11;3;
"15478576";03760060198037;"Domaine de Cristia Chapelle St-Théodoric Châteauneuf-du-";"750";5;2025;11;3;
"12797715";03760248250014;"Beaujolais Gamay Régnié Julien Sunier";"750";40;2025;11;3;
"15298815";03760171590492;"Domaine Pfister Pinot Noir Hüt";"750";1;2025;11;3;
"15471690";09359557042720;"MMAD Vineyard Blewitt Springs Chenin Blanc";"750";3;2025;11;3;
"15262177";00628451239284;"Lieux Communs Ours";"750";11;2025;11;3;
"14977349";03286090002231;"La Chapelle du Seuil Coteaux d'Aix-en-Provence";"750";7;2025;11;3;
"14788687";00736040015970;"Syrah Yarden Galilee Golan Heights Winery";"750";13;2025;11;3;
"15540157";08012970032013;"Cossentino Gadì Catarratto Sicilia";"750";82;2025;11;3;
"14807198";00628504255094;"Noroi Liqueur de citron";"750";15;2025;11;3;
"15373598";04000153735985;"E. Guigal Côtes du Rhône";"1500";3;2025;11;3;
"15255372";04000152553726;"Mark Haisma Fixin";"750";1;2025;11;3;
"41947";08016044010501;"Sangiovese/Colorino Rubesco Lungarotti Rosso di Torgiano";"750";57;2025;11;3;
"12623088";00895958000291;"Domaine du Possible C'est pas la Mer à Boire";"750";18;2025;11;3;
"15503903";00628942643361;"Lao Mucha Tie Guan Yin Bulles de Thé";"750";11;2025;11;3;
"11895330";05605063119222;"Caldas Reserva Douro";"750";5;2025;11;3;
"15032275";00781159431630;"Pla De Buc 7103 Brisat";"750";10;2025;11;3;
"15438540";06280118347806;"Yves Leccia Patrimonio E Croce";"750";1;2025;11;3;
"15094100";03156090214487;"Cave de Ribeauvillé Riesling";"750";5;2025;11;3;
"12936471";08032937582108;"Villa Donoratico Tenuta Argentiera Bolgheri";"750";3;2025;11;3;
"15021111";00081753830724;"Hennessy X.O.";"375";9;2025;11;3;
"15127055";03770013326127;"Domaine Ledogar La Mariole";"750";11;2025;11;3;
"13677272";03037900003678;"Charles Heidsieck Brut Reserve";"750";5;2025;11;3;
"13867121";03453521302783;"Château Livran Médoc Château Livran Médoc";"750";3;2025;11;3;
"866400";03760041211069;"Château La Papeterie Montagne-Saint-Emilion";"750";11;2025;11;3;
"15139267";00627987287271;"Domaine Nokomis Akenes Bull's Head 1896";"750";6;2025;11;3;
"14887600";04260215650322;"Weinreich Heiter Bis Wolkig";"750";10;2025;11;3;
"15243873";00088076188754;"Clynelish Highlands Single Malt 10 ans";"750";3;2025;11;3;
"14980960";00628110585103;"Distillerie de Québec Trait-Carré OR";"750";3;2025;11;3;
"15066774";00627987776713;"Microdistillerie La Ponce Acerum Blanc";"750";1;2025;11;3;
"15454460";00813952000031;"Mount Langi Ghiran Cliff Edge Shiraz";"750";12;2025;11;3;
"15505538";08052107081231;"Renato Buganza Risa Langhe Nebbiolo";"750";14;2025;11;3;
"11420027";00056049026273;"Wallaroo Trail Bin 212 rouge";"500";2208;2025;11;3;
"15393118";04986818206017;"Essence 5 by Chartier Drunk Monkey";"500";4;2025;11;3;
"15364122";03760222784429;"Arlaud Bourgogne Roncevie";"750";3;2025;11;3;
"15474161";08000160637070;"Folonari Prosecco Brut";"750";11;2025;11;3;
"15167241";08421950958784;"Gatito Loco Rioja";"750";9;2025;11;3;
"15299201";03412253050553;"La Belle Vie Muscadet";"750";10;2025;11;3;
"15318433";09355454000351;"Hither & Yon Greco";"750";8;2025;11;3;
"15489486";03258434390007;"Laurent -Perrier Brut Héritage";"750";2;2025;11;3;
"15373521";04000153735213;"Château de Nalys Rouge";"750";6;2025;11;3;
"11094735";08026080001333;"Petit Chablis Domaine d'Elise";"750";6;2025;11;3;
"15024953";08396514500047;"Domaine Rebourgeon-Mure Pommard";"750";5;2025;11;3;
"13843023";08034073433573;"Canalicchio di Sopra Rosso di Montalcino";"750";4;2025;11;3;
"14965153";03760024020015;"Domaine du Bouchot Pouilly-Fumé Terres Blanches";"750";2;2025;11;3;
"15046271";08033576200026;"Ferghettina Franciacorta Saten Brut";"750";5;2025;11;3;
"14015246";05601387062893;"Krohn Colheita";"750";4;2025;11;3;
"15496416";04000154964162;"Domaine Arnoux-Lachaux Vosne- Romanée Les Grands Suchots";"750";1;2025;11;3;
"13785960";00057496008850;"Keep Calm  & Thrive Shiraz";"750";1224;2025;11;3;
"15511022";08423302121273;"Izadi El Regalo Rioja";"750";-3;2025;11;3;
"14810848";00890590000401;"Saronia";"700";1;2025;11;3;
"15198380";03540437508771;"Château Beauséjour Duffau- Lagarrosse Premier Grand Cru";"750";1;2025;11;3;
"15388925";07804665830148;"Carrete Cabernet Sauvignon";"750";5;2025;11;3;
"12582773";03760087220070;"Savigny les Beaune Domaine François Gay et Fils";"750";5;2025;11;3;
"15487093";04000154870937;"Meursault Premier Cru Santenots Domaine Marquis d'An";"750";24;2025;11;3;
"15502257";08015674030682;"Banfi Fonte Alla Selva Chianti Classico Gran Selezione";"750";8;2025;11;3;
"15057384";03760278782653;"Haut Bailly II Pessac-Léognan";"750";3;2025;11;3;
"15184017";00832889008828;"Orchard House Compass Box Blended Malt";"750";39;2025;11;3;
"15200611";03760261361575;"Château La Conseillante Pomerol";"750";1;2025;11;3;
"14557117";08030198006418;"Vietti Timorasso Derthona Colli Torinese";"750";1;2025;11;3;
"15295577";03760391580006;"Château Tronquoy Saint-Estèphe";"750";3;2025;11;3;
"12783305";03760172990000;"Balthazar 11";"750";1;2025;11;3;
"15141172";00628678881037;"Entre Pierre et Terre Piquette Vidal";"500";1;2025;11;3;
"15139734";00827924074043;"Vignoble du Mitan L'Héritage";"750";8;2025;11;3;
"15489523";00860001365610;"Solento Reposado";"750";6;2025;11;3;
"15440412";00854954000803;"Radford Dale Thirst Pinot Noir Stellenbosch";"750";1;2025;11;3;
"15450021";00798190113104;"Ron Cubano La Progresiva 13 Ans";"700";1;2025;11;3;
"12722158";03760219920151;"Jacques Tissot Arbois Chardonnay";"750";1;2025;11;3;
"15222044";08016861168591;"Masottina Costabella Prosecco Superiore Brut";"750";3;2025;11;3;
"15438582";03760383000185;"J?adoooooore Saumur Extra-Brut";"750";2;2025;11;3;
"15207637";00055451787116;"Maupertuis Pierres Noires";"750";1;2025;11;3;
"14995854";03424560061009;"Jean Paul Brun Moulin-à-Vent La Rochelle";"750";1;2025;11;3;
"15445571";00628090050905;"Hugo et Pauline Villa Saint- Joseph";"750";4;2025;11;3;
"15257597";04000152575971;"Bussia Vigna Colonnello Riserva Barolo Prunotto";"750";1;2025;11;3;
"13387195";03380650004335;"Ferraton Père & Fils Calendes Crozes Hermitage";"750";19;2025;11;3;
"13041830";08033609610006;"Graci Etna";"750";2;2025;11;3;
"15435630";05060354286838;"Hunter Laing Ardnahoe Inaugural Islay Single Malt";"700";1;2025;11;3;
"15399595";00808755017362;"Le Vieux Pin Petit Blanc";"750";4;2025;11;3;
"15455032";03328155031067;"Château Montrose Saint-Estèphe Grand cru classé";"750";1;2025;11;3;
"12114646";08054314344277;"Nero d'Avola Sotto il Sole Sicile i.g.t.";"750";6;2025;11;3;
"15248172";04000152481722;"Riesling Dom. Barmès-Buecher Alsace Grand Cru Steingrübler";"750";2;2025;11;3;
"14955668";08031393000799;"Musella Amarone Della Valpolicella";"750";0;2025;11;3;
"11785448";00659651025483;"Château de Laubade V.S.O.P. Bas-Armagnac";"700";2;2025;11;3;
"15514557";08410351238007;"Cosme Palacio Viura Reserva";"750";2;2025;11;3;
"14229033";05014396303596;"El Dorado Butter Pecan";"750";3;2025;11;3;
"15240648";03760087182101;"Château Fourcas Dupré Listrac-Médoc";"750";3;2025;11;3;
"15232461";04000150043113;"Volnay Premier Cru Clos des Chênes Glantenay";"750";1;2025;11;3;
"14494355";00879716001102;"Domaine Bousquet Sauv. Blanc Tupungato";"750";2;2025;11;3;
"15052698";03277038422259;"Château Margaux Premier Grand Cru Classé Margaux";"750";6;2025;11;3;
"13593280";05201214000083;"DR Debina Respect Orange Wine";"750";-1;2025;11;3;
"14400005";00779376201211;"Henry of Pelham Chardonnay Estate Short Hills Bench";"750";1;2025;11;3;
"15255516";04000152555164;"Castiglion del Bosco Millecento Riserva";"750";1;2025;11;3;
"743997";08410023000017;"Fino Tio Pepe very dry Xérès";"375";3;2025;11;3;
"14810611";00628176471174;"Rosemont No 3 Vieilli 3 Ans";"750";5;2025;11;3;
"15459623";04000154596233;"Chablis En Vaudécorse Domaine Gilbert Picq et Fils";"1500";7;2025;11;3;
"14703292";00628242481038;"Domaine Lafrance Rouge Gorge Spritz Blanc (4 X 250 ml)";"250";6;2025;11;3;
"13097956";08033040490014;"Marion Corte Lavel Valpolicella Ripasso Superiore";"750";-1;2025;11;3;
"15447948";04000154479482;"E. Guigal Hermitage blanc";"750";3;2025;11;3;
"11901111";05204222575079;"Avaton Domaine Gerovassiliou";"750";84;2025;11;3;
"15375083";03536650502009;"E. Guigal Côtes-du-Rhône";"375";4;2025;11;3;
"14382302";00057496009970;"Keep Calm & Laugh Sauvignon Blanc";"4000";260;2025;11;3;
"14788185";03591623181506;"Domaine Jaeger-Defaix Rully Premier Cru Mont Palais";"750";3;2025;11;3;
"15052794";03284399352651;"Château Montrose Grand Cru Classé Saint-Estèphe";"750";4;2025;11;3;
"15194784";00056049138679;"Wallaroo Trail Skip Chenin Sauvignon Blanc Vin Blanc";"4000";260;2025;11;3;
"14729011";00850038709181;"Pergolaia Caiarossa Societa Agricola i.g.t.";"750";1;2025;11;3;
"14509422";00081452341101;"Carmel Selected Sauv. Blanc";"750";7;2025;11;3;
"14923789";03770001607115;"Cédrick Bardin Sancerre";"750";30;2025;11;3;
"15027361";00776545993755;"Martin's Lane Simes Vineyard";"750";2;2025;11;3;
"15172964";00057496014141;"Dolce Venti Italia Primitivo- Sangiovese Vin Rouge";"750";1020;2025;11;3;
"14798025";03760281070501;"Château Petit-Village Pomerol";"750";1;2025;11;3;
"14722531";03340060591009;"Vidal Fleury Côtes du Rhône";"750";1;2025;11;3;
"15002501";00087647113270;"Jura 7 Wood Single Malt";"750";1;2025;11;3;
"15333692";03700685500051;"Larmandier-Bernier Les Chemins D?Avize Grand Cru";"750";-5;2025;11;3;
"10692901";00715126272001;"Montes Purple Angel Carmenère Petit Verdot";"750";-1;2025;11;3;
"14716333";08021478190231;"Primosic Ribolla Collio Riserva";"750";1;2025;11;3;
"10904652";08715151250731;"El Dorado 12 ans Demerara";"750";537;2025;11;3;
"66043";03304115060001;"Château de Beaulon 5 ans Pineau des Charentes";"750";572;2025;11;3;
"10919723";00827924059118;"Léon Courville Rés. St-Pépin";"750";27;2025;11;3;
"15016865";00660111607286;"Les Spiritueux Raynault Poisson rouge";"750";18;2025;11;3;
"15494955";03770005053390;"Pura Vida XO";"700";213;2025;11;3;
"13258043";00057496008324;"Primelli Pinot Grigio Rosé Delle Venezie";"750";754;2025;11;3;
"14128646";06282501011196;"Distillerie Mariana Avril Amaretto";"375";210;2025;11;3;
"15299463";00851006001344;"3 Lacs Limonade Framboise Bleue (4 x 355ml)";"355";8520;2025;11;3;
"15337407";03142806840224;"Ogier Artésis Côtes du Rhône";"750";548;2025;11;3;
"15534591";00011034981029;"Martini Rosso";"500";36;2025;11;3;
"12729798";00080432109922;"Jameson Caskmates Édition Stout";"750";583;2025;11;3;
"15458161";00628176471723;"Rosemont Rhum Cola 4 x 355 ml";"355";789;2025;11;3;
"12259061";08413472059117;"Lan Gran Reserva Rioja";"750";451;2025;11;3;
"12989750";08002305007298;"Rocca delle Macie Chianti Riserva";"750";1439;2025;11;3;
"15486525";00627987177046;"Kanon Rhum Épicé";"750";349;2025;11;3;
"188193";07804300010638;"San Pedro Gato Negro Cab-Sauv.";"750";2043;2025;11;3;
"564674";08002062008132;"Modello Masi Delle Venezie Dénomination origine (DOC)";"750";2334;2025;11;3;
"12185647";05602660001981;"Cabral Reserva Douro";"750";3617;2025;11;3;
"14861389";00057496013045;"La Fabrique 70%";"750";259;2025;11;3;
"14954892";00628011228987;"Cherry River Tequila Silver";"750";720;2025;11;3;
"15440261";00627987734607;"Fou Gin Smash Citron & Basilic 4 x 250ml";"250";1924;2025;11;3;
"11579345";00080480170028;"Cazadores Reposado";"750";458;2025;11;3;
"974741";00641734000036;"Zenato Ripassa Valpolicella Superiore";"750";1736;2025;11;3;
"11133141";00089819116621;"Gabbiano Pinot Grigio Delle Venezie";"750";1554;2025;11;3;
"12990224";00056049134428;"Bartolo Mazzi Vittori Trebbiano Rubicone";"750";2071;2025;11;3;
"15401966";05602182190132;"Ravasqueira Reserva da Familia Alentejano";"750";728;2025;11;3;
"468173";04902650260581;"Hakutsuru Draft Sake";"300";15;2025;11;3;
"63461";03269552642770;"Gautier V.S.";"750";1712;2025;11;3;
"14366732";03289850064586;"Saget La Perriere Locus Melon B Val de Loire";"750";1092;2025;11;3;
"340406";06001496301200;"Fleur Du Cap Chardonnay";"750";4480;2025;11;3;
"15243937";08002366080490;"Castel Giocondo Frescobaldi Brunello di Montalcino";"375";85;2025;11;3;
"919373";03760035962113;"Cailleteau Bergeron Prestige Blaye Côtes de Bordeaux";"750";657;2025;11;3;
"15311549";00076183009291;"Snapple Spiked Caisse Mixte (12 x 341ml)";"341";459;2025;11;3;
"15049093";00659651108667;"Laubade";"700";10;2025;11;3;
"14977189";00621605462200;"Southbrook Vineyards Triomphe Orange";"750";4;2025;11;3;
"15191268";08014629172217;"Pio Cesare Barbaresco Il Bricco";"750";3;2025;11;3;
"15326716";08057737150326;"Cantina Offida Rosso Piceno";"750";187;2025;11;3;
"12477746";08030423001959;"Montalto Pinot Grigio Terre Siciliane";"750";2285;2025;11;3;
"643544";08033116406499;"Luigi Leonardo Primitivo del Salento";"750";674;2025;11;3;
"15181844";03535928081741;"Louis Jadot La Dominode Savigny-lès-Beaune Premier Cru";"750";9;2025;11;3;
"14327039";00779334336351;"Cave Spring Riesling Dry Niagara Peninsula";"750";300;2025;11;3;
"14491251";05600775534202;"Carvalho Martins Pacto Douro";"750";277;2025;11;3;
"14550089";08000353006683;"Luxardo Limoncello";"750";921;2025;11;3;
"860429";07792319968944;"Norton Barrel Select Malbec Mendoza";"750";1582;2025;11;3;
"12999333";08053904770052;"Fiol Prosecco";"750";2323;2025;11;3;
"953091";00087236411015;"Lillet Blanc";"750";490;2025;11;3;
"15555181";03663852009798;"Villa Chavin Sauvignon blanc";"750";257;2025;11;3;
"15447593";08437012435285;"Villa Conchi Seleccion Cava Brut";"750";1211;2025;11;3;
"15477581";00628176471839;"Rosemont Calendula Liqueur d'herbes";"375";89;2025;11;3;
"13189228";03760177964303;"Thierry Germain Les Roches";"750";50;2025;11;3;
"14862357";09300727018311;"Jacob's Creek Double Barrel Shiraz Barossa Valley";"750";1948;2025;11;3;
"11582940";00088544016756;"Southern Comfort liqueur de pêche et de bourbon";"1140";197;2025;11;3;
"13858090";03371807801808;"Bailly Lapierre Crémant de Bourgogne Réserve";"750";120;2025;11;3;
"14989833";00628011228406;"Cherry River Pample. Rose";"750";15;2025;11;3;
"10542137";08000852000113;"Donnafugata Anthìlia Sicilia";"750";574;2025;11;3;
"14221242";06002039011648;"Reyneke Organic Chenin Blanc Western Cape";"750";680;2025;11;3;
"14520955";05601333054668;"Quinta da Lixa Pouco Comum Vinho Verde";"750";37;2025;11;3;
"15401974";03760161042185;"Domaine Barmès Buecher Crémant d'Alsace";"750";98;2025;11;3;
"14699561";00848819001173;"White Claw Framboise 6 x 355 ML";"355";5467;2025;11;3;
"20214";08000174200024;"Fontanafredda Barolo";"750";1802;2025;11;3;
"15504990";00628176471877;"Rosemont Tequila Silver";"750";127;2025;11;3;
"12693828";03436730005065;"Vignerons Bel Air Morgon le Py";"750";415;2025;11;3;
"11518761";05601237001102;"Bacalhôa Catarina";"750";2459;2025;11;3;
"703363";00709067110096;"San Felice Il Grigio Chianti Classico Riserva";"750";277;2025;11;3;
"15318038";03151850004216;"J. Moreau & Fils Chablis Réserve de Montaigu";"375";207;2025;11;3;
"15448115";07798078005975;"Cristobal Viognier Cuvée del Sol";"750";88;2025;11;3;
"15102000";07798395160050;"Las Criollas de Don Graciano Paso a Paso";"750";5;2025;11;3;
"15210351";00057496000656;"Me Time Pinot Grigio";"750";244;2025;11;3;
"15509934";05603977010840;"Vertente Niepoort Douro";"750";23;2025;11;3;
"11460660";00895958000970;"La Soeur Cadette Bourgogne";"750";293;2025;11;3;
"14480367";00627843872689;"Rosemont Gin de Montréal";"750";149;2025;11;3;
"13618328";08436569290125;"Otazu Chardo. Barrica Navarra";"750";1040;2025;11;3;
"13189973";03454781504924;"L'Orangeraie Cabernet Sauv. Pays d'Oc";"750";807;2025;11;3;
"15514750";00851006001375;"3 Lacs Framboise";"750";543;2025;11;3;
"14376914";08437008318837;"Attis Sitta Maceracion";"750";38;2025;11;3;
"14530774";08410113009920;"Torres Las Pisadas Rioja";"750";617;2025;11;3;
"15003036";03514123109276;"Gérard Bertrand Côte des Roses Grenache/Vermentino/Viognier";"750";189;2025;11;3;
"882761";00745641055001;"Conde Valdemar Rioja Reserva";"750";331;2025;11;3;
"13900956";03514310000089;"Joël Delaunay La Voûte Chenonceaux";"750";757;2025;11;3;
"15262345";08033481323100;"Tua Rita Perlato del Bosco Toscana i.g.t.";"750";8;2025;11;3;
"15243179";00851006001313;"3 Lacs Lime Basilic";"700";207;2025;11;3;
"11472409";08007425002079;"Attems Pinot Grigio Friuli";"750";922;2025;11;3;
"15129587";03770024817065;"Laurent Herlin Tsoin Tsoin";"750";189;2025;11;3;
"560474";05010494910971;"Ardbeg 10 Ans Islay Single Malt Scotch Whisky";"750";92;2025;11;3;
"734921";00063829999054;"Intermiel Rosée hydromel Canneberges & Pétales de Roses";"750";70;2025;11;3;
"15073561";00627987731590;"Acolytes Crème au Rhum";"750";57;2025;11;3;
"15455374";00874618000048;"Dillon?s Cocktails à la Vodka Caisse Mixte 12 x 355 ml";"355";1488;2025;11;3;
"14503944";03760087575163;"Josmeyer Riesling le Dragon";"750";4;2025;11;3;
"15086791";00628774171001;"Amour Liquide Negroni";"100";796;2025;11;3;
"15518321";00850046522338;"Happy Dad Hard Seltzer Punch aux Fruits";"473";780;2025;11;3;
"15311581";00876511000231;"Cherry River Framboises Lime";"750";143;2025;11;3;
"13740673";03760183180599;"Champagne Barons de Rothschild Brut";"750";9;2025;11;3;
"14432672";08437004333469;"Azul y Garanza Naturaleza Salvaje Navarra";"750";7;2025;11;3;
"13959667";03460940000084;"Collovray Et Terrier Deux Roches Bourgogne Tradition";"750";22;2025;11;3;
"14060952";03760119560075;"Domaine de la Patience Coteaux du Pont du Gard Syrah";"750";89;2025;11;3;
"13136100";08033040490021;"Marion Corte Lavel Amarone della Valpolicella";"750";26;2025;11;3;
"15492503";00628176744131;"Grande Liqueur Orange Lors & Legends";"750";17;2025;11;3;
"13904252";03760248250137;"Julien Sunier Wild soul";"750";15;2025;11;3;
"15548642";00055480800138;"Distillerie McAuslan Whisky Canadien Supérieur";"750";29;2025;11;3;
"10274700";05600897380039;"Morgado de Sta.Catherina Bucelas";"750";8;2025;11;3;
"15243161";03471379900555;"PM&M Luneau Mademoiselle K Muscadet-Sèvre Maine sur Lie";"750";15;2025;11;3;
"15198857";00628055952558;"Artist Residence Framb. Bleue";"750";184;2025;11;3;
"15495886";03687080620402;"Château Cambon Beaujolais";"750";1181;2025;11;3;
"12299409";00056049132851;"Il Guerrino vino da tavola blanc";"750";98;2025;11;3;
"13927964";08016760002620;"Col d'Orcia Rosso di Montalcino";"750";245;2025;11;3;
"15301957";03391180024939;"M. Chapoutier St-Joseph Deschants";"750";57;2025;11;3;
"15303872";00876511000729;"Opemiska Liqueur de Whisky à l'Érable";"750";87;2025;11;3;
"15099875";05010867403826;"Graham's Natura Reserve Port";"750";5;2025;11;3;
"15410299";00827924052225;"Coteau St-Paul Cidre Mauve";"750";10;2025;11;3;
"15527121";00628250530049;"NOA Apéritif Italien < 0,5%";"700";15;2025;11;3;
"15115003";00628504256046;"Noroi Esprit-de-Mexico";"750";60;2025;11;3;
"13909774";08054314340781;"Tenuta Arbeta Barbaresco";"750";41;2025;11;3;
"13036387";05000281045177;"Lagavulin 8 ans Islay Single M";"750";141;2025;11;3;
"12669300";00721733000159;"Patron Reposado";"750";192;2025;11;3;
"15313827";08410743700945;"Perelada Cava Stars Touch of Rosé";"750";6;2025;11;3;
"15471411";09421004550352;"Craggy Range Te Muna Sauvignon Blanc";"750";44;2025;11;3;
"15050140";03663852010893;"Le Petit Chavin Rosé <0,5%";"750";8;2025;11;3;
"12467177";05202795150280;"Metaxa  12* Brandy";"700";57;2025;11;3;
"15154715";00895958003872;"Léo Dirringer Pur Jus";"750";4;2025;11;3;
"15294241";00628069440270;"Gin du jardin Méditerranéen";"750";48;2025;11;3;
"14880061";03399733100000;"Pauillac La Rose Pourpre";"750";40;2025;11;3;
"13466205";08018821175236;"Moris Morellino di Scansano";"750";7;2025;11;3;
"12437007";03557785119030;"Agrapart Terroir Blanc de Blancs Extra Brut";"750";6;2025;11;3;
"15002412";06286784310045;"Kepler Sous-Bois Dist. des Appalaches";"700";97;2025;11;3;
"710632";08032853723517;"Cúmaro Umani Ronchi Conero Riserva";"750";120;2025;11;3;
"13618184";03760140260784;"Moulin-à-Vent les Burdelines Manoir du Carra";"750";11;2025;11;3;
"15506688";03351001822410;"Domaine Faiveley Clos Rochette Monopole";"750";6;2025;11;3;
"13861643";00057496008751;"Smoky Bay Pinot Grigio Réserve";"750";4;2025;11;3;
"15175401";05604138012307;"Tagus Creek Reserva";"750";41;2025;11;3;
"15245991";08008530986148;"Romio Sangiovese Rubicone";"750";1;2025;11;3;
"13385974";03760223060201;"Domaine Claudie Jobard Rully Montagne La Folie";"750";27;2025;11;3;
"11346576";03035542011303;"Cointreau liqueur d'agrumes";"375";35;2025;11;3;
"15087866";03423714182744;"Autour de la Pomme Les Complices Nature";"750";5;2025;11;3;
"15082176";00080480980689;"Cazadores Anejo";"750";39;2025;11;3;
"14730910";08437022712017;"Uva de Vida Biografico Castill";"750";57;2025;11;3;
"13477975";08437011734228;"Moraza Rioja Alta Ábalos Garnacha";"750";30;2025;11;3;
"13350579";00895958001793;"Le Sot de l'Ange Sottise";"750";10;2025;11;3;
"15489144";04000154891444;"Michel Bouzereau et Fils Les Vignes Franches";"750";2;2025;11;3;
"15466903";00812066024957;"The Macallan Night on Earth no.3 Spey Valley Single Malt";"750";7;2025;11;3;
"12183203";00721059227537;"Maestro Dobel 100% Agave";"750";52;2025;11;3;
"14641626";00019962300912;"Illicit Moonshine Poire Gingembre";"750";4;2025;11;3;
"15193221";03760303000240;"Domaine Charles Joguet Chinon Silènes";"750";8;2025;11;3;
"12577085";03760037260972;"Clos Bellane Valréas Côtes du Rhône-Villages";"750";0;2025;11;3;
"15042730";03491330007406;"Prosper Maufoux Bourgogne Chardonnay";"750";48;2025;11;3;
"12950871";03760149570013;"Domaine Rijckaert Côtes du Jura Vigne des Voises";"750";41;2025;11;3;
"14814224";03760208652629;"Château Brown Pessac-Léognan";"750";12;2025;11;3;
"15312461";00628942649158;"Apikol Hydromel Pétillant";"500";7;2025;11;3;
"12198114";03760118232416;"Domaine Chante Cigale v.v. Châteauneuf-du-Pape";"750";5;2025;11;3;
"15111133";03274897200028;"Maison Antech Crémant de Limoux Brut Nature";"750";99;2025;11;3;
"15277221";00628942306204;"Chambre Noire";"750";32;2025;11;3;
"252312";05010327307077;"Glenfiddich 12 ans Highland Single Malt";"375";8;2025;11;3;
"15342804";00827924052256;"Coteau St-Paul Ô Fraise!";"750";13;2025;11;3;
"10858203";08437002369040;"Dominio de Tares Cepas Viejas Bierzo";"750";44;2025;11;3;
"15453758";00628308620173;"Artist in Residence Vodka";"700";69;2025;11;3;
"11169670";08414542020051;"Prado Enea Muga Gran Reserva Rioja";"750";2;2025;11;3;
"11035639";03185370181607;"Moët & Chandon Rosé Imp. Brut";"1500";6;2025;11;3;
"15146985";00839851000125;"Dist. du Fjord Gin Fizz 500 ml";"500";1;2025;11;3;
"11694386";08033040490342;"Marion Amarone Della Valpolicella";"750";18;2025;11;3;
"15538874";00990000102357;"Giulia Negri Barbera d'Alba Serradenari";"750";24;2025;11;3;
"15273280";04000763040486;"Bioterra Spätburgunder";"750";8;2025;11;3;
"15460018";04000154600183;"Ktima Spiropoulos Meliasto";"750";3;2025;11;3;
"11889474";00881860300482;"Chardonnay Flat Rock Cellars";"750";5;2025;11;3;
"15200460";03770016115445;"Château Rauzan-Ségla Grand Cru Classé Margaux";"750";5;2025;11;3;
"14348083";03661401242030;"Château de Marsannay";"750";6;2025;11;3;
"15236868";03770018115009;"Domaine Bott Côte-Rôtie";"750";1;2025;11;3;
"12778987";00736040011668;"Hermon Mount White";"750";14;2025;11;3;
"14923931";08032986500573;"Di Giovanna Gerbino";"750";1;2025;11;3;
"14000546";03760171590119;"Domai. Pfister Pinot Gris Furd";"750";14;2025;11;3;
"13314199";03760038390197;"Domaine Delaporte à Chavignol Sancerre";"750";5;2025;11;3;
"14439428";06009640360806;"Avondale Anima Paarl";"750";5;2025;11;3;
"15296561";03296361021106;"Château Rieussec Sauternes";"750";3;2025;11;3;
"14970702";03760077781529;"Savanna Intense";"700";8;2025;11;3;
"14973102";08033373294754;"Frank Cornelissen Munjebel";"750";-1;2025;11;3;
"15021251";00873922003004;"Domaine Chevrot Maranges sur le Chêne";"750";2;2025;11;3;
"13057022";03365584011512;"Château de Gaudou Tradition Cahors";"1500";36;2025;11;3;
"15200831";03410251220046;"Château Lascombes Grand Cru Classé Margaux";"750";4;2025;11;3;
"10756400";05998835040221;"Mandolas Oremus Tokaji dry";"750";1;2025;11;3;
"116038";05202795070755;"Metaxa 7 Étoiles Gold Label";"750";13;2025;11;3;
"14562135";04000145621357;"Savigny-lès-Beaune Pavelot Côte de Beaune";"750";9;2025;11;3;
"14988937";03770015559554;"Antoine Sanzay Saumur-Champigny La Paterne";"750";13;2025;11;3;
"15547551";00815337000407;"Pinnacle Coffret Découverte";"750";6;2025;11;3;
"13996396";00850176001000;"Yuki No Bosha Junmai Gingo";"720";9;2025;11;3;
"15477282";03258690094114;"La Sirène de Giscours Margaux";"750";339;2025;11;3;
"14970067";00695521152941;"Stade's  Bond No.8";"750";3;2025;11;3;
"13062884";00747846040011;"Hakutsuru Awayuki Pétillant";"300";42;2025;11;3;
"15239962";03760114620927;"Château Branas Grand Poujeaux Moulis-en-Médoc";"750";2;2025;11;3;
"13170341";03760118230375;"Domaine Chante Cigale Châteauneuf-du-Pape";"750";31;2025;11;3;
"12025301";03760234930005;"Triple zéro Dom. La Taille Aux Loups Montlouis vin pétillant";"750";3;2025;11;3;
"14203458";04902650017727;"Hakutsuru Tan Rei Junmai";"180";11;2025;11;3;
"15425183";00812066024896;"The Macallan The Harmony Collection 4e Édition";"750";1;2025;11;3;
"13427388";08424487700109;"Juvé y Camps Gran reserva Cava Brut mousseux";"750";11;2025;11;3;
"15378356";08002550507901;"Riunite Ofresco Zero Spritz";"750";8;2025;11;3;
"15518494";08032804342729;"Azelia Barolo";"750";17;2025;11;3;
"10520237";03424560080000;"Côte de Brouilly Terres Dorées Jean-Paul Brun";"750";22;2025;11;3;
"11588479";00057496003824;"Toro Loco blanc";"1000";8904;2025;11;3;
"14404882";00776545975232;"Mission Hill Meritage Reserve Vallée de l'Okanagan";"750";4;2025;11;3;
"11575811";00827924071042;"Domaine L'ange Gardien Blanc";"750";5;2025;11;3;
"15246361";03760337450004;"Abelé 1757 Brut";"750";6;2025;11;3;
"14538856";08033075411114;"La Crotta di Vegneron Gamay Vallée d'Aoste";"750";3;2025;11;3;
"912352";03760086080019;"Château Cantenac Saint-Emilion grand cru";"750";3;2025;11;3;
"14321690";08003503000647;"Montresor Fondatore Amarone della Valpolicella";"750";-3;2025;11;3;
"15344025";04000153440254;"Puligny-Montrachet Étienne Sauzet";"750";20;2025;11;3;
"15322951";00067311717027;"Aroma mi Amore Sélection Vin Rouge";"1000";1848;2025;11;3;
"14993744";06279878898260;"Domaine Pierre Ménard Clos des Mailles Anjou";"750";1;2025;11;3;
"15274750";08025022012734;"Montestefano Riserva Barbaresco";"750";3;2025;11;3;
"11015726";00085000018194;"Alamos Seleccion Malbec Mendoza";"750";2;2025;11;3;
"10861808";03539221105012;"Sylvain Bailly Terroirs Sancerre";"750";36;2025;11;3;
"15243961";08001231000038;"Lamole di Lamole Lareale Chianti Classico Riserva";"750";1;2025;11;3;
"15477485";08004069801631;"Il Forte Gavi";"750";1;2025;11;3;
"15368465";04000153684658;"Bourgogne La Fortune A. & P. de Villaine";"750";3;2025;11;3;
"14748511";00056049137573;"Revolution Sauvignon Blanc Vin Blanc";"4000";520;2025;11;3;
"15241878";04000152418780;"Domaine Combier Crozes-Hermitage";"750";17;2025;11;3;
"15523517";03490890048522;"Château Beau-Séjour Bécot Saint-Emilion Grand Cru";"750";3;2025;11;3;
"14683156";04000146831564;"Domaine de Montille Bourgogne Le Clos du Château";"750";2;2025;11;3;
"14041866";05200116159554;"Troupis Winery Fteri Moschofilero Arkadia";"750";1;2025;11;3;
"14713079";05060210706685;"Kilchoman Fino Sherry Matured Single Malt Islay";"700";1;2025;11;3;
"15235751";08032804342422;"Azelia Bricco Fiasco Luigi Scavino Barolo";"750";1;2025;11;3;
"626457";05602660001790;"Cabral tawny 20 ans";"375";1;2025;11;3;
"15429125";00056049139188;"Tauroo Trail Tempranillo";"4000";3120;2025;11;3;
"14862365";09300727024602;"Jacob's Creek Double Barrel Chardonnay";"750";-1;2025;11;3;
"13110938";00827924945039;"Dom. Ste Famille Cuvée Ti-Coq";"375";1;2025;11;3;
"15521423";04000155214235;"Clos Rougeard Saumur-Champigny Le Bourg";"1500";2;2025;11;3;
"15289652";09352487000075;"Unico Zelo Pastafarian";"750";1;2025;11;3;
"12205100";09421008300564;"Pinot Noir Rua Akarua Central Otago";"750";1;2025;11;3;
"15380780";00628110985651;"Menaud Vermouth";"750";3;2025;11;3;
"15051273";05010852026641;"Glengoyne 12 ans Highland Scotch Single Malt";"700";3;2025;11;3;
"15054984";03760114620842;"Château Branas Grand Poujeaux Moulis-en-Médoc";"750";1;2025;11;3;
"15184615";00628176471594;"Rosemont Vieille Prune 5 ans";"750";5;2025;11;3;
"15051038";04000150510387;"Vignoble Jean-Luc Jamet Côte Rôtie Terrasses";"750";-1;2025;11;3;
"15402002";04000154020028;"Les Côtes Yves Cuilleron Cornas";"750";1;2025;11;3;
"15374646";09335363006187;"Alpha Crucis Old Vine Grenache";"750";6;2025;11;3;
"14906962";00181459000046;"Oushkabé Tourbé Vieux";"750";5;2025;11;3;
"14486443";08032727269684;"Ca' del Bosco Zéro Dosage Vintage Collecti. Franciacorta";"750";6;2025;11;3;
"15506995";04000155069958;"Corton Gr. Cru Les Bressandes Domaine Chandon de Briailles";"750";1;2025;11;3;
"14532833";06282503720072;"Ginius";"750";1;2025;11;3;
"10783491";03760003140178;"La Fage Cahors Cosse Maisonneuve";"750";3;2025;11;3;
"15198443";03770016115544;"Château Berliquet Grand Cru Classé Saint-Émilion Grand Cru";"750";5;2025;11;3;
"15526902";04000155269020;"Patrick Piuze Chablis Grand Cru Bougros";"750";2;2025;11;3;
"15057683";09120132123420;"Bründlmayer Zweigelt Niederösterreich";"750";1;2025;11;3;
"12513567";03760037260859;"Altitude Clos Bellane Côtes du Rhône rosé";"750";1;2025;11;3;
"14809505";03700188057243;"Château de la Dauphine Fronsac";"1500";2;2025;11;3;
"202465";00774336024657;"Notre Vin Maison blanc";"500";2160;2025;11;3;
"12134014";08053013360007;"Titolo Elena Fucci Aglianico del Vulture";"750";1;2025;11;3;
"15103977";03760094050158;"Meursault Les Narvaux Domaine Vincent Girardin";"750";1;2025;11;3;
"14672924";00628451418481;"Distillerie Cirka No2";"750";1;2025;11;3;
"15184308";00037600299718;"Les Griffons de Pichon Baron Pauillac Grand Cru Classé";"750";1;2025;11;3;
"13862427";00088352124797;"El Mayor Anejo El Mayor Anejo";"750";1;2025;11;3;
"15340796";08031481006139;"Querciabella Chianti Classico Riserva";"750";2;2025;11;3;
"15471083";03328155031005;"Château Latour à Pomerol";"750";15;2025;11;3;
"14963131";08436036370329;"Vina Los Valles Crianza Rioja";"750";2;2025;11;3;
"13932860";00056049135791;"Nicolas Laloux Sangria Blanche";"1000";168;2025;11;3;
"15330037";08014629022017;"Ornato Pio Cesare Barolo";"750";2;2025;11;3;
"13418078";05011026108026;"Tullamore D.E.W Triple Distilled";"750";8;2025;11;3;
"12773810";03760066835790;"Ronan de Clinet Bordeaux";"750";24;2025;11;3;
"14406503";08032636143433;"Promis Ca'marcanda Toscana i.g.t.";"750";8;2025;11;3;
"15459594";04000154595946;"Domaine Gilbert Picq et Fils Chablis Vauclaire";"1500";9;2025;11;3;
"15449548";04000154495482;"Domaine Olivier Pithon Côtes Catalanes Le Pilou";"750";1;2025;11;3;
"15251638";04000152516387;"Domaine Michel Bouzereau Meursault Les Grands Charrons";"750";4;2025;11;3;
"13522422";07804637930005;"Waqar Ciel Du Désert Pisco";"700";1;2025;11;3;
"15198638";04000152930459;"Canon La Gaffelière St-Émilion Grand Cru Classé";"750";2;2025;11;3;
"15454911";03328155031081;"Château Montrose Saint-Estèphe Grand cru classé";"750";1;2025;11;3;
"13235722";03507160000026;"Domaine Ragot Givry 1er Cru La Grande Berge";"750";-1;2025;11;3;
"15511938";00620213015297;"Bacardi Superior";"1140";2095;2025;11;3;
"14824211";00628176166070;"Isabelle crème à la menthe";"750";15;2025;11;3;
"15372114";00065912000944;"Mott's Clamato Caesar Lime";"458";3000;2025;11;3;
"14094925";03245371802038;"Pierre Chainier Les Calcaires Val de Loire";"750";3015;2025;11;3;
"2881";03040072510509;"Patriarche Pisse-Dru Beaujolais";"750";2178;2025;11;3;
"14043474";03151850002694;"J. Moreau & Fils Chablis Réserve De Montaigu";"750";1781;2025;11;3;
"443721";05281004011185;"Ch. Ksara Réserve du Couvent Vallée de la Bekaa";"750";920;2025;11;3;
"884270";08005829383206;"Bottega Petalo Vino Dell'Amore";"750";1403;2025;11;3;
"14947385";00852396998894;"Humble Banane Distillerie du Quai";"750";50;2025;11;3;
"10516369";03760040922430;"Domaine Haute Févrie Clos de la Févrie";"750";540;2025;11;3;
"13692481";08054314340187;"Ambo Grigio Friuli";"750";3353;2025;11;3;
"11975233";03760034420829;"Mas des Tourelles";"750";8006;2025;11;3;
"15400664";08801100128937;"Good Day Ananas Soju";"360";957;2025;11;3;
"15472756";00080432002476;"Jameson Limonade au Whiskey 4 x 355 ml";"355";1792;2025;11;3;
"444273";00774336442734;"Jouvenceau Cuvée Héritage blanc";"4000";4942;2025;11;3;
"12950433";08032610361235;"Brigaldara Amarone della Valpolicella Classico";"750";28;2025;11;3;
"15411494";00628110985507;"Menaud Gin";"750";213;2025;11;3;
"15563359";03760193190182;"Domaine Sébastien Brunet Méthode Traditionnelle Brut";"750";175;2025;11;3;
"15148905";00065912002177;"Mott's Clamato Caesar Saveurs Assorties (12 x 341 ml)";"341";4574;2025;11;3;
"15263233";08032880622005;"Salcheto Obvius";"750";32;2025;11;3;
"15265061";09421003771079;"Rapaura Springs Reserve Pinot Noir";"750";110;2025;11;3;
"11093126";06009607661083;"Ken Forrester Chenin Reserve Stellenbosch";"750";483;2025;11;3;
"13142841";00811538017992;"Jose Cuervo Especial Silver";"375";62;2025;11;3;
"13693791";05200107815919;"Domaine Messenicolas Moi Je m'en Fous! Malagousia";"750";1074;2025;11;3;
"15528764";08411971008445;"Mulkoa Garnacha";"750";1054;2025;11;3;
"12397130";05998815750140;"Hungaria Grande Cuvée Rosé";"750";1137;2025;11;3;
"1867";00010391100753;"Drambuie liqueur d'herbe";"750";148;2025;11;3;
"964601";00632987111112;"Santa Margherita Valdadige";"750";7810;2025;11;3;
"12719784";00088004400163;"Fireball";"1140";2060;2025;11;3;
"290296";03536650591003;"Guigal Côtes du Rhône Blanc";"750";843;2025;11;3;
"888578";03760066210030;"Château La Raz Caman Côtes de Blaye";"750";675;2025;11;3;
"13530342";00827924112059;"La Mansarde Réserve Le Mas des Patriotes";"750";6;2025;11;3;
"14646881";00628176166032;"Crème de Menthe Arthur";"750";206;2025;11;3;
"521963";00852935001269;"Chopin vodka";"750";30;2025;11;3;
"15210617";04840472020542;"Ed Knows Chardonnay";"750";485;2025;11;3;
"10669883";07793440700502;"Nieto Senetiner Malbec Mendoza";"750";879;2025;11;3;
"14182407";00627843837220;"Miele Amaretto";"750";308;2025;11;3;
"15545978";03760131800814;"Château Serilhan Saint-Estèphe";"750";287;2025;11;3;
"302380";08004305000781;"Mezzacorona Pinot Grigio Delle Venezie";"750";3129;2025;11;3;
"12820364";00082000775874;"Crown Royal Northern Harvest Rye";"750";175;2025;11;3;
"15498497";07640175680428;"St-Germain";"375";234;2025;11;3;
"11184933";07791728023107;"Fuzion Shiraz / Malbec Mendoza";"375";1040;2025;11;3;
"12276400";05010504100514;"Cutty Sark Prohibition Edition blended scotch whisky";"750";185;2025;11;3;
"13184224";00895958000802;"J-C Chanudet La Cuvée  du Chat Beaujolais";"750";224;2025;11;3;
"105742";00069321004562;"Appleton Estate 12 Ans Rare";"750";93;2025;11;3;
"15458428";08436610931410;"Beau Bonhomme Blanco Rueda";"750";4166;2025;11;3;
"10269450";08004645303405;"Il Sestante Tommasi Valpolicella Ripasso D.O.C.";"750";1141;2025;11;3;
"10520819";04000105208192;"Goisot Exogyra Virgula Saint-Bris";"750";299;2025;11;3;
"319905";06004701200022;"J.M. Fonseca Albis Peninsula de Setubal";"750";2953;2025;11;3;
"9118";04003310011700;"Henkell Trocken Piccolo";"200";7587;2025;11;3;
"268714";00088004400545;"De Kuyper Peachtree Schnapps";"750";1244;2025;11;3;
"484139";03359880123314;"Domaine Tariquet Sauvignon Blanc Côtes de Gascogne";"750";1305;2025;11;3;
"14909119";00056049138037;"Cliff 79 Chardonnay";"250";1692;2025;11;3;
"13540698";00620654010011;"Inniskillin Niagara Estate Unoaked Chardonnay Ontario";"750";786;2025;11;3;
"103861";00008005493001;"Citra Montepulciano d'Abruzzo";"1000";6628;2025;11;3;
"11140674";05450013151100;"Bernard-Massard l'Écusson Rosé";"750";814;2025;11;3;
"561316";03359880700058;"Domaine du Tariquet Côté Côtes de Gascogne";"750";88;2025;11;3;
"642652";00659264115434;"Donnadieu Saint-Chinian Bagatelle";"750";553;2025;11;3;
"11314970";03391180019393;"M. Chapoutier Côtes du Roussillon Villages Bila-Haut";"750";1589;2025;11;3;
"15455438";00883043003166;"Black Fly Cocktail Caisse Mixte  8 X 355ml";"355";1021;2025;11;3;
"11259296";00063829999207;"Intermiel Médiéval Réserve";"750";244;2025;11;3;
"918821";00631471000031;"Famille Perrin Côtes du Rhône Signature";"750";299;2025;11;3;
"22889";03552510012006;"La Gardine Châteauneuf-du-Pape";"750";131;2025;11;3;
"14228250";00890590000333;"Stadaconé Noir";"750";97;2025;11;3;
"14955609";08412423120814;"Bodegas Borsao Viña Borgia Ga rnacha";"750";565;2025;11;3;
"705483";03372220000014;"Château Montus Madiran";"750";233;2025;11;3;
"898809";08420455122201;"Bodegas Campillo Rioja Reserva";"750";1038;2025;11;3;
"11873667";03399732010768;"La Rose Pauillac";"750";36;2025;11;3;
"15115071";03260923012000;"Pol Roger Brut";"750";116;2025;11;3;
"15235419";03211200273584;"Le Temps des Amis Rouge Gourmand";"750";532;2025;11;3;
"15311039";00082000789567;"Crown Royal Blackberry";"750";294;2025;11;3;
"15455657";00080480988760;"Bacardi Tourbillon d'Orange Tropical 6 x 355 ml";"355";1740;2025;11;3;
"13144492";05010327717029;"Hendrick's";"375";24;2025;11;3;
"10371761";05601835902351;"Quinta do Infantado Douro";"750";99;2025;11;3;
"3467";00622153631025;"Johnnie Walker Red Label Blended Scotch";"375";1984;2025;11;3;
"31112";05010327000060;"Grant's Triple Wood Blended Scotch Whisky";"750";587;2025;11;3;
"15165617";00628504256312;"Noroi Liqueur d'herbes";"750";4;2025;11;3;
"15388511";03701523800128;"J-F Jacouton Hermitage";"750";5;2025;11;3;
"13987887";03770001048284;"Château Le Vieux Fort Médoc";"750";16;2025;11;3;
"12699197";08411971540112;"Rioja Vega";"750";1201;2025;11;3;
"239277";00022851204017;"Montecillo Gran Reserva Rioja";"750";162;2025;11;3;
"15444771";04000154447719;"Antinori Pian delle Vigne Brunello di Montalcino";"750";31;2025;11;3;
"15144322";03193663003109;"Maison Galuval Côtes du Rhône Villages Le Plan";"750";28;2025;11;3;
"14183371";00628110144515;"Lagabière Blanche de Saint-Jean";"473";174;2025;11;3;
"14725029";03760222530231;"Fabien Jouves NDD - Nectar des Dieux";"1000";203;2025;11;3;
"42101";03300370190033;"Riesling Hugel Alsace";"750";365;2025;11;3;
"599944";05601034105508;"Offley Baron de Forrester Colheita";"750";21;2025;11;3;
"13256700";07790762052838;"La Mascota Cabernet Franc Mendoza";"750";264;2025;11;3;
"14899977";07791728241952;"El Zorrito Santa Julia";"750";260;2025;11;3;
"13540719";00620654022014;"Inniskillin Late Autumn Riesli Niagara Peninsula";"750";126;2025;11;3;
"15238441";08396511900017;"Les Errances, Tohu Bohu";"750";12;2025;11;3;
"15070440";03258690043976;"Château Le Boscq St-Estèphe";"750";27;2025;11;3;
"14206106";08032727269318;"Ca' del Bosco Corte del Lupo Curtefranca";"750";38;2025;11;3;
"14041225";08009219010284;"Colterenzio Pinot Nero Alto Adige";"750";4;2025;11;3;
"15240138";05060638171157;"Lindores Friar John Cor Cask Strength Lowlands Single Malt";"700";1;2025;11;3;
"12591944";08410591004592;"Cune Gran Reserva CVNE";"750";457;2025;11;3;
"15149191";00695555000744;"Benjamin Bridge Piquette";"250";14;2025;11;3;
"15513714";03662782101800;"Tempo d'Angélus Bordeaux";"750";56;2025;11;3;
"565606";00774167656065;"Nobella de Espana blanc";"20000";31;2025;11;3;
"12517832";03760103990031;"Rémi Pouizin Côtes du Rhône Villages Native Visan";"750";435;2025;11;3;
"83329";00057496083321;"Charles Meunier Brutus";"750";20;2025;11;3;
"14071934";03760222530125;"Fabien Jouves Cahors Haute Côt de Fruit";"750";259;2025;11;3;
"14989809";00628011228345;"Cherry River Café";"750";241;2025;11;3;
"522763";08019171000070;"Tedeschi Amarone della Valpolicella";"750";221;2025;11;3;
"14955932";03508032015612;"Domaine Michel Juillot Mercurey Blanc";"750";13;2025;11;3;
"15525053";03018333016619;"Piper-Heidsieck Cuvée Brut";"750";14;2025;11;3;
"10381661";00814258000022;"Monna & filles Crème de Cassis";"375";201;2025;11;3;
"15483906";06286784310373;"Dist. Appalaches Kepler Odysée";"700";93;2025;11;3;
"15119178";00628176744155;"Corsaire Gros Gin du Pirate de l'Est";"750";117;2025;11;3;
"12717341";08007615001165;"Rosso del Camul";"1500";25;2025;11;3;
"10349071";08000330012317;"Amaro Montenegro liqueur amère";"750";132;2025;11;3;
"11949158";08017193000900;"Pan Montepulciano d'Abruzzo";"750";55;2025;11;3;
"15296473";05200116150018;"Troupis Hoof & Lur Moschofiler Arcadia";"750";39;2025;11;3;
"15148534";00854745000821;"Chic Choc Storm Rhum Épicé Soda Gingembre (4 x 355 ml)";"355";100;2025;11;3;
"15478251";08031301790026;"Monte Tondo Soave Classico";"750";5;2025;11;3;
"15240541";07804407005704;"MontGras Sauvignon Blanc";"750";314;2025;11;3;
"12592832";08025205000350;"San Fabiano Calcinaia Casa Boschino";"750";266;2025;11;3;
"13860270";08007425162162;"Frescobaldi Tenuta Perano Chianti Classico";"750";548;2025;11;3;
"15109578";00776545996183;"Five Vineyards Chardonnay Péninsule du Niagara";"750";140;2025;11;3;
"15229043";00818276003737;"Coffret Liano Cadeau";"1500";5;2025;11;3;
"14682647";00628110585059;"St-Roc Fondation Distillerie de Québec";"750";8;2025;11;3;
"13409702";00634955000039;"Lucano 1894 Amaro Liqueur";"750";36;2025;11;3;
"14574937";03341210034223;"La Chapelle de Lafon-Rochet Saint-Estèphe";"750";17;2025;11;3;
"15478197";09421003130937;"Tohu Whenua Matua Single Vineyard Chardonnay";"750";25;2025;11;3;
"14954227";08011510026291;"Corte Camari Grillo Sicilia";"750";2;2025;11;3;
"13666362";00628451469100;"Madison Park Pink";"500";46;2025;11;3;
"15125560";03568211218227;"Domaine Marcel Deiss Ribeauvillé";"750";4;2025;11;3;
"15498500";00810155700072;"Ilegal Mezcal  Joven";"750";34;2025;11;3;
"15181879";03535928078765;"Louis Jadot Santenay Clos de Malte";"750";27;2025;11;3;
"13835672";08014629202211;"Pio Cesare Alter Langhe";"750";89;2025;11;3;
"14399411";05603488000064;"Casa de Santar Reserva Dão";"750";41;2025;11;3;
"15196122";00627987734577;"Fou Bloom";"750";44;2025;11;3;
"15338590";00627987041255;"Franklin Origine 02 Whisky- Café";"500";23;2025;11;3;
"14641255";00627843593737;"Cortellino Piccolo Grigio";"750";2;2025;11;3;
"13032845";03546099102210;"Domaine Bott-Geyl Paul-Édouard Crémant d'Alsace";"750";3;2025;11;3;
"12453955";03443208000811;"Terres Secrètes Mâcon La Roche -Vineuse";"750";246;2025;11;3;
"15106166";06282501013176;"Canopée Hooké Édition Spéciale";"750";147;2025;11;3;
"15067208";00627987731583;"Acolytes Rhum Épicé";"750";27;2025;11;3;
"15046466";00852396001129;"Distillerie du Quai Mégamousse Agent Moussant";"100";9;2025;11;3;
"15455905";04000154559054;"Château Pontet-Canet Pauillac Grand cru classé";"750";79;2025;11;3;
"15070407";00649185027756;"Château d'Agassac Haut-Médoc";"750";17;2025;11;3;
"13314421";08028262000943;"Grillo Shamaris Cusumano Sicilia";"750";55;2025;11;3;
"10281184";09416504004627;"Chardonnay Kumeu River Estate";"750";9;2025;11;3;
"15395914";00080480984243;"Cazadores Anejo Cristalino";"750";11;2025;11;3;
"15298364";00873674000023;"Miele Sour Limonade à l'Amare tto 5 Agrumes (4 x 355 ml)";"355";223;2025;11;3;
"10692872";00715126000161;"Syrah Montes Alpha valle de Colchagua";"750";-1;2025;11;3;
"14337798";00766238803317;"Alvear 3 Miradas Vino de Pueblo Montilla-Morilles";"750";45;2025;11;3;
"14955625";03485974230016;"Domaine Albert Mann Pinot Blanc Auxerrois";"750";5;2025;11;3;
"15554823";07312040553266;"Absolut Glimmer";"700";59;2025;11;3;
"12377876";08412075080108;"Monaster. de Las Viñas Crianza";"1500";36;2025;11;3;
"13496279";00721733000951;"Patron Reposado";"375";22;2025;11;3;
"15333705";08003095002005;"Carpenè Malvolti Prosecco Rosé";"200";27;2025;11;3;
"15332446";09335361008015;"Brash Higgins McLaren  Valée Cabernet Franc-Sand";"750";4;2025;11;3;
"15057296";03700188059407;"Château Pape Clément Clémentin De Pape Clément Pessac-Léognan";"750";9;2025;11;3;
"15240867";03700541512228;"Château La Pointe Pomerol";"750";1;2025;11;3;
"15416789";08033140735022;"Ca' del Baio Barbaresco Asili";"750";13;2025;11;3;
"15314900";08052190301117;"Baricci Brunello di Montalcino Montosoli";"750";2;2025;11;3;
"15020653";08396514500085;"Domaine Rebourgeon-Mure Pommard Clos Micault";"750";1;2025;11;3;
"15486921";00012086003264;"Chassagne-Montrachet 1er cru Morgeot Marquis de Laguiche";"750";3;2025;11;3;
"12370658";00628011805423;"Domaine Guiberteau Saumur";"750";37;2025;11;3;
"13831891";06278434823456;"Sivo Liqueur de Rhubarbe";"500";26;2025;11;3;
"13694241";08032692480572;"Cantina Orsogna Nican Montepulciano d'Abruzzo";"750";43;2025;11;3;
"11374358";03760040000213;"Château Lamartine Castillon Côtes de Bordeaux";"750";541;2025;11;3;
"15372042";05998623530644;"Adelma Pinot Grigio blush";"750";47;2025;11;3;
"14809361";00057496012321;"Barista Avoine & Café";"750";95;2025;11;3;
"14960264";00628176654096;"Mate Libre Original Vodka (4X250ml)";"250";24;2025;11;3;
"14557248";08033011221319;"Passi di Orma Bolgheri";"750";34;2025;11;3;
"14777902";00895958002608;"Sextant Bourgogne Aligoté";"750";-40;2025;11;3;
"13737992";03269555142963;"Cognac Gautier VSOP";"750";29;2025;11;3;
"15027302";03595337503227;"Domaine Jean Fournier Marsannay Cuvée Saint-Urbain";"750";21;2025;11;3;
"15492466";00657582002092;"Jacquart Mosaïque Brut";"750";12;2025;11;3;
"15479042";03342834243176;"Domaine Chanson Savigny Hauts Marconnets 1er Cru";"750";1;2025;11;3;
"13266060";00736040014287;"Yiron Upper Galilee";"750";8;2025;11;3;
"14294476";03412253000176;"Domaine de la Ragotière Coeur de Schistes";"750";3;2025;11;3;
"15198558";03760290645875;"Domaine de Chevalier Cru Classé de Graves Pessac-Léogna";"750";2;2025;11;3;
"14444391";08057438341115;"Sommariva Prosecco Superiore Conegliano Valdobbiadene";"750";12;2025;11;3;
"13988775";07791728008845;"Familia Zuccardi Concreto Malbec Valle de Uco";"750";13;2025;11;3;
"15353423";03760121050007;"Laballe Résistance";"700";11;2025;11;3;
"15258389";00854448008001;"P. Richard Harmonie Crémant du Jura";"750";26;2025;11;3;
"13466176";08022589000037;"Chianti Classico Riserva Castello di Querceto";"750";5;2025;11;3;
"15333975";08021846152021;"San Lorenzo Castello di Ama Chianti-Classico GranSelezione";"750";6;2025;11;3;
"15199016";04000151990164;"Domaine A & P de Villaine Bouzeron";"750";7;2025;11;3;
"116798";00068586167982;"Bellini Moitié-Moitié Vermouth de Pomme";"1000";4873;2025;11;3;
"15495894";03760072792612;"Le Dauphin d'Olivier Pessac-Léognan";"750";8;2025;11;3;
"13993021";08436532093470;"Sinalcohol Win Sonrie Verdejo <0,5%";"750";1;2025;11;3;
"15388482";00088076189546;"Oban 10 ans Highlands Single Malt";"750";3;2025;11;3;
"15367913";03292060133478;"Laroche Chablis Premier Cru Côte de Léchet";"750";13;2025;11;3;
"15408560";00087113112943;"Bichot Crémant de Bourgogne Pure";"750";1;2025;11;3;
"14999652";03434040017013;"Domaine Weinbach Riesling Grand Cru Schlossberg";"750";2;2025;11;3;
"13313292";03700347533045;"Lalande de Château Tifayne";"750";13;2025;11;3;
"13841221";00873156002057;"Capraia Effe 55 Chianti Classico Gran Selezione";"750";14;2025;11;3;
"15091072";05601096020528;"Aveleda Solos de Xisto";"750";2;2025;11;3;
"15439489";03258690087055;"Château Canon Pécresse Canon Fronsac";"750";3;2025;11;3;
"12598644";03590700323112;"Ladoix Domaine Chevalier Père & Fils";"750";29;2025;11;3;
"15525539";00827924100070;"Au Vignoble d'Orford Pente- douce";"750";5;2025;11;3;
"15539025";00085000017739;"La Marca Prosecco";"750";15;2025;11;3;
"15518081";03700188070464;"Le Carillon de Rouget Pomerol";"750";13;2025;11;3;
"13710950";08032584220187;"Ampeleia";"750";1;2025;11;3;
"15175479";03700276524015;"Domaine Bruno Clair Marsannay";"750";3;2025;11;3;
"15559051";03760278780291;"La Parde Haut-Bailly Pessac-Léognan";"1500";1;2025;11;3;
"10516473";03760120604003;"Petit Chablis Baudouin Millet";"750";7;2025;11;3;
"15332112";00632111659398;"The Bad na h-Achlaise Ruby Port Cask Finish";"700";6;2025;11;3;
"14306351";08056737216810;"Condé Sangiovese di Romagna Superiore";"750";9;2025;11;3;
"15484407";04000154844075;"Château Pesquié Ventoux Silica";"750";1;2025;11;3;
"15128832";05999567700759;"Kristinus Analog";"750";9;2025;11;3;
"15446970";00628176471631;"Massenez Tikibô Rhum à la Cerise";"750";7;2025;11;3;
"15515672";04000155156726;"E. Guigal Lieu-dit Saint-Joseph";"750";13;2025;11;3;
"13442916";09120012740181;"Pinot Gris Graupert Meinklang";"750";-1;2025;11;3;
"15128744";05200381100312;"Anatolikos Fine Mavroudi";"750";-1;2025;11;3;
"15149220";06282503720461;"Wabasso Mai Tai (4 x 355 ml)";"355";15;2025;11;3;
"12100308";03760078490079;"Vitteaut Alberti Crémant de Bourgogne Blanc de Blancs Brut";"750";28;2025;11;3;
"15175268";05000299622094;"Chivas Regal XV Blended Scotch Wisky";"750";4;2025;11;3;
"15455171";05026673000234;"Ben Nevis 10 ans Highlands Single Malt";"700";5;2025;11;3;
"15394701";03760134310020;"Daridan L'Intemporel Cheverny";"750";5;2025;11;3;
"15144381";03508031014357;"Mercurey Premier Cru Clos des Barraults Dom. Michel Juillot";"750";6;2025;11;3;
"15264113";08054317020451;"Terraquilia SanRosé Zero";"750";2;2025;11;3;
"15521327";08033749750020;"Azienda Agricola COS Frappato";"750";8;2025;11;3;
"15551112";00990312612520;"Seigneurie de Liret Fraîcheur du Fleuve";"750";0;2025;11;3;
"15411953";08005557349055;"Dievole Vigna Sessina Chianti Classico Gran Selezion";"750";5;2025;11;3;
"14805512";05060638170082;"Lindores Lowlands Single Malt";"700";-2;2025;11;3;
"15243216";00627987126204;"Cartier-Potelle Gamay-Gamaret";"750";17;2025;11;3;
"15511170";05060916320178;"InchDairnie KinGlassie Double Matured Single Malt";"700";1;2025;11;3;
"12778400";08058956835063;"Fattori Pinot Grigio Valparadiso";"750";4;2025;11;3;
"15084008";07503007603128;"El Mexicano Reposado";"750";1;2025;11;3;
"11634691";03760215990011;"Mâcon Verzé Nicolas Maillet";"750";7;2025;11;3;
"15501254";03361128170028;"Rolet Crémant du Jura Brut";"750";3;2025;11;3;
"15217392";00749355298570;"Château de Cartes Boisé";"750";5;2025;11;3;
"15057448";03760174760403;"La Closerie de Fourtet Saint- Émilion Grand Cru";"750";3;2025;11;3;
"15532456";00608057001324;"Las Pizarras Valle del Aconcagua";"750";8;2025;11;3;
"10311662";00728817199600;"Gekkeikan Sake Black & Gold";"750";72;2025;11;3;
"15317617";00098709086807;"Pico Maccario Lavignone Barbera d'Asti";"750";9;2025;11;3;
"14957663";03760062472951;"Meyer-Fonné  Kaefferkopf Grand Cru Pinot Gris";"750";1;2025;11;3;
"15234192";03506707070010;"Artisans Vignerons No. 4 Vin Orange";"750";1;2025;11;3;
"15063101";00056049138440;"M. Ladore Cabernet Sauvignon Vin Rouge";"750";60;2025;11;3;
"15369687";00628942566509;"Amazura Rhum arrangé - Tradition";"750";13;2025;11;3;
"15027337";04000150273374;"Domaine de Terrebrune Bandol";"750";-1;2025;11;3;
"13670118";03510992007514;"Château de Pibarnon Bandol Rosé";"750";2;2025;11;3;
"12632486";00056049133537;"Red Revolution Vin Rouge";"4000";521;2025;11;3;
"14887693";09007500181599;"Domaine Wachau Müller Thurgau Extreme";"750";1;2025;11;3;
"15459703";04000154597032;"Domaine Pattes Loups Chablis Premier Cru Butteaux";"750";5;2025;11;3;
"15355605";04000153556054;"Jacqueson Aligoté";"750";3;2025;11;3;
"15485856";03760170011639;"Lavau Vacqueyras";"750";2;2025;11;3;
"15443736";08001935001133;"La Braccesca Vino Nobile di Montepulciano";"750";11;2025;11;3;
"15484191";03770005053116;"Bellevoye Triple Malt Finition Sauternes";"700";4;2025;11;3;
"14408189";03028130077522;"Loudenne Les Jardins Bordeaux";"750";21;2025;11;3;
"15466655";04000154666554;"Saint Cosme Saint Joseph";"750";2;2025;11;3;
"15266303";08437015853109;"Celler de les Aus Puput Pét- Nat";"750";2;2025;11;3;
"13460647";08004012000203;"Borgo Scopeto Chianti Classico";"750";9;2025;11;3;
"15497996";00990312469506;"P. Chatillon La Grande Chaude";"750";2;2025;11;3;
"15489751";03760203570669;"Domaine Agnès Paquet Bourgogne Hautes Côtes de Beaune";"750";4;2025;11;3;
"13285640";00057496008492;"Smoky Bay Sauvignon Blanc";"1000";2692;2025;11;3;
"13632349";08437004333520;"Azul y Garanza Cabirol Montsant";"750";12;2025;11;3;
"11814368";05200363504169;"Terre et Ciel Domaine Thymiopoulos Naoussa";"750";1;2025;11;3;
"13407854";05010494938333;"Ardbeg AN OA Islay Single Malt Scotch Whisky";"750";3;2025;11;3;
"15107599";03372220190227;"Château Bouscassé Les Jardins Philosophiques";"750";3;2025;11;3;
"15496379";04000154963790;"Domaine Jean-Michel Stephan Le Grand Blanc";"750";3;2025;11;3;
"15103619";00628504256039;"Noroi Jalisco Paloma (4 x 355 ml)";"355";4;2025;11;3;
"15160832";09421004550635;"Craggy Range Le Sol Gimblett Gravels";"750";1;2025;11;3;
"12258720";00835603005448;"Tozai Snow Maiden";"720";1;2025;11;3;
"12103630";08005829514013;"Bottega Limoncino Crema di Limoni di Sicilia";"500";7;2025;11;3;
"15373782";04000153737828;"Château de Nalys Châteauneuf- du-Pape";"1500";1;2025;11;3;
"15092403";03186128109539;"Devois des Agneaux D'Aumelas Cousu Main";"750";5;2025;11;3;
"15449521";04000154495215;"Domaine René Bouvier Gevrey- Chambertin";"750";2;2025;11;3;
"854679";05602660001691;"Cabral  tawny 40 ans";"750";2;2025;11;3;
"15384297";08032937270593;"Josetta Saffirio Barolo Castelletto Persiera";"750";3;2025;11;3;
"15038301";03760103820178;"Domaine Olivier Pithon MAC 2";"750";1;2025;11;3;
"15434151";00604947844255;"L'Austral Plein Nord";"750";1;2025;11;3;
"13518589";03469380013012;"Drappier Brut Nature Pinot Noir Zéro Dosage";"1500";1;2025;11;3;
"15273802";00895958004275;"Domaine du Possible Danse Encore";"750";1;2025;11;3;
"15373281";08008960641495;"Bolla Retro Valdadige";"375";1;2025;11;3;
"15247313";00057496002285;"Magnitude Chardonnay Vin Blanc";"1000";672;2025;11;3;
"15221957";08002550507819;"Albinea Canali Lambrusco";"750";3;2025;11;3;
"12571610";03760207692244;"Chenin Blanc Chateau de la Roulerie Anjou";"750";1;2025;11;3;
"15363955";04000153639559;"Domaine Vacheron Guigne-Chèvre Sancerre";"750";2;2025;11;3;
"14802055";03760126363775;"Château du Tertre Margaux Grand Cru Classé";"750";-1;2025;11;3;
"14718030";09421023960347;"Fromm Pinot Gris Marlborough";"750";4;2025;11;3;
"14206149";00048162010833;"Peller Estates Icewine (BHT) Vidal";"200";60;2025;11;3;
"15282098";04000152820989;"Vincent Couche Élégance";"750";5;2025;11;3;
"15101841";00895958004787;"Fonterenza Brunello di Montalcino";"750";1;2025;11;3;
"14422394";00813897020354;"Tullibardine 15 ans Highland Single Malt";"750";1;2025;11;3;
"13491312";08032771561376;"Punset Arneis Langhe";"750";1;2025;11;3;
"15305131";05060568326801;"GlenAllachie Meikle Toir Sherry One";"700";1;2025;11;3;
"14962163";05605829000955;"Quinta de Santa Teresa Avesso Vinho Verde";"750";1;2025;11;3;
"15054941";03760317072271;"Clos de l'Oratoire Grand Cru Classé Saint-Émilion Grand Cru";"750";3;2025;11;3;
"14170131";03760093142816;"Alain Mathias Chablis";"750";4;2025;11;3;
"15467412";03328150005629;"Château Magdelaine Saint-Emilion Grand Cru";"1500";2;2025;11;3;
"14719649";00057496012185;"Réserve Croix d'Or Pinot Noir Vin Rouge";"750";840;2025;11;3;
"14703786";00628176313009;"Beemer Vodka";"750";9;2025;11;3;
"14146326";00620213190109;"Bombay Sapphire (BHT)";"1000";84;2025;11;3;
"11094727";03760109382014;"Chablis Domaine Louis Moreau";"750";4;2025;11;3;
"14431995";03683080416267;"Les Équilibristes Hirsute Bergerac";"750";1;2025;11;3;
"15498260";03522191202317;"Gérard Millet Menetou-Salon";"750";3;2025;11;3;
"14170879";03700790300089;"Domaine Albert Boxler Sylvaner";"750";1;2025;11;3;
"14563453";00057496010495;"Keep Calm & Thrive Cab Sauvign Vin Rouge";"750";1021;2025;11;3;
"15255313";00628011805287;"Domaine Guiberteau Clos des Carmes Saumur";"750";1;2025;11;3;
"12723046";03558503001002;"Château Eugénie Réserve de l'Aïeul";"750";72;2025;11;3;
"15444587";04000154445876;"Domaine Vacheron Sancerre Chambrates";"750";1;2025;11;3;
"12540119";00056049133230;"Nicolas Laloux Rosé Pamplemousse Boisson au Vin";"1000";336;2025;11;3;
"15096447";03760031474566;"La Colline aux Fossiles Chardonnay";"750";8;2025;11;3;
"15477573";03277038390794;"Château Tronquoy Lalande Saint-Estèphe";"750";5;2025;11;3;
"14798754";04000147987543;"Château Branas Grand Poujeaux Moulis-en-Médoc";"750";1;2025;11;3;
"15038706";03760091534651;"Savigny-les-Beaune Aux Fournaux Rapet Père et Fils";"750";-1;2025;11;3;
"11339149";03760350600493;"Armand de Brignac Gold Brut";"750";2;2025;11;3;
"15446881";03490960200119;"Pascal Jolivet Les Caillottes Sancerre";"750";2;2025;11;3;
"15586809";04000155868094;"Château Talbot Saint-Julien";"750";19;2025;11;3;
"15587300";03211200351381;"Château Ferrande Graves";"750";6;2025;11;3;
"14933961";03770002346020;"Domaine Mabillot Reuilly";"750";1;2025;11;3;
"15247751";05410769802145;"La Chouffe Faible en Alcool";"330";226;2025;11;3;
"743252";05601085900299;"Poças Coroa d'Ouro";"750";2082;2025;11;3;
"14077228";03760026100289;"Jean-Luc Colombo les Abeilles de Colombo Côtes-du-Rhône";"750";1800;2025;11;3;
"12347159";08410591003359;"Contino Reserva Rioja";"750";319;2025;11;3;
"15032259";08423110752607;"Parajes del Valle Macabeo Ecológico Manchuela";"750";1126;2025;11;3;
"15148358";00082000802396;"Captain Morgan Mai Tai Mangue (4 x 355 ml)";"355";10262;2025;11;3;
"110056";00835229000308;"Absolut";"750";4062;2025;11;3;
"153205";00057496153208;"Cuvée Saint-Pierre rouge";"4000";1592;2025;11;3;
"15396167";00082000806882;"Ron Carioca Premium";"750";3551;2025;11;3;
"14764415";08008003939312;"Barbi Brunello di Montalcino";"750";278;2025;11;3;
"14398961";00848819001135;"White Claw 6x355 Cerise Noire";"355";6277;2025;11;3;
"15328738";03760031474771;"Château St-Roch Corbarol";"750";991;2025;11;3;
"15321392";00057496004388;"Sortilège Rye";"750";1242;2025;11;3;
"11452";03442680030057;"Willm Riesling Réserve";"750";2417;2025;11;3;
"852129";03760086380027;"Château Puy-Landry Castillon Côtes de Bordeaux";"750";390;2025;11;3;
"12171801";00057496466667;"Bang Bang";"1140";242;2025;11;3;
"12990902";03500610106415;"S. de La Sablette Coteaux Varois en Provence";"750";969;2025;11;3;
"11153264";08026080001425;"René Bouvier Bourgogne";"750";518;2025;11;3;
"4655";03394210004123;"St-Raphaël doré apéritif";"750";2176;2025;11;3;
"508150";08716000966537;"Galliano Liqueur de Vanille";"500";987;2025;11;3;
"15460384";03760011500124;"Pascal Doquet Horizon Brut Blanc de blancs";"750";171;2025;11;3;
"928853";07804407000105;"Montgras Ninquen Colchagua";"750";501;2025;11;3;
"10938684";00818201022352;"Ornellaia Le Volte Toscana";"750";1281;2025;11;3;
"15383155";08030198005817;"Vietti Barolo Monvigliero";"750";3;2025;11;3;
"11886783";08410384003016;"Freixenet <0,05%";"750";1315;2025;11;3;
"14623137";00627987313307;"Dist. Grand Dérangement Saga";"750";13;2025;11;3;
"27102";00087113121808;"Albert Bichot Chablis";"375";275;2025;11;3;
"857599";08410351133005;"Glorioso Reserva";"750";456;2025;11;3;
"11629891";03760075212087;"Châ. Puech-Haut Argali Pays d' Oc";"750";186;2025;11;3;
"13566804";06278434823388;"Sivo Le Rye";"750";15;2025;11;3;
"10803114";00021893795088;"Voga Pinot Grigio Delle Venezi";"750";5018;2025;11;3;
"15204073";00082000800521;"Smirnoff Framboise";"375";1726;2025;11;3;
"14202543";03277762209171;"Devaux Coeur des Bar Blanc de Noirs Brut Champagne";"750";605;2025;11;3;
"15082344";00012086312618;"Joseph Drouhin Les Crays Les Crays";"750";1041;2025;11;3;
"14346424";00083729009776;"Le Temps des Amis Côte de Gascogne";"750";1447;2025;11;3;
"15210684";08005228079311;"Le Masserie";"750";640;2025;11;3;
"919324";03365584017514;"Châtelet de Gaudou Tradition Cahors";"750";1894;2025;11;3;
"430462";08008863004083;"Bottero Di Cello Bianco";"1000";11144;2025;11;3;
"15288300";03379930000815;"Réserve Mont-Redon Côtes du Rhône";"750";539;2025;11;3;
"15381926";00850057925401;"Happy Dad Hard Seltzer Caisse Assortie (12X355 ml)";"355";3015;2025;11;3;
"15455526";00873674000078;"Miele Super Sour 4 x 355 ml";"355";635;2025;11;3;
"597567";03251092610609;"Marquis de Chasse Bordeaux";"250";1257;2025;11;3;
"727198";00635335205020;"Hermanos Lurton La Perdiz Rueda";"750";95;2025;11;3;
"942847";03265120004766;"Poire Williams Massenez Poire Prisonnière eau-de-vie";"500";41;2025;11;3;
"13637959";08026027704280;"Monchiero Carbone Langhe Nebbiolo 'Regret'";"750";22;2025;11;3;
"15210609";08436559523721;"The Butler";"750";1006;2025;11;3;
"15271049";00628110292216;"Domaine Labranche Orange Signature";"750";7;2025;11;3;
"15510935";06281101540570;"Sakusei Junmai Ginjo";"500";85;2025;11;3;
"15167137";00631470008434;"Famille Perrin Côtes du Rhône Réserve";"750";1857;2025;11;3;
"15537994";03760111816156;"Château Barde-Haut Saint-Emilion Grand Cru";"750";269;2025;11;3;
"15494429";05060708470142;"Brockmans";"700";632;2025;11;3;
"12560620";08410106022509;"Bordon Rioja Reserva";"750";976;2025;11;3;
"10677550";00658936101010;"Château Clarke Listrac-Médoc";"750";337;2025;11;3;
"11133239";05601815421216;"Animus Douro";"750";3487;2025;11;3;
"12365541";08437005068711;"El Petit Bonhomme Jumilla Rg";"750";368;2025;11;3;
"12888043";08410439036051;"Parés Baltà Pink Cava";"750";1237;2025;11;3;
"15565696";00065912002801;"Mott's Clamato Caesar Original";"458";1517;2025;11;3;
"12699040";03148592010322;"Les Petits Carreaux Chardonnay Viognier";"750";1345;2025;11;3;
"276683";00633966000014;"Château Cap de Merle Lussac-Saint-Émilion";"750";800;2025;11;3;
"14758728";00852396023237;"Humble Curaçao Distillerie du Quai";"750";31;2025;11;3;
"15141279";08410702001038;"Los Molinos Valdepenas";"750";1683;2025;11;3;
"15473003";00850176001840;"Yuri Masamune Beautiful Lilly One Cup";"200";56;2025;11;3;
"11787347";03114080414668;"Louis Roederer Collection";"375";38;2025;11;3;
"15478963";03281769400028;"Domaine des Fines Caillottes Pouilly-Fumé";"375";78;2025;11;3;
"11686503";03345120000040;"Domaine Houchart Famille Quiot Côtes de Provence";"750";31;2025;11;3;
"13058666";03766695145415;"Château Cambon";"1500";7;2025;11;3;
"14198370";09339348005028;"Delinquente Screaming Betty Riverland";"750";78;2025;11;3;
"15541168";00796554118611;"La Capsule Temporelle Camerise";"750";7;2025;11;3;
"15352228";00628942391446;"Vignoble l'Arpège Hilltop";"750";11;2025;11;3;
"13385288";08003015708680;"Carpineto Rosso di Montalcino";"750";179;2025;11;3;
"15262610";05602720012193;"Fundacao Eugénio de Almeida Cartuxa EA Alentajano";"750";429;2025;11;3;
"11326807";09300727442147;"Jacob's Creek Shiraz Cabernet";"1500";385;2025;11;3;
"10757154";04901777035614;"Midori boisson au melon";"750";311;2025;11;3;
"10443091";08033040490328;"Marion Cabernet-Sauvignon Veneto i.g.t.";"750";35;2025;11;3;
"13916835";03760078971295;"Do. Besson Chablis Premier Cru Vaillons";"750";58;2025;11;3;
"13672308";03760193190045;"Domaine Sébastien Brunet Vouvray Arpent";"750";36;2025;11;3;
"15296748";08436610930291;"Bonhomme Zero +";"750";690;2025;11;3;
"15458233";03558640005109;"Domaine Durand Saint-Péray";"750";35;2025;11;3;
"13087571";07804320043227;"Frontera Chardonnay";"750";1968;2025;11;3;
"15181465";00069321004517;"Forty Creek Double Barrel";"750";59;2025;11;3;
"15176691";00818276003584;"Umberto Cesari Liano Prosecco";"750";2138;2025;11;3;
"13947068";03760113370182;"Château Fuissé Bourgogne";"750";77;2025;11;3;
"10784144";05060044480638;"The Arran Malt 10 ans Single Malt";"700";36;2025;11;3;
"13612639";00609780007010;"Michel Jodoin Nos Pommes Sont Tombées Dans Le Vermouth";"700";22;2025;11;3;
"15446822";00890590000821;"Piñata - Boisson alcoolique sa veur de bonbon au pamplemousse";"750";198;2025;11;3;
"14810602";00628176471167;"Rosemont Ananas";"750";118;2025;11;3;
"15291349";04904070067351;"Sakari No.13 Junmai Ginjo";"720";84;2025;11;3;
"15199278";00836864002375;"Rayo de Luna Torrontés Chardonnay";"750";136;2025;11;3;
"15182901";08052080300008;"Poggiosecco Anora Chianti Riserva";"750";62;2025;11;3;
"10856726";08032817171255;"Enzo Boglietti Dolcetto d'Alba";"750";44;2025;11;3;
"15515752";04000155157525;"Guigal Hermitage Rouge";"750";3;2025;11;3;
"14954171";08003503018833;"Montresor Satinato Soave Biologico";"750";507;2025;11;3;
"14981575";00627987831092;"Les Éléments 1";"750";45;2025;11;3;
"11331681";08007443000156;"Pojega Guerrieri Rizzardi Ripasso Valpolicella";"750";586;2025;11;3;
"15210449";00057496000748;"Sandstone Creek Colombard Chardonnay";"750";232;2025;11;3;
"919316";03760135980017;"Château Gaillard Saint-Émilion Grand Cru";"750";49;2025;11;3;
"15362995";03770010616313;"Vignoble des 3 Terres Mann Crémant d'Alsace Brut";"750";6;2025;11;3;
"966598";03359880500054;"Domaine du Tariquet Floc de Gascogne";"750";7;2025;11;3;
"15558699";00628190009315;"Second Cup  Café";"750";50;2025;11;3;
"15269483";08429077541162;"Bodegas Arzuaga Navarro Ladera del Norte Ribera del Duero";"750";1;2025;11;3;
"15544174";05604575006204;"Cabriz Organic Dão";"750";67;2025;11;3;
"11387301";08056039310704;"Serralunga Principiano Ferdinando Barolo";"750";122;2025;11;3;
"15256682";00850817000805;"Juliette et Chocolat - Brownies & Smores";"750";43;2025;11;3;
"14994931";03267680078379;"Au Pied du Mont Chauve Hautes-Côtes de Beaune";"750";9;2025;11;3;
"13902388";05949080000942;"Legend Of Dracula Feteasca Neagra";"750";64;2025;11;3;
"15362477";08011510027762;"Tutto è Possibile";"750";69;2025;11;3;
"14872483";00895759002012;"Dom. Nathalie et Gilles Fèvre Chablis";"750";39;2025;11;3;
"13919041";03700293030438;"Brochet Réserve Val De Loire";"750";228;2025;11;3;
"15317828";08022589000044;"Castello Di Querceto Chianti Classico";"750";182;2025;11;3;
"14752019";00831256000106;"Domaine Alexandre Bain La Levée";"750";1;2025;11;3;
"509695";03185370768990;"Moët & Chandon Nectar Impérial Demi-Dec";"750";16;2025;11;3;
"11180351";08429073024010;"Alvaro Palacios Camins Priorat";"750";23;2025;11;3;
"15407153";03770020557248;"Clos du Gravillas Rendez Vous Sur la Lune Minervois";"750";5;2025;11;3;
"14737855";00628347710002;"Straight";"750";31;2025;11;3;
"15339701";00057496005507;"Catavento Lisboa Vin Blanc";"750";1020;2025;11;3;
"12885002";00792059001953;"Pouilly Fumé Domaine des Mariniers";"750";254;2025;11;3;
"15514776";00101201900639;"Petite Saison";"500";84;2025;11;3;
"15508106";03760124911213;"Domaine Michel Sarrazin Givry Premier Cru Bois Chevaux";"750";31;2025;11;3;
"15515234";03296363024105;"R de Rieussec Bordeaux";"750";6;2025;11;3;
"15340737";08055681512092;"Trediberri Barolo Berri";"750";12;2025;11;3;
"15144285";03760229570148;"Château Pégau Cuvée Sétier Côtes du Rhône";"750";36;2025;11;3;
"14789639";00895958002660;"Bruno Duchêne La Luna";"750";12;2025;11;3;
"13918451";08437008409740;"Raul Perez La Clave";"750";0;2025;11;3;
"15483931";00628678881013;"Entre Pierre et Terre Cidre Fermier";"750";17;2025;11;3;
"869800";03760002915128;"Mercurey premier cru Les Puillets Philippe-le-Hardi";"750";38;2025;11;3;
"13385827";00628242480772;"Domaine Lafrance Dandy Gin";"750";3;2025;11;3;
"13112431";00087752016022;"Tabor Winery Adama Cabernet Sauvignon";"750";14;2025;11;3;
"14590371";00827924089016;"Vignoble côte des limousins Limousin Rouge";"750";68;2025;11;3;
"15382726";03479210017875;"Château Grand Jean Bordeaux Supérieur";"1500";11;2025;11;3;
"12794311";03265120059506;"Calvados G.E. Massenez";"700";19;2025;11;3;
"15526110";03760023693685;"Baron de Brane Margaux";"750";28;2025;11;3;
"12389578";00630637224359;"Byrrh Grand Quinquina";"750";9;2025;11;3;
"15486200";00628110292377;"Labranche Mousseux Riesling";"750";8;2025;11;3;
"15515859";04000155158591;"Marchesi Antinori Tignanello";"750";73;2025;11;3;
"14346740";08437004254023;"Bodega Aranléon Solo Tinto Utiel-Requena";"750";3;2025;11;3;
"15345992";00664732012245;"La Société Secrète Eau de Sève";"500";6;2025;11;3;
"14470572";05606486115808;"Curtimenta Alvarinho Anselmo Mendes";"750";11;2025;11;3;
"14675990";00628011553102;"Comont Gin";"750";24;2025;11;3;
"11449786";03485975222010;"Riesling Cuvée Albert Domaine Albert Mann Alsace";"750";9;2025;11;3;
"15444755";03490960200409;"Pascal Jolivet Pouilly-Fumé Blanc Fumé";"750";9;2025;11;3;
"15302301";08029358005132;"Ratti Colombè Dolcetto Langhe";"750";88;2025;11;3;
"15020944";00831312000910;"Kéké Descombes Beaujolais Villages";"750";21;2025;11;3;
"14209825";00854944000776;"Sperling Amber Pinot Gris Vallée de l'Okanagan";"750";2;2025;11;3;
"14140848";03584870000041;"Champagne Geoffroy Empreinte Cumières Premier Cru Extra Bru";"750";20;2025;11;3;
"15156227";03770019363003;"Sandrine Henriot Morgon Les Charmes";"750";11;2025;11;3;
"11092422";05029704217465;"Bunnahabhain 12 ans Islay Single malt";"750";26;2025;11;3;
"15486584";03760156171081;"Le Trale Saint-Esthèphe";"750";8;2025;11;3;
"15141041";00876976006717;"Lacroix Lot 300 Fruit Passion";"473";3;2025;11;3;
"15364106";04000153641064;"Domaine Vacheron Chambrates Sancerre";"750";1;2025;11;3;
"13280646";08410591305040;"Monopole Clasico Rioja";"750";23;2025;11;3;
"14545132";00627987103656;"Opémiska";"750";98;2025;11;3;
"14867334";08411580036518;"Propiedad Palacios Remondo Rioja";"750";4;2025;11;3;
"14510159";00776545600608;"Fern Walk Péninsule du Niagara";"750";4;2025;11;3;
"14555681";08014629102511;"Pio Cesare Gavi";"750";21;2025;11;3;
"15484132";08410162150062;"Harveys The Bristol Cream Solera Sherry";"750";23;2025;11;3;
"15442354";09338499004676;"Praxis Sauvignon Blanc";"750";1;2025;11;3;
"14559286";00057496010716;"Smoky Bay Cabernet-Merlot Vin Rouge";"4000";2132;2025;11;3;
"15254943";08032532580370;"Tenuta La Novella Sambrena Bianco";"750";14;2025;11;3;
"12662239";00057496624265;"City Dry Gin";"1140";27;2025;11;3;
"11833745";00827924072018;"La Halte des Pèlerins Blanc";"750";6;2025;11;3;
"14814371";03760135671137;"Emile Beyer Pinot Blanc Les Premices";"750";4;2025;11;3;
"11574464";00087752011331;"Segal's Merlot/Cab.Franc/Cab-S Segal's Galilée";"750";26;2025;11;3;
"13477625";09007500165865;"Domane Wachau Riesling Terrassen Federspiel";"750";2;2025;11;3;
"11728259";03049197860049;"Courvoisier Cognac X.O.";"750";8;2025;11;3;
"15192308";00632738100594;"Batasiolo Cerequio Barolo";"750";1;2025;11;3;
"15057368";04260199781265;"Weingut Schmitt Frei Korper Kultur";"1000";7;2025;11;3;
"15315144";08016048000485;"Castello di Bossi Chianti Classico Gran Selezione";"750";-1;2025;11;3;
"12445533";08023587197712;"Damilano Brunate Barolo";"750";5;2025;11;3;
"13106576";00056049134527;"Barzoli Blanc";"750";538;2025;11;3;
"14057770";03350781417106;"Mourat Rouquin de Jardin";"750";28;2025;11;3;
"15586761";04000155867615;"Château Coutet Barsac";"750";11;2025;11;3;
"15340745";08031481005729;"Querciabella Mongrana Bianco";"750";3;2025;11;3;
"15310079";03760135413430;"Château Le Conte La Fantaisie du Conte";"750";10;2025;11;3;
"15463331";08938531112010;"Rhum Sampan";"700";3;2025;11;3;
"15311602";00827924052249;"Coteau St-Paul Empyrus Cidre Aromatisé à la Poire";"750";12;2025;11;3;
"13601825";08420342001633;"Protos 27";"750";38;2025;11;3;
"14041735";00057496009222;"Keep Calm & Chill, Rosé";"750";168;2025;11;3;
"14317535";08021903291014;"San Polo Rubio Toscana";"750";3;2025;11;3;
"14938930";04000149389307;"Daniel Crochet Chêne Marchand Sancerre";"750";17;2025;11;3;
"15108604";08410439035535;"Parés Baltà Cava Rosa Cusiné";"750";4;2025;11;3;
"14827682";03412952007322;"Croix Canon Saint-Emilion Grand Cru";"750";9;2025;11;3;
"12263422";00827924072032;"La Halte des Pèlerins Rouge";"750";2;2025;11;3;
"12102354";03760002331393;"Forget Brimont Brut Rosé Premier Cru";"1500";6;2025;11;3;
"14810291";08005829986674;"Bottega Pink Gold Prosecco Brut";"750";4;2025;11;3;
"15253490";03760076430039;"Domaine de l'Epinay Muscadet Sèvre et Maine sur Lie";"750";9;2025;11;3;
"15460288";00080686017059;"Canadian Club,Invitation Series No. 2 18 ans";"750";12;2025;11;3;
"15463711";03700360023097;"Domaine Verget, Mâcon-Bussière Vignes de Montbrison";"750";1;2025;11;3;
"10754181";07804414000273;"Luis Felipe Edwards Shiraz Reserva Colchagua";"750";189;2025;11;3;
"15440287";00056049139232;"Svelte Vin Rosé";"750";1800;2025;11;3;
"14681265";07630040403665;"Martini Vibrante";"750";3;2025;11;3;
"11577366";08032986500290;"Vurria Nerello Mascalese Di Gi Sicilia I.G.T.";"750";26;2025;11;3;
"15237641";03547831311242;"Château de Chamilly Bourgogne Pinot Noir Côte Chalonnaise";"750";16;2025;11;3;
"14788476";05600789937020;"Maçanita Douro";"750";13;2025;11;3;
"15585911";00628942141157;"Olé Margarita (4 x 355ml)";"355";10;2025;11;3;
"12666336";00087236001247;"Rémy Martin VSOP Fine Champagne";"375";4;2025;11;3;
"13128169";03770001475158;"Nicolas Grosbois Clos du Noyer Chinon";"750";24;2025;11;3;
"15321181";00696852102926;"Macaloney's Cath Nah Aven";"700";1;2025;11;3;
"15210967";04000152109671;"Cédric Bouchard Roses de Jeanne La Haute Lemblé HL Brut";"750";1;2025;11;3;
"15369601";06286347704465;"Domaine la Bohème Super B";"750";15;2025;11;3;
"11173193";00056049022794;"Greystone Park Bin 87 rouge";"750";1224;2025;11;3;
"13821861";03431442020047;"René Muré Clos St-Landelin Alsace Grand Cru Vorbourg";"750";1;2025;11;3;
"10678894";00087752017036;"Askalon Extra Fine";"750";132;2025;11;3;
"15326775";08033028430179;"Bruno Giacosa Nebbiolo D'Alba Vigna Valmaggiore";"750";8;2025;11;3;
"15449791";03800213973279;"Edoardo Miroglio Viognier & Traminer";"750";1;2025;11;3;
"14973962";04000149739621;"Meursault Clos du Cromin Patrick Javillier";"750";5;2025;11;3;
"15014034";00057496012703;"Sortilège Pomme";"750";2;2025;11;3;
"11838829";00088076181397;"Johnnie Walker Platinum Label 18 Ans blended";"750";7;2025;11;3;
"15127961";00056049138594;"Nicolas Laloux Mangue Fruit du Dragon";"1500";384;2025;11;3;
"13056927";08007425017011;"Nipozzano Chianti Rufina Riserva";"1500";5;2025;11;3;
"15319250";03540437508924;"La Gravette de Certan Pomerol";"750";1;2025;11;3;
"13210470";08437012278349;"Bodegas Tridente Rejón";"750";30;2025;11;3;
"13483523";00040232630835;"BeOrigin";"750";4;2025;11;3;
"14445422";00627987138993;"Domaine Nokomis Legende";"750";4;2025;11;3;
"15032531";00895958003063;"Bruno Dûchene La Luna";"750";1;2025;11;3;
"14716851";00812066020355;"Macallan Sherry Oak 18 Ans Highlands Single Malt";"750";1;2025;11;3;
"10665794";00056049016731;"Nicolas Laloux Gentleman Bohème Rouge";"4000";832;2025;11;3;
"15568467";03687080556510;"Pinard et Filles John Doe";"750";1;2025;11;3;
"15586673";03700188073168;"Château Citran Haut-Médoc";"750";11;2025;11;3;
"15376300";03560960004588;"Taupenot-Merme Saint-Romain";"750";2;2025;11;3;
"13399381";08007425220374;"Giramonte Marchesi de Frescobaldi Toscana i.g.t.";"750";5;2025;11;3;
"15490022";03391180023772;"Schieferkoph Berg Riesling Alsace";"750";1;2025;11;3;
"14729994";08437006252263;"Bodega Mustiguillo Mestizaje";"750";8;2025;11;3;
"12015470";08019873924414;"Piano del Cerro Aglianico del Vulture";"750";8;2025;11;3;
"10272122";00057496272121;"Sélection de Châtenois blanc";"1000";3361;2025;11;3;
"14100740";08437012917507;"Herencia Altés Cupatge Negre Terra Alta";"750";2;2025;11;3;
"14422651";03575830333095;"Domaine Les Grandes Vignes Pineau d'Aunis";"750";4;2025;11;3;
"14995660";00663239600023;"Dewanoyuki Yuki Junmai Kimoto Sake";"720";1;2025;11;3;
"15181481";08437013980043;"J.F. Arriezu Rioja";"750";1;2025;11;3;
"15466137";00631470008038;"La Vieille Ferme Réserve Brut";"750";2;2025;11;3;
"14893065";00854954000513;"Radford Dale Thirst Cinsault Stellenbosch";"750";3;2025;11;3;
"14296851";03760211165703;"Christophe Pacalet Fleurie les Labourons";"750";2;2025;11;3;
"13300379";00056049135128;"Wallaroo Trail Cabernet-Sauvignon bin 414";"1000";3360;2025;11;3;
"325688";03049614221064;"Veuve Clicquot Vintage Rosé";"750";5;2025;11;3;
"15455024";03701400301342;"Château Ducru Beaucaillou Saint-Julien Grand cru classé";"750";6;2025;11;3;
"14121946";05413963500015;"De Ranke Noir de Dottignies Strong Ale";"330";1;2025;11;3;
"15514311";00628055809555;"1642 Sodas Cola au sirop d'érable 4 X 275 ml";"275";8;2025;11;3;
"15200857";04000153114346;"Château Pichon Longueville Comtesse de Lalande Grand Cru";"750";4;2025;11;3;
"15535180";04000155351800;"Matthias Planchon Les Herses Sancerre";"750";1;2025;11;3;
"14563445";00057496010686;"Keep Calm & Laugh Pinot Grigio Vin Blanc";"4000";624;2025;11;3;
"15380392";00056049138969;"Les Vins BASK Vin Rosé";"750";2250;2025;11;3;
"15264746";00812066024797;"Macallan Harmony Collection Release No. 3";"750";2;2025;11;3;
"13374773";00628110292063;"Labranche Mousseux d'Érable";"750";1;2025;11;3;
"13827429";00627987043648;"BeDirty";"750";5;2025;11;3;
"13888707";00848819030135;"Bearface Triple Oak Canadian Whisky";"750";11;2025;11;3;
"14492616";05600111090447;"Amora Brava Indio Rei Dão";"750";4;2025;11;3;
"15273749";00622837006170;"St-Nicolas Petite Normandie";"750";2;2025;11;3;
"14979328";03760228586140;"Château Maltus Lalande-de-Pomerol";"750";3;2025;11;3;
"10388299";08001935001546;"Villa Antinori Toscana i.g.t";"375";2;2025;11;3;
"14703874";03760098561018;"Da Cruz & Tiago Teles COZs Vital";"750";9;2025;11;3;
"15017112";00057496012512;"The Cocktail Library Manhattan";"750";3;2025;11;3;
"12404811";00813219020048;"Teeling Whiskey Small Batch";"750";2;2025;11;3;
"15496459";04000154964599;"Domaine Arnoux Lachaux Bourgogne Pinot Fin";"750";1;2025;11;3;
"12410701";00814794011223;"Knappogue Castle 12 ans Single Malt";"750";39;2025;11;3;
"15273992";06282501015156;"TP-Canopée Premium";"1140";2;2025;11;3;
"10960161";08002235022385;"Butirah Syrah Sicilia";"750";6;2025;11;3;
"13761765";03359880411114;"Domaine Tariquet Bas-Armagnac VSOP";"700";1;2025;11;3;
"15304390";03420252722227;"Domaine de Borie-Vieille Gaillac";"750";2;2025;11;3;
"15052321";03249990055554;"Château du Domaine de l'Église Pomerol";"750";1;2025;11;3;
"12536101";03760078490147;"Vitteaut-Alberti Crémant de Bourgogne";"750";1;2025;11;3;
"15152699";00873399001978;"Domaine Jean-Pierre Maldant Bourgogne Aloxe-Corton";"750";2;2025;11;3;
"14681249";07630040402569;"Martini Dolce 0.0";"750";1;2025;11;3;
"15074205";00618397200929;"Del Maguey Vida Mezcal";"750";1;2025;11;3;
"12523503";08031802001195;"Vignalta Venda";"750";4;2025;11;3;
"15301877";04000153018774;"Yves Cuilleron Bonnivières Côte-Rôtie";"750";1;2025;11;3;
"14543330";00827924073114;"Saint-Thomas Kaméléon";"750";5;2025;11;3;
"13986008";08032958954373;"Adalia Singan Soave";"750";1;2025;11;3;
"13574636";00812066024698;"Macallan Classic Cut";"750";1;2025;11;3;
"15431305";04000154313052;"Domaine Agisson Sancerre Éclat";"750";5;2025;11;3;
"10273109";08423339924014;"Tinto Pesquera Ribera del Duero";"750";1;2025;11;3;
"15303207";08033501862343;"Chionetti La Chiusa Langhe Nebbiolo";"750";2;2025;11;3;
"13570512";00056049135364;"Bù Gris de Grenache";"750";168;2025;11;3;
"15073894";03304117850006;"Château de Beaulon Grand XO";"700";1;2025;11;3;
"11157193";05010677856003;"Grey Goose vodka";"4500";1;2025;11;3;
"15445563";00831256006832;"Gauthier Pierre et Rodolphe Jour de Soif Bourgueil";"750";3;2025;11;3;
"15373651";04000153736517;"E. Guigal Châteauneuf-du-Pape";"750";3;2025;11;3;
"15270177";00812066024582;"Highland Park Cask Strength Highlands Single Malt";"750";1;2025;11;3;
"372367";03016570006844;"Taittinger Prestige Brut Rosé";"750";1;2025;11;3;
"15460608";03609050700815;"Château Tronquoy Lalande Saint-Estèphe";"750";6;2025;11;3;
"15031133";04000150311335;"Ronco del Gnemiz Friulano San Zuan";"750";1;2025;11;3;
"10903668";03434040016962;"Pinot Blanc Domaine Weinbach";"750";2;2025;11;3;
"14941522";03701338000829;"Grand Calcaire Chablis";"750";-1;2025;11;3;
"14791851";08412276334734;"La Comarcal Delmoro Valencia";"750";1;2025;11;3;
"15263655";03322870011427;"Esprit Organic XXO";"700";1;2025;11;3;
"15412518";00832889001126;"Compass Box Hedonism";"700";1;2025;11;3;
"14731437";00627987239232;"Vergers Archambau Givré Ginger";"375";1;2025;11;3;
"14965284";03443208003614;"Terres Secrètes Mâcon-Verzé Croix Jarrier";"750";1;2025;11;3;
"15273407";09120022472386;"Tinhof Eisenstadt Sankt Laurent";"750";1;2025;11;3;
"143628";03260980008046;"Prince Philippe Bourg. Aligoté Bouchard Ainé & Fils";"750";3844;2025;11;3;
"12477949";03148592010346;"Les Petits Carreaux Merlot Pays d'Oc";"750";2204;2025;11;3;
"10513184";05603016000795;"Pegoes Vale da Judia";"750";1374;2025;11;3;
"10915108";08000160632693;"Folonari Pinot Grigio Delle Venezie";"750";8581;2025;11;3;
"13034058";00854745000524;"Ungava";"375";578;2025;11;3;
"15434750";06282501016146;"Hooké - L'appel de la rivière";"750";241;2025;11;3;
"10544781";00818276000170;"Umberto Cesari Moma Rubicone";"750";2909;2025;11;3;
"517722";03500610015274;"Réserve de Louis Eschenauer Bordeaux";"750";2319;2025;11;3;
"522482";00057496522486;"Sortilège Whisky et Érable";"750";2476;2025;11;3;
"322586";00715126000116;"Montes Alpha Cab Sauvignon Valle del Colchagua";"750";94;2025;11;3;
"12681131";08436017631609;"Fuenteseca Utiel-Requena";"750";3736;2025;11;3;
"11905770";09418579070019;"Whitehaven Sauvignon Blanc Marlborough";"750";768;2025;11;3;
"14475445";08031822080231;"Brancaia N°2";"750";340;2025;11;3;
"443036";08032610310547;"Giacondi Sangiovese Rubicone";"1000";6984;2025;11;3;
"15366911";03443208004475;"Terres Secrètes Sentinelles Pinot Noir";"750";2;2025;11;3;
"12358173";00859670001585;"Rougemont Rose Framboise";"750";149;2025;11;3;
"15298321";00082000805656;"Captain Morgan Collection de Cocktails (12 X 355ml)";"355";10909;2025;11;3;
"552513";08005493001444;"Citra Chardonnay Terre d'Abruzzo";"1000";12309;2025;11;3;
"15339023";08005829230333;"Bottega Gold Prosecco";"750";568;2025;11;3;
"883033";08423309011003;"Ijalba Genoli Rioja";"750";865;2025;11;3;
"11073424";03479210004868;"Château Grand Jean Réserve Bordeaux supérieur";"750";4297;2025;11;3;
"12270471";08001660197156;"Ruffino Lumina Delle Venezie";"750";10798;2025;11;3;
"70540";03351650001662;"Georges Duboeuf Brouilly";"750";5508;2025;11;3;
"14420031";08058456280349;"Vino Lauria Vino a Gogo Terre Siciliane";"750";2471;2025;11;3;
"7617";00080432400395;"Chivas Regal 12 Ans Blended Scotch Whisky";"750";537;2025;11;3;
"14969980";00082000811626;"Smirnoff Ice Life Of The Party Pack (12X355ml)";"355";8640;2025;11;3;
"12794178";03332418002626;"Chablis 1er Cru Grande Cuvée La Chablisienne";"750";616;2025;11;3;
"11254065";00088474022407;"Schmitt Sohne Relax Riesling Mosel";"750";2953;2025;11;3;
"13330682";08001660252862;"Ruffino Prosecco Rosé";"750";327;2025;11;3;
"12898516";03760072270110;"Stephane Aviron Morgon";"750";322;2025;11;3;
"15108663";08056746550073;"Integrale Petnat";"750";22;2025;11;3;
"15460405";09421003771161;"Rapaura Springs Sauvigno Blanc Classic";"750";166;2025;11;3;
"12747216";08437013189613;"La Tercera Reserva";"750";15;2025;11;3;
"15471569";00827924059316;"Courville Arabesque";"750";119;2025;11;3;
"13189009";08055684025049;"Soprasasso Chardonnay Trevenezie";"750";521;2025;11;3;
"14678373";03543217170786;"Château de l'Escarelle Coteaux Varois en Provence";"750";34;2025;11;3;
"12204078";00773253002014;"Cidrerie Du Minot Point 5";"750";121;2025;11;3;
"902973";08437000100003;"Bodegas Navarro Lopez Laguna de la Nava Valdepeñas";"750";850;2025;11;3;
"15361423";03760162660432;"Stéphane Ogier La Rosine";"750";3;2025;11;3;
"13594987";08000192001504;"Bersano Paisan Nebbiolo d'Alba";"750";33;2025;11;3;
"15526419";04000155264193;"Jean-Luc Jamet L'Enclave Côte du Rhône";"750";22;2025;11;3;
"14592140";00664732006701;"Distillerie des Marigots Récif";"750";272;2025;11;3;
"10817090";00827924036171;"Rivière du Chêne Gabrielle";"750";98;2025;11;3;
"12699007";00746925000915;"Robertson Winery Cab-Sauvignon";"750";1925;2025;11;3;
"430751";06672202410594;"Ch. Moncontour Vouvray Brut";"750";442;2025;11;3;
"14223791";08437005077560;"Alta Alella GX Catalunya";"750";516;2025;11;3;
"15298102";00057496015230;"Disaronno Sour (4 x 355 ml)";"355";12051;2025;11;3;
"15220410";00827924039950;"Domaine de Lavoie";"250";438;2025;11;3;
"358309";00083300097512;"Carmen Cabernet-Sauvignon Gran Reserva Maipo";"750";702;2025;11;3;
"14022420";07804643980285;"Vina Vik Milla Cala Valle Cachapoal";"750";55;2025;11;3;
"389056";03049614233418;"Veuve Clicquot Ponsardin Brut";"375";463;2025;11;3;
"15260753";05203888231138;"Kir-Yianni Xinomavro Syrah";"750";211;2025;11;3;
"368043";05010509427067;"AnCnoc 12 ans Highland scotch single malt";"700";10;2025;11;3;
"15306221";05060708470043;"Brockmans Orange Kiss";"700";259;2025;11;3;
"11537090";03361121340022;"Domaine Rolet Père et Fils Poulsard Vieilles Vignes";"750";22;2025;11;3;
"15514661";03262156207758;"Pastourelle de Clerc Milon Pauillac";"750";37;2025;11;3;
"897983";08410437211054;"Marqués Caceres Rioja Reserva";"750";314;2025;11;3;
"14366812";05601174821009;"J.M. da Fonseca O%riginal Blan";"750";257;2025;11;3;
"15264199";07804340103222;"Tarapacá Reserva Cabernet Sauvignon";"750";612;2025;11;3;
"257683";00081706000075;"Chimay Trappistes Grande Réser ve extra forte bière type ale";"750";273;2025;11;3;
"15445803";05608309012547;"Cockburn's Tails of the Unexpected Tawny Eyes";"750";2;2025;11;3;
"11814704";08003015704804;"Farnito Carpineto Camponibbio Toscana";"750";223;2025;11;3;
"15456342";00872567001383;"Les Salicaires Frérot";"750";48;2025;11;3;
"10875185";08002366089264;"Castelgiocondo Brunello di Montalcino";"750";755;2025;11;3;
"15002421";06286784310151;"Appalaches Kepler Stellaire";"700";222;2025;11;3;
"11416335";00856981000290;"Barcelo Imperial";"750";298;2025;11;3;
"14758699";00628011228529;"Opémiska Boréal Bleuets Sauva.";"750";302;2025;11;3;
"11948622";07804414003564;"Roussanne Luis Felipe Edwards Gran Reserva Valle Colchagua";"750";685;2025;11;3;
"14216291";08008863059007;"Brilla! Prosecco Extra Dry";"750";1811;2025;11;3;
"15134685";00628011559043;"Comont Liqueur Agave et Café";"500";32;2025;11;3;
"873257";03760089874103;"Alain Lorieux Expression Chinon";"750";509;2025;11;3;
"12184353";03424560020006;"Fleurie Terres Dorées Jean-Paul Brun";"750";235;2025;11;3;
"15299586";00057496003596;"Seventh Heaven Pêche (4x355ml)";"355";3622;2025;11;3;
"14431282";05600268604962;"Quinta do Montalto Filas";"750";232;2025;11;3;
"15506080";08410384004013;"Freixenet Sparkling";"200";241;2025;11;3;
"14446089";06009640360004;"Avondale Jonty's Ducks Pekin Paarl";"750";399;2025;11;3;
"15463964";08005713922641;"Pallini Limoncello Liqueur d'agrumes";"500";444;2025;11;3;
"15523533";08054314345120;"Ambo Negroni";"750";30;2025;11;3;
"15042748";03760082220150;"Domaine Seguinot-Bordet Bourgogne";"750";27;2025;11;3;
"15528326";03292051030205;"Champagne Victoire Prestige Brut";"375";87;2025;11;3;
"15191233";03770009068888;"Château Carlmagnus Nature de Magnus Bordeaux";"750";13;2025;11;3;
"14042068";05601129032184;"Borges Quinta de Simaens Vinho Verde";"750";502;2025;11;3;
"15210422";08425132990654;"Real Compañía Tempranillo";"750";1246;2025;11;3;
"14240195";03497850009029;"Bonnet Huteau Musc.-Sèvre et Maine Les Bonnets Blancs";"750";547;2025;11;3;
"14651314";00057496010921;"Dolce Vita Pinot Grigio Terre Siciliane";"750";1206;2025;11;3;
"12663303";03760223060218;"Rully La Chaume Domaine Claudie Jobard";"750";51;2025;11;3;
"15173967";03760146830028;"Clos Cibonne Tibouren";"750";5;2025;11;3;
"10669470";00689352009628;"Kim Crawford Chardonnay";"750";754;2025;11;3;
"15080584";05016840772262;"Glen Scotia 10 Year Old Single Malt";"750";11;2025;11;3;
"12557615";05010677859165;"Grey Goose";"1140";535;2025;11;3;
"14651867";03683080400198;"A Occhipinti Rosso Arcaico";"750";18;2025;11;3;
"15369610";06286347709392;"A et A Durrmann Alsace Pinot Noir";"750";12;2025;11;3;
"15355672";08437003491368;"Josep Foraster LaMoto";"750";32;2025;11;3;
"14721731";00627843748281;"Distillerie du Fjord Km12";"200";116;2025;11;3;
"12364741";03593580123117;"Dominiq. Cornin Mâcon Chaintré";"750";35;2025;11;3;
"13474310";03583150000207;"La Pièce de l'Orée Dom Éric Chevalier";"750";15;2025;11;3;
"14405009";00087647113409;"Dalmore Port Wood Reserve High Single Malt";"750";9;2025;11;3;
"15042326";05601085004447;"Poças Trava Linguas Douro";"750";409;2025;11;3;
"13143140";03028130070660;"Camus Borderies VSOP";"700";1;2025;11;3;
"13989452";06002269003772;"Almost Zero Sauvignon Blanc <0,5%";"750";25;2025;11;3;
"15069836";00854954000575;"Vinum Pinotage";"750";135;2025;11;3;
"15481329";00648564083741;"Château de Cartes Atout Rosé";"750";23;2025;11;3;
"12335529";08021507732661;"Pinot Bianco Vorberg Cantina Terlan Riserva Alto Adige";"750";7;2025;11;3;
"13313188";03760136220846;"Clarendelle inspiré par Haut Brion Bordeaux";"750";34;2025;11;3;
"15484458";08003930010608;"Valdobbiadene Prosecco Superiore Santa Margherita";"375";14;2025;11;3;
"14560391";00627987041323;"Sivo Série Liquoriste Pêche";"500";38;2025;11;3;
"11612555";05606486112708;"Muros Antigos Alvarinho Vinho Verde";"750";182;2025;11;3;
"15478200";00836575000127;"Grove Mill Pinot Gris";"750";56;2025;11;3;
"12098682";03260923001004;"Pol Roger Pure Brut";"750";13;2025;11;3;
"15373221";03683080597164;"Jamsheed Apricity Yarra Valley";"750";8;2025;11;3;
"14646961";00827924071066;"L'Ange Gardien Côte de Beaupré";"750";26;2025;11;3;
"11396881";00776545556714;"Chardonnay Perpetua Mission Hill Family Okanagan Valley";"750";1;2025;11;3;
"15047995";03461371102873;"Château de la Grange Gros Plant du Pays Nantais sur Lie";"750";9;2025;11;3;
"15354856";08437006339780;"Altolandon 4 Pisos Manchuela";"1000";9;2025;11;3;
"13710909";00895958000314;"Laurence Et Rémi Dufaitre Beaujolais-Village Prémices";"750";101;2025;11;3;
"15335129";08021846182127;"Castel. di Ama Monteb. Riserva";"750";18;2025;11;3;
"13097091";03292051030045;"GH Martel Victoire Brut Rosé";"750";53;2025;11;3;
"13844350";08410487921934;"Alvear Palacio Quemado la Zarcita";"750";73;2025;11;3;
"15466612";04000154666127;"Saint Cosme Côte Rôtie";"750";10;2025;11;3;
"15501406";00876855003868;"Puech Noble Domaine Rostaing Languedoc";"750";8;2025;11;3;
"15406038";03345630440206;"Peyrassol Les Commandeurs Côtes de Provence";"750";22;2025;11;3;
"12250955";08004889003703;"Amaro di Erbe SS 24 Chaberton liqueur amère";"700";10;2025;11;3;
"15515411";03687080555049;"Athénaïs de Béru Amalgamay";"750";35;2025;11;3;
"15078986";09300752203591;"De Bortoli 17 Trees";"750";8;2025;11;3;
"11881878";08001670154057;"Tenuta di Nozzole Riserva Chianti Classico";"750";6;2025;11;3;
"14399366";05601194705587;"Sao Luiz Douro Sublinhado Colheita";"750";19;2025;11;3;
"15012400";00056049138327;"Pas Sages Gamay";"750";32;2025;11;3;
"15386022";03701523800050;"Domaine Jean-François Jacouton Saint-Joseph Chemin de St-Épin";"750";2;2025;11;3;
"15134925";00814789002212;"Maxi Pêche";"1140";68;2025;11;3;
"11787304";03760011503101;"Pascal Doquet Blanc de Blancs Horizon Extra-Brut";"1500";6;2025;11;3;
"12779091";00736040533450;"Gilgal Cabernet Merlot";"750";24;2025;11;3;
"15349336";09309000983193;"Konpira Maru New Wave";"750";3;2025;11;3;
"14957735";03292060133423;"Domaine Laroche Chablis Premier Cru Les Butteaux";"750";2;2025;11;3;
"11459087";03436806815017;"Jean-Marc Brocard Jurassique Bourgogne";"750";48;2025;11;3;
"13085752";08423339965147;"Condado de Haza Crianza Ribera del Duero";"1500";3;2025;11;3;
"268771";03114080414651;"Louis Roederer Collection Brut";"750";79;2025;11;3;
"14690356";04000146903568;"Marsannay Le Clos René Bouvier";"750";10;2025;11;3;
"15002519";05021349703334;"Glencadam 13 Years Old Highlands Single Malt";"700";8;2025;11;3;
"15248615";03296362023307;"Carmes de Rieussec";"375";18;2025;11;3;
"12635097";09035440750100;"Masciarelli Trebbiano d'Abruzzo";"750";12;2025;11;3;
"14435380";08413929000044;"Loxarel Ops";"750";5;2025;11;3;
"15130924";04904230071228;"Nikka Yoichi Aromatic Yeast Single Malt Limited Edit. 2022";"700";5;2025;11;3;
"15510505";03277035057355;"Château Phélan Ségur Saint-Estèphe";"750";181;2025;11;3;
"15444616";04000154446163;"Domaine Vacheron Sancerre Le Pavé";"750";1;2025;11;3;
"15449994";00856981000344;"Barcelo Imperial Onyx";"750";4;2025;11;3;
"14809311";09339348005035;"Delinquente Tuff Nutt Bianco Pet Nat";"750";155;2025;11;3;
"15201753";00851006001245;"3 Lacs Pamplemousse Rose";"700";26;2025;11;3;
"15405211";08052219100011;"Sfera";"1000";23;2025;11;3;
"14549344";05604067039000;"Quintas de Melgaço Alvarinho Vinho Verde";"750";4;2025;11;3;
"14191557";09414416508158;"Villa Maria Pinot Noir Private Bin Marlborough";"750";11;2025;11;3;
"12108422";03760152200235;"Les Parelles Château-Chalon Vin Jaune";"620";17;2025;11;3;
"15442371";03760161290104;"Pierre-Marie Chermette Fleurie Les Garants";"750";9;2025;11;3;
"14559657";00627843195429;"Entre Pierre et Terre Vermouth de Pomme Blanc";"500";8;2025;11;3;
"15049376";00057496013533;"M. Cocktail Mojito aux Fraises (4 x 355 ml)";"355";81;2025;11;3;
"180687";00056049806875;"Aufkellereien";"750";5761;2025;11;3;
"15224664";00850817000539;"Champ Libre Arrangé Pomme Canelle";"750";2;2025;11;3;
"15362320";03701630300641;"Les Infusions de Villa Noria Pet Nat Blanc";"750";25;2025;11;3;
"744805";05603792001399;"Quinta dos Roques Dâo";"750";3;2025;11;3;
"14471680";08055186311329;"Nittardi Ad Astra Maremma Toscana";"750";53;2025;11;3;
"13547427";00866404000103;"Manga Sake Junmai";"720";1;2025;11;3;
"15327701";00895958005708;"J. Lassaigne Autour de Minuit";"750";4;2025;11;3;
"15152568";00873399001947;"Domaine Jean-Pierre Maldant Ladoix Les Chaillots";"750";13;2025;11;3;
"14676001";00628011553201;"Comont Spiritueux d'Agave";"750";5;2025;11;3;
"15274590";06282501014920;"TP-Morbleu Épicé";"1140";9;2025;11;3;
"15167196";00628942227042;"Saint-Pierre Rêverie";"750";11;2025;11;3;
"14221162";00747846067209;"Hakutsuru Junmai Dai Ginjo Nishiki";"720";5;2025;11;3;
"15311899";03516540000013;"Sant'Armettu Rosumarinu";"750";43;2025;11;3;
"560110";05281004511005;"Kefraya Arak";"750";32;2025;11;3;
"11343607";00627843871088;"Domaine des Salamandres vin de glace";"200";23;2025;11;3;
"15292544";03328155028029;"Château Lafleur-Gazin Pomerol";"1500";2;2025;11;3;
"14758710";00874381002577;"Redoux";"750";16;2025;11;3;
"14682946";00854745000920;"La Mentherie";"750";31;2025;11;3;
"15085107";00749355298549;"Château de Cartes Perle Noire";"750";10;2025;11;3;
"15354400";08017015714237;"Mastroberardino Falanghina del Sannio";"750";60;2025;11;3;
"15561732";00628250949087;"Vaillant Kastor";"700";5;2025;11;3;
"15149051";08435072301540;"Finca Allende Rioja Alta";"750";10;2025;11;3;
"13593183";08032937270654;"Josetta Saffirio Barbera d'Alba";"750";1;2025;11;3;
"14061681";06282503720041;"Wabasso Bourgeon";"750";2;2025;11;3;
"14645715";00839038001242;"Hydromel Morand La Cour Royale";"500";3;2025;11;3;
"11957385";03770003147558;"Gevrey-Chambertin Aux Corvées Domaine Henri Richard";"750";14;2025;11;3;
"13569239";03012993059320;"Bardinet Sir Edward's Smoky";"700";12;2025;11;3;
"13988951";00080480280017;"Grey Goose (BHT)";"1000";84;2025;11;3;
"13895675";05600390414040;"Mula Velha Reserva Lisboa";"750";5;2025;11;3;
"15021365";00895958004602;"Pierre Gerbais Beauregard";"750";4;2025;11;3;
"13736092";08007425232087;"Marchesi de Frescobaldi Attems Ramato Pinot Grigio";"750";4;2025;11;3;
"14707197";09416040001883;"Pure Light Pinot Gris Marlbour";"750";2;2025;11;3;
"15521360";04000155213603;"Les Poyeux Clos Rougeard Saumur-Champigny";"750";19;2025;11;3;
"11156318";05010494220278;"Ardbeg Uigeadail Islay single malt";"700";11;2025;11;3;
"14279137";07804315002185;"Undurraga T.H. Sauvignon Blanc Leyda";"750";9;2025;11;3;
"15336906";08025205000381;"San Fabiano Calcinaia Vinsanto del Chianti Classico";"375";1;2025;11;3;
"15292464";04000152924649;"Domaine Leflaive Mâcon-Verzé";"750";-1;2025;11;3;
"15515664";04000155156641;"Château de Nalys Saintes Pierres de Nalys";"750";5;2025;11;3;
"13349746";08437006989114;"Caminos del Bonhomme Valencia";"750";2;2025;11;3;
"15054811";03701279000551;"Château Trotte Vieille Premier Grand Cru Classé Saint-Émilion";"750";3;2025;11;3;
"10520835";04000105208352;"Bourgogne Aligoté Domaine Goisot";"750";20;2025;11;3;
"15411283";04000154112839;"Mont-Olivet Châteauneuf -du-Pape Cuvée du Papet";"750";1;2025;11;3;
"13211843";03760247871623;"Vignoble du Rêveur Pierres Sauvages";"750";7;2025;11;3;
"15152058";00056049138556;"Maison Ladore Portugal Arinto Chardonnay Vin Blanc";"750";1;2025;11;3;
"15486998";04000154869986;"Serradenari Giulia Negri Serradenari Barolo";"750";1;2025;11;3;
"10682615";03760054340312;"Domaine La Madura Saint-Chinian Classic";"750";72;2025;11;3;
"14970770";08500000590294;"Vigia Black Tears Dry Spiced";"700";70;2025;11;3;
"15087840";00627843797166;"Domaine Bresee Bressoc Rouge";"750";2;2025;11;3;
"15535438";04000155354382;"Domaine Labet Savagnin La Bardette Élevage Long";"750";7;2025;11;3;
"15112574";03440460317015;"L'Elégante d'Edouard Brun Rosé Grand Cru";"750";1;2025;11;3;
"10838780";05608309021174;"Post Scriptum de Chryseia Prats&Symington Douro";"750";12;2025;11;3;
"15243831";00088076188785;"Roseisle Vallée de Spey Single Malt 12 ans";"750";5;2025;11;3;
"14684757";06971878590013;"Jade Dove Sing Vineyard Chardo Ninxgia Xige-Estate";"750";7;2025;11;3;
"15438611";09414416109010;"Villa Maria Reserve Hawkes Bay Cabernet Sauvignon - Merlot";"750";5;2025;11;3;
"15532368";04000155323685;"Dominique Lafon Volnay";"750";14;2025;11;3;
"15161211";00057496014257;"Le Barbeque à Bob Le Chef Pinot Grigio Vin Blanc";"750";409;2025;11;3;
"15438689";09414416106705;"Esk Valley Seabed Chardonnay Esk Valley Seabed Chardonnay";"750";5;2025;11;3;
"15141113";00827586002170;"Lacroix Série Nature Osmose";"750";1;2025;11;3;
"13952756";00773253006135;"Cidrerie du Minot La Bolée Pétillante (4x250 ml)";"250";6;2025;11;3;
"15021277";00895958004923;"Domaine Jean-Marie Berrux Le Petit Têtu";"750";1;2025;11;3;
"14830013";03609051161387;"Les Hauts De Smith Pessac-Léognan";"750";73;2025;11;3;
"15107089";00628504851081;"Distillerie Puyjalon Manitou Acerum";"750";1;2025;11;3;
"10748400";09311832015003;"The Stump Jump d'Arenberg McLaren Vale";"750";1;2025;11;3;
"13574601";08014115001755;"Poli La Première";"700";7;2025;11;3;
"15254396";08059070322132;"E. Pira & Figli Barbera d'Alba Superiore";"750";2;2025;11;3;
"14191021";04000141910219;"Josmeyer Riesling Grand Cru Hengst";"750";4;2025;11;3;
"13132838";00856442005109;"Kirk and Sweeney 23 ans Rhum Dominicain";"750";1;2025;11;3;
"15106481";00082000780038;"Cîroc Pomme Verte";"750";7;2025;11;3;
"15231848";00048415000123;"Polar Ice Berry Blizzard";"750";-2;2025;11;3;
"15459957";07794450005274;"Catena Adrianna Vineyard Fortu na Terrae Malbec";"750";1;2025;11;3;
"13657693";08437012278998;"Rosario Vera Honoro Vera Rioja";"750";107;2025;11;3;
"15246142";03760371950638;"Hoffmann-Jayer Bourgogne Hautes-Côtes de Beaune";"750";1;2025;11;3;
"15243857";00088076188761;"Singleton of Glendullan Vallée de Spey  Single Malt 14 ans";"750";4;2025;11;3;
"15143266";03760222530521;"Fabien Jouves Amphore Cahors";"750";-1;2025;11;3;
"13862241";08026539023190;"Castello Romitorio Brunello di Montalcino Riserva";"750";5;2025;11;3;
"15326847";08033028430230;"Falletto Dolcetto d'Alba";"750";4;2025;11;3;
"15483519";04000151793659;"Tequila Aman Blanco";"750";3;2025;11;3;
"14905521";00628634365052;"Ubald Route 363 Vodka Seigle";"750";5;2025;11;3;
"872796";03338693320028;"Montirius Le Village Vacqueyras";"750";2;2025;11;3;
"14142341";03770012673017;"Dom. Brand La Chimère Riesling";"750";1;2025;11;3;
"13619603";00056049135401;"Wallaroo Trail Cabernet- Sauvignon Bin 414";"4000";260;2025;11;3;
"14704033";03760201530009;"Bedouet MuscadetSèvre et Maine Sur Lie Le Domaine";"750";12;2025;11;3;
"15316403";03176780039268;"LaCheteau Sancerre Les Roches Blanches";"750";-1;2025;11;3;
"15523306";08437016703304;"Dominio del Soto Tempranillo Ribera del Duero";"750";2;2025;11;3;
"14954585";00827586005553;"Saute-Bouchon Québec Cidre";"750";8;2025;11;3;
"15430610";05604882810105;"Esporao Bico Amarelo Vinho Verde";"750";2;2025;11;3;
"14234342";03464882012037;"Domaine de la Grenaudière La Grenouille Muscadet-Sèvre-et-M";"750";4;2025;11;3;
"15205578";03584870018244;"Geoffroy Les Tiersaudes";"750";1;2025;11;3;
"15384924";05010494988710;"Ardbeg Spectacular Islay Single Malt";"750";1;2025;11;3;
"15546410";00628425161122;"TP-Averse Vodka Premium";"1140";2;2025;11;3;
"15361280";00876855003400;"Puech Noble Domaine Rostaing Languedoc";"750";1;2025;11;3;
"14399420";05604146231653;"Coelheiros Alentejo";"750";7;2025;11;3;
"15445619";07804387000713;"Clos Apalta";"750";2;2025;11;3;
"15489161";00850014275105;"Clase Azul Plata Blanco";"750";2;2025;11;3;
"14971027";03233990004346;"Armorik Yeun Elez Single Malt Breton Tourbé";"700";1;2025;11;3;
"15521474";04000155214747;"Le Clos Clos Rougeard Saumur-Champigny";"750";32;2025;11;3;
"11589703";03760176501042;"Bourgogne Aligoté Domaine Naudin Ferrand";"750";1;2025;11;3;
"15054589";04000151478815;"Château Pontet-Canet Grand Cru Classé Pauillac";"750";4;2025;11;3;
"15370266";00895958007269;"Domaine Derain Bourgogne Blanc La Combe";"750";1;2025;11;3;
"15472721";08437007732139;"Bulles by Nature";"750";3;2025;11;3;
"15318089";09120001700226;"Sonnenmulde Donauriesling";"750";1;2025;11;3;
"14254503";08033315730647;"Ar Pe Pe Il Pettirosso Valtellina Superiore";"750";3;2025;11;3;
"15417976";08901193001640;"Amrut Indian Single Malt Cask Strength";"700";27;2025;11;3;
"15200515";04000153131060;"Châtea Haut-Batailley Pauillac Grand Cru Classé";"750";3;2025;11;3;
"14995694";00859670001387;"Coteau Rougemont Versant Orange";"750";1;2025;11;3;
"14703559";00631471000611;"Champa. Fleur de Miraval Brut";"750";1;2025;11;3;
"15216541";03700360021338;"Château des Tourettes Tinus Raisins Rôtis Solera 1721";"750";4;2025;11;3;
"14799992";03412952045720;"Château La Couspaude Grand Cru Classé Saint-Émilion Grand Cru";"750";3;2025;11;3;
"15328754";05391540790021;"Micil";"700";1;2025;11;3;
"14011253";03760204730109;"Château Des Fines Roches Châteauneuf-Du-Pape";"750";1;2025;11;3;
"14956142";04000149561420;"Thierry Laffay & Filles Chablis 1er Cru Mont de Milieu";"750";2;2025;11;3;
"15396870";00895958006392;"Sant'Or Roditis Sant'Or Roditis";"750";12;2025;11;3;
"14557310";03683080400235;"Domaine de l'Enclos Chablis";"750";1;2025;11;3;
"14808078";04000148080786;"Château d'Agassac Haut-Médoc";"750";14;2025;11;3;
"591289";08003095000254;"Carpene Malvolti Prosecco Superiore";"750";1441;2025;11;3;
"13190190";05203888160100;"Kir-Yianni Paranga Macédoine";"750";1118;2025;11;3;
"15083101";05604424433014;"Casa Santos Lima Quid Pro Quo";"750";1835;2025;11;3;
"10512190";03018300007589;"Grand Marnier liqueur d'agrumes";"1140";1024;2025;11;3;
"13028651";03300944773006;"Domaine Laguilhon Jurançon Sec";"750";122;2025;11;3;
"15114529";05416560007598;"Kumeu Village Pinot Noir";"750";29;2025;11;3;
"12206891";09311043404085;"Jacob's Creek Moscato";"750";6701;2025;11;3;
"12674221";08437000043119;"Xarel-Lo Albet i Noya El Fanio Penedès";"750";429;2025;11;3;
"44578";05201273115209;"Samos Muscat";"750";290;2025;11;3;
"13066412";00088004009731;"Dr McGillicuddy Tarte aux Pommes";"750";461;2025;11;3;
"14172719";03683080416199;"Sébastien David Hurluberlu";"750";422;2025;11;3;
"15093748";05601129452425;"Gatao Vinho Branco";"250";896;2025;11;3;
"13692229";08410113002112;"Natureo 0,5";"750";404;2025;11;3;
"15303864";00627987806571;"Fove Rhum brun";"750";56;2025;11;3;
"11974901";00056049032366;"Cliff 79 Chardonnay South East Australia";"3000";2438;2025;11;3;
"963355";03281769875017;"Domaine des Fines Caillottes Pouilly-Fumé";"750";809;2025;11;3;
"11127234";03469380630011;"Drappier Brut Nature Pinot Noir Zéro Dosage";"750";141;2025;11;3;
"12286";03217661012519;"Brotte La Fiole du Pape Châteauneuf-du-Pape";"750";401;2025;11;3;
"46946";05603081100420;"Taylor Fladgate Late bottled Vintage";"750";1472;2025;11;3;
"298505";00631470000049;"La Vieille Ferme";"750";9916;2025;11;3;
"15042756";03760002912165;"Chateau Philippe Le Hardi Côte d'Or Clos de Chaise Dieu";"750";197;2025;11;3;
"13366466";09554423106494;"Gérard Bertrand Gris Blanc Pays d'Oc";"750";6443;2025;11;3;
"10270881";08410869450014;"Marqués Riscal Rioja Reserva";"750";532;2025;11;3;
"14963300";00878102009005;"Hidden Bench Gamay Beamsville Bench";"750";46;2025;11;3;
"15030923";04000150309233;"Ronco del Gnemiz Sauvignon Sol";"750";1;2025;11;3;
"15180032";08033540100932;"Castello di Radda Chianti Classico";"750";152;2025;11;3;
"15538621";03560960004601;"Taupenot-Merme Auxey-Duresses Village PN";"750";7;2025;11;3;
"11470593";00088004400316;"D'Eaubonne V.S.O.P";"1140";2417;2025;11;3;
"14951886";00628110848079;"St-Laurent Gin Citrus";"700";137;2025;11;3;
"11964702";08033237490377;"Monsanto Chianti Classico Riserva";"750";58;2025;11;3;
"6502";03035542002004;"Cointreau liqueur d'agrumes";"750";789;2025;11;3;
"12042603";00818276000217;"Liano Sangio./Cab-Sauv. Umberto Cesari Rubicone";"750";3814;2025;11;3;
"14019837";00744607068208;"El Jimador 100% Agave Blanco";"750";611;2025;11;3;
"561274";03359880100025;"Tariquet Premières Grives Côtes de Gascogne";"750";783;2025;11;3;
"340679";03258431220000;"Laurent-Perrier La Cuvée Brut";"750";638;2025;11;3;
"14548763";03035540010230;"St-Rémy Signature";"700";10;2025;11;3;
"14185000";03760084870049;"Domaine Sérol Éclat de granite Côte Roannaise";"750";380;2025;11;3;
"12698872";06001506003506;"Douglas Green Chenin Blanc Western Cape";"750";3039;2025;11;3;
"10253440";00618109777510;"Ricasoli Rocca Guicciarda Chianti Classico Riserva";"750";712;2025;11;3;
"10503963";08031822030007;"Brancaia Tre Toscana";"750";578;2025;11;3;
"13299136";00627167099199;"Wayne Gretzky No. 99 Riesling Péninsule du Niagara";"750";879;2025;11;3;
"13170201";05600312474060;"Quinta do Pôpa";"750";697;2025;11;3;
"14824238";00628176166087;"Crème de Menthe Émilie Glacial";"750";63;2025;11;3;
"15472633";00624654000195;"Konzelmann Pinot Noir Lakefront Series";"750";231;2025;11;3;
"15521589";00628120440461;"Arsenal & CO. Coco Sando Noix de Coco Grillée";"750";137;2025;11;3;
"10382639";09418076003633;"Saint Clair Origin Sauvignon Blanc Marlborough";"750";411;2025;11;3;
"13359400";00087113119263;"Petit Délice de C'Est la Vie !";"750";881;2025;11;3;
"15266493";00852652001542;"Pompar Minervois";"750";47;2025;11;3;
"15406863";00628719281321;"Comte Alexandre Pierre Côtes du Rhône";"750";1389;2025;11;3;
"15445926";08016760003863;"Col d'Orcia Brunello di Montalcino";"750";98;2025;11;3;
"15067654";00056049138334;"Pas Sages Riesling";"750";2666;2025;11;3;
"270926";00779376109012;"Baco Noir Henry of Pelham VQA Ontario";"750";199;2025;11;3;
"741058";08023352000032;"Pieropan Calvarino Soave Classico";"750";17;2025;11;3;
"907477";08015822000178;"Allegrini Palazzo della Torre Veronese";"750";278;2025;11;3;
"10359156";08412075032350;"Monasterio de Las Vinas Carinena Gran Reserva";"750";1111;2025;11;3;
"14038131";06001506908719;"Boschendal Sommelier Selection Sauvignon Blanc Coastal Region";"750";50;2025;11;3;
"15252180";08000160634383;"Folonari Pinot Grigio Delle Venezie";"3000";558;2025;11;3;
"13829061";00852848000007;"Excelsior Cabernet Sauvignon Robertson";"750";760;2025;11;3;
"12565789";09415549816622;"Oyster Bay Pinot Grigio Hawkes Bay";"750";523;2025;11;3;
"14718267";03760064357638;"Orieux Musc-Sèvre Maine Vallet";"750";24;2025;11;3;
"11874264";03760087400045;"Domaine Mourgues du Grès Terre d'Argence vin de pays du Gard";"750";391;2025;11;3;
"10252869";08022931504244;"Argiano Rosso di Montalcino";"750";90;2025;11;3;
"11156895";00890464460034;"Alma Negra M Blend Mendoza";"750";537;2025;11;3;
"13831794";00088076182714;"Tanqueray Flor de Sevilla";"750";292;2025;11;3;
"286807";08000060100254;"Vecchia Romagna Brandy";"750";89;2025;11;3;
"15410344";00628942467271;"Cidrerie Compton Scrumpy";"750";3;2025;11;3;
"13319715";08437001003600;"Recare. Corpinnat Terrers Brut Nature";"750";26;2025;11;3;
"14074094";03770009616126;"Domaine Loew Vérité Sylvaner";"750";14;2025;11;3;
"14195275";08410439010006;"Parés Baltà Blanc de Pacs Penedès";"750";437;2025;11;3;
"14785961";03495796311190;"Mercurey Pr. Cru Les Croichots Domaine Theulot Juillot";"750";22;2025;11;3;
"12653640";08033576200033;"Ferghettina Franciacorta Brut Milledì";"750";9;2025;11;3;
"15348181";05600284600382;"Pios Excomungado Douro";"750";10;2025;11;3;
"12332301";05601129034041;"Meia Encosta Dão Blanc";"750";3560;2025;11;3;
"15321085";05603977709805;"Diálogo Douro";"375";285;2025;11;3;
"14758875";08000154001849;"Nespolino Trebbiano Rubicone";"750";897;2025;11;3;
"12604080";03683080083476;"Damien Coquelet Fou du Beaujo Beaujolais-Villages";"750";424;2025;11;3;
"11952066";08026720132120;"Dragon Luigi Baudana Langhe";"750";263;2025;11;3;
"13594899";03770003649632;"Vincent Carême Vouvray Spring";"750";520;2025;11;3;
"15254484";03760031560047;"Château de Lascaux Carra Pic Saint-Loup";"750";4;2025;11;3;
"15404251";00627987177039;"Distillerie Mitis Entaille";"500";25;2025;11;3;
"15233296";00850024564015;"Teremana Reposado";"750";93;2025;11;3;
"15121323";03575800193179;"Justin Girardin Bourgogne Chardonnay";"750";12;2025;11;3;
"13946225";03244081500807;"Listel Terres du Midi Grain de Gris";"3000";378;2025;11;3;
"11768795";08002793790009;"Piccini Chianti Classico Riserva";"750";1111;2025;11;3;
"349662";08016104247502;"Nino Franco Prosecco di Valdobbiadene";"750";340;2025;11;3;
"10863766";08033140750506;"Marina Cvetic Montepulciano d'Abruzzo";"750";71;2025;11;3;
"14810531";00628110058751;"Gigi L'amaretto";"750";129;2025;11;3;
"15294662";08410423000402;"Finca El Encinal Crianza";"750";40;2025;11;3;
"856484";08016118121058;"Mazzei Fonterutoli Chianti Classico";"750";376;2025;11;3;
"573402";03508031011530;"Mercurey Michel Juillot";"750";31;2025;11;3;
"11096271";03481260001070;"Domaine du Lendemain Côtes du Roussillon Terre d'Étoiles";"750";205;2025;11;3;
"13630343";08002312991009;"Rosso di Montepulciano Azienda Agricola Pliziano";"750";304;2025;11;3;
"12203796";08410591002178;"Imperial Gran Reserva Rioja";"750";44;2025;11;3;
"15291251";00628451469247;"MVodka Premium";"1750";21;2025;11;3;
"14071037";00854745000258;"Chic Choc Épicé Original";"1140";540;2025;11;3;
"12711424";03108210311675;"Péraclos Montagne St-Émilion";"750";6;2025;11;3;
"15396159";08410773002774;"Gémina Monastrell";"750";45;2025;11;3;
"13114621";05604086326020;"Lavradores de Feitoria Douro Branco";"750";162;2025;11;3;
"15083021";03760222530064;"Fabien Jouves Tu vin plus aux Soirées";"750";6;2025;11;3;
"13265972";08411767968403;"Ontanon Viura Rioja";"750";24;2025;11;3;
"15307515";00608057000389;"Errazuriz Villa Don Maximiano Valle del Aconcagua";"750";3;2025;11;3;
"14392607";00628451469131;"Royalmount Gin Rose & Concombre";"750";29;2025;11;3;
"14820270";00627987041330;"Sivo Série Liquoriste Fraise";"500";11;2025;11;3;
"14444227";08012165001459;"Tinazzi Desto Veneto";"750";52;2025;11;3;
"15237684";08030967024315;"Fattoria Le Pupille Morellino di Scansano";"750";55;2025;11;3;
"12268231";00690604000133;"Château de Nages Costières de Nîmes Héritage Vieilles Vignes";"750";146;2025;11;3;
"15417298";03760163409894;"Do. Zind-Humbrecht Pinot Blanc";"750";17;2025;11;3;
"14522150";00056049136996;"Bù Mousseux avec Vin de Glace";"750";12408;2025;11;3;
"11416141";07804320411149;"Marques de Casa Concha Chardonnay";"750";95;2025;11;3;
"15458145";00827924154059;"Cidre Vigneron Pomme sauvages";"750";27;2025;11;3;
"15498008";03760145422637;"Abeille de Fieuzal Pessac- Léognan";"750";5;2025;11;3;
"13995060";00895958001366;"Laurence et Rémi Dufaitre Brouilly";"750";9;2025;11;3;
"13387355";03760168260056;"Cuvée Julien Le Mas des Flauzières Côtes du Rhône";"750";41;2025;11;3;
"13637748";05021349700098;"Tomintoul Speyside Glenlivet Peaty Tang Sing. Malt";"700";6;2025;11;3;
"15175452";03260980037107;"Boisset Nature d'Ursulines Bourgogne Chardonnay";"750";12;2025;11;3;
"13657538";03570362111616;"Domaine Henry Natter Sancerre";"750";227;2025;11;3;
"11229492";03274510003814;"Dolin vermouth de Chambéry rouge";"750";190;2025;11;3;
"14453676";08021846091610;"Castello di Ama Vinsanto del Chianti Classico";"375";41;2025;11;3;
"15463163";03412952411709;"Château Calon-Ségur Saint-Estèphe";"750";16;2025;11;3;
"10839635";03284890460107;"Henriot Brut Rosé";"750";5;2025;11;3;
"584235";08548310003912;"Château de Montifaud Michel Vallet Cognac";"750";13;2025;11;3;
"14426897";08437012192010;"Mengoba Brezo Bierzo";"750";91;2025;11;3;
"15198451";03700397142211;"Château Beychevelle Grand Cru Classé Saint-Julien";"750";5;2025;11;3;
"15272261";03760126913857;"Les Hauts de Lynch Moussas Haut-Médoc";"750";41;2025;11;3;
"14971086";08437005009479;"Matarromera Crianza Ribera del Duero";"750";34;2025;11;3;
"15082133";08014115000635;"Poli Barrique 1898";"700";6;2025;11;3;
"15175081";09355454000061;"Hither & Yon Shiraz";"750";3;2025;11;3;
"13206121";03760010532720;"Mirabeau Classique Côtes De Provence";"750";58;2025;11;3;
"15361360";08424487300835;"Juvé y Camps Essential Xarel-lo Cava";"750";66;2025;11;3;
"15395252";08802340112168;"Chum Churum Soju à La Pêche";"360";1008;2025;11;3;
"15524253";03662782101534;"Les Cerisiers";"750";25;2025;11;3;
"12257559";00805534970030;"Antico Podere Le Miccine Chianti Classico";"750";20;2025;11;3;
"14045525";08437011795328;"Bernabeleva Navaherreros Vinos De Madrid";"750";4;2025;11;3;
"394890";09312088413889;"Wolf Blass Yellow Label Cab.-S";"375";191;2025;11;3;
"15232630";00628011553140;"Comont Agave Noix de Coco";"700";12;2025;11;3;
"15255655";00087236430559;"Telmont Reserve Brut";"750";7;2025;11;3;
"14256787";03683080416229;"Damien Coquelet Morgon Côte du Py";"750";2;2025;11;3;
"15256631";00600074346044;"Le Bourg des Cèdres Joseph Lalonde";"750";15;2025;11;3;
"15064226";06284514188889;"Cirka Passion";"750";115;2025;11;3;
"15477952";03493399032238;"Maison Piron Morgon Côte du Py";"1500";-1;2025;11;3;
"10269521";03540350112437;"Château Laribotte Sauternes";"750";13;2025;11;3;
"14382329";00627843841449;"Les Bacchantes Rs1";"750";10;2025;11;3;
"15479085";03342832473179;"Chanson Père et Fils Beaune Premier Cru Clos des Fèves";"750";2;2025;11;3;
"15418776";05060996640012;"Càrn Mòr Linkwood Bourbon Barrel Spey Valley Single Malt";"700";2;2025;11;3;
"14280437";08437011788023;"Frisach L'Abrunet de Frisach Terra Alta";"750";197;2025;11;3;
"15440201";03760010294291;"Marthe Sigaud Bourgogne Pinot Noir";"750";1;2025;11;3;
"15476837";04000154768371;"Monier de la Sizeranne M. Chap outier";"750";2;2025;11;3;
"14090094";03513272120002;"Domaine Fouet Saumur Buvons des Fruits";"750";22;2025;11;3;
"15014042";00628176166117;"Crème de Menthe Cannelle Idola";"750";14;2025;11;3;
"15477426";03481630000665;"Château La Clémence Pomerol";"1500";3;2025;11;3;
"15020952";08016044000502;"Rubesco Vigna Monticchio Lungarotti Torgiano Riserva";"750";1;2025;11;3;
"15163435";09421023700141;"Urlar Gladstone Pinot Noir";"750";4;2025;11;3;
"15238185";00892447002125;"Neyen Espiritu de Apalta";"750";1;2025;11;3;
"14234676";06306461420260;"Laherte Frères Blanc de Blancs Brut Nature";"750";7;2025;11;3;
"14792395";00057496012291;"Valle della Rosa Pinot Noir Vin Rouge";"750";588;2025;11;3;
"15241288";00087647114345;"Tamnavulin Sherry Cask Speyside Single Malt";"750";2;2025;11;3;
"12880957";03760014980268;"Jean-Max Roger Sancerre Cuvée Les Caillottes";"750";12;2025;11;3;
"15301615";03760092520332;"Domaine Fond Croze Confidence Côtes du Rhône";"750";8;2025;11;3;
"15490735";00627843777038;"Les Vallons de Wadleigh Brut Méthode Traditionnelle";"750";6;2025;11;3;
"15438591";03516487140001;"Monplaisir Blanc Sec Monplaisir";"750";25;2025;11;3;
"13953089";07071292390202;"Domaine Amalgames chemin faisant";"750";10;2025;11;3;
"14641407";00827924914028;"Union Libre UL Chardonnay";"750";5;2025;11;3;
"10498121";08437003444951;"Finca Antigua Syrah La Mancha Crianza";"750";110;2025;11;3;
"15324585";00818201022208;"Le Serre Nuove dell'Ornellaia Bolgheri";"750";29;2025;11;3;
"14057075";03683080400082;"Chavy-Chouet Bourgogne Les Femelottes";"750";15;2025;11;3;
"15478171";03770030950039;"Bruyère et David Les Parcelles Saint-Joseph";"750";23;2025;11;3;
"13479196";03760082220037;"Domaine Seguinot-Bordet Chablis Vieilles Vignes";"750";20;2025;11;3;
"15316471";00745125365886;"Domaine Capmartin La Cuvée du Couvent";"750";11;2025;11;3;
"15463999";03700541522227;"Ballade de la Pointe Pomerol";"750";2;2025;11;3;
"14928846";00628504255773;"Noroi Esprit-du-Tennessee";"750";2;2025;11;3;
"15210781";04000152107813;"Domaine Les Monts Fournois Côte Cramant Grand Cru";"750";1;2025;11;3;
"10272077";00057496272077;"Sélection Châtenois rouge";"1000";2693;2025;11;3;
"15526283";08437020807227;"Camino del Bosque Garnacha Garnacha Carinena";"750";26;2025;11;3;
"15304921";05060568326795;"GlenAllachie Meikle Toir Original";"700";3;2025;11;3;
"15389080";03683080597102;"Les Maisons Rouges Jasnières sec L'Éclos";"750";52;2025;11;3;
"15525889";03535928079045;"Louis Jadot Chassagne- Montrachet";"750";2;2025;11;3;
"15344578";08051732911302;"Sito Moresco Gaja Langhe";"750";5;2025;11;3;
"12784703";05203888184021;"Kir-Yianni Ramnista";"750";7;2025;11;3;
"10257441";03760149590134;"Le Paradou Viognier";"750";12;2025;11;3;
"15302431";05202413607004;"Sans Rival Ouzo";"700";17;2025;11;3;
"14942867";03300944461101;"Grain Sauvage Jurançon Sec";"750";16;2025;11;3;
"14970745";03377450000926;"Charrette Rhum Blend";"700";3;2025;11;3;
"15302239";03760116961158;"Domaine d'Orfeuilles Vouvray";"750";2;2025;11;3;
"14682989";00628110058645;"HERA";"750";4;2025;11;3;
"13004115";00057496008188;"Smoky Bay Cabernet Sauvignon";"4000";3177;2025;11;3;
"14748554";08054317020338;"Terraquilia Terrebianche Zero Vegan Brut Nature";"750";3;2025;11;3;
"15289821";03760361302133;"Domaine de la Ferté Givry Clos de Mortières";"750";7;2025;11;3;
"13280558";03683080146751;"Bourgogne Aligoté Vini Viti Vinci";"750";2;2025;11;3;
"15461694";04000154616948;"Château de Beaucastel Châteauneuf-du-Pape";"750";27;2025;11;3;
"11861771";08436037407024;"Gaba Mencia";"750";4;2025;11;3;
"14748600";00627987314991;"Dist. La Manufacture Narval Narval";"750";4;2025;11;3;
"15525601";03760087182446;"Château Fourcas Dupré Listrac-Médoc";"1500";6;2025;11;3;
"15194776";00056049138693;"Wallaroo Trail Skip Cabernet Merlot Vin Rouge";"4000";520;2025;11;3;
"15497101";00873399002029;"J-P Maldant Bourgogne-Hautes- Côtes de Beaune";"750";8;2025;11;3;
"15223266";00628942355561;"Vignoble Ste-Angélique Argiles Noires";"750";5;2025;11;3;
"15348018";03700188066856;"Le Sec de Rayne Vigneau";"750";4;2025;11;3;
"15167153";00628678650374;"Pied Cochon Pomme à Chevreuil";"750";11;2025;11;3;
"15523787";03535928079656;"Louis Jadot Beaune 1er Cru Theurons";"750";6;2025;11;3;
"949677";03419466262285;"Château d'Armajan des Ormes Sauternes";"750";4;2025;11;3;
"14851931";05021349702894;"Tomintoul Tlàth Single Malt Speyside";"700";4;2025;11;3;
"14982771";03391180020498;"M. Chapoutier Combe Pilate Viognier Collines Rhodaniennes";"750";7;2025;11;3;
"14905601";00837294000719;"Miel Nature Vodka Saint-Louis";"500";5;2025;11;3;
"15210975";04000152109756;"Cédric Bouchard Roses de Jeanne Les Ursules UR Brut";"750";1;2025;11;3;
"14590380";00827924087029;"Côte de Vaudreuil Côte Blanche";"750";3;2025;11;3;
"15021226";08033229400766;"Tenuta La Fortuna Brunello di Montalcino";"750";1;2025;11;3;
"15404260";03049614236808;"Veuve Clicquot Rosé Coolers";"750";9;2025;11;3;
"15476917";03687080562658;"Xavier Gérard Côte-Rôtie";"750";2;2025;11;3;
"82529";00057496082522;"L'Auberge rouge";"20000";4;2025;11;3;
"15079567";09419161104242;"Seresin Dry Riesling Marlborough";"750";3;2025;11;3;
"10707114";08031802000198;"Cabernet Riserva Vignalta Colli Euganei";"750";12;2025;11;3;
"15472625";09006580231187;"The Six Kings Grüner Veltliner";"750";1;2025;11;3;
"15409440";08414825337838;"Mara Martín Godello Monterrei";"750";3;2025;11;3;
"13212571";03760255730004;"Anita Moulin-à-Vent Coeur de Vigneronne";"750";2;2025;11;3;
"15269774";08002001087228;"Cantina Tollo Puglia Primitivo";"750";-1;2025;11;3;
"15202641";08030198006487;"Vietti Perbacco Nebbiolo Vietti Perbacco Nebbiolo";"3000";1;2025;11;3;
"15086898";08010640004513;"Castagner Nuda Grappa";"500";2;2025;11;3;
"15266119";03683080580098;"Vinyes Singulars Minipuça";"750";3;2025;11;3;
"12561198";00635335119549;"Mas Janeil Le Petit Pas";"750";14;2025;11;3;
"14771404";04850011861291;"Karas White wine";"750";2;2025;11;3;
"11573867";05010494917949;"Glenmorangie Lasanta 12 Ans Sherry Cask Single Malt Scotch";"750";6;2025;11;3;
"15538604";03282946049986;"Nicolas Feuillatte Réserve Exclusive Brut";"750";7;2025;11;3;
"15273247";04260233781213;"S. Meyer Löss Spätburgunder";"750";4;2025;11;3;
"15447921";00659651422435;"Château Peyros Greenwich 43 N Madiran";"750";4;2025;11;3;
"14918761";07798051951053;"Altos Las Hormigas Colonia Las Liebres Malbec";"750";9;2025;11;3;
"863159";03760096270011;"Mas des Chimères Nuit Grave Terrasses du Larzac";"750";2;2025;11;3;
"14338328";06282501011578;"TP-Distillerie Mariana Avril";"1140";3;2025;11;3;
"15273811";06009615932557;"Ladybird Sur Lie Chenin Blanc";"750";1;2025;11;3;
"10863660";08033040490212;"Teroldego Marion Veronese i.g.t.";"750";2;2025;11;3;
"12396823";08033576200019;"Ferghettina Franciacorta Brut";"750";3;2025;11;3;
"10985780";08436005760700;"Luzon Jumilla";"750";1;2025;11;3;
"14549230";00696852145367;"Poplar Grove Pinot Gris Vallée de l'Okanagan";"750";1;2025;11;3;
"15240200";03547831421224;"Château de Chamilly Mercurey au Pied du Mont Morin";"750";2;2025;11;3;
"15526380";03760193930085;"Domaine Pinson Frères Chablis Premier Cru Vaugiraut";"750";3;2025;11;3;
"14284403";00056049136583;"Bodacious Cabernet Sauvignon";"750";180;2025;11;3;
"15442346";09338499004683;"Praxis Pinot Noir";"750";12;2025;11;3;
"15301949";03391180022461;"M. Chapoutier Petite Ruche Crozes-Hermitage";"750";3;2025;11;3;
"15393071";06282503720508;"Wabasso Original Vieilli";"700";5;2025;11;3;
"15017041";08056039311206;"Ferdinando Principiano Ravera di Monforte Barolo";"750";4;2025;11;3;
"15481222";03664395018858;"Maison Champy Beaune Premier Cru Aux Cras";"750";1;2025;11;3;
"13141339";06002039012645;"Porseleinberg Swartland";"750";-1;2025;11;3;
"11949406";07312040350063;"Absolut Raspberri vodka aromatisée";"750";10;2025;11;3;
"15505597";04000155055975;"Grande Côte François Cotat Sancerre";"750";6;2025;11;3;
"14977816";00627987101751;"Côte des Saints Gin Boréal";"750";5;2025;11;3;
"13932835";00056049135777;"Nicolas Laloux Sangria Rouge";"1000";11;2025;11;3;
"15466680";04000154666806;"B. et J-B Bachelet Chassagne- Montrachet Les Macherelles";"750";-1;2025;11;3;
"14861426";08029627192242;"Foradori Lezèr";"750";4;2025;11;3;
"15376713";04000153767139;"Domaine du Cellier aux Moines Chaumées Chassagne-Montrachet";"750";1;2025;11;3;
"14902638";00042604009973;"Heymann-Löwenstein Schieferte. Mosel";"750";2;2025;11;3;
"15409589";04000149524418;"Good intentions Wine Noir Dee Doot Dah";"750";1;2025;11;3;
"14913708";04000149137083;"Bourgogne Domaine Trapet Père et Fils";"750";1;2025;11;3;
"14623250";00628176744001;"Lore & Legends";"750";1;2025;11;3;
"15557012";00663239602638;"Harushika Sakura Junmai";"720";2;2025;11;3;
"10521029";03351001442410;"Domaine Faiveley Mercurey la Framboisière Monopole";"750";-1;2025;11;3;
"15285168";04000152851686;"Domaine Agisson Sancerre Équilibre";"750";6;2025;11;3;
"15322310";00827772201431;"Fèlsina Berardenga Chianti Classico Riserva";"750";1;2025;11;3;
"10254514";08002305009162;"Roccato Rocca delle Macie Toscana i.g.t.";"750";1;2025;11;3;
"15063514";09316770111428;"Shaw & Smith Riesling";"750";1;2025;11;3;
"13727903";00635335331699;"Humo Blanco Sauvignon Blanc";"750";1;2025;11;3;
"14480113";03770010616047;"Vignoble des Trois Terres Sylvaner Mouton Bleu";"750";1;2025;11;3;
"15515402";04000155154029;"Tenuté Luce La Vite Lucente Toscana";"3000";1;2025;11;3;
"14938171";00627987776690;"Microdistill. La Ponce Monarda";"750";1;2025;11;3;
"10656556";03431449023027;"Muré Sylvaner Originel";"750";0;2025;11;3;
"15082969";04000150829694;"Domaine Tupinier-Bautista Mercurey Les Vellées";"750";1;2025;11;3;
"15175524";08437020911535;"Villa Conchi";"750";-5;2025;11;3;
"12786717";00088586498954;"Columbia Crest Grand Estates Chardonnay Columbia Valley";"750";120;2025;11;3;
"15054415";03609051261773;"Château Giscours Margaux Grand Cru Classé";"750";1;2025;11;3;
"14532817";03683080416366;"Léon Boesch Les Pierres Rouges Sylvaner";"750";1;2025;11;3;
"15327698";00895958003209;"J. Lassaigne Grain de Beaté";"750";2;2025;11;3;
"14788898";00080686835585;"Hornitos Black Barrel";"750";1;2025;11;3;
"15336527";03700148104208;"Thierry et Pascale Matrot Meursault Blagny Premier Cru";"750";1;2025;11;3;
"15455462";00817217000347;"Romeo's Gin Zayrita Mangue Agave Lime 4 x 355ml";"355";1280;2025;11;3;
"11156174";02380394001844;"Auchentoshan 12 ans Lowland Single Malt Scotch Whisky";"750";187;2025;11;3;
"12889409";06009801298085;"Mullineux Kloof Street Chenin Blanc Swartland";"750";591;2025;11;3;
"13845512";06001495062478;"Amarula";"375";745;2025;11;3;
"11435181";08000440396413;"Stock 84";"1140";220;2025;11;3;
"11459677";03185130031029;"Pfaff Pinot Blanc Tradition";"750";997;2025;11;3;
"15210650";05603802400747;"Escriba Reserva";"750";1180;2025;11;3;
"107169";05010327414010;"Raynal V.S.O.P";"750";994;2025;11;3;
"15485928";00628942235757;"MIAMY, Amaretto Tropical";"750";43;2025;11;3;
"15319006";03760268930484;"Grand Chène Sélection Aristide Julian Gaillac";"750";51;2025;11;3;
"363457";00631470000131;"Famille Perrin Côtes du Rhône Réserve";"750";5984;2025;11;3;
"11184896";04067700012265;"Jagermeister";"1140";715;2025;11;3;
"4044";08000440392354;"Stock Lionello Blanc";"1000";1104;2025;11;3;
"485557";03500610014789;"J.P. Chenet Merlot-Cabernet Pays d'Oc";"750";2023;2025;11;3;
"13126059";00854745000845;"Ungava";"1140";961;2025;11;3;
"15428780";00057496014394;"Seventh Heaven Fraises et Rhubarbe 4 x 355ml";"355";1361;2025;11;3;
"15478189";08501110086202;"Havana Club Especial";"750";2731;2025;11;3;
"10671617";05014396001065;"El Dorado Original Dark Superior Demerara";"750";1439;2025;11;3;
"15443365";07803757349421;"Lazy Winemaker Carignan Vallée de Maule";"750";2;2025;11;3;
"13547208";00627843183228;"La Crème de Menthe de Isabelle";"750";682;2025;11;3;
"15252761";03514123340952;"Gérard Bertrand Héritage Pic Saint Loup";"750";82;2025;11;3;
"15525547";06282501018362;"Avril - Grands Voyageurs Coffret Prestige";"750";20;2025;11;3;
"266064";03186127844196;"Ormarine Picpoul de Pinet";"750";979;2025;11;3;
"467969";00085000018187;"Alamos Chardonnay Mendoza";"750";714;2025;11;3;
"10838801";05603016000160;"Adega de Pegoes Colheita Seleccionada Setubal";"750";2512;2025;11;3;
"15394698";00628011395191;"Crème Moonlight";"700";472;2025;11;3;
"15550831";06286784319857;"RetroFit Crème Soda";"700";477;2025;11;3;
"12454624";03330540202044;"Montagny Premier Cru Buissonnier";"750";18;2025;11;3;
"935833";04711400003824;"Boschendal Chardonnay Western Cape";"750";1263;2025;11;3;
"5215";00048415163088;"Meaghers Triple Sec";"750";3746;2025;11;3;
"443069";08032610310608;"Giacondi Trebbiano Rubicone";"1000";10311;2025;11;3;
"13788301";00063657011836;"Jackson-Triggs Pinot Grigio";"750";913;2025;11;3;
"10690501";03412251018012;"La Fille Couillaud Lord De La Ragotière Chardonnay";"750";1890;2025;11;3;
"14265771";00854745001200;"Chic Choc Rhum Épicé Noir";"750";992;2025;11;3;
"14681222";00628504255865;"Noroi Esprit-des-Caraïbes";"750";177;2025;11;3;
"13602924";03494980006133;"Domaine des Huards Crémant de Loire Initia";"750";56;2025;11;3;
"14286521";03760302360000;"François Chidaine Touraine";"750";460;2025;11;3;
"15195171";09120001624492;"Reinisch Pinot Noir Thermenregion";"375";122;2025;11;3;
"15454152";00051497473013;"Bouchon de champagne";"1";105;2025;11;3;
"14223782";08436613300091;"Familia Pujol-Busquets Alella PB";"750";375;2025;11;3;
"12698944";06001660004463;"Boschendal Pavillion Chenin Blanc Western Cape";"750";2649;2025;11;3;
"15190661";03760235983147;"La Closerie de Malescasse Château Malescasse";"750";54;2025;11;3;
"10845883";00892714001516;"Forget Brimont Brut Rosé Premier Cru";"750";269;2025;11;3;
"14504664";08594186260904;"Milan Nestarec Bel";"1000";221;2025;11;3;
"15324366";08410388013363;"Murviedro Pasion Monastrell";"750";1419;2025;11;3;
"13056370";00670814000901;"Astoria Fanò Asolo Prosecco Superiore";"750";465;2025;11;3;
"11184968";08002235023313;"Rocca di Montemassi Le Focaie Maremma Toscana";"750";1375;2025;11;3;
"13710811";05018089504574;"Perlage Terra Viva Pinot Grigio Delle Venezie";"750";1164;2025;11;3;
"15551622";00635335133064;"François Lurton Le Tiradou";"750";74;2025;11;3;
"15411427";06282503720768;"Wabasso Gin";"700";26;2025;11;3;
"10802832";00089419149036;"Man Cabernet-Sauvignon Cape Coast";"750";557;2025;11;3;
"14941549";07791728240177;"Santa Julia La Oveja Torrontes Mendoza";"750";573;2025;11;3;
"14646953";00827924071011;"Domaine l'Ange Gardien blanc";"750";18;2025;11;3;
"158550";03258438000001;"Laurent-Perrier Cuvée Rosé Brut";"750";198;2025;11;3;
"15052858";03700188060441;"Château Ormes de Pez Saint-Estèphe";"750";4;2025;11;3;
"245530";05010867800038;"Leacock's Rainwater Madère";"750";29;2025;11;3;
"15041008";08003930001323;"Santa Margherita Trevenezie";"750";239;2025;11;3;
"12355431";08002062001768;"Masi Tupungato Passo Blanco Pinot Grigio-Torontes Uco";"750";331;2025;11;3;
"10867530";03460410540034;"Pierre Ferrand Ambré Cognac Grande Champagne 1er cru";"700";34;2025;11;3;
"15528334";08410113569530;"Sangre de Toro Léger";"750";176;2025;11;3;
"15288895";03380650003710;"Ferraton Père & Fils Syrah";"750";465;2025;11;3;
"10826105";06415139809679;"Oyster Bay Pinot Noir Marlborough";"750";169;2025;11;3;
"15384351";05741000800034;"Faxe Royal Strong";"473";2400;2025;11;3;
"45195";08001660109753;"Ruffino Riserva Ducale Chianti Classico Riserva";"750";768;2025;11;3;
"10802904";03525490010232;"Les Jamelles Pinot Noir Pays d'Oc";"750";4040;2025;11;3;
"14817716";00827924037253;"Domaine du Ridge Couleur";"500";1;2025;11;3;
"12553665";03267130032432;"Trois-Rivières Cuvée l'Océan";"700";167;2025;11;3;
"14250211";07791540051395;"A thousand Lives Cabernet- Sauvignon Mendoza";"750";896;2025;11;3;
"13864238";00628250939019;"BleuRoyal Gin";"750";293;2025;11;3;
"12721905";08410451009446;"Bodegas Paniza Vinas Viejas Carinena Reserva";"750";956;2025;11;3;
"560722";03750026020014;"Chatons du Cèdre Cahors";"750";1435;2025;11;3;
"10211397";03760027690130;"Domaine de la Garrelière Cuvée Cendrillon Touraine";"750";171;2025;11;3;
"15269926";00827924076177;"Mon Pinot Gris D'Amours";"750";148;2025;11;3;
"14954868";00628011228994;"Cherry River Rhum Épicé";"750";108;2025;11;3;
"13587963";03760188291108;"Arnaud Lambert Saumur Les Parcelles";"750";517;2025;11;3;
"14900034";00628176744117;"Lore & Legends London Dry Gin";"750";20;2025;11;3;
"14696029";07804649960021;"Maturana Wines Naranjo Valle del Maule Loncomilla";"750";68;2025;11;3;
"166";05601012011500;"Mateus The Original";"750";464;2025;11;3;
"14179726";03770013326011;"Domaine Ledogar Corbières La Compagnon";"750";8;2025;11;3;
"15378233";00827924037345;"Domaine du Ridge Seyval-Vidal";"750";73;2025;11;3;
"15462793";00628011395214;"Moonlight Rhum Soda Gingembre 4 x 355 ml";"355";471;2025;11;3;
"15479000";03351001012316;"Domaine Faiveley Nuits-Saint- Georges Premier Cru Les Porêts";"750";7;2025;11;3;
"189415";00080432127070;"Wyndham Estate Bin 555 Shiraz";"750";22;2025;11;3;
"14057631";03683080542461;"Vignobles Bulliat Morgon Colombier";"750";18;2025;11;3;
"14810477";06282501012322;"Mariana Saint-Crème Végane";"750";7;2025;11;3;
"15143784";08034097964053;"Ca'Di Rajo Lemoss Rosé";"750";169;2025;11;3;
"15299412";00627987734584;"Fou Gin Spritz (4 x 250 ml)";"250";1082;2025;11;3;
"14977568";03537470212710;"Domaine du Vieux Collège Fixin Vieilles Vignes";"750";70;2025;11;3;
"13507118";04260031854102;"Donnhoff Weissburgunder";"750";1;2025;11;3;
"15484618";00695554020996;"Milton Amour Platonique";"750";21;2025;11;3;
"15434160";00628942884993;"Silly Billy Cornichons";"750";80;2025;11;3;
"13946111";06008922000195;"Le Bonheur Sauvignon Blanc Stellenbosch";"750";107;2025;11;3;
"14559391";00627987287301;"Domaine Nokomis Origines";"750";6;2025;11;3;
"15193132";03760265271245;"Domaine de la Navicelle A Flot Côtes de Provence";"750";10;2025;11;3;
"12829051";03248847699354;"Domaine Cazes Pays d'Oc Cap au Sud";"750";221;2025;11;3;
"15511014";00859670001752;"Paulo Eden";"750";548;2025;11;3;
"11353047";08014629212319;"Oltre Pio Cesare Langhe";"750";13;2025;11;3;
"14879693";03378482103197;"Le Cerf Blanc Touraine Sauvignon";"750";1393;2025;11;3;
"14366759";05601174820002;"J. M. da Fonseca O%riginal Syrah";"750";101;2025;11;3;
"14820552";00895958003049;"J-C Chanudet Chat'rdonnay La Cuvée du Chat Blanc";"750";5;2025;11;3;
"13189560";09415305087457;"Matua Pinot Grigio Malborough";"750";41;2025;11;3;
"14606695";00895958001991;"Matassa Olla Blanc";"750";1;2025;11;3;
"15180358";00080432000113;"Jameson Irish Whiskey 18 Ans";"750";1;2025;11;3;
"896399";03760088892665;"Château Le Puy Emilien";"500";49;2025;11;3;
"15110245";00048162017214;"Trius Distinction Cabernet Sauvignon";"750";151;2025;11;3;
"15042836";03371808000873;"Bailly Lapierre Bourgogne Chitry";"750";98;2025;11;3;
"12931021";03760109875943;"Domaine du Gros Noré Bandol rosé";"750";15;2025;11;3;
"15324981";03760087181487;"Château Fourcas Dupré Listrac-Médoc";"750";97;2025;11;3;
"15509715";03062670392356;"Grande Cuvée Crémant de Limoux 1531";"750";64;2025;11;3;
"14207416";08437011734259;"Moraza 4 Caminos Viura  Rioja Alta San Vicente la Sonsierra";"750";19;2025;11;3;
"15306281";00088076189201;"Cîroc Limonata";"750";6;2025;11;3;
"14152574";03760259571108;"Château Trianon Saint-Emilion Grand Cru";"750";18;2025;11;3;
"14469504";03683080424668;"Original Petit Bois";"750";4;2025;11;3;
"15473741";05941979201058;"Viile Metamorfosis Feteasca Regala";"750";10;2025;11;3;
"15163355";00660111607293;"Les Spiritueux Raynault Chat Bleu Framboises Bleues";"750";96;2025;11;3;
"14960070";03760014980589;"Jean-Max Roger Sancerre Cuvée Marnes et Caillottes";"750";52;2025;11;3;
"14642418";04000146424186;"Marsannay Domaine Sylvain Pataille";"750";5;2025;11;3;
"727453";03258064128803;"Krug Grande Cuvée";"750";3;2025;11;3;
"12194720";03391180024663;"M. Chapoutier La Ciboise Lubéron";"750";2;2025;11;3;
"13904578";08028920040021;"Caruso & Minini Naturalmente Bio Nero D'Avola";"750";0;2025;11;3;
"15097941";08016963001031;"Luigi Righetti Villa Amarone Della Valpolicella";"750";61;2025;11;3;
"15526953";00873922005664;"Patrick Piuze Chablis Terroir de Fleys";"750";13;2025;11;3;
"15327233";03569401016067;"Réserve du Champs des Nummus";"750";14;2025;11;3;
"11232501";03412952305596;"Ségla Margaux";"750";59;2025;11;3;
"15194215";03191010010138;"Berger Pastis de Marseille";"700";105;2025;11;3;
"11895381";05607897001193;"Quinta da Falorca Dao";"750";6;2025;11;3;
"14560121";08000395050002;"Alois Lageder Schiava Alto Adige";"750";198;2025;11;3;
"15180551";00628634985311;"Intrus Pas de Samedi sans Soleil";"750";28;2025;11;3;
"14220856";03770000714708;"Château La Lauzette Haut-Médoc";"750";26;2025;11;3;
"15264092";03760311854392;"Pet Nat par Louis Vallon";"750";31;2025;11;3;
"13830679";08051770210221;"Brunello di Montalcino Querce Bettina";"750";6;2025;11;3;
"14814232";03760208652650;"Château Brown Pessac-Léognan";"750";1;2025;11;3;
"13152185";03263281733839;"Grand Sud Syrah";"1000";135;2025;11;3;
"15177925";00628341610780;"McKeown Bone Dry Cerises (4 x 355 ml)";"355";12;2025;11;3;
"12392777";03760047090972;"Pinot gris Fronholz Ostertag Alsace";"750";4;2025;11;3;
"15271655";00622837000918;"St-Nicolas Moût de Pomme aux Canneberges";"750";52;2025;11;3;
"15473118";04906630459453;"Karaku Iwaï Junmai Ginjo";"300";17;2025;11;3;
"15348114";04000153481141;"Renato Ratti Barolo Marcenasco Barolo";"750";41;2025;11;3;
"15136672";05200040230039;"Ktima V. Seitanidi Yperterra";"750";16;2025;11;3;
"13989971";00855569001582;"Cloudsley Pinot Noir Twenty Mile Bench";"750";12;2025;11;3;
"14203992";03700293030964;"Brochet Réserve Pinot Noir";"750";23;2025;11;3;
"14701300";00627843561903;"Sainte-Marie Mojito (4 x 355ml)";"355";68;2025;11;3;
"12856640";03584601110803;"Chardonnay Domaine Baud Cuvée Flor Côtes du Jura";"750";7;2025;11;3;
"13822433";03770001541297;"Patrick Piuze Les Boutots Bourgogne Tonnerre";"750";45;2025;11;3;
"15410029";03433815212004;"Château Jolys Jurançon Sec";"750";5;2025;11;3;
"15127063";03328155019812;"Château Bourgneuf Pomerol";"750";3;2025;11;3;
"15111070";09120066300522;"Weingut Schödl Pét Naturel";"750";8;2025;11;3;
"14788599";07071292390448;"Domaine Amalgames Entrez dans la Danse";"750";5;2025;11;3;
"15210334";08033116409742;"CIAO";"1000";3;2025;11;3;
"15232971";00628055831501;"Miellerie King Tradition";"750";3;2025;11;3;
"15458188";08437009530979;"Mas Blanch i Jové Troballa Costers del Segre";"750";22;2025;11;3;
"14157455";00057496009550;"À LA CARTE Pinot noir vin rouge";"750";1680;2025;11;3;
"15261297";00721733000968;"Patron Anejo";"375";10;2025;11;3;
"10300023";08003015701179;"Carpineto Riserva Chianti Classico";"750";4;2025;11;3;
"13903401";04904070055440;"Nihonsakari Nama Genshu Daiginjo";"200";4;2025;11;3;
"15529943";00087752003435;"Bartenura Pinot Grigio Provincia di Pavia";"750";139;2025;11;3;
"15448158";03359952001007;"Deutz Brut Classic";"375";9;2025;11;3;
"11674529";03113841004001;"Champagne Ayala Rosé Majeur";"750";1;2025;11;3;
"15518241";00654717700410;"Robin Pourpre Saison de Blé à la Camerise";"750";24;2025;11;3;
"642967";00056049429678;"Les Truffes cuvée de Chaumet Merlot rouge";"750";204;2025;11;3;
"15078249";00839851000033;"Dist. du Fjord Smash";"500";4;2025;11;3;
"15245650";08003807003597;"Borgogno Barolo";"750";5;2025;11;3;
"15515541";04000155155415;"Amiot Servelle Chambolle-Musigny";"750";5;2025;11;3;
"15305122";03760101759234;"Château de Rhodes Gaillac";"750";1;2025;11;3;
"15534398";00628678354630;"Les Bottes Rouges Tôt ou Tard Côtes du Jura";"750";6;2025;11;3;
"13919438";03701276100001;"Clos de l'Ours L'Accent";"750";10;2025;11;3;
"15181692";03260980028204;"Jean Claude Boisset Aligoté Bourgogne";"750";1;2025;11;3;
"12470991";03419640011609;"Tribaut Schloesser Cuvée René Extra Brut";"750";5;2025;11;3;
"15077473";03683080594897;"Domaine Gramenon Côtes du Rhône Vie on y est";"750";1;2025;11;3;
"15512316";08426771142022;"Grandes Lindes de Remelluri Jesusa Areta San Vicente de la";"750";2;2025;11;3;
"15477784";06903431110529;"Xinghua Cun Fen Chiew";"750";37;2025;11;3;
"15474524";06384265081337;"La Solitude Côtes-du-Rhône";"750";4;2025;11;3;
"13637713";05021349700029;"Tomintoul 16 ans Speyside Single Malt";"700";6;2025;11;3;
"15514995";00818201022420;"Le Serre Nuove dell'Ornellaia Bolgheri";"3000";2;2025;11;3;
"15477590";00990312148364;"C Rosé Vin de Canneberge";"750";57;2025;11;3;
"15302079";04000153020791;"Domaine Jean-Paul et Benoit Droin Chablis";"750";-1;2025;11;3;
"215053";00774336150530;"Notre Vin Maison rouge";"500";1732;2025;11;3;
"15266565";08054382930761;"Le Ragnaie Brunello di Montacino Casanovina Montosoli";"750";1;2025;11;3;
"13588704";08437014045161;"Historic Tinto Terroir AL Lt";"750";2;2025;11;3;
"10835845";00817411001225;"Glen Breton Single Malt whisky canadien";"750";2;2025;11;3;
"11565955";00818276000347;"Umberto Cesari Liano Rubicone";"1500";20;2025;11;3;
"11633612";03770003649328;"Domaine Vincent Carême Vouvray sec";"750";33;2025;11;3;
"15320453";09337461001088;"Whistler Double Back Grenache";"750";1;2025;11;3;
"12211067";00736040011798;"Cabernet Sauvignon Yarden Golan Heights Galilée";"750";5;2025;11;3;
"14183389";00628110144508;"Lagabière Neipa IPA";"473";14;2025;11;3;
"15484221";03760060197993;"Domaine de Cristia Chapelle St Théodoric Châteauneuf-du-Pape";"750";2;2025;11;3;
"12903670";08410591003854;"Tempranillo/Graciano/Mazuelo Imperial Reserva CVNE Rioja";"1500";3;2025;11;3;
"12042591";08033675413112;"Cascina Nuova Elvio Cogno Barolo";"750";16;2025;11;3;
"15510011";04000155100118;"Philippe Colin Chassagne- Montrachet";"750";1;2025;11;3;
"14963094";00878102003027;"Hidden Bench Riesling Beamsville Bench";"750";18;2025;11;3;
"15319170";03760207220263;"Samuel Billaud Bourgogne D'Or";"750";7;2025;11;3;
"13736121";03770010915003;"Domaine Milan Ma Terre";"750";3;2025;11;3;
"503094";00088076188280;"Oban Distillers Edition Highland Single Malt";"750";1;2025;11;3;
"15523613";08437003857706;"Bienbebido Come Pulpo";"750";12;2025;11;3;
"15361440";03760149592725;"Château Pesquié Ventoux Quintessence";"750";21;2025;11;3;
"12361170";08016001000026;"Prunotto Barbaresco";"750";1;2025;11;3;
"12294940";00012086006494;"Château Bélair-Monange Saint- Émilion 1er Grand Cru Classé";"750";1;2025;11;3;
"15234803";03760154423038;"Château Jean Faure Saint- Emilion Grand Cru";"750";1;2025;11;3;
"15447024";03683080597287;"Sigurd MEG";"750";9;2025;11;3;
"15108364";07798149880913;"Alpamanta Breva Pet Nat Criolla";"750";4;2025;11;3;
"15449572";00628942566523;"Amazura Arômes Exquis";"750";7;2025;11;3;
"14294142";00632070101426;"Balblair 15 ans Highland Single Malt";"750";3;2025;11;3;
"11860583";00736040525530;"Alon Galil Mountain Haute Galilée";"750";43;2025;11;3;
"14479981";00895958001922;"Domaine J. Chamonard Fleurie Droit de Véto";"750";8;2025;11;3;
"14555411";00185729000774;"Bachelder Les Villages Gamay Niagara";"750";3;2025;11;3;
"15198646";03770016115490;"Château Canon PGCC Saint-Émilion";"750";2;2025;11;3;
"15475121";03453521294361;"Château Haut-Bages Libéral Pauillac";"1500";22;2025;11;3;
"13212002";03766699211109;"Château Revelette";"750";1;2025;11;3;
"14798658";03296332020107;"Carruades de Lafite Pauillac";"750";1;2025;11;3;
"12502868";00627843423843;"Le Château de la Grange Le Chant des Vignes";"750";3;2025;11;3;
"15295526";00672975507916;"Meinklang Stillwater Ancient Grain Sour Ale";"500";1;2025;11;3;
"12291491";03362710000013;"Domaine des Rabichattes Pouilly-Fumé Les Loges";"750";4;2025;11;3;
"15384596";05010494995763;"Ardbeg Y2K Islay Single Malt";"700";1;2025;11;3;
"15454970";03328155030732;"Château Calon Ségur Saint-Estèphe Grand cru classé";"1500";5;2025;11;3;
"15222634";08033040820316;"Giuseppe Quintarelli Rosso Ca' del Merlo Veneto";"750";1;2025;11;3;
"15222061";00808755020218;"LaStella Winery Fortissimo";"750";3;2025;11;3;
"15373627";03536650803007;"E. Guigal Crozes-Hermitage";"1500";1;2025;11;3;
"15163427";09421030650224;"Luna Estate Sauvignon Blanc";"750";8;2025;11;3;
"15247250";00057496003121;"Toro Loco Macabeo-Chardonnay Vin Blanc";"1000";1344;2025;11;3;
"11337910";00896612001012;"Buil & Giné Giné Giné Priorat";"750";1;2025;11;3;
"14141437";00897076002003;"Bulldog Gin";"750";2;2025;11;3;
"13028192";03270250273746;"Cave de Crouseilles Grains de Roy Pacherenc du Vic";"750";3;2025;11;3;
"15373272";03760188023129;"Champagne Charpentier Terre d'Émotion Blanc de Noirs";"750";1;2025;11;3;
"14347582";08437006260022;"Envinate Benje";"750";1;2025;11;3;
"11896121";03760161040624;"Riesling Rosenberg Domaine Barmes Buecher Alsace";"750";2;2025;11;3;
"15484036";04000154840367;"André Perret St-Joseph";"750";1;2025;11;3;
"15274952";08437007685220;"Cruz De Alba Finca Los Hoyales Ribera del Duero";"750";3;2025;11;3;
"12887809";08413472050015;"Lan Edicion Limitada Rioja";"750";0;2025;11;3;
"15467560";00628678354937;"Alexis Hudon Groseille";"750";10;2025;11;3;
"15485848";03760027872055;"Charles Audoin Marsannay Cuvée Marie Ragonneau";"750";1;2025;11;3;
"13377966";03700188040269;"Château Léoville Las Cases Saint-Julien Grand Cru Classé";"750";2;2025;11;3;
"15356608";08032804342644;"Azelia Barolo Cerretta";"750";1;2025;11;3;
"14729249";07798331100614;"Vid.a Bee Free Chardonnay Torrontes Mendoza";"750";8;2025;11;3;
"13418406";00080686820024;"Alberta Premium Canadian Rye";"750";4;2025;11;3;
"14824140";00057496011812;"Seventh Heaven Lime Non-alcoolisé (4x355mL)";"355";12;2025;11;3;
"14348243";05600789937013;"Maçanita Douro";"750";1;2025;11;3;
"15207485";03455370110229;"Pignier Crémant du Jura Brut Nature";"750";3;2025;11;3;
"14393335";03760040180144;"Château Marjosse Bordeaux";"750";7;2025;11;3;
"15082951";04000150829519;"Domaine Tupinier-Bautista Mercurey En Sazenay";"750";1;2025;11;3;
"15407268";03760163409979;"Domaine Zind-Humbrecht Pinot Gris Roche Calcaire";"750";7;2025;11;3;
"15308075";04000153080757;"Mathieu Apffel Vin de Savoie Apremont Avant la Tempête";"750";1;2025;11;3;
"13839745";04260485532342;"Frey Estate Organic Riesling";"750";2;2025;11;3;
"15551665";03292146642221;"Descas Père et Fils Margaux Grand Vin";"750";1;2025;11;3;
"15243267";00628176471495;"Rosemont Agave Vieilli Édition Limitée";"750";5;2025;11;3;
"15428510";09120051724319;"Markus Altenburger Joiser Reben";"750";5;2025;11;3;
"15215936";03536651101003;"Château de Nalys Rouge";"750";2;2025;11;3;
"15305026";05060568326818;"GlenAllachie Meikle Toir Chinquapin One";"700";1;2025;11;3;
"15489937";03701151702726;"Philippe Bouzereau Meursault Vieux Clos du Château Citeaux";"750";6;2025;11;3;
"13620815";03538490199302;"Domaine du Mont Épin Mâcon- Péronne";"750";12;2025;11;3;
"15455471";00080686009610;"Canadian Club La Caisse Club 12 X 355 ml";"355";12;2025;11;3;
"12877310";00088076180406;"Cîroc Pineapple Boisson à base de spiritueux";"750";2;2025;11;3;
"15057691";03380820091868;"Virginie de Valandraud Saint-Emilion grand cru";"750";1;2025;11;3;
"15368019";03760165375036;"J. Boutin St-Joseph Hommage à Jean";"750";3;2025;11;3;
"15166361";08003807003283;"Borgogno Cannubi Barolo";"750";1;2025;11;3;
"15281159";08437002141141;"Mas Tinell Gisele Xarel -Lo Penedès";"750";2;2025;11;3;
"15514653";08410866433034;"Arienzo de Marqués de Riscal Crianza Rioja Alavesa";"750";9;2025;11;3;
"15344738";08028777004207;"Aldo Conterno Colonnello Bussia Barolo";"750";1;2025;11;3;
"15439770";03591860111014;"Château la Brande Castillon Côtes de Bordeaux";"750";2;2025;11;3;
"15327920";08423339965505;"Condado de Haza Ribera del Duero Reserva";"750";1;2025;11;3;
"15234758";04000153094570;"Château de Pez Saint-Estèphe";"750";3;2025;11;3;
"15525424";03662782101510;"N°3 d'Angélus Saint-Emilion";"750";2;2025;11;3;
"15516966";00895958008235;"Chartogne-Taillet Les Couarres";"750";2;2025;11;3;
"14885794";00839905007261;"Les Bertrand Les Bambins Saint-Amour";"750";1;2025;11;3;
"11530795";07804603661278;"Chocalan Gran Reserva Syrah Origen Valle Del Maipo";"750";1456;2025;11;3;
"14183362";04902051320679;"Tatsuuma Honke Brewing Hakushika Junmai Namachozo";"720";61;2025;11;3;
"14567438";01513794500018;"Radoune";"700";299;2025;11;3;
"12849";04902650260536;"Hakutsuru sake";"720";4667;2025;11;3;
"10865307";03760027482117;"Château la Mothe du Barry Bordeaux Supérieur";"750";485;2025;11;3;
"12284709";03760212400117;"Perraud Mâcon Villages Chardo.";"750";401;2025;11;3;
"15061578";00827924003012;"Côtes d'Ardoise La Maredoise";"750";69;2025;11;3;
"13994930";03760103990093;"Rémi Pouizin Côtes du Rhône Les Pious";"750";1214;2025;11;3;
"570036";03309280016570;"Labouré-Roi Princesse Maudite Côteaux Bourguignons";"750";4084;2025;11;3;
"202499";03357780000414;"Cazal-Viel Vieilles Vignes Pays d'Oc";"750";1348;2025;11;3;
"10960777";08028262000158;"Cusumano Syrah Sicilia";"750";2566;2025;11;3;
"10394955";07791728018134;"Fuzion Shiraz / Malbec Mendoza";"750";870;2025;11;3;
"15237326";00852396001099;"Humble Coco-Ananas Distillerie du Quai";"750";14;2025;11;3;
"13477043";04260196280136;"Leitz Eins-Zwei-Zero Riesling désalcoolisé";"750";915;2025;11;3;
"15149238";00080480987800;"Bacardi Pina Colada (6 x 355 ml)";"355";4343;2025;11;3;
"2337";03394210004109;"St-Raphaël apéritif";"750";761;2025;11;3;
"964569";08016963000041;"Luigi Righetti Campolieti Valpolicella Ripasso";"750";2182;2025;11;3;
"15370282";00834482000223;"Pascal Bouchard Chablis Vieilles Vignes";"750";16;2025;11;3;
"153197";00057496153192;"Cuvée Saint-Pierre blanc";"4000";1451;2025;11;3;
"857177";03499290000017;"Clos la Coutale Cahors";"750";1532;2025;11;3;
"14682882";00627987103670;"Cherry River Petits Fruits Basilic";"750";491;2025;11;3;
"245241";00709067107096;"San Felice Chianti Classico";"750";770;2025;11;3;
"704817";03192040510728;"Côtes Rocheuses Saint-Émilion Grand Cru";"750";691;2025;11;3;
"13860229";03701151702535;"Philippe Bouzereau Les Duresses Auxey-Duresse Premier";"750";56;2025;11;3;
"14882526";00695554018214;"Cidrerie Milton Orig. Canette (4 x 355 ml)";"355";963;2025;11;3;
"15326880";00854125003015;"Tres Agaves Reposado";"750";12;2025;11;3;
"15464406";03443627819278;"Domaine William Fèvre Chablis";"750";54;2025;11;3;
"11741285";08410113003508;"Torres Celeste Ribera Del Duero Crianza";"750";4578;2025;11;3;
"13356823";03176781040232;"S. de la Sablette Sauvignon Blanc";"3000";1535;2025;11;3;
"560078";08010158111352;"Fontana Morella Rosso";"1000";772;2025;11;3;
"15545038";00827924037482;"Domaine du Ridge Lucy K.";"750";25;2025;11;3;
"10669242";08005390008058;"Sartori Ripasso Valpolicella Superiore Valdimezzo";"750";1932;2025;11;3;
"12073995";00012354000995;"19 Crimes Shiraz/Grenache/Mat.";"750";4510;2025;11;3;
"14480341";00852652001092;"Verger Hemmingford Spritzol (4x250 ml)";"250";310;2025;11;3;
"15411435";06282503720744;"Distillerie Wabasso Conifère";"700";135;2025;11;3;
"15149983";03760030840539;"Chateau Palais Cardinal Saint-Emilion Grand Cru";"750";150;2025;11;3;
"15095305";00895958005487;"Cham. Tarlant Zero Brut Nature";"750";250;2025;11;3;
"13750062";08057165330086;"Francesco Cirelli Trebbiano d' Abbruzzo";"750";935;2025;11;3;
"13992977";04260196280181;"Leitz Eins-Zwei-Zero désalcoolisé";"750";131;2025;11;3;
"14815139";00721059011143;"Skyy";"1140";853;2025;11;3;
"15103598";00848819000817;"White Claw Hard Seltzer Surge Caisse Mixte (12 X 355ml)";"355";4895;2025;11;3;
"36483";08410113003119;"Torres Gran Coronas Reserva";"750";4581;2025;11;3;
"11662683";07460855202197;"Brugal Anejo Superior";"750";2124;2025;11;3;
"15210490";08411971050314;"Pleno Navarra";"750";690;2025;11;3;
"15523701";09120038120912;"Eschenhof Holzer Grüner Veltliner Wagram";"750";227;2025;11;3;
"623678";05011026145878;"Carolans";"1140";2904;2025;11;3;
"14161702";00827924038069;"Artisans du Terroir Daumeray Blanc";"750";66;2025;11;3;
"15329394";00817217000477;"Romeo's gin ZAY";"750";203;2025;11;3;
"13993013";03514311000194;"Le Grand Ballon Gamay Val de Loire";"750";375;2025;11;3;
"14064101";05601237001478;"Bacalhoa Catarina";"750";486;2025;11;3;
"153379";00000570962050;"Martini & Rossi Asti";"1500";285;2025;11;3;
"15153923";00627987126075;"Cartier-Potelle Lot 100 Dix rg";"750";1;2025;11;3;
"14699473";00854745000562;"Ungava Gin & Tonic 4 x 355 ml";"355";633;2025;11;3;
"15210385";05998623530590;"Giovinello Pink Pinot Grigio";"750";528;2025;11;3;
"10259753";03760087400038;"Mourgues Du Grès Les Galets Costières de Nîmes";"750";610;2025;11;3;
"65086";00839183000145;"Frescobaldi Castello di Pomino";"750";1519;2025;11;3;
"739623";03328155003972;"Jean-Pierre Moueix Pomerol";"750";187;2025;11;3;
"11096159";03760039380463;"Mas Las Cabes Cotes du Roussillon";"750";399;2025;11;3;
"14790605";03760193357127;"Château Recougne Bordeaux Supérieur";"750";789;2025;11;3;
"14160144";03293640700165;"Christian Drouin Calvados Sélection";"700";37;2025;11;3;
"11387298";08437011078902;"Otazu Premium Cuvée Navarra";"750";3105;2025;11;3;
"323113";00878448003132;"Mouton Cadet Bordeaux";"375";602;2025;11;3;
"425488";08006725100256;"Cannonau di Sardegna Riserva Sella & Mosca";"750";1123;2025;11;3;
"15503971";08003930001101;"Santa Margherita Valdobbiadene Prosecco Superiore";"750";482;2025;11;3;
"10472888";08411789060116;"Monte Ducay Carinena Gran Res. Bodegas San Valero";"750";942;2025;11;3;
"12386334";08003625071822;"Lady Lola Terre Siciliane";"750";368;2025;11;3;
"15458111";00080432002117;"Jameson Triple Triple";"750";272;2025;11;3;
"15328771";00673943337610;"Herencia Espresso";"750";17;2025;11;3;
"15210297";00057496000410;"Me Time Cabernet Sauvignon";"750";681;2025;11;3;
"713354";08004012000036;"Caparzo Rosso di Montalcino";"750";1096;2025;11;3;
"13369966";05604823007571;"Vallado Quinta do Orgal Douro Superior";"750";42;2025;11;3;
"11156297";03337690178069;"Vicente Faria Gloria Reserva DOC Douro";"750";1463;2025;11;3;
"14977269";09419227009177;"Kim Crawford Illuminate Rosé";"750";18;2025;11;3;
"11962897";04437603068971;"Blau Montsant";"750";466;2025;11;3;
"14028830";00852480004098;"Poggio Bonelli Chianti Classico";"750";129;2025;11;3;
"15180139";04989880701312;"Shichiken Junmai Ginjo Taste of Velvet";"300";31;2025;11;3;
"1925";03049197110786;"Courvoisier V.S.";"750";420;2025;11;3;
"13551670";03760177601031;"Marchand-Tawse Joie de Vigne Bourgogne";"750";175;2025;11;3;
"15020936";03583150001907;"Domaine Eric Chevalier Émeri";"750";36;2025;11;3;
"14961806";00057496012727;"Seventh Heaven, Bleuets Canneberges (4X355ml)";"355";6550;2025;11;3;
"884247";03304116060000;"Château de Beaulon 5 ans rouge Pineau des Charentes";"750";97;2025;11;3;
"13394766";00608057106388;"Errazuriz Cab. Sauv. Aconcagua";"750";507;2025;11;3;
"14404719";00628504255056;"Noroi Brise Glace Gin & Tonic (4 x 355 ml)";"355";2503;2025;11;3;
"453084";03185370729960;"Moët & Chandon Impérial Brut";"750";975;2025;11;3;
"34637";00080686816126;"Canadian Club";"1750";1235;2025;11;3;
"14733096";08004012001651;"Caparzo Brunello di Montalcino";"750";266;2025;11;3;
"15247241";04260199781029;"Weingut Schmitt d.b Riesling";"1500";6;2025;11;3;
"10968779";08014115000543;"Italiano di Poli brandy";"700";13;2025;11;3;
"14179494";08002235033305;"Coffret Cadeau Zonin Prosecco + 2 Flûtes";"750";58;2025;11;3;
"22707";00088004400514;"de Kuyper Genièvre";"1750";745;2025;11;3;
"15498964";05998623531313;"Is This it? Grüner Veltliner";"750";117;2025;11;3;
"12763321";08005829033156;"Bottega Gold";"1500";7;2025;11;3;
"15489793";03258432490006;"Laurent-Perrier La Cuvée Brut";"375";16;2025;11;3;
"15455391";00062067421952;"SVNS Hard 7UP Caisse Mixte 12 x 355 ml";"355";1530;2025;11;3;
"15029826";03760138254733;"Château d'Arche A Bordeaux Blanc";"750";30;2025;11;3;
"13448162";00627843561835;"Sainte-Marie Rhum épicé";"750";119;2025;11;3;
"14184453";03760011903529;"Domaine Yohan Lardy Moulin-à- Vent Les Michelons";"750";53;2025;11;3;
"14984055";00628242481144;"Dom. Lafrance Cidre Bio Rosé Pétillant (4 x 250 ml)";"250";79;2025;11;3;
"739243";03536650801003;"E. Guigal Crozes-Hermitage";"750";272;2025;11;3;
"14801280";00895958002011;"Le Sot de l'Ange ALZ";"750";953;2025;11;3;
"14954411";00628110292261;"Dom Labranche Signat. St-Pépin";"750";10;2025;11;3;
"14977525";03515050530751;"Domaine du Vieux Collège Marsannay Les Vignes Marie";"750";26;2025;11;3;
"12355061";00063829999245;"Intermiel Chouchen'n Signé Macle";"750";41;2025;11;3;
"15238513";05060568326214;"GlenAllachie 8 ans Scottish Virgin Oak Speyside Single";"700";1;2025;11;3;
"10858123";08000268750237;"Ilico Illuminati Montepulciano d'Abruzzo";"750";573;2025;11;3;
"13188903";09300727021045;"Jacob's Creek Pinot Grigio";"750";867;2025;11;3;
"15014173";00628176471402;"Rosemont Rhum à la Vanille";"750";121;2025;11;3;
"14730881";03770020042003;"Semelles de Vent Vacqueyras Séduction";"750";214;2025;11;3;
"12260037";03760099780067;"Épaulé Jeté Cuvée Trinch Bourgueil";"750";280;2025;11;3;
"15483463";04000151795097;"Tequila Aman Blanco Rosa";"750";1;2025;11;3;
"13360005";03120581441492;"Moillard Bourgogne Le Duché";"750";794;2025;11;3;
"12759989";03566921002006;"Louis Latour Les Genièvres Mâcon-Lugny";"750";521;2025;11;3;
"14947406";00628176313153;"Beemer Kirsch";"375";48;2025;11;3;
"14020601";04982057325335;"Funaki Shinriki Junmai Ginjo";"300";33;2025;11;3;
"10769307";08005357070371;"Fabiano Amarone della Valpolicella Classico";"750";56;2025;11;3;
"15416842";08420612360743;"Condes de Albarei Albariño Rias Baixas";"750";49;2025;11;3;
"14808932";00839038000474;"Hydromel Morand Lune de Miel";"500";3;2025;11;3;
"14555171";00851595000018;"Aupale Vodka";"750";662;2025;11;3;
"15373256";09300727044174;"Aces & Arrows Grüner";"750";122;2025;11;3;
"13629001";03581120199555;"Tiago Teles Gilda";"750";36;2025;11;3;
"897330";00745641054004;"Conde Valdemar Rioja Crianza";"750";209;2025;11;3;
"12895171";00874381000993;"Au Pied de Cochon Gin de Matante";"750";18;2025;11;3;
"15483893";00627843195443;"Entre Pierre et Terre Poire Mousseux";"750";41;2025;11;3;
"11905622";05601109211110;"Porca de Murça Douro Real Companhia Velha";"750";206;2025;11;3;
"11599231";00632738100167;"Batasiolo Riserva Barolo";"750";297;2025;11;3;
"14022391";08437013527576;"Finca Bacara Time Waits For No One Jumilla";"750";16;2025;11;3;
"13828931";03284890114109;"Henriot Brut Souverain";"750";157;2025;11;3;
"15411275";06286347709828;"Villa Calicantus Chia'rotto";"750";2;2025;11;3;
"13066711";00057496007938;"Sortilège Bleuets Sauvages";"750";122;2025;11;3;
"13062091";03770005053062;"El Pasador de Oro X.O. Les Bienheureux";"700";28;2025;11;3;
"14811023";00057496010983;"Road Trip Cab Sauvi Coonawarra";"750";20;2025;11;3;
"14959722";00627987130829;"Château Fontaine Justino";"750";9;2025;11;3;
"15395210";00628347360740;"Pastoral Rococo";"750";10;2025;11;3;
"14002453";03442680063055;"Willm Clos Gaensbroennel Gewurztraminer Alsace GC";"750";0;2025;11;3;
"15198371";03249990057176;"Château Batailley Grand Cru Classé Pauillac";"750";17;2025;11;3;
"15163347";00750122536078;"La Mongestine Les Monges";"750";16;2025;11;3;
"15127071";03453521289237;"Château Villegeorge Haut-Médoc";"750";36;2025;11;3;
"15177175";08032993240615;"Fattoria la Rivolta Fiano Taburno Sannio";"750";11;2025;11;3;
"15517782";03760088892689;"Château le Puy Emilien";"1500";16;2025;11;3;
"15461361";00056049139249;"Henri de Bricourt Beaujolais Vin Rouge";"750";5880;2025;11;3;
"12471715";05055807416962;"Bruichladdich Classic Laddie Laddie Scottish Barley Islay";"750";22;2025;11;3;
"14905610";00051497288037;"Chocolats Favoris Choco Crème Dulce de Leche";"700";23;2025;11;3;
"15032401";03760102760055;"Céline et Laurent Tripoz Bourgogne Les Chênes";"750";10;2025;11;3;
"15180024";04973373603030;"Sasanokawa Fukunoka Junmai Ginjo";"720";29;2025;11;3;
"15368182";03379930001577;"Oratoire St-Martin Cairanne Réserve des Seigneurs";"750";15;2025;11;3;
"12100383";05450013150301;"Bernard Massard Cuvée de l'Écusson Brut mousseux";"1500";21;2025;11;3;
"15515681";03536650791007;"Condrieu Guigal";"750";3;2025;11;3;
"12485623";08437006081054;"Can Feixes Negre Tradicio";"750";208;2025;11;3;
"14712885";00816253012406;"Mionetto Prosecco Rosé Extra Dry";"750";23;2025;11;3;
"15281482";04000152814827;"Chambertin grand cru Domaine Rossignol-Trapet";"750";3;2025;11;3;
"15405174";08002305009018;"Campo Maccione Vermentino Maremma Toscana";"750";5;2025;11;3;
"15273677";08413472089411;"Bodegas Lan Vina Lanciano Reserva Rioja";"750";25;2025;11;3;
"10985747";08032771561475;"Punset Barbera d'Alba";"750";4;2025;11;3;
"15541264";00812066025435;"The Macallan Classic Cut 2025 Spey Valley Single Malt";"750";17;2025;11;3;
"15097829";07798149881002;"Alpamanta Breva Blend Lujan de Cuyo Mendoza";"750";14;2025;11;3;
"11856103";03260923016183;"Pol Roger Brut Vintage";"750";12;2025;11;3;
"10268326";00666056000113;"Roggio del Filare Rosso Piceno";"750";2;2025;11;3;
"10429898";00056049014331;"Cuvée St-Hubert blanc";"20000";49;2025;11;3;
"15169503";00827924914035;"UL Riesling";"750";22;2025;11;3;
"14736810";00628347710019;"Masq";"750";40;2025;11;3;
"10678931";00087752008072;"Segal's Réserve Spécial Galilée";"750";55;2025;11;3;
"15276253";00827924114121;"Bergeville Plus Petit Que";"750";32;2025;11;3;
"14178563";00627843872603;"Rosemont Vodka Distillerie de Montréal";"750";62;2025;11;3;
"14043706";00827924038076;"Artisans du Terroir Daumeray Réserve Rouge";"750";15;2025;11;3;
"12484997";08033749750600;"COS Cerasuolo di Vittoria Classico";"750";14;2025;11;3;
"11094621";08959580000240;"La Cadette La Châtelaine";"750";40;2025;11;3;
"15417431";08002062000143;"Masi Mazzano Amarone della Valpolicella Classico";"750";9;2025;11;3;
"13253306";04000132533069;"Bérêche et Fils Brut Réserve";"750";2;2025;11;3;
"13858241";05602660004814;"Cabral Fine Rosé";"750";10;2025;11;3;
"15508691";03760124910155;"Domaine Michel Sarrazin Givry Les Grognots";"750";2;2025;11;3;
"15475172";03453521252156;"Château de Villegeorge Haut-Médoc";"750";2;2025;11;3;
"12401987";00048415520621;"Pike Creek 10 Ans Fûts de Rhum";"750";2;2025;11;3;
"14567606";00827924038090;"Artisans Prémices Rosé";"750";17;2025;11;3;
"15272279";04000152722795;"Château Gazin-Rocquencourt Pessac-Léognan";"750";11;2025;11;3;
"639567";00056049395676;"Christophe Dalbray Cuvée Signature";"750";1224;2025;11;3;
"14172321";00608057106395;"Errazuriz Carmenère Aconcagua Alto";"750";4;2025;11;3;
"15143320";05021349710080;"Tomintoul 12 ans Oloroso Sherry Cask Finish Speyside";"700";4;2025;11;3;
"12962063";00773253001000;"Cidrerie du Minot La Croisée";"375";9;2025;11;3;
"15258733";03497520643669;"Bellegarde Pierre Blanche Jurançon sec";"750";30;2025;11;3;
"14812691";04000148126910;"Antinori Badia a Passignano Chianti Classico Gran Selezion";"750";6;2025;11;3;
"15549063";00628634985014;"Intrus À l'ombre avec Toi";"750";15;2025;11;3;
"14777996";08396513100019;"Gamay's Mi Noir Mi Bouze Gilles Bonnefoy Madone";"750";19;2025;11;3;
"15382902";08030967021529;"Fattoria Le Pupille Saffredi Toscana";"1500";3;2025;11;3;
"15487211";03445152009643;"Astrelles Gevrey-Chambertin";"750";2;2025;11;3;
"15127400";05203870002968;"Kleftes Savatiano";"750";1;2025;11;3;
"12129119";03760176520104;"Cantina Filippi Castelcerino Soave";"750";8;2025;11;3;
"14954075";04040211000563;"Karl Haidle Stettener Häder Lemberger Trocken Wurtemberg";"750";3;2025;11;3;
"15512797";03700232908842;"Château Prieuré-Lichine Confidences de Prieuré-Lichine";"750";31;2025;11;3;
"10901321";03379870003259;"Château Fleur du Casse Saint-Emilion grand cru";"750";8;2025;11;3;
"11034530";00087752008126;"Bartenura Prosecco mousseux";"750";33;2025;11;3;
"13144097";03049197110823;"Courvoisier V.S.";"375";20;2025;11;3;
"15432130";03304380501001;"Château Saint-Julien D'aille Côtes de Provence";"750";14;2025;11;3;
"15255081";04000152550817;"Domaine Henri Germain Bourgogne Côte-d'Or";"750";12;2025;11;3;
"15088041";00627843797142;"Domaine Bresee Rosé Nessa";"750";8;2025;11;3;
"14462994";08424487300019;"Juvé y Camps Reserva Millésimé";"750";8;2025;11;3;
"15514274";00628055809012;"1642 Sodas Tonic original 4 X 275 ml";"275";21;2025;11;3;
"15466461";03760052781865;"Chablis Premier Cru Montmains Caves Duplessis";"750";1;2025;11;3;
"15538823";03355820085629;"Chambolle-Musigny Domaine de la Vougeraie";"750";6;2025;11;3;
"14508139";00736040014270;"Galil Mountain Cab. Sauvignon";"750";41;2025;11;3;
"15024478";03277762912200;"Champagne Devaux Coeur des Bar Blanc de Noirs";"1500";-2;2025;11;3;
"13575250";00779376703012;"Henry of Pelham Sauv. Blanc Péninsule de Niagara";"750";50;2025;11;3;
"15137763";05203812040201;"Papaioannou St Elias Assyrtiko";"750";2;2025;11;3;
"13261875";07501033200021;"El Ron Prohibido 12 ans Habanero";"750";1;2025;11;3;
"14567665";00087113114985;"Dom. du Pavillon Les Picotins Les Beaune";"750";8;2025;11;3;
"15516042";04000155160426;"Antin. Guado al Tasso Bolgheri Superiore";"750";14;2025;11;3;
"13200600";03760087573961;"Josmeyer Pinot Gris Fromenteau";"750";8;2025;11;3;
"10453601";03185370751404;"Moët & Chandon Grand Vintage Brut";"750";13;2025;11;3;
"163519";00088352109114;"St-Rémy VSOP";"1140";1;2025;11;3;
"15412551";00628055831495;"Miellerie King Ancestral";"750";8;2025;11;3;
"14999046";03683080594651;"Marcel Lapierre Le Beaujolais";"750";1;2025;11;3;
"15371980";03391180021266;"Dom. de Bila-Haut V.I.T. Côtes du Roussillon Villages";"750";1;2025;11;3;
"13711901";03770009890120;"Léoube Love by Léoube";"750";3;2025;11;3;
"12904795";03292051030229;"Champagne GH Martel Victoire Brut";"1500";20;2025;11;3;
"15476909";03687080556091;"Xavier Gérard Condrieu la Côte Châtillon";"750";1;2025;11;3;
"13879325";03258432420003;"Laurent-Perrier Ultra-Brut";"750";4;2025;11;3;
"15373264";03560340000469;"Bonnet-Ponson Non Dosé Cuvée Perpétuelle";"750";8;2025;11;3;
"10235663";00080432586174;"Redbreast Douze Ans Single Pot Still";"750";6;2025;11;3;
"14481440";08032636135650;"Paolo Scavino Barolo";"375";1;2025;11;3;
"14970956";08437007685015;"Cruz De Alba Ribera del Duero Crianza";"750";3;2025;11;3;
"14413295";00080480984403;"Dewar's Double Double 21 Ans Highlands Blended";"375";23;2025;11;3;
"894709";09319087200144;"Chablis premier cru Fourchaume Château de Maligny";"375";3;2025;11;3;
"14432103";03722250730458;"Sénéchalière Coeur de Raisin Marc Pesnot";"750";38;2025;11;3;
"15334011";07502219450001;"Don Nacho TributoExtra Premium Blanco";"750";2;2025;11;3;
"15452077";00642917000034;"Domaine Fouassier Sancerre X";"750";1;2025;11;3;
"14851957";05016817002156;"Poit Dhubh 12 Ans Blended Malt Highlands Gaelic Malt";"700";1;2025;11;3;
"15439622";03760338490085;"Le Petit Saint-Vincent Les Poyeux Saumur-Champigny";"750";1;2025;11;3;
"15378479";08436532095993;"Win Rosé";"750";21;2025;11;3;
"15385231";05060568327464;"GlenAllachie Amontillado Sherry Cask Finish 9 Ans";"700";1;2025;11;3;
"15514821";03379938420387;"Cairanne Haut-Coustias Oratoire St Martin";"750";2;2025;11;3;
"15469856";03700276522226;"Marsannay Les Vaudenelles Domaine Bruno Clair";"750";13;2025;11;3;
"15269820";08004730005771;"Florio Vino Bianco";"750";0;2025;11;3;
"15265052";08032758280306;"Alcesti Heila";"750";2;2025;11;3;
"540955";08014115000291;"Grappa Jacopo Poli Torcolato";"500";7;2025;11;3;
"15534540";00990000101527;"Les Bottes Rouges Boomerang";"750";1;2025;11;3;
"15422185";08033171001103;"Gorghi Tondi Coste a Preola Sicilia";"750";-1;2025;11;3;
"12887278";08437012435414;"Rolland & Galarreta Rioja";"750";57;2025;11;3;
"14703903";03443660014005;"Bonfils Solaris l'Esparrou";"750";1;2025;11;3;
"14903534";00670459011096;"Tawse Grower's Blend Cab Franc Péninsule du Niagara";"750";26;2025;11;3;
"15518224";06280118348971;"Pierre Gonon Saint-Joseph";"750";1;2025;11;3;
"14699916";08021846122024;"Castello di Ama Haiku";"750";26;2025;11;3;
"15146969";05999861476220;"Gilvesy St. George Balatoni";"750";7;2025;11;3;
"15460747";03142806851855;"Ogier Ventoux Les Berceaux";"750";2;2025;11;3;
"15500761";08437027600401;"Lobetia Garnacha";"1000";18;2025;11;3;
"14780079";00056049137627;"Wallar Trail Skip Chenin Sauvi Vin Blanc";"1000";675;2025;11;3;
"15115345";06009653421426;"Lammershoek Swartland Mysteries Die Oranje";"750";1;2025;11;3;
"14939051";07804668421947;"Descomplicados Carignan Valle del Maule";"750";6;2025;11;3;
"14338336";06282501011714;"TP-Dist. Mariana Saint-Crème";"1140";1;2025;11;3;
"14035394";04049366003788;"Hans Baer Pinot Noir Rheinhessen";"750";18;2025;11;3;
"15586711";03700188073106;"Château Bastor-Lamontagne Sauternes";"750";16;2025;11;3;
"14805977";00184745003455;"Substance Ch Chardonnay Columbia Valley";"750";60;2025;11;3;
"15378292";00657381825342;"Vignoble Lano d'Or Vermouth Artisanal";"500";4;2025;11;3;
"15350484";03760279780993;"Saint Préfert Beatus Ille Côtes du Rhône";"750";7;2025;11;3;
"14516702";00085200005031;"Trinity Oaks Pinot Noir Trinchero";"750";60;2025;11;3;
"15084219";00635797137136;"Honor Del Castillo Afilado Reposado";"750";1;2025;11;3;
"14889470";04260199781111;"Db Schmitt Riesling";"750";-1;2025;11;3;
"12881909";03760148131758;"Vignoble Dauny Caillottes Sauvignon Blanc Sancerre";"750";-1;2025;11;3;
"15447665";04000154476658;"Fumey Chatelain Savagnin Sous Voile Arbois";"750";1;2025;11;3;
"12543918";00067311781028;"Au Quotidien Notes boisées vin rouge";"1000";2340;2025;11;3;
"12767372";05600312476026;"Pôpa Douro";"750";3;2025;11;3;
"15073860";03760076460333;"Domaine Renaissance Fleuriet Frères Sancerre Pur";"750";4;2025;11;3;
"13391451";08032636143457;"Ca'Marcanda Vistamare Toscana i.g.t.";"750";1;2025;11;3;
"15466794";04000154667940;"Domaine Lafarge Vial Fleurie Clos Vernay";"750";3;2025;11;3;
"15218601";00873399001992;"Buisson-Charles Chablis 1er Cru Gauche du Serin";"750";1;2025;11;3;
"15330029";08014629172019;"Pio Cesare Barbaresco Il Bricco";"750";1;2025;11;3;
"15515568";04000155155682;"La Doriane Guigal Condrieu";"750";1;2025;11;3;
"15407891";04000154078913;"Domaine de Terrebrune Bandol";"750";1;2025;11;3;
"15316585";00186262000207;"Les Quatre Tours Vilandria Côteaux d'Aix en Provence";"750";1;2025;11;3;
"15432121";08410113570017;"Gran Coronas Penedès Édition Limitée";"750";1;2025;11;3;
"13144530";05016817000022;"Té Bheag UnChilfiltered Gaelic Blended";"350";2;2025;11;3;
"15240891";03412952216625;"Château Labegorce Margaux";"750";2;2025;11;3;
"13612604";00609780003210;"Michel Jodoin Agrume Pétillant (4 x 330 ml)";"330";2;2025;11;3;
"913277";03391262021016;"Château Garraud Lalande-de-Pomerol";"375";2;2025;11;3;
"14729513";03762238131891;"Thibaud Boudignon Rosé de Loire";"750";2;2025;11;3;
"15074192";03760061071100;"Domaine Serge Laloue Sancerre";"750";6;2025;11;3;
"15103803";03431754044199;"Château Ségur du Cros Loupiac";"750";6;2025;11;3;
"15234731";03700438942213;"Château Beaumont Haut-Médoc";"750";5;2025;11;3;
"13681773";00080480280055;"Grey Goose";"50";1;2025;11;3;
"11095949";03760038251214;"Domaine La Montagnette Signargues Côtes du Rhône Vil.";"750";1576;2025;11;3;
"10270733";05602660001950;"Cabral Branco Fino";"750";1626;2025;11;3;
"13188831";08410023013901;"Beronia Rioja";"750";2839;2025;11;3;
"14714645";03180421029150;"Moillard Coteaux Bourguignons Pierres Plates";"750";393;2025;11;3;
"42";00080686816157;"Canadian Club";"750";3038;2025;11;3;
"219840";03461730000185;"Château Bellevue La Forêt Fronton rosé";"750";861;2025;11;3;
"15511137";08437001003853;"Celler Credo And The Winner is ... Penedès";"750";30;2025;11;3;
"10789800";03546092202214;"Domaine Bott Geyl Points Cardinaux Métiss";"750";11;2025;11;3;
"12374587";08411528001080;"Coto de Hayas Garnacha Centenaria";"750";710;2025;11;3;
"15502046";04000155020461;"Fixin Premier Cru Les Hervelets Domaine Bart";"750";13;2025;11;3;
"11374411";03564732007029;"Jean-Noël Bousquet La Garnotte Corbières";"750";3849;2025;11;3;
"12116385";03286171206121;"Château Larose Perganson Haut- Médoc Cru Bourgeois";"750";137;2025;11;3;
"13479233";03760078971349;"Chablis Domaine Besson";"750";48;2025;11;3;
"10753874";00811538016315;"Bushmills Original";"750";506;2025;11;3;
"10774923";00818276000194;"Umberto Cesari Liano Rubicone";"375";329;2025;11;3;
"10968744";09415305122011;"Matua Sauvignon Blanc Marlborough";"750";2982;2025;11;3;
"13682101";05010327705170;"Hendrick's Orbium";"750";48;2025;11;3;
"12769941";00057496005484;"Sortilège";"50";1368;2025;11;3;
"11374391";03564732005094;"Jean-Noël Bousquet Terre à Terre";"750";1262;2025;11;3;
"14168648";03340778006680;"Vignerons des Grandes Vignes Bourgogne Aligoté Les Fossiles";"750";1160;2025;11;3;
"14790795";04000115000502;"Rivera Il Falcone Castel del Monte Riserva";"750";459;2025;11;3;
"624296";03378630306227;"Castillo de Monséran Garnacha Carinena";"750";4168;2025;11;3;
"14980759";03760222530323;"Fabien Jouves NDD - Nectar des Dieux";"1000";50;2025;11;3;
"15528684";06282503720829;"Qualité Cocktail Espresso Mart Cocktail";"150";2107;2025;11;3;
"13349800";03770001475165;"Nicolas Grosbois En vacances à Gaillac";"750";309;2025;11;3;
"13364364";03700025026913;"Château La Gasparde Côtes de Castillon";"750";356;2025;11;3;
"12275221";05011007017552;"Jameson";"1140";4186;2025;11;3;
"15452122";07627656765850;"Herrenhof Lamprecht Furmint";"750";4;2025;11;3;
"560748";03468000013982;"La Vieille Église Côtes du Marmandais";"750";2991;2025;11;3;
"11293970";03379935119314;"Château Mont-Redon Lirac";"750";695;2025;11;3;
"11787267";03469380632213;"Drappier Carte d'Or Brut";"1500";9;2025;11;3;
"13358191";03500610093708;"J.P. Chenet Ice Edition Rosé";"750";1348;2025;11;3;
"11925720";03760103820345;"Domaine Olivier Pithon Cuvée Lais Côtes du Roussillon";"750";45;2025;11;3;
"11687021";03760015200020;"Château La Lieue Coteaux Varois en Provence rosé";"750";90;2025;11;3;
"13566847";06278434823210;"Sivo Le Single Malt";"750";13;2025;11;3;
"15273773";00627843528609;"Distillerie Mariana Canopée";"750";943;2025;11;3;
"157438";05601034001503;"Offley Rei Tawny";"750";2410;2025;11;3;
"14433114";07640175743888;"Bombay Sapphire";"50";396;2025;11;3;
"15528545";06282503720867;"Qualité Cocktail Mojito";"150";350;2025;11;3;
"15162248";08008900060324;"Freschello";"750";152;2025;11;3;
"14812886";03700188055904;"Le Petit Smith Haut Lafitte Pessac-Léognan";"750";49;2025;11;3;
"10276342";09414505957010;"Stoneleigh Sauvignon Blanc Marlborough";"750";1749;2025;11;3;
"11008121";03260980023643;"Jean-Claude Boisset Ursulines Bourgogne";"750";514;2025;11;3;
"15477362";07804320355979;"Casillero del Diablo Pinot Grigio";"750";709;2025;11;3;
"15271671";06282503720607;"Wabasso Épicé";"700";121;2025;11;3;
"15570006";00080480007560;"Bacardi Superior";"1750";1190;2025;11;3;
"464388";05601012414509;"Vila Regia";"750";1598;2025;11;3;
"14267611";03391180021440;"Dos Lusiadas Eleivera Branco Douro";"750";103;2025;11;3;
"15224269";03500610165412;"Les Jardins de la Baume Fitou";"750";974;2025;11;3;
"898502";09300727140517;"Jacob's Creek Shiraz Reserve South Australia";"750";2102;2025;11;3;
"879445";00641734000012;"Zenato Amarone della Valpolicella Classico";"750";187;2025;11;3;
"11668241";00183684000037;"Garnacha Veraton Alto Moncayo Campo de Borja";"750";113;2025;11;3;
"14044848";08032622423730;"Gulfi Cerasuolo Di Vittoria";"750";68;2025;11;3;
"15111192";03328155009103;"Château Lafleur-Gazin Pomerol";"750";6;2025;11;3;
"565283";08032853720479;"Umani Ronchi Medoro Marche";"750";1509;2025;11;3;
"276436";03443620012379;"Chablis Les Champs Royaux William Fèvre";"750";77;2025;11;3;
"13618521";09006580171193;"Weszeli Felix Niederosterreich Grüner Veltliner";"750";3638;2025;11;3;
"14730531";03493399091815;"D Piron Beaujolais Les Cadoles";"750";71;2025;11;3;
"285544";00012354017733;"Penfolds Koonunga Hill Shiraz / Cabernet";"750";952;2025;11;3;
"15074571";03494992222316;"Domaine de Mauperthuis Petit Chablis";"750";546;2025;11;3;
"10559174";03379431181020;"Les Fiefs d'Aupenac Blanc Cave de Roquebrun St-Chinian";"750";242;2025;11;3;
"13657571";03770005597290;"Domaine Gueguen Bourgogne Côtes Salines";"750";1832;2025;11;3;
"12203892";08008530085117;"Romio Sangiovese di Romagna Superiore Riserva";"750";645;2025;11;3;
"14057761";03350781937109;"Mourat Collection";"750";44;2025;11;3;
"14393669";06279872663826;"Tresor N°13";"750";136;2025;11;3;
"10270717";05602660001967;"Cabral Caracter Reserva Especial";"750";425;2025;11;3;
"14427638";08002815406482;"Firriato Le Sabbie dell'Etna";"750";425;2025;11;3;
"10757103";04902650024183;"Sayuri Nigori";"300";1001;2025;11;3;
"15008241";03700232905841;"Confidences de Prieure-Lichine Margaux";"750";87;2025;11;3;
"15447180";00836950000391;"Dona Paula Altitude Series 1350";"750";278;2025;11;3;
"15484124";06286784311912;"Lilly Queen Rhum Épicé";"700";345;2025;11;3;
"10675589";00050037151404;"Disaronno Originale";"1140";2463;2025;11;3;
"14038616";03428372203008;"Desprat Saint-Verny Côtes d'Auvergne Gamay 348";"750";66;2025;11;3;
"13946727";03760159161010;"Domaine Billard Père et Fils Bourgogne Aligoté";"750";617;2025;11;3;
"10751422";08710625700040;"Mandarine Napoléon liqueur d'agrumes";"750";147;2025;11;3;
"15032806";08028920040076;"Caruso & Minini Arancino";"750";92;2025;11;3;
"10498973";03760072420126;"Laurens Clos Des Demoiselles Tête De Cuvée Crémant Limoux";"750";621;2025;11;3;
"15260770";05201015020587;"Mega Spileo Agiorgitiko";"750";263;2025;11;3;
"365890";00642268000981;"Chéreau-Carré Muscadet-Sèvre et Maine sur Lie";"750";1365;2025;11;3;
"366088";00737398018200;"Aventinus forte rousse bière type ale";"500";289;2025;11;3;
"13835761";07071292390134;"Domaine Amalgames Fragments d'Océan";"750";43;2025;11;3;
"10690009";00721733000012;"Patron Anejo";"750";130;2025;11;3;
"620682";03586610000304;"Carrelot des Amants Côtes du Brulhois rosé";"750";345;2025;11;3;
"13740551";03760124846041;"Dom. de Mauperthuis Bourgogne Pinot Noir Grande Réserve";"750";121;2025;11;3;
"15545880";08000174460022;"Fontanafredda Gavi";"750";162;2025;11;3;
"555219";08020465025129;"Moro Fattoria Montellori Toscana i.g.t.";"750";742;2025;11;3;
"10251786";05285000010555;"Fakra Al Shallal Arak";"750";92;2025;11;3;
"13553413";08026720114225;"G.D. Vajra Dolcetto d'Alba";"750";246;2025;11;3;
"12292670";03760090460333;"François Villard l'Appel des Sereines";"750";481;2025;11;3;
"15360981";06280118344485;"Le Caillou Côtes du Rhône";"750";443;2025;11;3;
"14039475";08007813700570;"Cantina Girlan Alto Adige Sudtirol Pinot Bianco";"750";117;2025;11;3;
"15357301";00628011395184;"Melon Drive Rhum Melon D'eau";"750";40;2025;11;3;
"13525535";09311910105862;"Peter Lehmann The Barossan";"750";565;2025;11;3;
"12135092";02069204591095;"Badenhorst Secateurs Chenin Blanc Swartland";"750";324;2025;11;3;
"15561741";00628250949117;"Mystérieuse Chouette";"700";10;2025;11;3;
"12956481";00873922009624;"De Combel-La-Serre Cahors Le Pur Fruit du Causse";"750";392;2025;11;3;
"13620840";05600392741731;"Vadio Wines Vadio Baga";"750";69;2025;11;3;
"14724536";03424560101002;"Jean-Paul Brun Morgon Côte Du Py-Javernières";"750";76;2025;11;3;
"478743";08423309033005;"Ijalba Rioja Reserva";"750";239;2025;11;3;
"11019831";08032869822020;"San Valentino Scabi";"750";482;2025;11;3;
"15399827";00779334057119;"Cave Spring Cabernet Franc";"750";140;2025;11;3;
"15217771";03760259571276;"Château Trianon Saint-Émilion Grand Cru";"750";12;2025;11;3;
"13991000";05601110113205;"Cabeça de Toiro Reserva DOC Do Tejo";"750";337;2025;11;3;
"15124410";00817217000422;"Romeo's Gin V Tonic Léger (4 x 250 ml)";"250";79;2025;11;3;
"13551389";00089819236015;"Matua Marlborough Pinot Noir";"750";1;2025;11;3;
"12489528";03225820056243;"Château Fillon Cuvée Première Bordeaux Supérieur";"750";842;2025;11;3;
"15362848";00628678492110;"Domaine Polisson Bâtard";"750";53;2025;11;3;
"129890";08014629062518;"Pio Cesare Dolcetto d'Alba";"750";43;2025;11;3;
"343145";00088004036775;"Goldschlager";"750";383;2025;11;3;
"15557418";08026720118124;"G.D. Vajra Albe Barolo";"750";2;2025;11;3;
"237834";08410351118002;"Cosme Palacio Rioja";"750";853;2025;11;3;
"15067152";06282501012940;"Loop Mission Concombre Jalapeno";"750";39;2025;11;3;
"15255727";08055186310988;"Fattoria Nittardi Chianti Classico Riserva";"750";2;2025;11;3;
"14775763";03379930001607;"Côtes du Rhône Les P'tits Gars Oratoire St Martin";"750";70;2025;11;3;
"15364413";09300752051857;"De Bortoli Chill No Chill";"750";82;2025;11;3;
"15455315";00051497400101;"Cottage Springs Punched Up Caisse Mixte 8 x 355ml";"355";688;2025;11;3;
"12757692";05602660004111;"Cabral Reserva Douro";"750";29;2025;11;3;
"15507656";00827924052270;"Coteau St-Paul Les Morilles";"750";52;2025;11;3;
"12741025";03568740000270;"Moulin à Vent Cuvée Nature Domaine Jean-Paul Dubost";"750";35;2025;11;3;
"14587818";08033373296376;"Frank Cornelissen Munjebel Terre Siciliane";"750";1;2025;11;3;
"14783683";05601085900329;"Poças Fora da Série Vinho da Roga Douro";"750";30;2025;11;3;
"11156369";00620654990870;"Vidal Inniskillin VQA Niagara Peninsula Icewine";"200";16;2025;11;3;
"14375410";05010327928586;"Molly Malone Small Batch";"700";1;2025;11;3;
"14974050";03525130312214;"Domaine Billaud-Simon Chablis";"750";14;2025;11;3;
"15108241";00878448003965;"Philippe Rothschild La Bèlière";"750";184;2025;11;3;
"14979862";03296359312018;"Château Le Vivier Grande Réserve Médoc";"750";3;2025;11;3;
"14718478";06279871658076;"Distilleri Appalaches Alphonse";"700";116;2025;11;3;
"14831972";04904230042204;"Nikka Yoichi Single Malt";"700";49;2025;11;3;
"15453846";03760041470046;"Daniel Chotard Les Coutones";"750";1;2025;11;3;
"15550427";04904230075325;"Nikka FTB Extra Marriage";"500";13;2025;11;3;
"12895104";08031822060233;"Sangiovese Brancaia Chianti Classico";"750";75;2025;11;3;
"15477661";00628176471679;"Rosemont Bleuet";"375";141;2025;11;3;
"10780979";03569340001643;"Château Belle-Graves Lalande-de-Pomerol";"750";17;2025;11;3;
"13953100";00827924087074;"C.Vaudreuil Côte Rouge Réserve";"750";13;2025;11;3;
"15188114";08437002369255;"Dominio de Tares El Paisano de Tares Bierzo";"750";657;2025;11;3;
"14217198";05600262007011;"Quinas Original Premium Lager";"330";25;2025;11;3;
"14708173";00628011395030;"Mission Kosmos";"750";21;2025;11;3;
"861609";08548310000324;"Château de Montifaud 7 ans d'âge Pineau des Charentes";"750";16;2025;11;3;
"14822734";03185370303405;"Ruinart Blanc de Blancs Brut";"750";88;2025;11;3;
"15402459";00087113113438;"Bichot Domaine Adélie Mercurey Premier Cru Champs Martin";"750";15;2025;11;3;
"14910283";03514311000040;"Ceptembre Sauvignon Blanc";"750";12;2025;11;3;
"15286945";00628011395160;"Boîte Noire Sambuca";"700";13;2025;11;3;
"14970999";08414837333422;"Los Losares Garnacha Tintorera Almansa";"750";4;2025;11;3;
"13830521";03770010616009;"Domaine Mann Fly Me To The Moon Pinot Blanc";"750";49;2025;11;3;
"13529202";08437007929621;"Zarate Albarino Eulogio Pomare";"750";14;2025;11;3;
"15277264";03683080580081;"Croci Gutturnio Frizzante";"750";2;2025;11;3;
"11633161";00827924037116;"Domaine du Ridge Le bâtonnier";"750";41;2025;11;3;
"15361407";03760099781163;"Catherine et Pierre Breton Elle est pas bulle la vie";"750";12;2025;11;3;
"15154694";03221580063118;"Domaine des Hardieres Les Petits Gars Anjou";"750";34;2025;11;3;
"13749264";08027380030030;"Il Tarocco Chianti Classico Riserva Torraccia di Presura";"750";58;2025;11;3;
"14955596";08410302986254;"Campo Viejo Ecologico Rioja";"750";481;2025;11;3;
"13314666";03770008499003;"Domaine De Brin Les Pierres Blanches";"750";7;2025;11;3;
"15440308";09421019370228;"Astrolabe Marlborough Pinot Noir";"750";11;2025;11;3;
"15108639";03760097180012;"Domaine Décalage Trois Amours Languedoc";"750";2;2025;11;3;
"15364763";09316562002835;"Yering Station Village Shiraz";"750";13;2025;11;3;
"13984387";00850018046541;"Codigo 1530";"750";13;2025;11;3;
"15480334";08001935217909;"Castello Della Sala Muffato";"500";25;2025;11;3;
"14479391";05604146241669;"Herdade de Coelheiros Aletenjo";"750";10;2025;11;3;
"14974041";03525135302210;"Chablis Tête d'Or Domaine Billaud-Simon";"750";11;2025;11;3;
"15149211";00860007950636;"Sake Bomb Citron Vert";"355";60;2025;11;3;
"14432613";08437008356211;"Paco & Lola Prime Albarino Lias";"750";45;2025;11;3;
"15020602";04000150206020;"Alain Chavy Puligny Montrachet";"750";1;2025;11;3;
"14820501";00627987556889;"Spiritster Citrus Hystrix";"750";3;2025;11;3;
"15097790";08423360020013;"Fernando de Castilla Classic Jerez-Xérès-Sherry Finos";"750";8;2025;11;3;
"15396175";08802340112328;"Chum Churum Soju à La Mangue";"360";18;2025;11;3;
"15425626";08410113880222;"Los Inquietos 02 Maule Andes";"750";5;2025;11;3;
"15132760";03415200100752;"Claude Michot Pouilly-Fumé Sauvignon";"750";86;2025;11;3;
"15136736";06286784310960;"Dist. Appalaches La Bordée";"700";20;2025;11;3;
"14215141";08056737213932;"Chiara Condello Romagna";"750";142;2025;11;3;
"15490444";04000154904441;"Givry En Bois Chevaux 1er Cru Domaine Joblot";"750";3;2025;11;3;
"15281255";08421499008100;"Naturalis Mer Terra Alta";"750";1;2025;11;3;
"14919931";08437004333612;"Entre Vinyes Oniric Brisat";"750";1;2025;11;3;
"14028750";08026539083224;"Castello Romitorio Toscane";"750";3;2025;11;3;
"14807690";03453521284263;"Château Villegeorge Haut-Médoc";"750";31;2025;11;3;
"15473468";05998623531344;"Is This It ? Pinot Grigio";"750";1;2025;11;3;
"15392772";04931754014080;"Arrive Sage";"300";20;2025;11;3;
"15388917";03770016379328;"Montirius Vacqueyras Le Clos";"750";9;2025;11;3;
"10271939";08003015700936;"Carpineto Dogajolo Toscana";"1500";41;2025;11;3;
"15430548";05600824210668;"Niepoort Lagar de Baixo Bairrada";"750";1;2025;11;3;
"15131636";00056049138587;"Bù Haut Médoc Signature";"750";0;2025;11;3;
"15324016";08022802100315;"Cantina Dei Colli Ripani Falerio Pecorino";"750";3;2025;11;3;
"15416893";03284891314102;"Champagne Henriot";"750";4;2025;11;3;
"14041760";03337690176690;"Bouchard Père & Fils Beaune Premier Cru  Beaune du Château";"750";4;2025;11;3;
"15515701";03536650601009;"E. Guigal Gigondas";"750";19;2025;11;3;
"14767229";05010494970401;"Glenmorangie X Highlands Single Malt";"750";3;2025;11;3;
"14974164";03760017350495;"Grenaches de Pierre Domaine Giraud Châteauneuf-du-Pape";"750";2;2025;11;3;
"13058113";09120001623938;"Reinisch Pinot Noir Thermenregion";"750";13;2025;11;3;
"15051855";00827924003173;"Dom. Côtes D'Ardoise Gewurztr.";"750";17;2025;11;3;
"10678229";03760098130214;"Les Vins de Vienne Crozes-Hermitage";"750";19;2025;11;3;
"12560591";08411423603303;"Otonal Reserva Seleccion Especial Rioja";"750";5;2025;11;3;
"14559358";00799705518223;"Château de Cartes Vin Gris";"750";20;2025;11;3;
"15248746";03495950120750;"Château Bel-Air Jean et Gabriel Lussac-Saint-Émilion";"750";-1;2025;11;3;
"15273159";05200123970319;"A-Grafo Assyrtiko";"750";14;2025;11;3;
"13430481";03770008968011;"Champagne Bourdaire-Gallois Extra Brut";"750";1;2025;11;3;
"15453766";00628308620241;"Artist in Res. Distil. Québec Bleuets";"700";106;2025;11;3;
"15514952";08420347292692;"Baron de Ley Siete Vinas Rioja Reserva";"750";10;2025;11;3;
"15394479";04935339047517;"Saika Yuzushu";"720";13;2025;11;3;
"11804055";03584670003112;"Harmonie Vincent Pinard Sancerre";"750";15;2025;11;3;
"12561163";03270871038021;"Mas Olivier Faugères";"750";1;2025;11;3;
"15467800";03328155030909;"Château Lagrange Pomerol";"375";25;2025;11;3;
"15267269";08032551261212;"Uccelliera Rosso di Montalcino";"750";2;2025;11;3;
"13909897";00636191212405;"Appleton Estate 15 ans";"750";4;2025;11;3;
"15117199";08032130031045;"Corte Pavone Rosso di Montalcino";"750";17;2025;11;3;
"15427058";04000154270584;"Pierre-Yves Colin-Morey Saint- Aubin 1er C Hommage Marguerite";"750";1;2025;11;3;
"15241245";00637550000282;"Westcott Vineyards Estate Chardonnay";"750";23;2025;11;3;
"12457307";00881860400090;"Pinot Noir Flat Rock Cellars";"750";5;2025;11;3;
"14038771";08021507801466;"Andrian Somereto Alto Adige";"750";3;2025;11;3;
"14093244";04000140932441;"Domaine Emmanuel Giboulot Sous Le Mont Hautes-Côtes Nuits";"750";0;2025;11;3;
"15388968";03683080597201;"Hervé Villemade Le Litre Bovin Le Litre Bovin";"1000";2;2025;11;3;
"15200911";08599290014900;"Château Léoville Barton Grand Cru Classé Saint-Julien";"750";6;2025;11;3;
"15461651";03760190270450;"L'Hetre Castillon Côtes de Bordeaux";"750";2;2025;11;3;
"15367139";03506123141110;"Domaine Chofflet En Choué Givry Premier Cru";"750";30;2025;11;3;
"624304";03412910114437;"Lalande Bellevue Blaye Côtes de Bordeaux";"750";146;2025;11;3;
"15024363";03683080587707;"Domaine de la Chevalerie Bourgueil Noms d'Oiseaux";"750";6;2025;11;3;
"11398270";00827924014018;"Vignoble Gagliano Tinello";"750";4;2025;11;3;
"15529812";04000155298129;"Domaine Benoît Ente Antichtone Bourgogne Aligoté";"750";5;2025;11;3;
"15247276";00057496003091;"Keep Calm & Shine Délicat et léger Vin Blanc";"4000";520;2025;11;3;
"14938163";00627987776683;"Microdistil. La Ponce Rubus";"750";1;2025;11;3;
"15157810";00827924087098;"Côte de Vaudreuil Côte Dorée";"375";2;2025;11;3;
"15404041";03301160123330;"Château Calissanne Clos Victoire";"750";19;2025;11;3;
"15311611";00776545995100;"Mission Hill Family Estate Reserve Cabernet Sauvignon";"750";14;2025;11;3;
"14512331";07594003620059;"Diplomatico Reserva Exclusiva";"50";3;2025;11;3;
"15498391";03760115295018;"Domaine de Chevalier Pessac- Léognan";"750";1;2025;11;3;
"11909965";05010327524566;"The Balvenie Carribean Cask 14 ans scotch single malt";"750";2;2025;11;3;
"15371390";03483810000342;"Château de Saint Cosme Gigondas";"750";30;2025;11;3;
"15484010";04000154840107;"André Perret Condrieu Chéry";"750";5;2025;11;3;
"14746233";00056049137511;"Bù Cabernet Sauvignon Vin Rouge";"750";5508;2025;11;3;
"14950533";00837294000382;"Miel Nature Prestige au Rhum";"500";1;2025;11;3;
"15368481";04000153684818;"Bourgogne La Digoine A. & P. de Villaine";"750";3;2025;11;3;
"15364042";03760041761076;"Alain Burguet Les Pince Vin Bourgogne";"750";6;2025;11;3;
"639609";00057496639603;"Marquis de Méricourt Georges Antoine du Pontneuf blanc";"4000";1092;2025;11;3;
"12482490";08021507731602;"Terlaner Cantina Terlano Alto Adige";"750";1;2025;11;3;
"14460884";04016462175176;"Dr. Burklin-Wolf Rosé Pinot Noir Pfalz";"750";3;2025;11;3;
"15074555";05203875060000;"Domaine Tselepos Amalia Brut";"750";3;2025;11;3;
"12450172";00858037000308;"Chorey-lès-Beaune Catherine et Claude Maréchal";"750";10;2025;11;3;
"15442362";09338499004744;"Stoney Vineyard Cabernet Sauvignon";"750";6;2025;11;3;
"15317633";08012165006423;"Tinazzi Desto Valpolicella";"750";11;2025;11;3;
"14006884";08058150827895;"Massimago Conte Gastone Amarone della Valpolicella";"750";11;2025;11;3;
"14504672";08437009531013;"Troballa Garnatxa Costers del Segre";"750";4;2025;11;3;
"11537073";03760161290364;"P.M. Chermette blanc de blancs brut Crémant de Bourgogne";"750";1;2025;11;3;
"15469696";03609050879009;"Ballade de La Pointe  Pomerol";"750";2;2025;11;3;
"11442672";00010986011280;"Mumm Napa Brut Rosé";"750";36;2025;11;3;
"14811091";00057496010976;"Road Trip Chard Limeston Coast";"750";29;2025;11;3;
"15363816";00628634365601;"UBALD Gimlet";"700";6;2025;11;3;
"15213754";03105712250167;"De Thalabert Crozes-Hermitage";"750";4;2025;11;3;
"735001";00827924036010;"Rivière du Chêne Cuvée Glacée des Laurentides";"375";6;2025;11;3;
"15496563";06282503720881;"TP-Wabasso Gin Key Lime";"355";30;2025;11;3;
"13826371";08032636141187;"Rennina P. Santa Restituta Brunello di Montalcino";"1500";1;2025;11;3;
"15176498";04902650055026;"Hakutsuru Nigori Yuzu";"700";7;2025;11;3;
"12627812";08032771621612;"Sottimano Barbaresco Riserva";"750";1;2025;11;3;
"15479122";03351005252312;"Faiveley Gevrey-Chambertin Premier Cru Lavaux St-Jacques";"750";2;2025;11;3;
"14529845";07798108621380;"Chakana Sobrenatural Lujan de Cuyo";"750";-1;2025;11;3;
"15083814";08054314342488;"Ambasciata del Buon Vino Pinot Grigio Delle Venezie";"750";6;2025;11;3;
"15108276";09120019605506;"Alzinger Dürnstein Grüner Veltliner Federspiel";"750";7;2025;11;3;
"15169714";00899002000039;"Val Caudalies Frontenac Petite Perle";"750";8;2025;11;3;
"15481281";04000154812814;"Volnay Premier Cru Les Santenots Domaine Rémi Jobard";"750";2;2025;11;3;
"14807331";03760280782788;"Sarget de Gruaud Larose Saint-Julien";"750";-1;2025;11;3;
"15314977";03439970000531;"Château Carsin Blanc de Carsin Bordeaux";"750";2;2025;11;3;
"14778155";04000147781554;"Dom. Pélican Grand Curoulet Chardonnay Arbois";"750";1;2025;11;3;
"10666252";00056049016748;"Nicolas Laloux Gentleman Bohèm Vin Blanc";"4000";1300;2025;11;3;
"15049211";06009607662349;"Ken Forrester Terre Noire Swartland";"750";2;2025;11;3;
"15380801";00056049139102;"Le Cerbère Sauvignon Blanc";"750";24;2025;11;3;
"15455796";03760101020006;"Domaine Pierre Gelin Fixin Villages";"750";2;2025;11;3;
"15501529";03770018115030;"Graeme & Julie Bott Crozes- Hermitage";"750";1;2025;11;3;
"15532149";06280118348988;"Le Clos du Caillou Chateauneuf -du-Pape Les Quartz";"750";3;2025;11;3;
"14075206";08002153217245;"Ziobaffa Toscana";"750";1;2025;11;3;
"14184285";03770001475011;"Nicolas Grosbois En Vacances";"750";1;2025;11;3;
"15443568";03760193350913;"Château Boutisse Saint-Émilion Grand Cru";"750";5;2025;11;3;
"15171101";08437012218772;"Gulp Hablo";"1000";20;2025;11;3;
"15285627";03422666993514;"C Morey Santenay Les Cornières";"750";1;2025;11;3;
"15222693";04000152226934;"Charlouise Vincent Pinard Sancerre";"750";4;2025;11;3;
"14816115";00627040412558;"Crystal Head Pride Edition";"750";1;2025;11;3;
"15373571";04000153735718;"Château d'Ampuis Guigal Côte Rôtie";"750";1;2025;11;3;
"15489945";03391180025127;"Chapoutier Les Varonniers Crozes-Hermitage";"750";1;2025;11;3;
"15523074";00990312368175;"L'Orpailleur Frisant";"750";1;2025;11;3;
"15275154";08056477700143;"Tocco Pecorino";"750";1;2025;11;3;
"14721811";06282503720171;"Wabasso Monarc par Radnor";"750";4;2025;11;3;
"15502011";04000155020119;"Bruno Colin Chassagne- Montrachet 1er Cru Les Vergers";"750";1;2025;11;3;
"15362750";00895958001465;"Overnoy  Charmille Côtes du Jura";"750";1;2025;11;3;
"15247436";08016763702435;"Altesino Toscana Bianco";"750";1;2025;11;3;
"14446636";03760022531476;"Roseline Prestige Côtes de Provence";"750";4;2025;11;3;
"11967735";03485978230012;"Gewurztraminer Albert Mann Alsace";"750";2;2025;11;3;
"15260745";08420378001034;"Pepe Yllera Ribera del Duero";"750";-1;2025;11;3;
"15426910";03661400272052;"Domaine Château de Meursault Charmes Dessus";"750";1;2025;11;3;
"14821281";03760046120106;"Morot Savigny Beaune Batallièr Premier Cru";"750";1;2025;11;3;
"15045623";03471951800006;"Lucien Albrecht Pinot Noir Réserve";"750";2;2025;11;3;
"15105420";03770004191079;"Bobo et Momo Cévennes";"750";1;2025;11;3;
"15373416";09344154013730;"Tread Softly Pinot Noir";"750";722;2025;11;3;
"10857497";08410441412065;"Faustino V Rioja Reserva";"750";2924;2025;11;3;
"12999181";03440747509683;"Patrick Piuze Non dosé Méthode Traditionnelle";"750";1348;2025;11;3;
"15159920";00062067424977;"Corona Cero 6 X 330 ml";"330";3088;2025;11;3;
"11484282";03517610012097;"Maranges Lucien Muzard & Fils";"750";16;2025;11;3;
"11383561";08410106022851;"Rioja Bordon Gran Reserva Rioja";"750";246;2025;11;3;
"11604889";06412709021141;"Finlandia";"1140";857;2025;11;3;
"13571646";05201299505411;"Seméli Oreinos Helios";"750";624;2025;11;3;
"24208";03104052010158;"Le Coq d'Or Pineau des Charentes";"750";1009;2025;11;3;
"12359192";05000277002542;"Dewar's 12 Ans Blended";"750";19;2025;11;3;
"11918925";00080480004699;"St-Germain";"750";1129;2025;11;3;
"15385071";06289424937206;"Le P'tit Pirate Extra épicé Extra spiced";"700";608;2025;11;3;
"259721";03536650501002;"Guigal Côtes du Rhône";"750";2738;2025;11;3;
"14824027";03292543720218;"Crèmette Choco-Noisette";"700";141;2025;11;3;
"11459790";00080686832133;"Sauza Silver";"375";858;2025;11;3;
"53140";08501110080446;"Havana Club 7 Ans";"750";1371;2025;11;3;
"303529";03180611029175;"Saint Didier-Parnac Cahors";"750";2871;2025;11;3;
"14970614";08321200008576;"Domaine Laporte Sancerre Les Grandmontains";"750";504;2025;11;3;
"15378284";00672975229900;"Beau's Lug Lite Lager";"473";274;2025;11;3;
"15106633";08032937139999;"Poggiotondo Chianti";"750";459;2025;11;3;
"10157";00080432500170;"Jameson";"750";3577;2025;11;3;
"15237529";08026720112221;"Claré J.C. Langhe Nebbiolo";"750";141;2025;11;3;
"12265858";00088076168640;"Tanqueray Rangpur Lime";"750";303;2025;11;3;
"14775940";00376210810105;"Petite Perrière Sauvignon Blan";"750";2904;2025;11;3;
"177808";00621705110759;"Appleton Estate Signature";"750";2414;2025;11;3;
"15015580";06009800591248;"Badenhorst Family Wines Papegaai";"750";568;2025;11;3;
"15398058";00082000806905;"Ron Carioca Premium";"1140";2017;2025;11;3;
"560797";08004645304105;"Tommasi Valpolicella";"750";3415;2025;11;3;
"1040";00622153139040;"Gordon's";"750";1405;2025;11;3;
"10838579";05604123005208;"Flor de Crasto Douro";"750";676;2025;11;3;
"15487190";07798126084150;"Hippie Love Tinto";"750";51;2025;11;3;
"212993";00089046666630;"Cousino-Macul Antiguas Reservas Valle del Maipo";"750";6532;2025;11;3;
"15273765";08026530000862;"Tormaresca Trentangeli Castel del Monte";"750";50;2025;11;3;
"12270489";08001660198351;"Prosecco Ruffino";"750";1244;2025;11;3;
"14878851";03760196120278;"Domaine Du Tix Ventoux Bonhomme-Tremblay Rouge";"750";300;2025;11;3;
"10259876";03391180020283;"M. Chapoutier Les Meysonniers Crozes-Hermitage";"750";459;2025;11;3;
"908004";08029001000149;"Inama Soave Classico";"750";1411;2025;11;3;
"13657677";03566761005281;"Dampt Petit Chablis Vieilles Vignes";"750";447;2025;11;3;
"709469";03760088890777;"Château le Puy Emilien";"750";273;2025;11;3;
"14707171";09419227009160;"Kim Crawford Illuminate Sauvignon Blanc";"750";443;2025;11;3;
"851600";03248840303098;"Domaine Cazes Marie-Gabrielle Côtes du Roussillon";"750";113;2025;11;3;
"12501136";00057496090459;"Kamouraska";"1140";3511;2025;11;3;
"10270477";08000160632419;"Folonari Valpolicella";"375";1265;2025;11;3;
"517706";08008863004120;"Bottero di Cello Rosso";"1500";5257;2025;11;3;
"588004";07790240072181;"Trapiche Alaris Chardonnay";"750";1276;2025;11;3;
"11386885";07804407001829;"Antu Cab.-Sauv/Carmenère Valle de Colchagua";"750";844;2025;11;3;
"15115599";08008235000309;"Miglianico Terre di Chieti";"750";1107;2025;11;3;
"739680";05601157210714;"Catedral Reserva Dão";"750";1501;2025;11;3;
"13632066";09003634112010;"Esterhazy Klimt Burgenland";"750";9883;2025;11;3;
"15526603";03760193930030;"Domaine Pinson Chablis Premier Cru La Forêt";"750";5;2025;11;3;
"10999073";00000080543008;"Amaro Nonino Quintessentia liqueur d'herbe";"700";231;2025;11;3;
"15269539";00627987945560;"Willöe Gin";"750";44;2025;11;3;
"13546061";00736040529248;"Mount Hermon Indigo";"750";18;2025;11;3;
"12876202";03760212400421;"Gamay Domaine Perraud Mâcon";"750";56;2025;11;3;
"12909289";09300727014573;"Jacob's Creek Moscato Rosé";"750";2650;2025;11;3;
"15472588";00181856000144;"Talamonti TREBI Trebbiano D'Abruzzo";"750";11;2025;11;3;
"15515306";08426771062122;"Remelluri Vinedos de Labastida Rioja";"750";36;2025;11;3;
"882696";05601157224810;"D. Fuas Dão Reserva";"750";93;2025;11;3;
"238097";00622153610044;"Dalwhinnie 15 ans Highland Single Malt Scotch Whisky";"750";180;2025;11;3;
"12157566";05202548107028;"Tsilili Tsipouro de Thessalie Eau-de-Vie de Marc de Raisin";"700";24;2025;11;3;
"10269417";08004645402405;"Tommasi Il Sestante Amarone";"750";53;2025;11;3;
"15333191";00628214001950;"Boldwin Névé";"473";11;2025;11;3;
"15063557";03566761005991;"Dampt Frère Chablis Vieilles Vignes";"750";125;2025;11;3;
"15030616";07790975197456;"Chandon Garden Spritz";"750";49;2025;11;3;
"14786180";03683080592954;"Alex Foillard Brouilly";"750";2;2025;11;3;
"15004080";00628250530001;"M.Cocktail Noa Sav. d'Amaretto Sans Alcool";"700";83;2025;11;3;
"15455489";00057496009291;"Sortilège Whisky Limonade Pêche et Poire 4 x 355ml";"355";89;2025;11;3;
"15484626";09325814006279;"Pinot noir Devil's Corner Tasmania";"750";203;2025;11;3;
"14064873";00627987103595;"Cherry River Érable";"750";213;2025;11;3;
"14555550";03701311010760;"Livia Sous le végétal";"750";109;2025;11;3;
"356105";08002365026109;"Michele Chiarlo Le Orme Barbera d'Asti";"750";1063;2025;11;3;
"15141210";00876976006106;"Cidre Lacroix Lot 300 Pêche";"473";83;2025;11;3;
"14234377";03424560050003;"Jean-Paul Brun Bourgogne Terres Dorées";"750";182;2025;11;3;
"15230087";06002039013512;"Helderberg Reserve Stellenbosch";"750";6;2025;11;3;
"15254898";03486640006089;"Arnaud de Villeneuve N°153 Côtes du Roussillon";"750";142;2025;11;3;
"13113952";03142920715415;"Gabriel Meffre Laurus Côtes du Rhône blanc";"750";1417;2025;11;3;
"741231";00827924039202;"Domaine De Lavoie Blanc";"750";213;2025;11;3;
"14070472";05603792001504;"Maias Dao";"750";488;2025;11;3;
"15097618";08410487101473;"Alvear Fino CB";"750";12;2025;11;3;
"15325182";08022931502202;"Argiano Brunello di Montalcino";"750";64;2025;11;3;
"204107";08007425190295;"Frescobaldi Vigna Montesodi Terraelectae Chianti Rufina R.";"750";20;2025;11;3;
"15333123";09339348004793;"Delinquente Bullseye";"750";160;2025;11;3;
"12796780";09421027896062;"Twisted Shotz Shot Box 12 x 30 ml";"30";2624;2025;11;3;
"15294620";08413498282803;"Hacienda Alcaraz Rueda Verdejo";"750";70;2025;11;3;
"14951894";00628110848017;"St-Laurent Gin";"700";320;2025;11;3;
"15249491";00609780023140;"Michel Jodoin Cidre Rose Pétillant 4 X 355 ml";"355";1463;2025;11;3;
"13965696";05411681401164;"Duvel Triple Hop Citra";"330";81;2025;11;3;
"14504947";05600395700292;"Dona Maria Amantis Alentejo Reserva";"750";10;2025;11;3;
"15482170";04000152449999;"Solento Blanco";"750";1;2025;11;3;
"14889365";09120068180580;"Martin Obenaus Unchained Weiss";"750";44;2025;11;3;
"15513669";00083089004046;"Corazon Blanco";"750";16;2025;11;3;
"15440113";06286784310311;"Fit Punch Hawaïen Distillerie des Appalaches";"700";54;2025;11;3;
"14620497";00628176471068;"Rosemont Madame Gin";"750";5;2025;11;3;
"14083505";03267681183423;"Levert Frères Bourgogne Pinot Noir";"750";292;2025;11;3;
"12640603";00895958000253;"Marco de Bartoli Lucido Catarratto";"750";227;2025;11;3;
"274720";01069430427206;"Vi-No-Ze-Ro Müller-Thurgau <0,5%";"750";642;2025;11;3;
"14086837";03183520703907;"Calvet Alsace Pinot Blanc";"750";508;2025;11;3;
"13098713";08437000043133;"Albet i Noya Curiós Penedès Xarel-lo";"750";36;2025;11;3;
"13737626";08003807000879;"Borgogno Barbera d'Alba";"750";191;2025;11;3;
"15069545";03451740100005;"Atwater Cocktail Club Drunken Orange Small Batch";"750";8;2025;11;3;
"15455358";00851006001467;"3 Lacs Vodka Limonade 4 x 355 ml";"355";2152;2025;11;3;
"11398325";00827924017019;"Vignoble du Marathonien Blanc";"750";25;2025;11;3;
"12278261";08410591002468;"CVNE Vina Real Rioja Crianza";"750";655;2025;11;3;
"15315700";00817217000279;"Romeo's Gin";"1140";188;2025;11;3;
"15386938";03701523800227;"Jean-François Jacouton Souvenirs d'André St-Joseph";"750";11;2025;11;3;
"15455500";00057496014462;"Seventh Heaven Caisse Mixte 6 X 355 ml";"355";397;2025;11;3;
"15119485";00628634365090;"Ubald Vodka";"700";79;2025;11;3;
"14859781";00834482000506;"Pascal Bouchard Chablis Premier Cru Fourchaume";"750";24;2025;11;3;
"12424767";03760177962705;"Cep by Cep Saumur-Champigny";"750";19;2025;11;3;
"15518304";03180292000456;"Giffard Abricot du Roussillon Premium";"700";5;2025;11;3;
"15458196";08437004254252;"Aranleon Solo Blanco Utiel- Requena";"750";30;2025;11;3;
"13862048";03760076910012;"Domaine Mondésir-Gazin Château Mondesir";"750";192;2025;11;3;
"14102729";05029704219070;"Bunnahabhain Toiteach A Dha Islay Single Malt";"750";14;2025;11;3;
"15046976";08423110752621;"La Colina Litrona";"1000";256;2025;11;3;
"10273088";08423339971162;"Tinto Pesquera Reserva Ribera del Duero";"750";7;2025;11;3;
"14646970";00827924039936;"Domaine de Lavoie Rosé";"250";270;2025;11;3;
"14729281";09120051393614;"Roter Veltliner Wagram Österreich";"750";51;2025;11;3;
"15102991";07501398100325;"El Tequileno Platinum Blanco";"750";16;2025;11;3;
"14474119";00628504255254;"Noroi Gin aux Petits Fruits";"750";5;2025;11;3;
"15086839";08014115001601;"Poli Maria";"700";10;2025;11;3;
"14228233";00890590000111;"Stadaconé Bleu";"750";167;2025;11;3;
"14357342";00722902000437;"La Joya Cabernet-Sauvignon Gran Reserva";"750";165;2025;11;3;
"15318679";09327967004867;"Tournon Shays Flat Vineyard Sangiovese";"750";7;2025;11;3;
"638528";03104691008400;"Extase Lejay-Lagoute liqueur d'orange et de cognac x.o.";"750";17;2025;11;3;
"14807737";00649185025837;"Château du Taillan Haut-Médoc Cru Bourgeois";"750";52;2025;11;3;
"14919923";05600314045787;"Herdade do Rocim Nat'Cool Fre sh From Amphora";"1000";10;2025;11;3;
"12560099";08437002369170;"Dominio de Tares Baltos Mencia";"750";163;2025;11;3;
"15376262";00628069440287;"Alla Vita! Amaretto";"750";6;2025;11;3;
"15384490";00895958003278;"Altare Barbera Langhe";"750";16;2025;11;3;
"15504535";03330548004923;"Millebuis Montagny Premier Cru Saint Morille";"750";6;2025;11;3;
"11495555";00080686831037;"Sauza Gold tequila";"1140";128;2025;11;3;
"14161260";04550022000862;"Masumi Tokusen Honjozo";"300";48;2025;11;3;
"15259998";05600781952953;"Poupa da Serra Reserva Beira Interior";"750";168;2025;11;3;
"14256138";03683080424651;"Sextant Métisse Vin de France";"750";25;2025;11;3;
"15291365";04970860775102;"Akashi-Tai Junmai Daiginjo Genshu";"300";22;2025;11;3;
"15317764";09120008894102;"Crazy Creatures Niederösterreich";"750";6;2025;11;3;
"15184455";03760268700742;"Ceres Haut-Médoc";"750";3;2025;11;3;
"14184752";08014115002363;"Poli Gran Bassano Rosso";"700";28;2025;11;3;
"15549944";04000155499441;"Bichot Domaine Long-Depaquit Chablis Grand Cru La Moutonne";"750";13;2025;11;3;
"14902540";04904230035725;"Nikka Coffey Malt Whisky";"700";20;2025;11;3;
"15260788";00859810000768;"Desrochers D. Beezz Pomme (4 x 250ml)";"250";47;2025;11;3;
"15364026";03760041765173;"Alain Burguet Cuvée Symphonie Gevrey-Chambertin";"750";0;2025;11;3;
"12910335";05204352000151;"Malagousia Tetramythos Achaia";"750";85;2025;11;3;
"13992854";03583201520111;"Domaine de la Renjarde Les Cassagnes De La Nerthe";"750";1;2025;11;3;
"15505802";08436017630718;"Fuenteseca Macabeo-Albarino";"750";25;2025;11;3;
"12727098";00813897020538;"Tullibardine Sovereign Single Malt";"750";2;2025;11;3;
"15313819";08437026603151;"Roxanne Cava Brut";"750";6;2025;11;3;
"15532501";00608057001362;"Errazuriz Don Maximiano Réserv du Fondateur Valle Aconcagua";"750";7;2025;11;3;
"13624744";08029627172244;"Foradori Sgarzon Vigneti Delle Dolomiti";"750";8;2025;11;3;
"14954905";00628055392750;"Le St-Hil Seltzer Mojito Fizz (4X355ml)";"355";4;2025;11;3;
"11309054";08032584131049;"Do Ut Des Carpineta Fontalpino Toscana i.g.t.";"750";12;2025;11;3;
"13565481";09416504006126;"Kumeu River Village Chardonnay";"750";13;2025;11;3;
"14213891";03520720201602;"Château des Cerfs Lalande- de-Pomerol";"750";39;2025;11;3;
"13917387";00088076188716;"Lagavulin 12 Ans Islay Single Malt Scotch Whisky";"750";3;2025;11;3;
"15072314";08003015710263;"Carpineto Sangiovese Chianti Classico Gran Selezione";"750";47;2025;11;3;
"15278283";09322214014675;"Bundara Farm Atmata Shiraz";"750";19;2025;11;3;
"15303910";00876511000637;"Cherry River Ambré";"750";62;2025;11;3;
"15391884";07503044185069;"Palenqueros Baltazar Cruz - Tobalá Mezcal Artesanal";"700";5;2025;11;3;
"741702";00827924037048;"Champs de Florence Domaine du Ridge";"750";33;2025;11;3;
"13508946";03436806500012;"Jean-Marc Brocard Chablis Premier Cru Vaulorent";"750";50;2025;11;3;
"14024011";03533430000052;"La Grange Tiphaine Touraine Trinqu'âmes";"750";86;2025;11;3;
"13568631";05412343001531;"Westmalle Triple";"330";13;2025;11;3;
"13798189";08026720142129;"Monterustico Piemonte Rosso Monterustico Piemonte Rosso";"750";49;2025;11;3;
"12792527";06132006200956;"Les Monts d'Ihrane";"750";33;2025;11;3;
"14905599";00837294000702;"Miel Nature Gin Saint-Louis";"500";5;2025;11;3;
"14128726";00628504851036;"Distillerie Puyjalon Niapiskau Premium Vodka";"750";26;2025;11;3;
"15235427";00628942235801;"Qc North Shore VOLKÂ";"750";43;2025;11;3;
"12131104";08033286010151;"Prinsiòt Fratelli Alessandria Langhe";"750";28;2025;11;3;
"14671981";03550522217266;"Château Labégorce Zédé de Labégorce Margaux";"750";18;2025;11;3;
"15370987";03180421011476;"Moillard Savigny-Lès-Beaune Ruisseau d'Or";"750";12;2025;11;3;
"11632441";03760027330869;"Domai. de la Rectorie Côté Mer Collioure";"750";4;2025;11;3;
"15364270";00858787000108;"Paxton Wines Pinot Gris Pinot Gris";"750";9;2025;11;3;
"14810522";00628110058744;"Archipel";"750";49;2025;11;3;
"15514303";00628055809197;"1642 Yuzu 4 X 275 ml";"275";12;2025;11;3;
"13497167";04286600222431;"Devoille Kirsch";"30";163;2025;11;3;
"15264181";07808725403907;"Ventisquero Tara Atacama";"750";1;2025;11;3;
"15430821";05601096422186;"Vale D. Maria Douro Superior";"750";5;2025;11;3;
"11441400";00827924073015;"Saint Thomas Terratabac Saint-Thomas-de-Joliette";"750";7;2025;11;3;
"13582804";05605063310223;"Quinta da Gaivosa Alves de Sousa Douro";"750";1;2025;11;3;
"14510298";00628055952268;"Artist Residence Liq. d'Orange";"750";1;2025;11;3;
"12212182";03481260000172;"Famille Ribière Carignan Vignes Centenaires";"750";7;2025;11;3;
"15302909";03466071009965;"Jean-Marie Reverdy & Fils La Villaudière Sancerre";"750";5;2025;11;3;
"12258885";03683080009728;"Morgon Guy Breton";"750";25;2025;11;3;
"14962260";05600279050192;"Vila Nova Vinho Verde";"750";7;2025;11;3;
"14406511";00628011805294;"Domaine Guiberteau Saumur";"750";50;2025;11;3;
"13566556";03273190175002;"La Choulette Ambrée";"750";6;2025;11;3;
"14460850";03760143800116;"Dom. de la Marinière Chinon Vieilles Vignes";"750";9;2025;11;3;
"11580004";08029627062248;"Fontanasanta Manzoni Foradori Vigneti delle Dolomiti i.g.t.";"750";10;2025;11;3;
"14961777";00057496012086;"Shape Framboise Menthe (4X355ml)";"355";35;2025;11;3;
"15118520";00890526000192;"Domaine Ritt Le Libertin";"473";3;2025;11;3;
"15523470";03683080590417;"Domaine des Ardoisières Argile Blanc";"750";2;2025;11;3;
"14893073";06009800163322;"Natte Valleij Coastal Cinsault Western Cape";"750";4;2025;11;3;
"14729601";05200118200025;"Arvanitidis Malagousia Single Vineyard Saint-Constantine";"750";3;2025;11;3;
"12098746";08029627153236;"Teroldego Vigneti delle Dolomi ti Foradori i.g.t.";"1500";4;2025;11;3;
"14509465";07290015781008;"Teperberg Vision Merlot";"750";33;2025;11;3;
"15387746";03345129416118;"Château du Trignon Vacqueyras";"750";35;2025;11;3;
"15218871";00037398027227;"Schneider Weisse Festweisse";"500";15;2025;11;3;
"11386009";00087752006238;"Bartenura Malvasia di Casorzo";"750";30;2025;11;3;
"15050246";05200107815711;"Moi, je m?en fous! Muscat de Hamburg";"750";12;2025;11;3;
"15447868";08020949001663;"Trabuch Langhe";"750";15;2025;11;3;
"15392852";05010327325866;"Glenfiddich Project XX Highlands Single Malt";"750";2;2025;11;3;
"15052719";03277038422068;"Château Montlandrie Castillon Côtes de Bordeaux";"750";9;2025;11;3;
"14184980";00854745000111;"Ungava (BHT)";"1000";72;2025;11;3;
"14895010";00621605312130;"Southbrook Triomphe Cabernet Franc";"750";-1;2025;11;3;
"15506135";03683080621821;"Noëlla Morantin Boudinerie";"750";40;2025;11;3;
"15436528";00040232417399;"Pur Vodka Série Autographe Château Frontenac";"700";2;2025;11;3;
"12797846";08007615001240;"Camul Prosecco Superiore";"750";9;2025;11;3;
"15372181";03700188048593;"Cos d'Estournel Bordeaux";"750";1;2025;11;3;
"15111782";04904230070757;"Nikka Single Malt Yoichi 10 Ans";"700";2;2025;11;3;
"15078206";05600394180286;"Quinta de Valbom Tinto Douro";"750";0;2025;11;3;
"14560308";00627987101737;"Côte Des Saints Soupçon Cacao";"375";3;2025;11;3;
"15132751";03514310000287;"Thierry Delaunay Touraine";"750";25;2025;11;3;
"13672279";03760193190076;"Domaine Sébastien Brunet Vouvray Les Pentes De La Folie";"750";6;2025;11;3;
"14963140";08436008510180;"Navarrsotillo Qvinto Arrio Tempranillo Rioja";"750";9;2025;11;3;
"14494419";07790240093216;"Zaphy Chardonnay Mendoza";"750";79;2025;11;3;
"14556181";00876855003493;"Richard Rottiers Moulin-à-Vent";"750";10;2025;11;3;
"13416558";05010504100071;"Cutty Sark Blended";"750";7;2025;11;3;
"15501060";03760201503003;"Lionel Osmin & Cie Cantèra";"750";23;2025;11;3;
"12434738";00017224412106;"Cabernet Sauvignon Caymus Napa Valley 1L";"1000";-1;2025;11;3;
"12345671";08000395111000;"Gewurztraminer Alois Lageder Alto Adige";"750";0;2025;11;3;
"15285150";04000152851501;"Domaine Agisson Pouilly-Fumé La Belle Endormie";"750";12;2025;11;3;
"15513722";03514123135527;"Gérard Bertrand La Grande Bleue";"750";22;2025;11;3;
"15407372";03443627819421;"Chablis grand cru Les Preuses Domaine  William Fèvre";"750";2;2025;11;3;
"15218053";03530221007115;"Champy Beaune Aux Coucherias Premier Cru";"750";3;2025;11;3;
"15387447";03185370303368;"Ruinart Brut Rosé";"375";2;2025;11;3;
"14252639";00671339552531;"Prose Vodka";"700";1;2025;11;3;
"14293625";08032947460311;"Rosso Fosco Lambrusco Grasparossa di Castelvetro";"750";3;2025;11;3;
"15097870";03563891419506;"Domaine Charly Nicolle Chablis Premier Cru Mont de Milieu";"750";19;2025;11;3;
"15266590";08054382930532;"Le Ragnaie Brunello di Montcino Passo del Lume Spento";"750";2;2025;11;3;
"11293654";00067311786269;"Arte Nova Espagne blanc (4 x 187,5 ml)";"750";4033;2025;11;3;
"15516000";03760069409349;"Château de Vaudieu Vieilles Roussannes Châteauneuf-du-Pape";"750";9;2025;11;3;
"15515146";08004645302200;"Casisano Rosso di Montalcino";"750";4;2025;11;3;
"14255080";03421291900560;"Dom Huet Vouvray Pétillant Brut";"750";4;2025;11;3;
"15324067";00873126000397;"Corte Majoli Pinot Grigio Delle Venezie";"750";2;2025;11;3;
"14553693";03760142056194;"Château d'Agassac Haut-Médoc";"1500";2;2025;11;3;
"13035368";05604846104363;"Quinta de la Rosa Vintage Port";"750";2;2025;11;3;
"15559106";03511061456752;"Château Haut-Bailly Pessac-Léognan";"750";1;2025;11;3;
"15495801";03760072793510;"Le Dauphin d'Olivier Pessac-Léognan";"750";3;2025;11;3;
"15507007";00628308620128;"AIR, Limonade Framboise Yuzu";"700";5;2025;11;3;
"14334888";03192371121211;"Château Grand Bouchon Révélations d'Hubert de Boüard";"750";1;2025;11;3;
"14044320";03760112660659;"Vignoble Des 2 Lunes Sélénite Pinot Gris Alsace";"750";2;2025;11;3;
"10268887";03760090285219;"Ch. Tour des Gendres Gloire de mon Père Côtes de Bergerac";"750";1;2025;11;3;
"15487798";00628090051148;"Domaine Jean-Baptiste Boudier Pernand-Vergelesses";"750";1;2025;11;3;
"14805766";03251092305604;"Château Lascombes Grand Cru Classé Margaux";"750";2;2025;11;3;
"14444446";08413929000075;"Loxarel A Pèl Ancestral Brut Nature";"750";3;2025;11;3;
"13292583";00056049134862;"Bù Sauvignon blanc Sémillon Vin Blanc";"750";1428;2025;11;3;
"912501";03760090040160;"Gewurztraminer Jean-Louis Schoepfer Alsace";"750";2;2025;11;3;
"13737773";08437009194034;"Cullerot Valencia Celler del Roure";"750";1;2025;11;3;
"15238901";04000152389011;"D. Antonin Guyon Chambolle Musigny Clos du Village Monopo";"750";1;2025;11;3;
"15509627";03760176920058;"La Cave du Vieil Armand Cremant d'Alsace Extra Brut";"750";5;2025;11;3;
"15247479";03418060000187;"Estanilles Vallongue Faugères";"750";1;2025;11;3;
"868695";03491031200113;"Fixin Les Crais de Chêne René Bouvier";"750";5;2025;11;3;
"15254222";03760369180016;"Mad Med";"250";2;2025;11;3;
"15438970";03507720120096;"Gevrey-Chambertin premier cru Au Closeau Drouhin-Laroze";"750";1;2025;11;3;
"15366718";00180756000032;"Closson Chase K.J. Watson Vineyards Pinot Gris";"750";3;2025;11;3;
"12644090";00061013005147;"Vieux Moulin Hydromel sec";"750";2;2025;11;3;
"11557541";04000115575413;"Dom.de Montbourgeau L'Étoile";"750";-1;2025;11;3;
"15089618";08002579971035;"Arnaldo Rivera Bussia Barolo";"750";1;2025;11;3;
"14806507";03419466263633;"Haut-Bailly Pessac-Léognan Grand Cru Classé de Graves";"750";2;2025;11;3;
"15160031";03537470212529;"Domaine du Vieux Collège Marsannay";"750";1;2025;11;3;
"13867746";03662782100308;"Chateau Roc de Boisseaux Saint-Emilion Grand Cru";"750";3;2025;11;3;
"14959669";03770001420134;"Christian Binner Pinot Noir";"750";3;2025;11;3;
"13265294";07791728001082;"Zuccardi Q Cabernet Sauvignon Valle de Uco";"750";1;2025;11;3;
"15468968";03394150046689;"Château Angludet Margaux";"1500";1;2025;11;3;
"15442186";03687080620280;"Domaine Vincent Carême Vouvray Plaisir Ancestral";"750";1;2025;11;3;
"14771501";03391180021563;"Chapoutier Schieferkopf Fels Riesling Alsace";"750";1;2025;11;3;
"13336136";00620213700957;"Bacardi Breezer 6x355 ml Orange";"355";48;2025;11;3;
"15333131";00831312002266;"Descombes Beaujolais Cuvée Kéké";"750";4;2025;11;3;
"14764360";00056049137641;"Bù Riesling Gewurztraminer Vin Blanc";"750";900;2025;11;3;
"12974849";00056049134282;"Revolution vin rouge";"1000";675;2025;11;3;
"15586753";04000155867530;"Château Giscours Margaux";"750";29;2025;11;3;
"15048947";03363040802421;"Marillier Père Fils Bourgogne";"750";6;2025;11;3;
"14803058";00628055392637;"Les Vergers Petit et Fils La Fameuse";"750";2;2025;11;3;
"10893480";07790070776679;"Nieto Senetiner Patrimonial Bonarda Mendoza";"750";7;2025;11;3;
"15383008";04000153830086;"G.D. Vajra Coste di Rose Barolo";"750";1;2025;11;3;
"15057624";03609051274803;"Petit Figeac Saint-Émilion Grand Cru";"750";4;2025;11;3;
"15443357";03339998000677;"Vérizet Viré-Clessé La Plaine";"750";2;2025;11;3;
"15257351";03760090791079;"Tardieu-Laurent Hermitage Blanc";"750";1;2025;11;3;
"14954681";07804607441173;"Almaviva Epu";"750";2;2025;11;3;
"12661826";00631471000130;"Maison les Alexandrins Crozes- Hermitage";"750";1;2025;11;3;
"338632";05601332000406;"Ramos Pinto Lagrima Porto blanc";"750";1;2025;11;3;
"15507710";00063657046814;"Les Vins BASK Sauvignon Blanc Vin Blanc";"750";1224;2025;11;3;
"14775536";03760155900316;"Clos Trotteligotte K-Libre";"750";1;2025;11;3;
"15513731";03413061901013;"Château d'Hanteillan Haut-Médoc";"750";1;2025;11;3;
"15222765";03700188062926;"Les Forts de Latour Pauillac";"750";3;2025;11;3;
"13106550";00056049134480;"Jaleo Blanc";"750";2;2025;11;3;
"15200451";03760268700971;"Château Haut-Bages Libéral Grand Cru Classé Pauillac";"750";1;2025;11;3;
"10967442";00728817199501;"Gekkeikan Sake Haiku";"750";1716;2025;11;3;
"14936504";03114080911754;"Louis Roederer Blanc de Blancs";"750";1;2025;11;3;
"15382849";04000153828496;"Fontodi Terrazze San Leolino Gran Selezione";"750";1;2025;11;3;
"14959378";08026720141122;"G.D. Vajra Monterustico Dogliani";"750";1;2025;11;3;
"14974367";03342831413176;"Chanson Santenay Beauregard Premier Cru";"750";1;2025;11;3;
"14152558";03258432100004;"Laurent-Perrier Cuvée Rosé";"1500";1;2025;11;3;
"14815235";03760271030003;"Domaine Anthony Thevenet Morgon";"750";1;2025;11;3;
"15035151";03292144702187;"Château Pichon Longueville Comtesse de Lalande Pauillac";"750";1;2025;11;3;
"14784547";03760201500699;"Lionel Osmin La Baie Orientale";"750";2248;2025;11;3;
"15514645";03148592020352;"Artis Fines Bulles";"750";600;2025;11;3;
"565598";03332418000349;"Chablisienne Chablis La Serein e";"750";1936;2025;11;3;
"76521";08001935361404;"Santa Cristina Toscana";"750";3157;2025;11;3;
"456244";03185130071025;"Pfaff Pinot Gris Alsace";"750";3176;2025;11;3;
"123778";03760168120008;"Benjamin Brunel Rasteau";"750";3708;2025;11;3;
"12270981";00056049132813;"Étienne Marceau Cabernet/syrah Pays d'Oc";"4000";3594;2025;11;3;
"13329905";03049614229510;"Veuve Clicquot Ponsardin Extra brut";"750";14;2025;11;3;
"13547363";04003310030480;"Henkell Vin Désalcoolisé";"750";375;2025;11;3;
"14017268";05601012011920;"Casa Ferreirinha Papa Figos DOC Douro";"750";303;2025;11;3;
"14560324";00628055952299;"Artist Residence Gin Bleuets Sauvages";"750";651;2025;11;3;
"409896";08007425003618;"Frescobaldi Pater Toscana";"750";1733;2025;11;3;
"12495371";08437011078919;"Otazu Chardonnay Navarra";"750";1612;2025;11;3;
"15162221";00062067385773;"Palm Bay Frozen Rainbow Twist";"296";1361;2025;11;3;
"15395009";08435053347086;"Casa de la Ermita Jumilla";"750";53;2025;11;3;
"34124";00622153160075;"Ron Carioca";"1750";2457;2025;11;3;
"64774";08410113001092;"Gran Vina Sol Catalunya";"750";542;2025;11;3;
"430611";07790240072808;"Trapiche Malbec Réserve Mendoza";"750";3032;2025;11;3;
"14086722";03760286140018;"HB Grolleau Vin de France";"750";59;2025;11;3;
"15002383";06009607660314;"Ken Forrester The Misfits Cinsault";"750";39;2025;11;3;
"15365707";00839905007032;"Mortier Brain de Folie";"750";34;2025;11;3;
"107276";08007425000181;"Frescobaldi Nipozzano Chianti Rufina";"750";2790;2025;11;3;
"15253182";03294910514857;"Dom Brial À vol d'oiseau Côtes du Roussillon";"750";35;2025;11;3;
"14955924";00876855003486;"D. Richard Rottiers Beaujelais Villages La Sambinerie";"750";19;2025;11;3;
"10856777";00632738100013;"Beni di Batasiolo Barolo";"750";1304;2025;11;3;
"577122";00083729002494;"Maison Nicolas Chardonnay Réserve Pays d'Oc";"750";4310;2025;11;3;
"2485";00080686832010;"Sauza Silver";"750";1539;2025;11;3;
"11517380";08001660130054;"Ruffino Riserva Ducale Oro Gran Selezione";"750";2;2025;11;3;
"14724878";00026964100174;"Flor de Cana Eco-15";"750";2;2025;11;3;
"14699035";00627843837176;"Miele Sour Limonade à l'Amaretto (4 x 355 ml)";"355";4816;2025;11;3;
"15378073";00622153190065;"Troika";"1140";3710;2025;11;3;
"15378410";03148592010797;"Artis Fines Bulles Syrah";"750";282;2025;11;3;
"15563826";08801100131036;"Good Day Pomme Rouge Soju";"360";938;2025;11;3;
"323295";07790240072785;"Trapiche Cab-Sauvignon Réserve Mendoza";"750";4267;2025;11;3;
"14267603";03391180026223;"Dos Lusiadas Eleivera Tinto Douro";"750";347;2025;11;3;
"15395201";08423110753246;"Garcia Pérez Tinto de la Familia Bobal";"750";85;2025;11;3;
"856005";08410030407694;"Monte Real Reserva Rioja";"750";580;2025;11;3;
"10904409";00026964852745;"Flor de Cana 7 Ans Gran Reserva";"750";383;2025;11;3;
"15373379";09340928005253;"Adelina Jungle Jungle";"750";267;2025;11;3;
"11835388";03286171503121;"Château Larose Trintaudon Haut -Médoc Cru bourgeois supérieur";"750";858;2025;11;3;
"13276137";00896131000930;"Domaine Queylus Pinot Noir Tradition";"750";6;2025;11;3;
"14713458";03770020495007;"Sylvain Pataille Bourg Aligoté";"750";251;2025;11;3;
"11975073";00635335382011;"Hacienda Araucano Syrah Reserva Valle Central";"750";3356;2025;11;3;
"15245959";05601129244044;"Meia Encosta Dao";"3000";907;2025;11;3;
"12658627";08437012278530;"Can Blau Montsant";"750";238;2025;11;3;
"15536158";03770030826198;"Romanesca Moulin-à-Vent Terroir de Granit";"750";113;2025;11;3;
"15525651";05011013941766;"Baileys Chocolat";"750";295;2025;11;3;
"11025617";00080480984168;"Grey Goose";"750";3484;2025;11;3;
"14832001";03282946105286;"Nicolas Feuillatte Palmes d'Or Brut";"750";21;2025;11;3;
"308155";00088076177666;"Johnnie Walker Blue Label Blended Scotch Whisky";"750";81;2025;11;3;
"15334038";00850013524006;"Flecha Azul Blanco Ultra Premium";"750";19;2025;11;3;
"14302915";00745114626417;"Caissette de 12 réutilisable";"1";319;2025;11;3;
"14954403";00628110292162;"Domaine Labranche Rouge Signature";"750";24;2025;11;3;
"292904";03258691243115;"Croix Saint-Martin Bordeaux";"750";4054;2025;11;3;
"15463622";08008863077094;"Brilla! Prosecco";"200";540;2025;11;3;
"557108";00088352118062;"St-Rémy XO";"750";503;2025;11;3;
"973222";00631471002769;"Coudoulet de Beaucastel Côtes du Rhône";"750";466;2025;11;3;
"12843128";03142920029185;"Château Grand Escalion Costières de Nîmes";"750";251;2025;11;3;
"11576275";00827924076016;"Les Vents d'Ange Alexandra";"750";42;2025;11;3;
"13676085";07790762050131;"La Mascota Chardonnay Mendoza";"750";1764;2025;11;3;
"442392";03258690050790;"Château Pey La Tour Réserve du Château Bordeaux Sup.";"750";1126;2025;11;3;
"928036";08437002920982;"Dehesa la Granja";"750";839;2025;11;3;
"13993241";00895958001359;"Domaine de Majas Côtes Catalanes";"750";489;2025;11;3;
"15509678";03500610052835;"Calvet Crémant de Bordeaux Brut";"750";4;2025;11;3;
"15264851";03332418009724;"La Chablisienne Saint-Bris";"750";230;2025;11;3;
"12565092";03760014981067;"Morogues Le Petit Clos Jean-Max Roger Menetou-Salon";"750";100;2025;11;3;
"15291277";00699445000210;"Jardin Unoaked Chardonnay Stellenbosch";"750";11;2025;11;3;
"743989";00827924036065;"Rivière du Chêne William Rouge";"750";317;2025;11;3;
"14533001";03193661254909;"La Résistance Côtes du Rhône Vignerons l'Enclave";"750";569;2025;11;3;
"14320523";08032610361020;"Brigaldara Valpolicella";"750";149;2025;11;3;
"14717002";03760209090222;"Abbaye de Valmagne Portalis Languedoc";"750";217;2025;11;3;
"15361546";06286784316740;"Distillerie des Appalaches Kepler Coup de Foudre";"700";124;2025;11;3;
"15460042";00628634509074;"Domaine Inselberg Chardonnay";"750";137;2025;11;3;
"14339110";03180611079231;"Rigal Original";"750";-1;2025;11;3;
"12863014";00899002000046;"Val Caudalies Lab Doux Vermouth";"500";18;2025;11;3;
"14422968";08437001003907;"Celler Credo Volaina";"750";192;2025;11;3;
"12496541";00088004400699;"Dr. McGillicuddy's Caramel Écossais";"750";2323;2025;11;3;
"13465114";03333441111125;"Aix Coteaux d'Aix en Provence";"750";144;2025;11;3;
"12921632";08032636135841;"Nebbiolo Paolo Scavino Langhe Piémont";"750";61;2025;11;3;
"14346117";01080317324333;"Glenfiddich 14 Ans Bourbon Barrel Reserve";"750";196;2025;11;3;
"14999142";03443208003188;"Saint-Véran Coeur De Silex";"750";33;2025;11;3;
"11679258";08436028380008;"Dinastia Vivanco Seleccion de Familia Crianza Rioja";"750";92;2025;11;3;
"11885457";05204352000090;"Tetramythos Mavro Kalavrytino Nature";"750";190;2025;11;3;
"15448027";04000154480273;"Domaine Tariquet Amplitude Côtes de Gascogne";"750";8;2025;11;3;
"15477725";05203854000201;"Rouvalis Asprolithi";"750";4;2025;11;3;
"15012397";00628451418825;"Cirka Whisky no4";"750";32;2025;11;3;
"15042967";04000150429672;"Pommard Clos des Ursulines Domaine du Pavillon";"750";5;2025;11;3;
"15362733";00695555000539;"Benjamin Bridge Riesling";"750";19;2025;11;3;
"13589133";03770003950011;"Muscadet Sèvre et Maine sur lie Vieilles Vignes Les Vénéra";"750";164;2025;11;3;
"11095877";03760087400069;"Les Galets Dorés Château Mourgues du Grès Cost. Nîmes";"750";399;2025;11;3;
"15216146";03770001220116;"Château Les Clauzots Graves";"750";27;2025;11;3;
"14286572";04972009000588;"Dewanosato Junmai";"720";216;2025;11;3;
"15490401";04000154904014;"Domaine Joblot Givry Premier Cru Clos Marole";"750";1;2025;11;3;
"11962651";08410537039626;"Coto de Imaz Rioja Gran Reserv";"750";202;2025;11;3;
"12848308";08437002513221;"Tempranillo Burgo Viejo Rioja Crianza";"750";12;2025;11;3;
"15199948";00628242481168;"Domaine Lafrance Cé Sûr";"750";11;2025;11;3;
"11184909";00620213190307;"Bombay Sapphire";"1750";147;2025;11;3;
"11187528";08014629012216;"Pio Cesare Barolo";"750";15;2025;11;3;
"14601211";08003930000951;"Santa Margherita Pinot Grigio Valdadige";"1500";8;2025;11;3;
"13385931";03769923051106;"Château Cambon Brouilly";"750";96;2025;11;3;
"14037234";04997738170821;"BBC Fuyu Blended Japonais";"700";3;2025;11;3;
"12854994";05601144197899;"Terras Do Grifo Reserva Douro";"750";33;2025;11;3;
"191239";05010867400092;"Graham's Late bottled vintage";"750";252;2025;11;3;
"10496898";08007355006017;"Ferrari Brut Trento mousseux";"750";202;2025;11;3;
"14853733";00814789006661;"Monkeenuts Whisky Aromatisé au Beurre d'Arachide";"750";4;2025;11;3;
"15308876";00628176313894;"Beemer Pur Sapin Baumier";"500";9;2025;11;3;
"14883457";00087752028346;"Sforno Merlot";"750";10;2025;11;3;
"945691";00057496945698;"Cuvée Fiorello rouge";"20000";10;2025;11;3;
"13285367";00063657035962;"Liberado Cab-Sauv. Tempranillo";"750";720;2025;11;3;
"13617771";08410113007476;"Miguel Torres Purgatori Coster s del Segre";"750";33;2025;11;3;
"11450859";00081706000037;"Chimay Bleue Pères Trappistes bière extra forte type ale";"330";87;2025;11;3;
"13010911";06002039010887;"Constitution Road Robertson Winery";"750";244;2025;11;3;
"14432568";05010314310301;"The Macallan Sherry Oak 12 Ans Highland Single Malt";"750";39;2025;11;3;
"15410889";08437002325015;"Bodega Berroja Aguirrebeko Bizkaiko Txakolina";"750";5;2025;11;3;
"15479288";04000154792888;"Gevrey-Chambertin 1er Cru Petite Chapelle Ross.-Trapet";"750";6;2025;11;3;
"14959773";00080480985332;"Bacardi Punch Au Rhum (6X355ml)";"355";1309;2025;11;3;
"13710837";03356030007531;"Famille Lieubeau Muscadet Sèvre et Maine Confluent";"750";6;2025;11;3;
"15114457";09007350007452;"Weinrieder Riesling Ried Kugler Niederösterreich";"750";13;2025;11;3;
"14786892";04000147868927;"Las Gundinas Raul Perez La Vizcaina Las Gundinas";"750";19;2025;11;3;
"15430564";05601109283032;"Dandy de Cidrô Branco Douro";"750";8;2025;11;3;
"15262450";04000145586038;"Raquillet Mercurey Vieilles Vignes";"750";17;2025;11;3;
"15544385";04710085208456;"Kavalan Concertmaster Port Cask Finish Single Malt";"700";18;2025;11;3;
"14984258";03760158490333;"Domaine Garnier & Fils Chablis Premier Cru Mont de Milieu";"750";33;2025;11;3;
"715086";08052462548851;"Tasca Regaleali Sicilia";"750";43;2025;11;3;
"15369839";03451740550060;"Sang d'Ange Absinthe Supérieure";"500";3;2025;11;3;
"15212313";03700961400815;"Château d'Arsac Cuvée Céline";"750";4;2025;11;3;
"11836364";08002062001546;"Masi Brolo Campofiorin Veronese";"750";207;2025;11;3;
"11293646";00837294000405;"Miel Nature Le Chevalier";"350";8;2025;11;3;
"15168640";00628942235740;"Distillerie Qc North Shore AMY";"750";76;2025;11;3;
"10255752";03578220110238;"Bourgogne Pinot Noir Domaine Michel Prunier et Fille";"750";38;2025;11;3;
"15453723";09120028567369;"Pratsch Zweigelt Niederösterreich";"1000";18;2025;11;3;
"14510538";05601174207001;"José de Sousa Alentajano José Maria da Fonseca";"750";47;2025;11;3;
"14947377";00852396778816;"Humble Litchi Distillerie du Quai";"750";29;2025;11;3;
"14127731";09120033233730;"Riberach Rouge No 21";"750";4;2025;11;3;
"14168411";03120581438454;"F. Martenot Les Ammonites Petit Chablis";"750";111;2025;11;3;
"15301261";00628011395153;"Echo Foxtrot Smash Basilic Framboise (4 x 355 ml)";"355";779;2025;11;3;
"93245";03304116160007;"Château de Beaulon Réserve Ruby 10 ans Pineau Charentes";"750";38;2025;11;3;
"170803";08410013382031;"Codorniu Clasico Seco Cava";"375";468;2025;11;3;
"15392692";00628011553164;"Comont Rhum";"750";21;2025;11;3;
"717405";00084256002094;"Bouchon de remplacement pour pompe Vacu Vin ens. 2";"1";5;2025;11;3;
"14699588";00628250101218;"Avril Amaretto Fizz (4x355ML)";"355";620;2025;11;3;
"15435621";03760154422772;"Château Jean Faure Saint- Emilion Grand Cru";"750";6;2025;11;3;
"15376422";00631471002301;"Château de Beaucastel Châteauneuf-du-Pape";"750";1;2025;11;3;
"15521335";08033749750051;"Cos Ramì Sicilia";"750";20;2025;11;3;
"11154700";03113934001337;"Canard-Duchêne Cuvée Léonie Brut";"750";12;2025;11;3;
"918995";03345120037534;"Domaine du Vieux Lazaret Châteauneuf-du-Pape";"375";27;2025;11;3;
"15106641";00628110848130;"St-Laurent Esprit Érable 3 ans";"700";18;2025;11;3;
"15482276";04000152275826;"Château Oumsiyat Merwah";"750";4;2025;11;3;
"11579652";03340778007137;"Nuiton-Beaunoy Bourgogne Haute Côtes De Nuits";"750";76;2025;11;3;
"15369644";03388118001698;"La Croix Bonis Saint-Estephe";"750";22;2025;11;3;
"15454988";03328155030596;"Château d'Armailhac Pauillac Grand Cru Classé";"750";22;2025;11;3;
"15081317";06009607662509;"Chenin blanc The FMC Forrester Meinert Chenin Stellenbosch";"750";41;2025;11;3;
"13075474";03591800110251;"Château Maris Les Planels Minervois";"750";35;2025;11;3;
"15371470";06286347709354;"Lindenlaub Matin Fou";"750";74;2025;11;3;
"15316631";07804320268170;"Emiliana Adobe Reserva";"750";2;2025;11;3;
"15328877";00628110292308;"Domaine Labranche Rosé Signature";"750";21;2025;11;3;
"11194980";08424767000134;"Marques De Grinon Caliza Dominio De Valpusa";"750";31;2025;11;3;
"15395615";08436532093937;"Cyan Tinta de Toro";"750";10;2025;11;3;
"12388330";05998847195148;"Disznoko Tokaji Aszu 5 Puttonyos";"500";23;2025;11;3;
"15472748";00628347360245;"Joy Hill La Butte";"750";1;2025;11;3;
"15486533";03505881010218;"Domaine du Grapillon d'Or 1806 Gigondas";"750";10;2025;11;3;
"14734814";03368881324101;"Domaine de Beaurenard Châteauneuf-du-Pape";"750";9;2025;11;3;
"15511487";00895958007863;"Radikon Pop Bianco";"750";2;2025;11;3;
"15427111";03380650004229;"Samorens Ferraton Père & Fils Côtes du Rhône";"750";63;2025;11;3;
"11154021";03494980009110;"Le Pressoir Domaine Des Huards";"750";22;2025;11;3;
"15326767";08033028430117;"Bruno Giacosa Dolcetto d'Alba";"750";9;2025;11;3;
"10884567";03458301371119;"Domaine de l'Olivette Bandol";"750";50;2025;11;3;
"14959431";00087647113287;"Jura 18 ans Island Single Malt";"750";5;2025;11;3;
"15326732";08421950964440;"Berceo Crianza Rioja";"750";31;2025;11;3;
"15128701";03431449023089;"Domaine Muré Argiles Rouges Pinot Noir";"750";5;2025;11;3;
"15472609";08019873000026;"Fantini Trebbiano D'Abruzzo";"750";25;2025;11;3;
"13839729";05200112112119;"Vriniotis Wines Methea";"750";11;2025;11;3;
"15332649";09335361007018;"Brash Higgins McLaren Valée Zibibbo";"750";4;2025;11;3;
"261693";00059578114305;"Caballero de Chile Cabernet Sauvignon vin rouge";"1000";2859;2025;11;3;
"11420035";00056049026280;"Wallaroo Trail Bin 313 blanc";"500";1512;2025;11;3;
"15223961";00057496001936;"Blason Rouge Côte du Rhône";"750";5351;2025;11;3;
"15165271";02002171777888;"Villalobos Wine Silvestre";"750";2;2025;11;3;
"14970606";00827586001708;"Cidrerie Lacroix Anne Série Héritage";"750";3;2025;11;3;
"15347875";03687080563242;"L'Oubliée Merci la  Vie";"750";3;2025;11;3;
"13917379";08410113003553;"Miguel Torres Celeste Reserva Ribera del Duero";"750";57;2025;11;3;
"15349344";00990000101589;"Gentle Folk Vin de Sofa";"750";2;2025;11;3;
"13211894";05600318881992;"Conceito Contraste";"750";2;2025;11;3;
"13505008";00627843837169;"Amernoir";"750";11;2025;11;3;
"14959319";03760018780000;"Domaine Berthet-Bondet Côte Côte du Jura la Poirière";"750";2;2025;11;3;
"15501748";03760162660487;"Ogier D'Ampuis La Combe de Malleval Condrieu";"750";5;2025;11;3;
"15417335";03661400273035;"Domaine du Château de Meursault Clos du Château";"750";4;2025;11;3;
"15464182";04000154641827;"Fèlsina Berardenga Chianti Classico Riserva";"750";18;2025;11;3;
"14907965";00636191054401;"Appleton Estate 21 Ans";"750";12;2025;11;3;
"15131695";00827924003197;"Dom. des Côtes d'Ardoise Gamay";"750";12;2025;11;3;
"15187648";03683080625461;"Mother Rock Holocene";"750";4;2025;11;3;
"15512421";03328155031876;"Château Croizet-Bages Pauillac";"750";18;2025;11;3;
"11962889";00853891002154;"Tarima Hill Alicante";"750";33;2025;11;3;
"440123";03458200002305;"Château la Tour de L'Évêque Côtes de Provence";"750";4;2025;11;3;
"11071963";00056049021209;"Wallaroo Trail Bin 313 blanc";"4000";7176;2025;11;3;
"11163673";00057496002919;"Valle Della Rosa Cabernet Sauvignon";"750";25500;2025;11;3;
"15170379";00019855112004;"Schramsberg Blanc de Blancs";"750";1;2025;11;3;
"13835648";00827924190033;"Vallée d'Oka Rosé du Calvaire";"750";1;2025;11;3;
"14432710";03583150002102;"Éric Chevalier Sans Prise de Tête";"750";1;2025;11;3;
"15296465";05602426102266;"Portas da Herdade Reserva";"750";55;2025;11;3;
"14827578";03683080593401;"Domaine Richaud Côtes du Rhône Terre d'Aigles";"750";3;2025;11;3;
"15383278";08030198006326;"Vietti Barolo Cerequio";"750";7;2025;11;3;
"12475281";08437012278417;"El Grand Bonhomme Especial";"750";8;2025;11;3;
"14577222";08033286010311;"San Lorenzo Fratelli Alessandria Barolo";"750";1;2025;11;3;
"15135670";05014218794540;"Douglas Laing Timorous Beastie Highland Blended Malt";"700";-1;2025;11;3;
"15473046";03374830011206;"Vieux Télégraphe La Crau Châteauneuf-du-Pape";"750";4;2025;11;3;
"15515841";04000155158416;"Marchesi Antinori Tignanello";"3000";0;2025;11;3;
"13631151";03265120026201;"G.E. Massenez Golden 8";"700";5;2025;11;3;
"13924157";00859061006618;"Codigo 1530";"750";11;2025;11;3;
"15527180";04000155271801;"D. Hubert Lignier Chambolle- Musigny Les Bussières";"750";1;2025;11;3;
"15247268";00057496003084;"Keep Calm & Shine Vif et fruité Vin Blanc";"750";3060;2025;11;3;
"15449644";03760221471856;"Ti Arrangés de Ced Orange Citron";"700";1;2025;11;3;
"14365748";03760099781132;"Breton Nuits d'Ivresse Bourgueil";"1500";3;2025;11;3;
"14989737";00895958002998;"Matassa Cuvée Marguerite";"750";36;2025;11;3;
"10937892";00067311782100;"Arte Nova Tempranillo Espagne vin rouge";"1000";2880;2025;11;3;
"15073093";00057496012161;"Smoky Bay Shiraz Vin Rouge";"4000";1300;2025;11;3;
"565648";00622837006026;"Crémant St-Nicolas";"750";5;2025;11;3;
"15498315";00628678149311;"Équinoxe Rafale";"750";6;2025;11;3;
"15361482";03660327032176;"La Réserve de Léoville-Barton Saint-Julien";"750";5;2025;11;3;
"15267197";08437013980708;"J.F. Arriezu Crianza Rioja";"750";11;2025;11;3;
"13965688";05425005510029;"La Rulles Estivale La Rulles Estivale";"750";4;2025;11;3;
"15515453";08002366000955;"Luce della Vite Lucente Toscana";"1500";1;2025;11;3;
"15508608";03760124911183;"Dom. Michel Sarrazin Bourgogne Côte Chalonnaise Charnailles";"750";5;2025;11;3;
"15444763";08001935005575;"Guado al Tasso Cont'Ugo Bolgheri";"750";6;2025;11;3;
"14852407";03331210000960;"Ch. Guilhem Pot de Vin Orange";"750";2;2025;11;3;
"15249511";09120381206776;"Eschenhof Holzer Zweigelt Wagram";"750";8;2025;11;3;
"15509598";03185133400143;"Pfaff Black Tie Brut";"750";37;2025;11;3;
"13183491";08015822000048;"Allegrini Amarone della Valpolicella Classico";"750";1;2025;11;3;
"14559260";00615150986229;"Château de Cartes Vin Orange";"750";4;2025;11;3;
"14820499";08053251830102;"Bisol Jeio Valdobbiadene Prosecco Superiore Brut";"750";1;2025;11;3;
"14917661";06430052166777;"Kalevala Gin";"500";-1;2025;11;3;
"15222079";00808755017218;"LaStella Winery Maestoso Solo Merlot";"750";1;2025;11;3;
"15226310";00831312001566;"Maison Chanterêves Ladoix Pinot noir";"750";1;2025;11;3;
"14559366";00615150986298;"Château d Cartes Blanc de Noir";"750";18;2025;11;3;
"12854097";00690604000393;"Michel Gassier Nostre Pais Costières de Nîmes";"750";5;2025;11;3;
"13749301";08027380020024;"Il Taroccco Chianti Classico Torraccia di Presura";"750";11;2025;11;3;
"357996";05601174301105;"José Maria da Fonseca Moscatel de Setúbal";"750";25;2025;11;3;
"15155849";00604947844200;"L'Austral Octopus";"750";2;2025;11;3;
"15356309";04000153563090;"Chambolle-Musigny Philippe Charlopin";"750";7;2025;11;3;
"11506779";00609780002053;"Michel Jodoin Attention Ça Va Faire Pomme !";"750";5;2025;11;3;
"14789621";00895958002677;"Bruno Duchêne La Luna";"750";3;2025;11;3;
"15271882";03700188065309;"Château Haut-Bergey Pessac- Léognan";"750";4;2025;11;3;
"15279008";08016760003566;"Poggio al Vento Col d'Orcia Riserva Brunello di Montalcino";"750";2;2025;11;3;
"15249600";03552511212108;"Château de la Gardine Générat Générations Gaston Philippe";"750";1;2025;11;3;
"15285184";09007350007308;"Weinrieder Ried Hohenleiten Lagenreserve Grüner Veltliner";"750";2;2025;11;3;
"15014181";00848819000411;"White Claw Thé Glacé Saveurs Assorties (12 X 355 ml)";"355";1;2025;11;3;
"15368490";04000153684900;"Mercurey Les Montots A. & P. de Villaine";"750";7;2025;11;3;
"15264842";03566921220035;"Louis Latour Aloxe-Corton Premier Cru Les Chaillots";"750";5;2025;11;3;
"15365150";09316562002798;"Yering Station Village Chardonnay";"750";2;2025;11;3;
"14809556";00657381825373;"Vignoble Lano d'or Nao";"750";9;2025;11;3;
"15057430";03701581900006;"Clarté de Haut-Brion Pessac-Léognan";"750";1;2025;11;3;
"13591920";00056049135388;"Nicolas Laloux Rosé Framboise Passion Boisson au vin";"1000";2352;2025;11;3;
"11896501";08033829840153;"La Stoppa Trebbiolo";"750";36;2025;11;3;
"15482567";04000149815325;"Podere Pradarolo Vej";"750";1;2025;11;3;
"15356296";04000153562963;"Philippe Charlopin Gevrey- Chambertin Vieilles Vignes";"1500";1;2025;11;3;
"15432092";08019787020844;"Arnaldo Caprai Cuvée Secrète Umbria Bianco";"750";1;2025;11;3;
"14503039";00728857630064;"Lagarde Malbec Lujan de Cuyo";"750";1;2025;11;3;
"14378936";00827924022136;"Vignoble de Sainte-Pétronille Le Brut";"750";6;2025;11;3;
"15568328";03687080556527;"Pinard et Filles Jane Doe";"750";1;2025;11;3;
"15479114";03342834473177;"Beaune premier cru Clos des Mouches Domaine Chanson";"750";1;2025;11;3;
"15202625";08030198006296;"Vietti La Crena Barbera d'Asti";"750";7;2025;11;3;
"15232277";00895958004732;"Domaine Labet Côtes du Jura Les Varrons";"750";68;2025;11;3;
"15240904";03760172719410;"Château Lagrange Grand Cru Classé Saint-Julien";"750";9;2025;11;3;
"14919616";08032568519207;"San Giorgio Ugolforte";"750";4;2025;11;3;
"14807825";00771815100253;"Boréale Hors Sentiers IPA";"473";2;2025;11;3;
"15459682";04000154596820;"Domaine Gilbert Picq et Fils Chablis En Vaudécorce";"750";24;2025;11;3;
"15275605";03683080621623;"Marie et Vincent Tricot Petit Rouge de la Côte Ouest";"750";1;2025;11;3;
"15241131";03700188064180;"La Chenade Lalande-de-Pomerol";"750";2;2025;11;3;
"15411312";04000154113126;"Domaine Tempier Cuvée La Tourtine Bandol";"750";1;2025;11;3;
"15586649";03700188073205;"Château Dauzac Margaux";"750";1;2025;11;3;
"14286599";04979656008998;"Yoshi No Gawa Goku-jo";"300";1;2025;11;3;
"15443744";08016001000033;"Prunotto Barbera D'Alba";"750";1;2025;11;3;
"15271866";00649185006317;"Château Larrivet Haut Brion";"750";-1;2025;11;3;
"15266696";03245990202004;"Hennessy Very Special";"750";1;2025;11;3;
"15364641";09352545000238;"Corryton Burge Barossa Grenache";"750";2;2025;11;3;
"15268392";09120025780143;"Zuschmann-Schöfmann Grüner Veltliner Weinviertel";"750";1;2025;11;3;
"15511145";03259270516019;"Delamain Pale & Dry XO";"700";2;2025;11;3;
"14803031";00628055392415;"Les Vergers Petit et Fils (4 x 355 ml)";"355";4;2025;11;3;
"15219751";00839851000132;"Km12 à l'Érable";"700";2;2025;11;3;
"13201451";08030562000011;"Ca' La Bionda Ravazzol Amarone Della Valpolicella Classico";"750";1;2025;11;3;
"15504543";03566761007063;"Régis Fevre Petit Chablis";"750";7;2025;11;3;
"15292122";03258690008388;"Château Marsau";"750";4;2025;11;3;
"158535";00728817199112;"Gekkeikan Sake";"1500";6;2025;11;3;
"15466840";04000154668404;"Domaine Lafarge Vial Fleurie";"750";1;2025;11;3;
"15469725";04000154697251;"Château Lafleur-Petrus Pomerol";"750";37;2025;11;3;
"15089626";08002579971066;"Arnaldo Rivera Ravera Barolo";"750";1;2025;11;3;
"15198566";03760114631121;"Château Branaire-Ducru GCC Saint-Julien";"750";26;2025;11;3;
"15240592";03482150000524;"Château Dutruch Grand Poujeaux Moulis en Médoc";"750";1;2025;11;3;
"15020821";09347242311725;"Tolpuddle Pinot Noir Tasmanie";"750";1;2025;11;3;
"15108217";09006580191436;"Weszeli We Love Pet Nat";"750";1;2025;11;3;
"15505562";04000155055623;"François Cotat Sancerre";"750";1;2025;11;3;
"15311590";05281012000140;"Almaza Pilsener";"500";24;2025;11;3;
"11253695";00087000003446;"Captain Morgan Original Spiced";"375";4616;2025;11;3;
"12316977";08425132690028;"Bodegas Muriel Reserva Rioja";"750";1352;2025;11;3;
"10505854";06901035601047;"Tsingtao 6 x 330 ml";"330";8839;2025;11;3;
"15328236";00628190007021;"Ward Vodka";"750";2220;2025;11;3;
"13503766";05200121350137;"Domaine Sclavos Alchymiste";"750";589;2025;11;3;
"15455411";00080432001158;"Absolut Ocean Spray Canneberge 4 x 355 ml";"355";2206;2025;11;3;
"12558909";08025022000021;"Produttori del Barbaresco";"750";32;2025;11;3;
"13830222";03760099781101;"Grolleau Dom. Catherine Pierre Breton";"750";148;2025;11;3;
"14823999";08437017035282;"Latue Nature Tempranillo";"750";1446;2025;11;3;
"15374187";00627987130850;"Nordiq Parc La Fontaine";"750";80;2025;11;3;
"15209131";03263280125383;"Grand Sud Merlot Rosé";"1000";5079;2025;11;3;
"11948868";05010494990317;"Glenmorangie Original 12 Ans Single Malt Scotch Whisky";"750";378;2025;11;3;
"14758736";06279871658526;"Kepler Bord de Mer Distillerie des Appalaches";"700";781;2025;11;3;
"15464561";05601971220333;"Encostas do Bairro Tejo";"750";843;2025;11;3;
"13425972";08000015439002;"Nespoli Dogheria Rubicone";"750";2586;2025;11;3;
"12275124";08501110080248;"Havana Club Anejo 3 Anos";"750";1173;2025;11;3;
"10845357";00087113111397;"Albert Bichot Chardonnay Origines";"750";1692;2025;11;3;
"316570";09415549802601;"Oyster Bay Sauvignon blanc Marlborough";"750";3291;2025;11;3;
"11870407";00811538010139;"1800 Blanco";"750";1854;2025;11;3;
"14921089";00843655572962;"Tarima Nature Alicante";"750";65;2025;11;3;
"15548722";00628176471907;"Rosemont Triple Sec";"375";111;2025;11;3;
"12560507";08008863044577;"Vivolo di Sasso Pinot Grigio Puglia";"750";2946;2025;11;3;
"15525301";00628678090644;"Bobba Thé aux Perles Limonade Fruit du Dragon";"355";369;2025;11;3;
"10510354";03357781000000;"Cazal Viel Rosé Vieilles Vignes";"750";5301;2025;11;3;
"14083409";08436598730289;"Frontonio Microcosmico Valdejalon";"750";60;2025;11;3;
"14271039";08436017632880;"Ecovitis Equilibrio Jumilia";"750";1101;2025;11;3;
"14729126";08410388013028;"Marques de Astro Tempranillo";"750";383;2025;11;3;
"961607";03494980004139;"Pure Cheverny Domaine des Huards";"750";294;2025;11;3;
"31864";08001110015450;"Disaronno Originale";"375";1015;2025;11;3;
"11863021";08033286010281;"Fratteli Allessandria Verduno Pelaverga Speziale";"750";59;2025;11;3;
"15549928";04000155499281;"Domaine de Montille Meursault Premier Cru Les Perrières";"750";1;2025;11;3;
"14880053";00628242481083;"Lafrance Bin Kin Pétillant Nat";"750";166;2025;11;3;
"11180334";03770001540016;"Chablis Terroirs de Chablis Patrick Piuze";"750";37;2025;11;3;
"13632365";08437004333704;"Altamente Jumilla";"750";446;2025;11;3;
"15273044";08437002994280;"Martín Berdugo Ribera del Duero";"750";42;2025;11;3;
"862110";08004645305102;"Tommasi Ripasso Superiore";"750";426;2025;11;3;
"11544302";00000570710071;"Martini Sec";"1000";3522;2025;11;3;
"11018679";05010327000305;"Grant's Triple Wood Blended Scotch Whisky";"1140";1275;2025;11;3;
"9902";03049197211025;"Courvoisier V.S.O.P.";"750";56;2025;11;3;
"15095313";00628110585073;"Distillerie Québec Cap-Diamant";"750";11;2025;11;3;
"15396343";00082000806929;"Troika";"750";7038;2025;11;3;
"13841431";08034013840713;"I Stefanini Il Selese Soave";"750";671;2025;11;3;
"13227845";03760031472005;"Domaine Lafage Côtes Catalanes Cuvée Centenaire";"750";749;2025;11;3;
"13402324";03760201502778;"Fronton Les Complices Château Laurou";"750";149;2025;11;3;
"15400648";08801100131050;"Good Day Litchi Soju";"360";1655;2025;11;3;
"11072907";08002305003320;"Rocca delle Macie Sasyr Toscana";"750";465;2025;11;3;
"13369413";05606710544138;"Carm Douro Familia Roboredo Madeira";"750";56;2025;11;3;
"10324623";08412423120036;"Borsao Seleccion";"750";4394;2025;11;3;
"443317";05281004011222;"Château Kefraya Les Bretèches Vallée de Bekaa";"750";175;2025;11;3;
"15210300";08055684028682;"Sonovino";"750";668;2025;11;3;
"14998107";08007430305479;"Rosso Fuoco Barbera d'Asti";"750";749;2025;11;3;
"11996456";08437012538023;"Breca Garnacha";"750";912;2025;11;3;
"12494028";03765551980160;"Brouilly Georges Descombes";"750";32;2025;11;3;
"13220117";00627167099069;"Wayne Gretzky Estates No. 99 Cabernet Merlot";"750";386;2025;11;3;
"13802969";08437008054391;"Edetaria Via Terra Alta Garnatxa Blanca";"750";369;2025;11;3;
"13870128";04016762821001;"Leikeim Premium Pils Leikeim Premium Pils";"500";3015;2025;11;3;
"13612786";00859670001240;"Coteau Rougemont St-Pépin Réserve";"750";59;2025;11;3;
"14991343";03700063501236;"Château de Sales Pomerol";"750";87;2025;11;3;
"15289661";09416504012035;"Kumeu River Hunting Hill Pinot Noir";"750";15;2025;11;3;
"15280172";06289424936452;"RhumCoco Noix de Coco Érable";"700";206;2025;11;3;
"13817941";03170870005157;"Fortant de France Chardonnay Terroir Littoral";"750";870;2025;11;3;
"15458701";08437004177117;"Algairen Tempranillo Carinena";"750";890;2025;11;3;
"13958023";00057496008768;"Smoky Bay Cab-Sauv. Réserve";"3000";1273;2025;11;3;
"14788821";00628504255575;"Noroi Esprit-D'Italie";"750";119;2025;11;3;
"15233288";00850024564008;"Teremana Blanco";"750";37;2025;11;3;
"494393";08004645402108;"Tommasi Amarone della Valpolicella Classico";"750";433;2025;11;3;
"14914225";00818276003485;"Umberto Cesari Liano Pinot Grigio";"750";2088;2025;11;3;
"15521618";08410439011133;"Parés Baltà Grosella Penedès";"750";21;2025;11;3;
"3962";00618109027516;"Ricasoli Brolio Chianti Classico";"750";3141;2025;11;3;
"14989788";00628011228338;"Cherry River Amaretto";"750";90;2025;11;3;
"15432199";03760262750026;"Château Saint-Esprit Céleste Côtes de Provence";"750";39;2025;11;3;
"14024644";03760228960001;"Domaine Daniel Dugois Arbois Terre de Marne";"750";3;2025;11;3;
"15455294";00848819001708;"White Claw Gin Smash Caisse Mixte 8 X 355 ml";"355";1634;2025;11;3;
"15348683";03514123132687;"Gérard Bertrand Rouge Clair";"750";280;2025;11;3;
"14555744";03289850064234;"Les Grandes Espérances Le Génie Orange";"500";110;2025;11;3;
"14556190";00089419527155;"T Liger-Belair Les Deux Terres Bourgogne";"750";309;2025;11;3;
"15405941";00628176471853;"Rosemont Coco";"750";357;2025;11;3;
"12990460";08437005284371;"Esteban Martin Carinena Reserva";"750";1026;2025;11;3;
"14788151";03380650004496;"Pierre Henri Morel Laudun";"750";494;2025;11;3;
"13260792";08012738000131;"Pietranera Brunello di Montalcino";"750";19;2025;11;3;
"15441440";00895958007627;"Els Vinyerons Pregadéu Cava";"750";581;2025;11;3;
"15474129";04260660140027;"Kolonne Null Riesling";"750";42;2025;11;3;
"15210431";06004786105793;"Star of Africa Cabernet Sauvignon";"750";971;2025;11;3;
"13090771";05605538001861;"Dona Clara Quinta da Romaneira Reserva";"750";124;2025;11;3;
"11506365";00827924079079;"Réserve Rouge Dom. St-Jacques";"750";136;2025;11;3;
"15394719";03760187300009;"Jérémie Huchet Clisson Muscadet sèvre et Maine";"750";5;2025;11;3;
"13110401";05204172111105;"Domaine Papagiannakos Kalogeri Malagouzia";"750";76;2025;11;3;
"14801001";00080686813347;"Laphroaig 10 ans Sherry Oak Islay Single Malt";"750";78;2025;11;3;
"15479237";00609780010362;"M. Jodoin Pomme on the Beach Limonade Rose 4 X 355 ml";"355";16;2025;11;3;
"13711469";03760237110046;"Château de l'Ou";"750";2;2025;11;3;
"13487161";08054314340231;"Ambo Nero Provincia di Pavia";"750";1476;2025;11;3;
"15472668";03176780039824;"S. De La Sablette Chardonnay";"750";107;2025;11;3;
"15020207";00628250715040;"Cidrerie Le Somnambule Le Sauvage";"750";6;2025;11;3;
"583468";00087236002336;"Rémy Martin X.O.";"750";39;2025;11;3;
"14752035";00895958002073;"Le Sot de l'Ange Chenin Touraine Azay-le-Rideau";"750";2;2025;11;3;
"15327268";03770018599861;"Pépin Crémant d'Alsace";"750";57;2025;11;3;
"13913221";08000154001344;"Nespoli Nespolino Romagna";"750";613;2025;11;3;
"14575286";00827924171018;"Côte de Champlain Coquillages Blanc";"750";134;2025;11;3;
"11573111";08420202000639;"Requevin Gran Reserva Utiel-Requena";"750";7;2025;11;3;
"14989825";00628011228352;"Cherry River Orange Triple Sec";"750";70;2025;11;3;
"883942";04618409480239;"Dom. Lafrance Légende d'Automne";"750";118;2025;11;3;
"11153117";03760161040082;"Riesling Herrenweg Barmès Buecher Alsace";"750";139;2025;11;3;
"12622000";03049614232626;"Veuve Clicquot Rich";"750";204;2025;11;3;
"15464115";04000154641155;"Domaine Bott Saint-Joseph";"750";12;2025;11;3;
"14994907";03760088150161;"Olga Raffault Chinon Les Barnabés";"750";122;2025;11;3;
"13241065";07804300123345;"San Pedro 1865 Cabernet-Sauvig Selected Vineyards Maipo";"750";509;2025;11;3;
"14732721";08000160625121;"Melini Chianti";"750";1191;2025;11;3;
"14703997";09319495008943;"Moss Wood Amy's Margaret River";"750";3;2025;11;3;
"11232261";03591163080932;"Les Béatines Coteaux d'Aix en Provence rosé";"750";44;2025;11;3;
"15569056";00628347360849;"Pastoral Sans Foi ni Loi Electrolyte";"750";23;2025;11;3;
"15086572";00628110848512;"Amour Liquide Old Fashioned";"100";7;2025;11;3;
"15506696";00816253012628;"Mionetto";"750";121;2025;11;3;
"15549776";08410113001214;"Milmanda Torres Penedès";"750";9;2025;11;3;
"12824091";08014115001649;"Poli Marconi 46";"700";46;2025;11;3;
"15325465";01220000180130;"McConnell's 5 Year Old";"700";5;2025;11;3;
"15464828";07808734200993;"Tabali Vetas Blancas";"750";34;2025;11;3;
"13598072";03571710003997;"Laurent Miquel Solas Albarino";"750";20;2025;11;3;
"13567612";08031047000021;"Baglio di Grisi Aria";"750";52;2025;11;3;
"13994542";03488330006751;"Cattin Sauvage Riesling";"750";434;2025;11;3;
"12792244";00779376109319;"Henry of Pelham Reserve Baco Noir Speck Family";"750";15;2025;11;3;
"15510020";00641734000401;"Zenato Amarone della Valpolice lla Classico Riserva";"750";5;2025;11;3;
"13088312";08033011220398;"Chianti Vigna di Pallino Superiore";"750";5;2025;11;3;
"14562266";08021321080719;"Villa Sparina Gavi";"750";85;2025;11;3;
"15549899";04000155498994;"Albert Bichot Morey-Saint- Denis Premier Cru Les Sorbets";"750";4;2025;11;3;
"14378160";05900685001932;"LE CIDRE de Glace Verger Hemmingford";"375";6;2025;11;3;
"15373774";04000153737743;"Brune & Blonde Guigal Côte Rotie";"375";-1;2025;11;3;
"13201442";08030562000097;"Ca' La Bionda Casalvegri Valpolicella Classico Superior";"750";2;2025;11;3;
"13587832";08033315730227;"Arpepe Sassella Stella Retica";"750";3;2025;11;3;
"15021242";03683080594767;"Champagne Clandestin Austral Pinot Noir";"750";6;2025;11;3;
"14824060";00628176313115;"Beemer Liqueur de Bleuets";"375";13;2025;11;3;
"11588444";40057496003831;"Toro Loco Tempranillo Vin Rouge";"1000";4872;2025;11;3;
"12895180";00874381000986;"Au Pied de Cochon Gin de Mononcle";"750";30;2025;11;3;
"13196541";03760002331294;"Forget Brimont Brut Premier Cru";"375";6;2025;11;3;
"15427146";04000154271468;"Domaine Gauby Les Calcinaires rouge";"750";10;2025;11;3;
"11940698";03391180013179;"Occultum Lapidem M. Chapoutier Côtes du Roussillon Villages";"750";35;2025;11;3;
"12898823";03660600002711;"Pinot Noir Doudet Naudin";"750";32;2025;11;3;
"15427592";00060978001072;"Série Artisan Michel Jodoin Variété Newtown Pippin";"750";10;2025;11;3;
"15222589";00400152225892;"Domaine Buisson-Charles Hautes Coutures Bourgogne Côte d'Or";"750";13;2025;11;3;
"15473071";04901410043235;"Kizakura Ginjo Namachozo";"300";23;2025;11;3;
"15141421";00837294000689;"Chouchou Qc Pomme Sirop Érable";"350";4;2025;11;3;
"15356325";04000153563250;"Marsannay en Montchenevoy Philippe Charlopin";"750";7;2025;11;3;
"14991482";00895958004572;"Matassa Cuvée Romanissa";"750";19;2025;11;3;
"13903381";00086395520002;"Mio Sparkling Sho Chiku Bai Shirakabegura";"300";4;2025;11;3;
"15438751";08321200000488;"Combel-La-Serre De la Terre à la Lune";"750";3;2025;11;3;
"11164457";08015674030859;"Sang./Cab.-Sauv./Merlot Centine, Banfi Toscana i.g.t";"5000";3;2025;11;3;
"15333983";08032584130004;"Carpineta Fontalpino Dofana Chianti Classico";"750";0;2025;11;3;
"15249693";00899361002156;"Ant Moore Estate Serie Pinot Gris Marlborough";"750";2;2025;11;3;
"15506813";03500610134623;"Nozeco";"750";28;2025;11;3;
"14509887";07790189043075;"El Esteco Blanc de Blancs Valles Calchaquies";"750";3;2025;11;3;
"32896";08412449101248;"Real Tesoro medium dry Xérès";"750";3;2025;11;3;
"14216101";04262465030107;"A.J. Adam Dhroner Riesling Trocken Mosel";"750";7;2025;11;3;
"11265995";00056049023470;"Amoretti rouge";"1000";675;2025;11;3;
"15169124";03251130120442;"Camille Cayran L'Insouciante Côtes du Rhône";"750";90;2025;11;3;
"15073392";06282503720393;"Wabasso Rhum Mana MangueAnanas";"700";28;2025;11;3;
"15365230";00628110585127;"Distillerie de Québec Eau-de- vie de poire";"500";9;2025;11;3;
"15291285";00604947844231;"Testalonga Baby Bandito Keep On Punching";"750";36;2025;11;3;
"15292561";03328155009738;"Clos la Madeleine St-Emilion Grand Cru";"750";2;2025;11;3;
"11067737";08420347292579;"Baron de Ley Reserva Rioja";"500";2;2025;11;3;
"15240306";01946753215874;"Pierrick Bouley Cotes D'or Pinot Noir";"750";5;2025;11;3;
"15538743";04902650053978;"Hakutsuru Maarui Kajitsu Mikan";"720";1;2025;11;3;
"15374603";03522191202003;"Gérard Millet Sancerre Le Désert du Petit Bannon";"750";12;2025;11;3;
"15407241";03258691558257;"Château Marsau Prélude Francs Côtes de Bordeaux";"750";13;2025;11;3;
"13739200";00706502575069;"Yarra Valley Chardonnay Mac Forbes";"750";23;2025;11;3;
"10898723";03378633006223;"Monseran Garnacha Vieilles Vignes";"750";1;2025;11;3;
"14562709";00615150986281;"Château de Cartes PetNat";"500";26;2025;11;3;
"928218";08027331000624;"Anselmi Capitel Foscarino Veneto";"750";8;2025;11;3;
"15294515";03760210040124;"Montbourgeau L'Étoile En Banode";"750";4;2025;11;3;
"15526224";03464561000058;"La Borie Cahors Cuvée Élégance";"750";23;2025;11;3;
"14003632";03715601317880;"Domaine Philippe Gilbert Menetou-Salon Hors-Sujet";"750";1;2025;11;3;
"850818";03340831001270;"La Croix Poulvère Monbazillac";"750";32;2025;11;3;
"15369791";03760002700014;"Denis & Didier Berthollier Chignin Vieilles Vignes";"750";53;2025;11;3;
"14687034";04000146870341;"Trapet Riesling Riquewihr";"750";13;2025;11;3;
"15356536";08032804342583;"Azelia Bricco Fiasco Luigi Scavino Barolo";"750";7;2025;11;3;
"13023172";00827924079130;"Domaine St-Jacques Pinot Noir";"750";30;2025;11;3;
"15276093";00628942374654;"Sweetchaï";"750";2;2025;11;3;
"15211943";03770030707008;"L'Enfant Terrible Terrasse du Larzac Domaine d'Archimbaud";"750";50;2025;11;3;
"15104751";03760020114411;"Brio de Cantenac Brown Margaux";"750";3;2025;11;3;
"15237342";00628942004162;"Cidrerie Compton Barriqué";"750";7;2025;11;3;
"15217190";00749355298563;"Château de Cartes PetNat Rosé";"500";9;2025;11;3;
"14134448";00631470008342;"Studio by Miraval";"750";3;2025;11;3;
"15298145";06282503720584;"Wabasso Gin Crush (4 x 355 ml)";"355";109;2025;11;3;
"15146926";03471370238688;"Domaine Luneau-Papin Muscadet- Sèvre et Maine Le Verger";"750";7;2025;11;3;
"15489216";00609780023157;"Michel Jodoin Pêche Ananas Cidre Pétillant 4 X 355 ml";"355";28;2025;11;3;
"15340690";00895958007023;"Massa Vecchia Poggio a'Venti";"750";2;2025;11;3;
"907659";08015674197095;"Castello Banfi Brunello di Montalcino";"375";9;2025;11;3;
"14537976";08436598730005;"Frontonio Botijo Blanco Valdejalon";"750";25;2025;11;3;
"14807155";00649185025899;"Les Tourelles de Longueville Pauillac";"750";30;2025;11;3;
"15509862";08436014246691;"Vega Sicilia Valbuena 5.o Ribera del Duero";"750";3;2025;11;3;
"15340817";00627843482321;"Franklin Origine Whisky-Pêche";"500";4;2025;11;3;
"13460381";03138670640053;"Bardinet d'Artigny Grand Classic Rosé <0,5%";"750";25;2025;11;3;
"15161190";00057496014189;"Olé Sangrita Sangria Blanche";"1000";1;2025;11;3;
"12247684";08033286010373;"Fratelli Alessandria Gramolere Barolo";"750";5;2025;11;3;
"14683931";07730951080938;"Bodega Garzón Albarino Reserva";"750";4;2025;11;3;
"15494963";00628176166131;"Vodka Fleury No 29";"750";22;2025;11;3;
"15087786";07503020612251;"Mala Vida Reposado";"700";2;2025;11;3;
"15174986";00878448004665;"Mouton Cadet Mathilde Bordeaux";"750";4;2025;11;3;
"15238812";04000152388120;"D. Dominique Guyon Hautes Côte de Nuits La Dame de Vergy";"750";6;2025;11;3;
"13239942";00895958000871;"La Soeur Cadette Bourgogne";"750";7;2025;11;3;
"14070579";00658936113013;"Château des Laurets Puisseguin Saint-Émilion";"750";6;2025;11;3;
"15521642";08420342206014;"Protos Verdejo Rueda";"750";23;2025;11;3;
"14914321";07350064520024;"Herno Gin London Dry Gin";"500";1;2025;11;3;
"15313510";09120018452019;"Rudolf Rabl Zweigelt";"750";5;2025;11;3;
"14725862";07791728010695;"Familia Zuccardi José Malbec Cabernet-Sauvignon Valle Uco";"750";6;2025;11;3;
"15538866";00990000102364;"Giulia Negri Barbera d'Alba Serradenari";"750";11;2025;11;3;
"15405140";00793888279575;"Bellwoods Stout avec café";"473";1;2025;11;3;
"15385708";05010496002605;"Bowmore 15 ans Sherry Oak Islay Single Malt";"700";8;2025;11;3;
"15341705";04000153417058;"Egly-Ouriet Vignes de Bisseuil Premier Cru";"750";3;2025;11;3;
"15049472";03770001475103;"Nicolas Grosbois Chinon Extra Ball";"750";1;2025;11;3;
"733758";00061013001101;"Vieux Moulin hydromel à la Framboises";"750";4;2025;11;3;
"14440357";00057496010006;"Olé Sangrita Rosé Sangria Prêt-à-Boire";"1000";506;2025;11;3;
"14790568";03683080592985;"Le Clos du Tue-Boeuf Vin Blanc";"750";3;2025;11;3;
"15262601";05602720120218;"Eugénio de Almeida Cartuxa EA Alentajano";"750";1;2025;11;3;
"15015601";00628451469155;"Volaré Classique";"750";1;2025;11;3;
"13116643";03760079137621;"Jacquesson Cuvée No. Extra Brut";"750";1;2025;11;3;
"15463631";08056351320030;"Mirafiore Barbera d'Alba Superiore";"750";13;2025;11;3;
"12210443";08437006989091;"El Bonhomme Blanco Valencia";"750";12;2025;11;3;
"14814873";00812066024759;"Highland Park 15 ans Single Malt";"750";5;2025;11;3;
"13699738";03584870000157;"Geoffroy Blanc de Rose Brut Premier Cru";"750";2;2025;11;3;
"14559551";00185729000361;"Bachelder Parfum de Niagara Pinot Noir";"750";2;2025;11;3;
"13300361";00056049135043;"Wallaroo Trail Pinot Grigio bin 919";"1000";48388;2025;11;3;
"966804";03535923060000;"Louis Jadot Couvent des Jacobins Bourgogne";"750";9;2025;11;3;
"15298436";00062067421778;"Cutwater Tequila Paloma 4 x 355 ml";"355";8;2025;11;3;
"12511318";00873399001572;"Domaine Buisson-Charles Bourgogne Aligoté Sous le Chem";"750";5;2025;11;3;
"15518291";03760145080172;"Arnoux Père et Fils Savigny- Lès-Beaune";"750";3;2025;11;3;
"12921974";08011074300011;"Il Poggione Rosso di Montalcino";"750";0;2025;11;3;
"15116807";00627987202571;"Distillerie Ste-Sabine Mont le Bonnet D'érable Vieilli";"750";2;2025;11;3;
"12636495";03114080424445;"Louis Roederer Collection";"1500";1;2025;11;3;
"15483501";04000151782318;"Tequila Aman Anejo";"750";2;2025;11;3;
"15148585";03337694127865;"Domaine Bouchard Père & Fils Beaune Les Marconnets";"750";6;2025;11;3;
"15501609";04000155016099;"Stéphane Ogier L'Âme Soeur Syrah de Seyssuel";"750";3;2025;11;3;
"14721802";03533430000069;"La Grange Tiphaine Nouveau Nez Montlouis-sur-Loire";"750";2;2025;11;3;
"11903088";08016104287508;"Nino Franco Primo Franco Prosecco Valdobbiadene";"750";1;2025;11;3;
"13913440";03784110155498;"Bera Canelli Moscato";"750";1;2025;11;3;
"15509643";03321321315312;"Willy Gisselbrecht Cremant d'Alsace Brut Prestige";"750";5;2025;11;3;
"15217894";04000152178943;"Domaine du Pélican Arbois Savagnin sous Voile";"750";2;2025;11;3;
"15385935";03052853085021;"Bollinger La Grande Année Brut Champagne";"750";1;2025;11;3;
"12407001";00811538011457;"Jose Cuervo Reserva de la Familia";"750";6;2025;11;3;
"11154726";03760119325018;"Vignoble Le Loup Blanc Soif Rouge";"750";1;2025;11;3;
"15150870";03760002700021;"Denis et Didier Berthollier Argile sur Schiste";"750";4;2025;11;3;
"15297871";03700188065125;"Château Suduiraut Premier Cru Classé Sauternes";"750";16;2025;11;3;
"15526558";04000155265589;"Vignoble Jean-Luc Jamet Côtes du Rhône Couzou";"750";25;2025;11;3;
"10321449";03760053560025;"Clos la Coutale Cahors";"375";1;2025;11;3;
"14070245";03514319000011;"Joël Delaunay Casca Orange";"750";23;2025;11;3;
"12341136";03468970140152;"Vilmart & Cie Coeur de Cuvée Brut";"750";1;2025;11;3;
"15343903";05600215330098;"Invincible Número 1 Douro";"750";1;2025;11;3;
"11556311";03760000653190;"Pinot noir Vignoble Guillaume vin de pays Franche-Comté";"750";5;2025;11;3;
"15407188";00803173142139;"Marchesi di Ravarino Ravarein";"750";1;2025;11;3;
"14440218";03700148110209;"Matrot Monthelie";"750";1;2025;11;3;
"13533287";03451740473000;"Absintherie des Cantons Old Ma jor Tom Gin";"750";1;2025;11;3;
"15161261";00057496014264;"Le Barbeque à Bob Le Chef Cabernet-Merlot Vin Rouge";"750";1020;2025;11;3;
"10297047";08033011201212;"Oreno Tenuta Sette Ponti Toscana i.g.t.";"750";1;2025;11;3;
"12104878";08005713922641;"Pallini Limoncello Liqueur d'agrumes";"500";1;2025;11;3;
"14806161";03700188054198;"Fugue de Nénin Pomerol";"750";4;2025;11;3;
"14907949";05601096021075;"Aveleda Regional Lisboa";"750";5;2025;11;3;
"15240795";03609051350514;"Château Grand Mayne Grand Cru Classé Saint-Émilion";"750";5;2025;11;3;
"15277184";00695554018269;"Cidrerie Milton Cid Original";"473";1;2025;11;3;
"15235099";08424703000235;"Lafage Derrière la Montagne Garnacha Calatayud";"750";1;2025;11;3;
"15265183";04904230072140;"Nikka Discovery Ltd Edition 2023 Nikka The Grain";"700";1;2025;11;3;
"13603610";03583150001105;"Domaine Eric Chevalier La Noë Muscadet Côtes de Grand Lieu";"750";1;2025;11;3;
"15034019";04000150340199;"Château le Puy Barthélémy";"750";1;2025;11;3;
"15482516";04000152278148;"Château Cana Cabires";"750";1;2025;11;3;
"15460931";03609050495810;"Château Montrose Saint-Estèphe";"750";13;2025;11;3;
"15385249";05391536632731;"Waterford Lacken Peated Irish Single Malt";"700";1;2025;11;3;
"14954884";00628176313122;"Beemer Liqueur De Camerise";"375";1;2025;11;3;
"13490328";08031585510013;"Dario Princic Ribolla Gialla";"750";1;2025;11;3;
"15361757";05060033848036;"Torabhaig CNOC NA MOINE The Legacy Series Highlands";"700";1;2025;11;3;
"15291373";04993826104532;"Hiten Konjiki Junmai";"720";1;2025;11;3;
"15511508";00376013899512;"Château Fonreaud Listrac-Médoc";"750";250;2025;11;3;
"12882961";07804320365039;"Marques de Casa Concha Carmenere";"750";53;2025;11;3;
"15200814";03507381002878;"Château Larrivet Haut-Brion Pessac-Léognan";"750";0;2025;11;3;
"15062597";00667925000340;"Fleuri Haskap";"750";1;2025;11;3;
"13906901";08739220014130;"Domaine David Duband Hautes Côtes de Nuits Louis Auguste";"750";-1;2025;11;3;
"15114351";00627843819172;"Dist. Shefford Saxby Corner";"700";2;2025;11;3;
"15585283";00827924004118;"L'Orpailleur Natashquan";"750";1;2025;11;3;
"15259015";03497761220117;"La Nerthe Les Granières Châteauneuf-du Pape";"750";1;2025;11;3;
"15200099";04000152930619;"Château Clinet Pomerol";"750";2;2025;11;3;
"15201171";03700188065224;"Château Lynch-Bages Grand Cru Classé Pauillac";"750";3;2025;11;3;
"14949090";00627987738124;"Dist. Témiscouata Acerum Blanc";"500";1;2025;11;3;
"15198398";03700400301376;"Château Beau-Séjour Bécot PGGC Saint-Émilion";"750";1;2025;11;3;
"14731710";00081308011646;"Cupcake Lighthearted Chardonn.";"750";504;2025;11;3;
"14473280";00615150986304;"Château de Cartes Cuvée Royale";"750";1;2025;11;3;
"572636";03546680013963;"Laroche La Chevalière Chardo. Pays d'Oc";"750";3479;2025;11;3;
"15461475";05601096399112;"Casal Garcia Vinho Verde";"750";444;2025;11;3;
"15478031";03215190025987;"Louis Roche Saumur";"375";95;2025;11;3;
"12941431";08011783134914;"Villadoria Argo Langhe";"750";2967;2025;11;3;
"12720101";08005829514006;"Bottega Limoncino";"500";204;2025;11;3;
"13678371";08012738000605;"Tenuta Friggiali Brunello di Montalcino";"750";25;2025;11;3;
"14969091";00621705110377;"Appleton Estate Signature";"375";2477;2025;11;3;
"15088703";03211200224074;"Les Hauts de Lestac Haut-Médoc";"750";1003;2025;11;3;
"11298404";09004854000019;"Prugneto Sangiovese di Romagna Superiore";"750";2348;2025;11;3;
"13358992";08002235023771;"Zonin Valpolicella Ripasso Superiore";"750";1982;2025;11;3;
"976183";08016963000010;"Luigi Righetti Amarone della Valpolicella Classico";"750";1082;2025;11;3;
"11927661";00082000773894;"Smirnoff Ice Canette (6x355 ml)";"355";54869;2025;11;3;
"135566";00048415502559;"Polar Ice";"750";6503;2025;11;3;
"10654770";03359952005005;"Deutz Brut Classic";"750";117;2025;11;3;
"11247906";05010196111010;"The Dalmore 12 Ans Highlands Single Malt Scotch Whisky";"750";245;2025;11;3;
"12989611";05604424260009;"Casa Santos Lima Lab Lisboa";"750";2792;2025;11;3;
"881656";03570103001015;"Château de Cazeneuve Les Calcaires Pic St-Loup";"750";191;2025;11;3;
"11866571";05010496002193;"Glen Garioch 12 ans Highland single malt";"750";18;2025;11;3;
"14346782";00086785850016;"Invivo X Sarah Jessica Parker Marlborough";"750";35;2025;11;3;
"15074361";08420378000129;"Jesus Yllera Ribera Del Duero";"750";177;2025;11;3;
"15447614";08000160636509;"Folonari Pinot Grigio Léger";"750";1160;2025;11;3;
"14902646";00663935100100;"Sandbanks Shoreline Chardonnay Pinot Grigio";"750";156;2025;11;3;
"15210406";03179075021399;"Vignerons de l'Enclave Garrigette";"750";596;2025;11;3;
"15219064";03380650004748;"Ferraton Viognier Collines Rhodaniennes";"750";62;2025;11;3;
"14076911";03436802200015;"Jean-Marc Brocard Chablis Sainte Claire";"750";549;2025;11;3;
"13358714";00087647111962;"John Barr Reserve Blended Scotch Whisky";"750";540;2025;11;3;
"15434186";00674464560006;"Sangria Verde Rosée";"750";102;2025;11;3;
"14758883";03245990926900;"Hennessy Very Special";"375";500;2025;11;3;
"14736297";03186128094125;"Le Pive Gris";"250";1241;2025;11;3;
"13142833";00811538010900;"Jose Cuervo Especial Gold";"375";137;2025;11;3;
"142117";00012354081840;"Chardonnay Bin 65 Lindemans South Eastern Australia";"750";6741;2025;11;3;
"14698016";00851006001023;"3 Lacs Gin Lim Rose Pamplemous Romarin (4 X 355ML)";"355";8341;2025;11;3;
"15331081";03770012860516;"Aubert & Mathieu Kisumé";"750";268;2025;11;3;
"14398777";00082000006374;"Smirnoff Vodka 4x355 ml Soda Framboise";"355";4817;2025;11;3;
"15440228";00695554030155;"Coccinelle Moût de Pomme- Fraise 4 X 355 ml";"355";365;2025;11;3;
"13918494";08437008409733;"Raul Perez Ultreia";"750";8;2025;11;3;
"11587134";08032601850014;"Prà Otto Soave Classico";"750";491;2025;11;3;
"14588159";00069321004555;"Appleton Estate Reserve 8 ans";"750";320;2025;11;3;
"14883561";00628504255049;"Noroi Havana Mojito (4 x 355 ml)";"355";2305;2025;11;3;
"14729118";08030423005438;"Barone Montalto Terre Siciliane";"750";948;2025;11;3;
"15231961";00628693138154;"Domaine ValBrome Chardonnay";"750";61;2025;11;3;
"734632";05601194302113;"Feist Colheita";"750";44;2025;11;3;
"13089868";08437008356075;"Lolo Rias Baixas";"750";417;2025;11;3;
"15320533";09006580221331;"Weszeli Mystique";"750";672;2025;11;3;
"12561972";00827924070113;"Les Petits Cailloux Blanc";"750";11;2025;11;3;
"15108461";08410023016315;"Vilarnau Cava Reserva Guarda Superior";"750";42;2025;11;3;
"280461";03185370657218;"Dom Pérignon Brut Coffret Moët & Chandon";"750";90;2025;11;3;
"237875";03700061600207;"Réserve de la Chèvre Noire Bourgogne";"750";1256;2025;11;3;
"12260299";03460410538529;"Planteray Barbados 5 ans Grand Terroir";"700";348;2025;11;3;
"14893170";06002269004823;"Van Loveren Cinsault Robertson";"750";15;2025;11;3;
"407528";00878448002678;"Philippe Rothschild Chardonnay Pays d'Oc";"750";863;2025;11;3;
"12866557";08437001003938;"Xarel-lo Celler Credo Miranius Penedès";"750";915;2025;11;3;
"15137608";05600268605259;"Quinta do Montalto Cluricaun Skin";"750";52;2025;11;3;
"255091";00088004400354;"De Kuyper Crème Menthe Blanche";"1140";831;2025;11;3;
"13004326";00858666003107;"Monte Velho Vinho Regional Alentejano";"750";227;2025;11;3;
"14941611";00627987734546;"Fou";"750";79;2025;11;3;
"10994782";00628242480253;"Dom. Lafrance Cidre Mousseux";"750";261;2025;11;3;
"13728885";07804320242699;"Cono Sur Chardonnay";"750";485;2025;11;3;
"864546";03294910512426;"Château Les Pins Côtes du Roussillon Villages";"750";793;2025;11;3;
"14567585";00827924038106;"Artisans du Terroir Prémices";"750";5;2025;11;3;
"13897419";00858787000559;"Paxton Now Shiraz";"750";94;2025;11;3;
"14545626";00632741106019;"Fazi Battaglia Verdicchio dei Castelli di Jesi Classico";"750";1019;2025;11;3;
"15525555";00628176471914;"Rosemont Coffret Découverte";"800";54;2025;11;3;
"15514741";00628120440454;"Explorentum Empire du Soleil";"750";185;2025;11;3;
"11317177";05601213181583;"Quatro Ventos Douro Superior Bacalhôa";"750";1172;2025;11;3;
"961185";03454100262412;"Louis Tête Morgon Charmeuses";"750";352;2025;11;3;
"451161";00811538010849;"Cuervo Especial Dorée";"750";1691;2025;11;3;
"15460190";08008863059687;"Gran Passione Veneto";"750";50;2025;11;3;
"13862996";00083089004015;"Corazon Reposado Corazon Reposado";"750";168;2025;11;3;
"973057";03448940002284;"Château La Croix des Moines Lalande-de-Pomerol";"750";438;2025;11;3;
"11097477";05200323010600;"Argyros Atlantis";"750";271;2025;11;3;
"14961734";00082000006510;"Smirnoff Soda Berry Blast (6 X 355ml)";"355";4702;2025;11;3;
"13859501";04040354200301;"Burg Ravensburg Pinot Noir";"750";302;2025;11;3;
"251876";09312088006869;"Wolf Blass Yellow Label Cab-S";"750";1714;2025;11;3;
"10754244";09419227005193;"Kim Crawford Pinot Noir";"750";211;2025;11;3;
"12731177";08414219901317;"Domaine Puig-Parahy Georges Côtes du Rousillon";"750";745;2025;11;3;
"13476201";05200363509157;"Thymiopoulos Atma";"750";1905;2025;11;3;
"640193";03399600112709;"Domaine du Vieil Aven Tavel";"750";169;2025;11;3;
"13844309";08420347700029;"Baron de Ley Blanco Sobre Lias";"750";44;2025;11;3;
"13211886";05600318881954;"Contraste Douro";"750";12;2025;11;3;
"15196157";07798108833066;"Pyros Malbec";"750";135;2025;11;3;
"15059494";00883735002507;"Coffret-cadeau en bois pour une bouteille";"1";119;2025;11;3;
"11355923";00050037599077;"Tia Maria";"375";257;2025;11;3;
"15073368";00664732009429;"Récif Vieilli en Bord de Mer Distillerie des Marigots";"750";66;2025;11;3;
"11546332";03612179708549;"Château Picard Saint-Estèphe Cru bourgeois";"750";281;2025;11;3;
"15507331";00055480021472;"St-Ambroise Minim Abricot";"473";143;2025;11;3;
"15008304";03760222530002;"Fabien Jouves Les Agudes";"750";68;2025;11;3;
"917096";03760089870150;"Theleme Chinon Pascal et Alain Lorieux";"750";47;2025;11;3;
"13113581";08420560000654;"Langa Classic Calatayud Grenache";"750";781;2025;11;3;
"15029412";00628176849133;"Alchimia Limonada";"250";265;2025;11;3;
"13604495";08000834305007;"Cesari Pinot Grigio Delle Venezie";"750";472;2025;11;3;
"875781";03500610121531;"Château Laroque Saint-Emilion grand cru classé";"750";21;2025;11;3;
"12881474";03760031472647;"Tessellae Carignan Vieilles Vignes";"750";119;2025;11;3;
"15401851";03364610073913;"Château Coutelin Merville Saint-Estèphe";"750";49;2025;11;3;
"12993011";00097985287007;"Emilio Lustau East India Solera Sherry";"500";10;2025;11;3;
"10792216";03760120603006;"Chablis Baudouin Millet";"750";3;2025;11;3;
"134742";03351650001686;"Saint-Véran Georges Duboeuf";"750";577;2025;11;3;
"15187285";05056510007652;"Duncan Taylor Octave Miltonduff Single Malt";"700";1;2025;11;3;
"14205664";03760143270490;"Gayda Sphère Viognier";"750";3;2025;11;3;
"12664517";07790240090529;"Trapiche Alaris Cabernet-Sauvignon";"1500";93;2025;11;3;
"15282688";07792756000139;"Guarda Cabernet Franc";"750";10;2025;11;3;
"15117041";03760050742288;"Château de Melin Bourgogne Hautes Cotes de Beaune";"750";171;2025;11;3;
"15373192";03552657021312;"JP. Chenet Cab-Sauvignon/Syrah Languedoc";"1500";110;2025;11;3;
"15501369";08025862200308;"Casanova di Neri Brunello di Montalcino";"750";17;2025;11;3;
"14040847";00854657002906;"Cantina di Sorbara Lambrusco Salamino di Santa Croce";"750";80;2025;11;3;
"12926661";08410451010893;"Vinas de Paniza Gran Reserva Carinena";"750";221;2025;11;3;
"14623145";03760319700066;"Ch. Climens Asphodèle Bordeaux";"750";1;2025;11;3;
"15313481";00817217000453;"Romeo's Gin Fizz (4x355 ml)";"355";1506;2025;11;3;
"14824001";00051497272104;"Romeo's Gin V";"750";151;2025;11;3;
"14223838";00852396001556;"Distillerie du Quai SuperSonic";"750";32;2025;11;3;
"15483332";00617086945097;"Viu Manent Malbec Reserva";"750";291;2025;11;3;
"15385759";03770019694091;"Moderato Colombard";"750";83;2025;11;3;
"12760816";00827924112028;"Le Mas des Patriotes Le Chaume";"750";67;2025;11;3;
"14496684";08033424760030;"Giulia Negri Barbera d'Alba Serradenari";"750";4;2025;11;3;
"15392730";03683080597300;"Les Spiritueux des Laurentides Tricoté Serré";"750";266;2025;11;3;
"13860683";05055807409964;"Bruichladdich Port Charlotte 10 Ans";"750";41;2025;11;3;
"11654907";03760091100276;"Château Les Ormes Sorbet Médoc cru bourgeois";"750";57;2025;11;3;
"164582";03760276060081;"Château de Sancerre";"750";51;2025;11;3;
"10705071";08031802001232;"Merlot/Cabernet Riserva Vignalta Colli Euganei";"750";7;2025;11;3;
"14514926";05949080001451;"Dracula Tamaioasa Romaneasca";"750";8;2025;11;3;
"15509811";05412783652829;"Boon Horal Megablend";"750";3;2025;11;3;
"15521175";08437005714113;"Alto Moncayo Grunon";"750";413;2025;11;3;
"15069537";03497120000459;"Château Gourgazaud Minervois Le Secret de Mathilde";"750";213;2025;11;3;
"14350933";00627843837244;"Racines";"750";4;2025;11;3;
"15208488";03760087400281;"Anne Collard Côtes du Rhône";"750";87;2025;11;3;
"13292639";00056049134824;"Bù Merlot Vin Rouge";"750";4981;2025;11;3;
"15235953";08030967020522;"Fattoria Le Pupille Saffredi Toscana";"1500";1;2025;11;3;
"13475849";08032790680379;"Tenuta Cucco Barolo";"750";92;2025;11;3;
"15162109";03514123105360;"Gérard Bertrand Naturae Syrah Pays d'Oc";"750";191;2025;11;3;
"12398600";03287111200117;"Gardet Brut Premier CRU";"750";115;2025;11;3;
"15488467";04779049241014;"Acala Mimosa Style";"330";50;2025;11;3;
"13222411";05601989981851;"Esporao reserva Alentejo";"750";11;2025;11;3;
"15273124";00674012917313;"Heaps Chardonnay";"750";1;2025;11;3;
"15484431";04000154844310;"Il Marroneto Madonna delle Grazie Brunello di Montalcino";"750";1;2025;11;3;
"245316";00773253001017;"Du Minot Crémant de Pomme";"750";107;2025;11;3;
"15097731";07804320066912;"Cono Sur Single Vineyard No.23 Rulos Del Alto Riesling";"750";30;2025;11;3;
"15254927";08032532580349;"La Novella Piano del Sarti Chianti Classico Riserva";"750";17;2025;11;3;
"15095284";00876511000286;"Opémiska Gin Boréal Fraises";"750";166;2025;11;3;
"13363388";00057496008522;"Toro Loco Tempranillo Cabernet";"1000";2186;2025;11;3;
"14800931";03760146830035;"Cibonne Tentations Côtes de Provence";"750";14;2025;11;3;
"15356632";08032804342682;"Azelia Dolcetto d'Alba Bricco Dell'Oriolo";"750";22;2025;11;3;
"15505415";04000155054152;"Château Langoa Barton Saint-Julien";"750";9;2025;11;3;
"12102629";03760087400106;"Château La Tour de Beraud Costières de Nîmes";"750";514;2025;11;3;
"14748503";00056049137542;"Revolution Cabernet Sauvignon Vin Rouge";"4000";1040;2025;11;3;
"10884663";03351221170834;"Domaine d'Alzipratu Cuvée Fiumeseccu Corse Calvi";"750";62;2025;11;3;
"14831964";04904230042242;"Nikka Miyagikyo Single Malt";"700";39;2025;11;3;
"12981379";00827924087012;"Côte de Vaudreuil Côte Rouge";"750";15;2025;11;3;
"15497988";03431449022037;"Domaine Muré Les Iris Pinot Blanc";"750";36;2025;11;3;
"15146977";06279872443244;"Vent du Nord Amaretto Quirel";"500";16;2025;11;3;
"14898392";03513274400003;"Le Pinard de Rochard Cabernet Franc/Grolleau";"750";1;2025;11;3;
"15410045";03760174110284;"Domaine Laougué Pacherenc du Vic Bilh Sec Talion";"750";11;2025;11;3;
"14819279";09310297037537;"Penfolds RWT Shiraz Barossa Valley";"750";1;2025;11;3;
"15541686";04710085233786;"Kavalan Concertmaster Sherry Cask Finish Single Malt";"700";34;2025;11;3;
"15321106";08032825451615;"Villa Annaberta Stile Naturale Pinot Grigio Delle Venezie";"750";13;2025;11;3;
"15178653";00628176471518;"Rosemont Montréal Mule (4 x 355 ml)";"355";54;2025;11;3;
"15086880";08014115000093;"Poli Ruta";"500";26;2025;11;3;
"11194672";03570590109256;"Chardonnay Marcel Cabelier Arbois";"750";115;2025;11;3;
"13687981";00856118007161;"Yuzugin Yuzu Gin";"750";1;2025;11;3;
"11833770";00827924072049;"Halte des Pèlerins le Prestige";"750";1;2025;11;3;
"12163835";08437005068315;"La Atalaya del Camino Almansa";"750";34;2025;11;3;
"14465909";04989880701305;"Shichiken Junmai Valley Breeze Yamanashi Meijo";"300";16;2025;11;3;
"13602932";03494980005136;"Domaine des Huards Cheverny La Haute Pinglerie";"750";26;2025;11;3;
"15264877";03812591020230;"Cidre Sauvageon Esperluette";"750";24;2025;11;3;
"15443728";05605829000818;"LIV Vinho Verde";"750";24;2025;11;3;
"13668878";08032584220903;"Ampeleia Alicante";"750";10;2025;11;3;
"15086601";08032622423952;"Gulfi Nero Sanloré";"750";8;2025;11;3;
"10696021";03249990040307;"Château Beau-Site Saint- Estèphe";"750";12;2025;11;3;
"15051880";00839851000019;"Distillerie du Fjord Cosmo";"500";12;2025;11;3;
"10694253";07804320333175;"Marques de Casa Concha Cabernet Sauvignon";"750";80;2025;11;3;
"11618017";00087647112143;"The Dalmore Cigar Malt Highlands single malt";"750";6;2025;11;3;
"15152226";03258064004152;"Krug Grande Cuvée";"375";2;2025;11;3;
"15374611";03700090300055;"Roumieu Roumieu Lacoste Sauternes";"375";9;2025;11;3;
"14420410";08058456280424;"Vino Lauria Radice Terre Siciliane";"750";8;2025;11;3;
"15526523";04000155265237;"Vignoble Jean-Luc Jamet Côte Rôtie Terrasses";"750";13;2025;11;3;
"11035604";00620654030019;"Inniskillin Pinot noir Niagara Peninsula";"750";16;2025;11;3;
"14347970";00627987202540;"Distill. Ste-Sabine Rock G 13";"500";5;2025;11;3;
"15467471";03609050695036;"Château du Tertre Margaux";"750";1;2025;11;3;
"15412454";00069321004340;"Forty Creek Honey Spiced";"750";17;2025;11;3;
"13907082";03766008094003;"Domaine Chancelle Saumur le blanc";"750";5;2025;11;3;
"15209894";04000152098944;"Domaine Léon Barral Jadis";"750";3;2025;11;3;
"12211593";00026964500233;"Flor de Cana Centenaire 18 ans rhum ambré";"750";1;2025;11;3;
"15465003";08006624478210;"Vallepicciola Chianti Classico";"750";118;2025;11;3;
"15375972";05060210707637;"Kilchoman Batch Strength Islay Single Malt";"700";7;2025;11;3;
"10903684";03760234930142;"Domaine La Butte Mi-Pente Bourgueil";"750";3;2025;11;3;
"15327727";08033028430162;"Bruno Giacosa Nebbiolo d'Alba";"750";13;2025;11;3;
"14121209";04000141212092;"Dupéré Barrera Cuvée India Bandol rosé";"750";7;2025;11;3;
"15299607";06279872423246;"Vent du Nord Limonade sauvage (4 x 355 ml)";"355";5;2025;11;3;
"15223274";00628942355578;"Vignoble Ste-Angélique Argiles Rouges";"750";2;2025;11;3;
"15278857";00852396001181;"Gin aux Pistaches Outlast Distillerie du Quai";"750";10;2025;11;3;
"14378151";00852652001047;"LE CIDRE Tranquille Verger Hemmingford 4X250ml";"250";36;2025;11;3;
"14741301";03760290640696;"L'Esprit de Chevalier Pessac- Léognan";"750";8;2025;11;3;
"15498219";03500610171055;"J.P. Chenet Fizzy Mangue Passion";"750";30;2025;11;3;
"14721757";03770013699054;"L'orange Moulin de Peyronin Véronique et Franck Terral";"750";5;2025;11;3;
"13116467";03760074671120;"Domaine Paul Prieur & Fils Sancerre Monts Damnés";"750";7;2025;11;3;
"15062861";00667925000333;"Fleuri Églantine";"750";7;2025;11;3;
"15501511";03760018780062;"D Berthet-Bondet Savagnin Côtes du Jura";"750";3;2025;11;3;
"15424261";03258690085785;"Grand Corbin-Despagne Saint- Émilion Grand Cru";"1500";2;2025;11;3;
"15057528";03701368621216;"Le Petit Lion du Marquis de Las Cases Saint-Julien";"750";1;2025;11;3;
"15461715";00631471002417;"Château de Beaucastel Châteauneuf-du-Pape";"750";1;2025;11;3;
"15319014";03760081153091;"Saint-Louis Fronton Libéré du Soufre";"750";2;2025;11;3;
"15031281";08594186262236;"Milan Nestarec OKR";"1000";5;2025;11;3;
"14857419";00056049137764;"Wallaroo Trail Skip Pinot Grig Vin Rosé";"1000";841;2025;11;3;
"15461387";00056049139256;"Veraci Pinot Grigio Vin Blanc";"750";3060;2025;11;3;
"11199351";03760120601002;"Chablis premier cru Vaucoupin Domaine Millet";"750";3;2025;11;3;
"12189517";08433644000051;"Viña Eguia Reserva";"750";12;2025;11;3;
"15298401";08055748490035;"Musso Langhe Nebbiolo";"750";2;2025;11;3;
"15414927";03760229401435;"Domaine Guy Bocard Meursault Vieilles Vignes";"750";13;2025;11;3;
"15087858";00627843797173;"Dom. Bresee Mackenzie-Parker";"750";3;2025;11;3;
"584243";08548310002168;"Château de Montifaud Cognac X.O.";"750";17;2025;11;3;
"10864953";03591623181216;"Chablis premier cru Vaillons Domaine Bernard Defaix";"750";8;2025;11;3;
"15297901";03700188064562;"Château Ormes de Pez Saint-Estèphe";"750";2;2025;11;3;
"183392";00048162000025;"L'Auberge blanc";"4000";572;2025;11;3;
"15126116";08005829987220;"Bottega 0";"750";4;2025;11;3;
"14883596";00813497006178;"Bumbu";"750";5;2025;11;3;
"15355162";05604575006860;"Monte Da Cal Alentejano";"750";6;2025;11;3;
"15388976";08021019000050;"Fontodi Case Via Syrah";"750";1;2025;11;3;
"15453715";03554873110702;"Moko Rum 8 Ans";"700";6;2025;11;3;
"15253705";00019962301018;"C.E.Petch Héritage";"500";5;2025;11;3;
"12594598";03414271124414;"Domaine de l'Ancienne Cure Jour de Fruit Bergerac Sec";"750";1;2025;11;3;
"15226352";07808725411360;"Grey Single Block Chardonnay Ventisquero";"750";4;2025;11;3;
"14419291";00628110292193;"Domaine Labranche Vin d'Érable Fortifié";"700";8;2025;11;3;
"15383534";03700360022335;"Château Closiot Bonneau Barsac";"375";4;2025;11;3;
"12483927";06009801298078;"Mullineux Kloof Street";"750";1;2025;11;3;
"13300011";03114080611760;"Louis Roederer Brut Rosé";"375";7;2025;11;3;
"14092452";04995762910314;"Asahara Koikoi Junmai Ginjo";"300";8;2025;11;3;
"15515744";04000155157440;"Brune & Blonde Guigal Côte Rotie";"375";2;2025;11;3;
"708438";03760098153183;"Les Barcillants Les Vins de Vienne Cornas";"750";3;2025;11;3;
"11901120";05204222239209;"Malagousia Vieilles vignes Domaine Gerovassiliou";"750";6;2025;11;3;
"14808916";00827924014100;"Vignoble Gagliano Levante";"750";5;2025;11;3;
"15464001";03105710350227;"Paul Jaboulet Hermitage La Maison Bleue";"750";2;2025;11;3;
"15344164";03760424210146;"Domaine Zind-Humbrecht Pinot Gris Clos Jebsal";"750";4;2025;11;3;
"14803023";03760290642980;"Domaine de Chevalier Cru Classé de Graves Pessac-Léogna";"750";1;2025;11;3;
"14182458";08437010606236;"Emilio Valerio Laderas de Montejurra Navarra";"750";46;2025;11;3;
"13672471";03593580181018;"Dominiq. Cornin Pouilly-Fuissé";"750";10;2025;11;3;
"13551371";07790975001494;"Terrazas Cab.-Sauv. Reserva Terrazas de Los Andes";"750";1;2025;11;3;
"15521271";04000155212712;"Le Boncie Le Trame";"750";1;2025;11;3;
"12118559";00841125074091;"Union Libre Cidre de Feu";"375";8;2025;11;3;
"15063531";00892032200165;"Lochlea Our Barley Single Malt";"700";13;2025;11;3;
"13520582";00688444500159;"St Peter's Brewery Cream Stout";"500";16;2025;11;3;
"15411179";06286347709811;"Villa Calicantus Solazzo";"750";1;2025;11;3;
"15114449";09007350007360;"Weinrieder Grüner Veltliner By Lukas";"750";4;2025;11;3;
"15171144";08033481329201;"Tua Rita Giusto di Notri";"750";1;2025;11;3;
"14996291";03770009068703;"Château Carlmagnus Nature de Magnus Bordeaux";"750";7;2025;11;3;
"13854216";04971980773245;"Etsu Gin Japonais Etsu Gin Japonais";"700";1;2025;11;3;
"14915877";04000149158774;"La Pépière Muscadet-Sèvre Et Maine Clisson";"750";1;2025;11;3;
"12272249";00088076172609;"Royal Lochnagar 12 ans Highland single malt";"700";1;2025;11;3;
"15460798";03760190270511;"Raison d'Hêtre Castillon Côtes de Bordeaux";"750";5;2025;11;3;
"15380456";00057496007990;"Smoky Bay Sauvignon- Chardonnay";"1000";2856;2025;11;3;
"11154911";06001506904674;"Chenin Blanc Vieilles Vignes Bernard Series Coastal Region";"750";25;2025;11;3;
"14783579";03514123121445;"Gérard Bertrand Genora";"750";7;2025;11;3;
"14575198";00627843637400;"Le Château de la Grange Le Chant des Vignes";"750";4;2025;11;3;
"15521351";04000155213511;"Brézé Clos Rougeard Saumur";"750";7;2025;11;3;
"14788206";03591623181513;"Rully premier Cru Les Cloux Domaine Jaeger-Defaix";"750";9;2025;11;3;
"15505482";03760198755522;"Domaine Decelle & Fils Savigny -les-Beaune Les Gollardes";"750";1;2025;11;3;
"14991474";08028221131909;"La Bettola Barbera d'Alba Erbaluna";"750";1;2025;11;3;
"15315267";03760046020581;"Jean-Louis Chave Hermitage";"750";2;2025;11;3;
"15042060";03380820098775;"Thunevin-Calvet Maury";"750";10;2025;11;3;
"15080277";03438910872184;"Haussmann Baron Eugène Médoc";"750";12;2025;11;3;
"15174960";03760103961093;"Château Quattre Cahors";"750";1;2025;11;3;
"11964286";00057496005286;"Toro Loco vin rosé";"1000";2016;2025;11;3;
"13287451";08437011078681;"Pago de Otazu Con Crianza";"750";1;2025;11;3;
"15535972";03515052234756;"Domaine Huguenot Marsannay Cuvée Héritage";"750";3;2025;11;3;
"15355082";08437004360014;"Casar de Burbia Hombros Bierzo";"750";20;2025;11;3;
"15379017";03297362005706;"Christian Drouin Pays d'Auge";"700";1;2025;11;3;
"427518";03760016290013;"La Bergerie de l'Hortus Pic St Loup";"750";1;2025;11;3;
"15501318";04062073030359;"Deinhard Green Label Riesling";"750";2;2025;11;3;
"15324770";04000153247709;"Luce della Vite Toscana i.g.t.";"1500";1;2025;11;3;
"444190";05010852026962;"Glengoyne 10 ans Highland scotch single malt";"750";10;2025;11;3;
"15394461";04901524022669;"Konishi Junmai Ginjo Hiyashibori";"720";7;2025;11;3;
"15458663";03700188069246;"Château Montlandrie Castillon Côtes de Bordeaux";"750";1;2025;11;3;
"12448902";08032636132017;"Paolo Scavino Vino Rosso";"750";0;2025;11;3;
"15255461";03760155257366;"Montrachet grand cru Domaine Jacques Prieur";"750";5;2025;11;3;
"15210676";08004300661642;"Caldirola Pinot Grigio Inzolia";"750";2;2025;11;3;
"11464388";00087236002343;"Rémy Martin X.O. Cognac";"375";2;2025;11;3;
"15549549";04000155495498;"Pierre Peters Cuvée de Réserve Blanc de Blancs";"750";207;2025;11;3;
"14029197";03760182393846;"Maison Ventenac Préjugés";"750";1;2025;11;3;
"15235822";08032804342460;"Azelia San Rocco Barolo";"750";3;2025;11;3;
"15385214";05060568327242;"GlenAllachie Sherry Cask Finish Oloroso 9 Years Old";"700";1;2025;11;3;
"13809407";03700188042263;"Pessac- Léognan by Latour- Martillac";"750";-1;2025;11;3;
"10653347";03113941213105;"Billecart-Salmon Le Réserve Extra Brut";"750";1;2025;11;3;
"15210115";03258434320004;"Laurent-Perrier Brut Millésimé";"750";1;2025;11;3;
"15501001";03104051484301;"Hardy 1995 Grande Champagne";"700";1;2025;11;3;
"11685519";05601194301963;"Feist Colheita";"750";1;2025;11;3;
"15341713";09311220010108;"Munda Wines Ngadjuri Peramangk Country Grenache";"750";3;2025;11;3;
"856070";03760087640014;"Domaine d'Aupilhac Montpeyroux Coteaux du Languedoc";"750";1;2025;11;3;
"15333351";03700276521366;"Savigny-lès-Beaune premier cru La Dominode Bruno Clair";"750";1;2025;11;3;
"15373395";08423302131319;"Izadi Tempranillo Rioja Reserva";"375";34;2025;11;3;
"15526611";04000155266111;"Domaine du Collier Saumur Vallée de la Loire";"750";1;2025;11;3;
"864512";08007425211709;"Mormoreto Castello di Nipozzano Toscana i.g.t.";"750";1;2025;11;3;
"15373555";04000153735558;"E. Guigal Château d'Ampuis";"1500";1;2025;11;3;
"13326739";08025205000039;"San Fabiano Calcinaia Chianti Classico";"750";1;2025;11;3;
"12561622";03544290000021;"Château Veyran Camp de l'Aire Saint-Chinian";"750";1;2025;11;3;
"14716860";08410537461724;"El Coto Verdejo Rioja";"750";799;2025;11;3;
"15043871";03352590002719;"Chéreau Carré LOrée du Château La Turmelière Château-Thébaud";"750";152;2025;11;3;
"10254725";08032853721124;"Umani Ronchi Casal di Serra";"750";1079;2025;11;3;
"257238";00835229001305;"Absolut Citron";"750";626;2025;11;3;
"406";00088004400507;"De Kuyper Genièvre";"1140";2211;2025;11;3;
"14020539";00852459001011;"Brasserie De St-Sylvestre 3 Monts";"750";409;2025;11;3;
"13996847";03276210811102;"La Petite Perrière Pinot Noir";"750";4097;2025;11;3;
"13202832";05601129031897;"Lello Reserva";"750";503;2025;11;3;
"14960037";03496980000050;"Domaine la Croix St Laurent Sancerre Les Caillottes";"750";33;2025;11;3;
"11905809";08002815405706;"Firriato Nari";"750";5292;2025;11;3;
"13917766";06282501010588;"Mariana Saint-Crème Original 750 ml";"750";679;2025;11;3;
"12195";03018300003284;"Grand Marnier";"375";881;2025;11;3;
"15092391";03569401013233;"Élégance Viognier";"750";264;2025;11;3;
"5322";05601096210264;"Aveleda Fonte Vinho Verde";"750";6181;2025;11;3;
"221218";03180611046646;"Comte André de Monpezat Cahors";"750";2556;2025;11;3;
"11584321";00087000150300;"Captain Morgan Rhum Blanc";"1140";2911;2025;11;3;
"12211180";00624177100013;"Stinger Melville Premixxx";"1140";1319;2025;11;3;
"7286";00774336072863;"St-Georges Sélectionné Rouge";"1000";2664;2025;11;3;
"15505845";00048415000680;"J.P. Wiser's Réserve Spéciale";"750";4322;2025;11;3;
"15572132";00063657043882;"Saintly The Good Sauvignon Blanc";"750";446;2025;11;3;
"10699652";03525490013233;"Sauvignon blanc Les Jamelles vin de pays d'Oc";"250";6800;2025;11;3;
"12358237";00827924039219;"Domaine de Lavoie Mousseux";"750";191;2025;11;3;
"11990492";09120110091307;"Loimer Lois Grüner Vetliner";"750";1335;2025;11;3;
"15440121";00895958002141;"Chartogne-Taillet Cuvée Sainte Anne";"750";91;2025;11;3;
"515841";03535923010005;"Jadot Sous les Balloquets Brouilly";"750";429;2025;11;3;
"11795961";00057496011782;"Sortilège Prestige";"750";183;2025;11;3;
"13681685";09007951217267;"Grüner Veltliner Terrassen Weingut Jurtschitsch";"750";40;2025;11;3;
"10771431";05010327303048;"Glenfiddich 12 Ans Highland Single Malt Scotch Whisky";"1140";21;2025;11;3;
"14311045";03700597303870;"Clairin Communal";"700";23;2025;11;3;
"12041707";00088076182226;"Cîroc Pêche Boisson à base de spiritueux";"750";622;2025;11;3;
"15455331";00628308620302;"Air Limonade Fruit du Dragon 4 x 355 ml";"355";582;2025;11;3;
"15460202";00628634509081;"Domaine Inselberg Gamay Gameret";"750";128;2025;11;3;
"15288019";08435065600223;"Le Naturel Navarra";"750";60;2025;11;3;
"15408738";03453040015768;"Jérémie Corbières";"750";898;2025;11;3;
"15446902";03760222530774;"Fabien Jouves Les Pièces Longues";"750";3;2025;11;3;
"14028944";04904230100683;"Nikka From the Barrel Blended";"500";201;2025;11;3;
"15101306";08023552120042;"Giacomo Fenocchio Barolo";"750";38;2025;11;3;
"14764933";08001935650102;"Castello della Sala Bramìto Umbria";"750";351;2025;11;3;
"15210318";08023354195910;"San Marzano Trebbiano Puglia";"750";605;2025;11;3;
"14263039";00057496009703;"Rose des Vents Vin de France";"750";477;2025;11;3;
"12259423";03289810002023;"Domaine Fouassier Les Grous Sancerre";"750";357;2025;11;3;
"871277";03120581448002;"Moingeon Crémant de Bourgogne";"750";421;2025;11;3;
"13462845";00080480984922;"Bacardi Spiced";"375";2004;2025;11;3;
"15312808";08032542242190;"Il Molino di Grace Chianti Classico Riserva";"750";65;2025;11;3;
"14027061";08002579450011;"Terre del Barolo Vinum Vita Est Barolo";"750";1066;2025;11;3;
"11927670";00082000802723;"Smirnoff Ice Bouteille (24 x 330 ml)";"330";17446;2025;11;3;
"14354942";03700967702654;"Mathilde Chapoutier Selection Fagueno Verdejo Rueda";"750";8;2025;11;3;
"10427163";00839743003326;"Yellow Tail Colour Series Shiraz";"750";456;2025;11;3;
"12204060";00827924017057;"Marathonien Vendange Tardive";"375";16;2025;11;3;
"15316446";03535740000074;"Astros Côtes de Provence";"750";38;2025;11;3;
"15514733";00627987806601;"Fove Rhum Café";"500";30;2025;11;3;
"13882541";05601007001332;"Casa Ferreirinha Esteva Douro";"750";1362;2025;11;3;
"13612188";09419227005186;"Kim Crawford Rosé";"750";314;2025;11;3;
"14990949";00080686823520;"Canadian Club Soda Gingembre";"473";5762;2025;11;3;
"456095";00085156275014;"Ketel One";"750";1596;2025;11;3;
"602342";08007880542905;"Pasqua Ripasso Superiore";"750";1088;2025;11;3;
"14300282";09414453929695;"Mudshake Chocolate 4 x 270 ml";"270";1047;2025;11;3;
"15115337";06002039012928;"Cap Maritime Cape South Coast Chardonnay";"750";969;2025;11;3;
"184671";00056049846710;"Philippe Le Grand IGP Pays des Bouches-du-Rhône";"4000";1496;2025;11;3;
"13566687";08437018424047;"Finca Valpiedra Reserva Rioja";"750";193;2025;11;3;
"14991600";08001231000021;"Lamole di Lamole Chianti Classico";"750";768;2025;11;3;
"22558";00080686821915;"Canadian Club";"50";2254;2025;11;3;
"12476073";08003930111411;"Pinot Grigio Santa Margherita";"375";267;2025;11;3;
"14724561";08410113556929;"Torres Natureo 0.0";"750";416;2025;11;3;
"15517985";00810010580009;"Veltins Pilsener";"500";519;2025;11;3;
"13105910";00895958000499;"Domaine de Majas Côtes Catalanes";"750";495;2025;11;3;
"15379674";06286347709460;"Haut Campagnau Montis Régalis";"750";6;2025;11;3;
"13838646";08412075710098;"Monasterio Old Vine Garnacha Carinena";"750";848;2025;11;3;
"15549670";03384050000621;"Château Laroze Saint-Emilion Grand Cru";"750";85;2025;11;3;
"14816174";03258690045819;"Château Le Boscq St-Estèphe";"750";62;2025;11;3;
"14312064";00872703001802;"Bodega Monteviejo Festivo Valle de Uco";"750";160;2025;11;3;
"978189";06209770023507;"Ch. Grand Caumont Impatience Corbières";"750";769;2025;11;3;
"12990398";03185231707229;"Riesling Domaine Schlumberger Kessler Alsace Grand Cru";"750";15;2025;11;3;
"918243";03215190023518;"Louis Roche Saumur";"750";1487;2025;11;3;
"14504621";08436532093487;"Win Tempranillo <0,5%";"750";3;2025;11;3;
"1784";03018300000191;"Grand Marnier liqueur d'agrumes";"750";1416;2025;11;3;
"13416021";05060116326017;"Glen Moray Classic Chardonnay Cask Finish";"750";115;2025;11;3;
"4390";00048415510813;"Lamb's Palm Breeze";"1140";1073;2025;11;3;
"12480291";00709067111109;"Il Grigio Gran Selezione San Felice";"750";53;2025;11;3;
"13107632";00627843639756;"Gaia Poiré de Glace Vergers Philion";"200";65;2025;11;3;
"10323049";00026964823967;"Flor de Cana Centenario 12 Ans";"750";356;2025;11;3;
"14802629";00827924190026;"La Cantina Vallée d'Oka Riesling";"750";18;2025;11;3;
"14954294";08054314342235;"Ambo Sauvignon Blanc";"750";459;2025;11;3;
"15514872";00628942354700;"Légende du Cheval Tout-Blanc Classique Domaine Vinéterra";"750";56;2025;11;3;
"12284741";03443660001722;"Bonfils Domaine Cibadiès Chardonnay Pays d'Oc";"750";2318;2025;11;3;
"13261883";08413425012084;"Tabu Ron Dominicano";"700";17;2025;11;3;
"15014270";00628110058942;"Orange Parasol";"750";12;2025;11;3;
"14410633";08032535801489;"Piaggia Riserva Mauro Vannucci Carmignano";"750";18;2025;11;3;
"14651875";03683080542386;"Andrea Occhipinti Alea Viva";"750";11;2025;11;3;
"12383221";08410406000559;"Marqués de Cáceres Excellens Rioja";"750";1204;2025;11;3;
"14825572";00080686835325;"Hornitos Plata";"750";807;2025;11;3;
"15550419";00085000041048;"High Noon Vodka Seltzer Caisse Mixte 8 X 355 ml";"355";441;2025;11;3;
"10368221";03424560040004;"Jean-Paul Brun L'Ancien Terres Dorées Beaujolais";"750";305;2025;11;3;
"346106";00694190003059;"Pommery Brut Royal";"750";139;2025;11;3;
"15187779";04000151877793;"Domaine Tupinier-Bautista Bourgogne Pinot-Noir";"750";2;2025;11;3;
"10758325";08437005068070;"Juan Gil Monastrell Jumilla";"750";267;2025;11;3;
"14951907";00628110848116;"St-Laurent Whisky Trois Grains 3 Ans";"700";136;2025;11;3;
"14590267";00628055392460;"Le St-Hil Spritz (4 x 355 ml )";"355";16;2025;11;3;
"13710829";08410451013252;"Origines de Paniza";"750";138;2025;11;3;
"14031941";03496650000199;"Naturamania de Coupe-Roses";"750";2;2025;11;3;
"13766267";08005829230265;"Coffret Bottega Cadeau 4x200ml";"800";10;2025;11;3;
"15357774";03468000015658;"La Vieille Église Marmandais";"750";339;2025;11;3;
"15115513";03365910007202;"Clos Henri Waimaunga Windblown Clays Marlborough";"750";6;2025;11;3;
"13602019";08420378000792;"Yllera Verdejo Vendimia Noctur";"750";852;2025;11;3;
"15210377";08410744011590;"Knock Knock Sauvignon Blanc";"750";303;2025;11;3;
"15323021";00895958001120;"Pierre Gerbais Grains de Celles";"750";194;2025;11;3;
"15316534";00839905006653;"Domaine Les Hautes Noëlles Voulez vous Gamay Avec Moi?";"750";21;2025;11;3;
"913970";03433813002003;"Château Jolys Cuvée Jean Jurançon";"750";75;2025;11;3;
"13794111";08437006339445;"Altolandon Mil Historias Garnacha Manchuela";"750";284;2025;11;3;
"14131183";05600137911108;"Herança de Sonho Douro Ribeira de Aguiar";"750";22;2025;11;3;
"15329634";09322214015993;"Pure Coastal Pinot Noir";"750";260;2025;11;3;
"15286136";00628190008585;"Nativa Reserva Dios Mio";"750";229;2025;11;3;
"15478648";03251092304317;"La Muscadelle Bordeaux";"750";8;2025;11;3;
"15288027";03234784103900;"Cave de Tain Hermitage Nobles Rives";"750";5;2025;11;3;
"574939";03104691024219;"Crème de cassis de Dijon Lejay Lagoute";"50";58;2025;11;3;
"13219520";03768489960006;"Georges Descombes Morgon Joe Beef";"750";42;2025;11;3;
"15140111";00609780010300;"M. Jodoin Pomme on the beach (4 x 355 ml)";"355";45;2025;11;3;
"15571455";08032853723517;"Cúmaro Umani Ronchi Conero Riserva";"750";186;2025;11;3;
"14729898";08421216196431;"Bocopa Castillo de Alicante";"750";395;2025;11;3;
"15378268";00647581364246;"SmallFry Tangerine Dream";"750";7;2025;11;3;
"15371103";00895958007252;"Domaine Derain Saint-Aubin Rouge Le Ban";"750";3;2025;11;3;
"15117017";03491330007895;"Prosper Maufoux Bourgogne Pinot Noir";"750";220;2025;11;3;
"12699031";03359884180054;"Domaine La Hitaire Chardonnay Côtes de Gascogne";"750";728;2025;11;3;
"14824174";00057496012222;"Seventh Heaven Citron Basilic Tropical";"750";75;2025;11;3;
"15198671";03700188063602;"Ch. Carbonnieux Pessac-Léognan Cru Classé de Graves";"750";8;2025;11;3;
"15531701";00617086958165;"Viu 8 Cuvée Infinito";"750";10;2025;11;3;
"11036156";00080480280000;"Grey Goose";"1750";167;2025;11;3;
"15167161";00628678625044;"Au Pied de Cochon À Côté";"750";54;2025;11;3;
"15129544";03770020499029;"D. Les Terres Promises Coteaux Varois en Provence Apostrophe";"750";6;2025;11;3;
"15109316";00627167100666;"Wayne Gretzky Sauvignon Blanc Péninsule du Niagara";"750";182;2025;11;3;
"14504939";04260199781258;"Weingut Schmitt Frei Korper Kultur Weiss";"1000";132;2025;11;3;
"14559374";00799705518254;"Château de Cartes Atout Blanc";"750";71;2025;11;3;
"15280383";00627843872634;"Rosemont Pastis de Montréal";"750";13;2025;11;3;
"15590357";00804566077403;"Sac-cadeau en carton pour une bouteille Manhattan Noir";"1";201;2025;11;3;
"15156163";03363380001966;"Château de Respide Callipyge";"750";11;2025;11;3;
"15292106";03328155011595;"Château Peymouton St-Émilion Grand Cru";"750";31;2025;11;3;
"15298452";08033675417141;"Elvio Cogno Langhe Nebbiolo Montegrilli";"750";10;2025;11;3;
"15532317";00087752026816;"Bartenura Toscana";"750";43;2025;11;3;
"1339";00088004400538;"De Kuyper Genièvre";"750";688;2025;11;3;
"14375348";05603238121834;"Arca Nova Alvarinho Minho";"750";4;2025;11;3;
"14910531";03770016763004;"Vignoble Angst Chablis";"750";50;2025;11;3;
"15245668";08056370560318;"Carranco Villa Dei Baroni Etna Bianco";"750";49;2025;11;3;
"12454595";03760194450025;"Chablis J-F & P-L Bersan";"750";8;2025;11;3;
"15193095";00806891012579;"Montesecondo Rosé";"750";39;2025;11;3;
"15232710";00628678881082;"Entre Pierre et Terre Vermouth de pomme rouge";"500";9;2025;11;3;
"14433421";04260613393562;"Bergdolt-Reif & Nett Evil Twin Pfalzer Landwein Trocken";"750";4;2025;11;3;
"15489769";03453521300581;"Harmonie Château Villegeorge Haut-Médoc";"750";9;2025;11;3;
"15231987";00628693138147;"Domaine ValBrome Vidal";"750";27;2025;11;3;
"15324809";04000153248096;"Oliviero Toscani OT Toscana";"750";160;2025;11;3;
"15312007";08437017012535;"Juan Gil Jumilla";"750";6;2025;11;3;
"14446601";03496638440122;"L'Écu Côtes du Rhône Nobis";"750";103;2025;11;3;
"14905345";00895958003926;"Pranzegg Vino Rosso Leggero";"750";7;2025;11;3;
"14003544";08015822010504;"Villa Cavarena Ripasso Allegrini";"750";47;2025;11;3;
"11305029";05602418002963;"Croft Pink Porto rosé";"750";13;2025;11;3;
"15525521";00827924003135;"Domaine des Côtes d'Ardoise La Pomelière";"375";5;2025;11;3;
"15280375";06289424936698;"Trois-Îles Rhum Arrangé Orange Café";"700";22;2025;11;3;
"15278099";00628250939408;"BluePearl Collection Sureau";"700";65;2025;11;3;
"15298225";00062067421709;"Palm Bay Punch Tropical Ananas et Agrumes (4 x 355 ml)";"355";374;2025;11;3;
"15392844";05010327324081;"Glenfiddich 21 Ans Highlands Single Malt";"750";2;2025;11;3;
"12485877";05200121350038;"Domaine Sclavos Robola de Céphalonie Vino di Sasso";"750";8;2025;11;3;
"13112933";03765551980016;"Georges Descombes Morgon";"750";56;2025;11;3;
"15229115";05206356251621;"Kalogria Assyrtiko";"750";3;2025;11;3;
"15266602";08024411650205;"Aurelio Settimo Nebbiolo Langhe";"750";8;2025;11;3;
"12335801";03185370759714;"Dom Pérignon Vintage Brut Rosé";"750";6;2025;11;3;
"14994827";00618109827512;"Barone Ricasoli Ceniprimo Chi anti Classico Gran Selezione";"750";5;2025;11;3;
"13638484";08437005077201;"Alta Alella Mirgin Cava Reserva";"750";32;2025;11;3;
"15554807";03560960004489;"Bourgogne Aligoté Taupenot- Merme";"750";29;2025;11;3;
"14984291";00627987463217;"Birster Camerise";"500";2;2025;11;3;
"14070991";00627843837213;"Amer Amer";"750";13;2025;11;3;
"15371277";03683080628400;"Domaine Capmartin l'Amour Madiran";"750";29;2025;11;3;
"15247701";08006030050833;"Cecchi Chianti Classico Gran Selezione Valore di Famiglia";"750";14;2025;11;3;
"15455420";00048415000604;"Polar Ice Blizzard Saveurs Assorties 12 x 355 ml";"355";481;2025;11;3;
"15054642";03552350000171;"Château Rouget Pomerol";"750";13;2025;11;3;
"15394428";04904985112351;"Chikumanishiki Shuzo Kizan";"720";3;2025;11;3;
"15207653";03591162102239;"Les Béates TB Terra Blanc";"750";3;2025;11;3;
"14748589";00627987314977;"Dist. La Manufacture Panacée";"750";23;2025;11;3;
"15477451";00628176166100;"The Gypsy Chico Castillo";"750";14;2025;11;3;
"15055135";03292144410211;"Château d'Issan Margaux Grand Cru Classé";"750";2;2025;11;3;
"13097294";05060210700607;"Kilchoman Sanaig Islay Single Malt";"700";-1;2025;11;3;
"15233261";00628634365403;"UBALD Espresso Martini";"700";25;2025;11;3;
"14902347";03683080593562;"Raynault Gin-ette";"750";13;2025;11;3;
"15237318";00852396001082;"Humble Vanille Distillerie du Quai";"750";7;2025;11;3;
"15480449";08001935005056;"Le Mortelle Botrosecco Maremma Toscana";"750";19;2025;11;3;
"12407406";03256781700555;"Ryst Dupeyron Armagnac 1955";"700";1;2025;11;3;
"14887714";09120039647784;"Hager Matthias Grüner Veltliner Urgestein Natural";"750";48;2025;11;3;
"15133746";00827924003036;"Domaine des Côtes d'Ardoise";"750";14;2025;11;3;
"15294654";08436565180826;"Terra Vella Petra Crianza Rioja Baja";"750";27;2025;11;3;
"12382827";08436569290361;"Bodega Otazu Pago de Otazu";"750";3;2025;11;3;
"299933";08000353000094;"Luxardo Kirsch eau-de-vie de fruit";"500";18;2025;11;3;
"14503549";00881860400328;"Flat Rock Gravity Pinot Noir Twenty Mile Bench";"750";3;2025;11;3;
"14999038";00627987806540;"Fove Acerum Blanc";"500";13;2025;11;3;
"367284";03300370111038;"Gentil Hugel Alsace";"750";-1;2025;11;3;
"10253044";08059018940602;"Arillo in Terrabianca Collezione Campaccio Toscana";"750";7;2025;11;3;
"15253107";08027185315929;"Castiglion del Bosco Millecento Riserva";"1500";0;2025;11;3;
"15246249";03760371950645;"Hoffmann-Jayer Bourgogne Hautes-Côtes de Nuits";"750";1;2025;11;3;
"15532481";03770024667196;"Foulaquier Violetta";"750";25;2025;11;3;
"15455198";05413214000837;"Panda Bio Gin";"700";8;2025;11;3;
"12103584";03460410528858;"Pierre Ferrand Dry Curaçao Liqueur d'orange amère";"700";3;2025;11;3;
"15301720";08412176002412;"Faustino Rivero Ulecia Conciens";"750";13;2025;11;3;
"14205867";00087000007246;"Crown Royal Sac & Boîte whisky canadien (BHT)";"1000";1;2025;11;3;
"14121559";03760142715121;"Beaune 1er Cru Teurons Remoissenet Père & Fils";"750";2;2025;11;3;
"15073051";00057496012178;"Keep Calm & Thrive Cabernet Sauvignon Vin rouge";"4000";260;2025;11;3;
"15407209";08007155000758;"Cantine Torresella Prosecco Extra Dry";"750";8;2025;11;3;
"15291859";03258690061710;"Château Canon Pécresse";"750";2;2025;11;3;
"15049085";00659651113807;"Laubade Armagnac 1985";"700";1;2025;11;3;
"13501664";08424487600102;"Juvé y Camps Reserva de la Familia";"3000";1;2025;11;3;
"14791536";08051938970233;"Sequerciani Libello Toscana";"750";12;2025;11;3;
"14798084";03700188055041;"Château Pichon-Longueville Baron GCC Pauillac";"750";1;2025;11;3;
"15510960";03760337450141;"Champagne Abelé 1757 Blanc de Blancs";"750";1;2025;11;3;
"11608185";05010494574838;"Glenmorangie Signet Highlands single malt";"750";2;2025;11;3;
"4135";00774336041357;"Notre Vin Maison rouge";"1000";2520;2025;11;3;
"14785937";03683080542485;"Bulliat Collonge Fleurie Goutte à Goute";"750";10;2025;11;3;
"14946526";04000149465261;"G. et Félix Rich. Ira. Cailles";"750";14;2025;11;3;
"15393177";03760090794001;"Tardieu-Laurent Cuvée Spéciale Châteauneuf-du-Pape";"750";1;2025;11;3;
"14682663";00628504851067;"Dist. Puyjalon Rubis Nordique";"500";11;2025;11;3;
"14461351";08024977970038;"Monterinaldi Purple Turtle Toscana";"750";5;2025;11;3;
"14210957";00628504255445;"Noroi Vodka Citron et Lime";"750";3;2025;11;3;
"14727770";07804360000402;"Los Vascos Sauvignon Blanc";"750";7;2025;11;3;
"14973989";04000149739898;"Patrick Javillier Meursault Les Clousots";"750";2;2025;11;3;
"13856967";03700597363522;"Clairin Sajous de Saint-Michel de l'Attalaye";"700";1;2025;11;3;
"15509942";08436014242266;"Vega Sicilia Unico Coseco Ribera del Duero";"1500";1;2025;11;3;
"13287240";03276210001114;"La Perrière Sancerre";"750";36;2025;11;3;
"14223803";08437015853024;"Alta Alella Celler de Les Aus Merla";"750";3;2025;11;3;
"12376881";04000112376884;"Domaine de la Mordorée La Dame Rousse Tavel rosé";"750";3;2025;11;3;
"14041815";00663239600078;"Tsukasabotan Yamayuzu Shibori Yuzu Junmai";"720";8;2025;11;3;
"15494779";03511062210018;"Folie de Chauvin Saint-Emilion Grand Cru";"750";10;2025;11;3;
"15469397";00628504851012;"Puyjalon Whisky, St. Charles";"750";2;2025;11;3;
"12517875";03510170000092;"Première Vendange Henry Marionnet";"750";9;2025;11;3;
"15516077";03760069409219;"Château de Vaudieu l'Avenue Châteauneuf-du-Pape";"750";3;2025;11;3;
"13749969";04901903064105;"Togouchi Premium Japon Blended Whisky";"700";19;2025;11;3;
"15175057";00990000100742;"Koerner Watervale Riesling";"750";3;2025;11;3;
"15086610";08032622423990;"Gulfi Nero Bufaleffj";"750";2;2025;11;3;
"15224630";00695554090777;"Nordiq Rouge rubis";"750";8;2025;11;3;
"15335170";00695554090029;"Nordiq Cidre de Table 02";"750";6;2025;11;3;
"14307353";07790265620329;"La Riojana Believer La Rioja";"750";12;2025;11;3;
"12429470";00895958000208;"Arianna Occhipinti SP68 rouge 1500ml";"1500";2;2025;11;3;
"14346854";03542980000108;"Domaine de la Rochette Côte Roannaise La Rochette";"750";29;2025;11;3;
"15503090";03760161290036;"Pierre-Marie Chermette, Beaujo lais blanc 'Collonges'";"750";5;2025;11;3;
"15469506";03760094050158;"Murviedro Arts de Luna Brut";"750";9;2025;11;3;
"15149140";08412325002935;"Emilio Lustau Fino del Puerto Gonzales 1/143 Jerez-Xérès";"500";2;2025;11;3;
"15461619";04000154616191;"Barolo Rocche dell'Annunziata Aurelio Settimo";"750";1;2025;11;3;
"15452552";04000154525523;"Marchand-Tawse Mazis- Chambertin Grand Cru";"750";3;2025;11;3;
"15300014";00057496004852;"Keep Calm & Live Fraise Croquante";"1000";5;2025;11;3;
"15519673";00628451239741;"Lieux Communs Saint-Armand";"750";4;2025;11;3;
"15382814";08021019000036;"Vigna del Sorbo Fontodi Chianti Classico Gran Selezion";"750";6;2025;11;3;
"14898368";06009656251020;"Tokara Sauvignon Blanc Elgin";"750";11;2025;11;3;
"15511364";03760192754194;"Château Maillet Pomerol";"750";4;2025;11;3;
"14424277";09414416001468;"Villa Maria Sauv Blanc Réserve Marlborough Wairau Valley";"750";1;2025;11;3;
"11901832";00833302001037;"Aquinas Napa Valley Don Sebastiani & Sons";"750";-1;2025;11;3;
"15210941";04000152109411;"Cédric Bouchard Roses Jeanne Côte de Val Vilaine VV Brut";"750";3;2025;11;3;
"13023201";00827924017033;"Marathonien Cuvée spéciale";"750";6;2025;11;3;
"10272181";00057496272183;"Sélection Châtenois blanc";"4000";573;2025;11;3;
"15265221";00400012194962;"Domaine du Tunnel Cornas";"750";3;2025;11;3;
"14959731";00627987130836;"Château Fontaine Cuvée Confesseur";"750";7;2025;11;3;
"15290872";06284514190219;"Cirka Monarque";"750";1;2025;11;3;
"14549061";03760177964082;"Domaine des Roches Neuves Thierry Germain Terres Saumur";"750";1;2025;11;3;
"13737677";03465020000022;"Champagne Leclerc Briant Brut Réserve";"750";1;2025;11;3;
"15333465";03561012300108;"Singulier Trousseau Arbois Dom aine André et Mireille Tissot";"750";3;2025;11;3;
"13838734";09416040100111;"Giesen the Brothers Sauvignon Blanc Marlborough";"750";11;2025;11;3;
"14082570";00056049136132;"Wallaroo Trail, Pinot Noir";"1000";673;2025;11;3;
"15024970";00890526000185;"Domaine Ritt Hopla!";"473";1;2025;11;3;
"11791688";03371804820000;"Bailly Lapierre Vive-la-Joie Crémant de Bourgogne";"750";1;2025;11;3;
"14928934";03760181572044;"Famille Grossot Chablis Premier Cru Fourchaume";"750";1;2025;11;3;
"14970913";03700597359365;"Transcontinental Rum Line Panama";"700";3;2025;11;3;
"15385880";04000153858806;"Le Méal Ferraton Ermitage";"750";1;2025;11;3;
"10678827";03437830000035;"Château du Grand Barrail Blaye Côtes de Bordeaux";"750";7;2025;11;3;
"15269467";08420378001836;"Yllera Meraldis Verdejo Rueda";"750";4;2025;11;3;
"13844481";03485050731000;"Landron Chartier Aubin";"750";1;2025;11;3;
"15502151";04000155021512;"Domaine Bart Marsannay Au Champ Salomon";"750";1;2025;11;3;
"15070343";03760280711009;"D. Belleville Rully La Crée";"750";1;2025;11;3;
"12054217";08050612220008;"Berretta Maremma Toscana";"750";1;2025;11;3;
"15057456";03700188060205;"La Croix Ducru-Beaucaillou Saint-Julien";"750";2;2025;11;3;
"914408";03760070900057;"Château Montaiguillon Montagne-Saint-Emilion";"375";1;2025;11;3;
"15449337";03535928060197;"Château des Jacques Moulin-à- vent Clos du Grand Carquelin";"750";1;2025;11;3;
"14997454";00852652001306;"LE CIDRE Soleil Verger Hemmingford (4 x 355 ml)";"355";24;2025;11;3;
"15554840";03475380110002;"L'Orme de Rauzan-Gassies Haut-Médoc";"750";4;2025;11;3;
"13895552";05600390410158;"Pera Doce Reserva Alentejano";"750";7;2025;11;3;
"15534988";00057496005002;"Out of Reach Pinot Grigio Vin Blanc";"750";972;2025;11;3;
"14993728";00628678354791;"Envinate Benje Red";"750";4;2025;11;3;
"15269037";05605829000849;"A&D Wines, Monologo Avesso Santa Teresa";"750";1;2025;11;3;
"15140321";00827924074012;"Vignoble du Mitan L'Aube";"750";5;2025;11;3;
"15450004";03770022082007;"Salazar Réserve";"700";1;2025;11;3;
"14928838";00852396515053;"1989 Taffel Akvavit Distillerie du Quai";"750";4;2025;11;3;
"15090328";00827924119225;"Le Chat Botté Gris de Gris";"750";3;2025;11;3;
"10893914";00836950000018;"Dona Paula Los Cardos Malbec Mendoza";"750";2;2025;11;3;
"14234668";05600775534011;"Manuel Carvalho Martins Golpe Douro";"750";29;2025;11;3;
"14995862";03770014022141;"Famille Dutraive Chénas En Papolet";"750";-1;2025;11;3;
"15486824";00012086003356;"J. Drouhin Puligny-Montrachet";"750";-1;2025;11;3;
"13740657";00088076188495;"Don Julio Anejo tequila";"750";2;2025;11;3;
"15247364";00057496002315;"Le Barbeque à Bob Le Chef Chardonnay";"750";204;2025;11;3;
"15279622";00839905000576;"Domaine Julien Meyer Sylvaner & Riesling Zellberg";"750";2;2025;11;3;
"10395149";03371233150754;"Château Suau Côtes de Bordeaux";"750";-1;2025;11;3;
"10887451";03760109893152;"La Bastide Blanche Bandol";"750";1;2025;11;3;
"14947019";08032993240417;"Fattoria la Riv. Terra Rivolta Aglianico del Taburno Riserva";"750";3;2025;11;3;
"15146571";03760107311719;"Monnet XO Flamboyant";"700";1;2025;11;3;
"15510847";00063657046944;"Nicolas Laloux Cuvée Bohème Vin Blanc";"1000";12768;2025;11;3;
"15243881";00088076189065;"Cîroc Passion";"750";1;2025;11;3;
"15246396";00628693358019;"Cidrerie du Chemin 9 Pommes & Chêne";"750";1;2025;11;3;
"14504912";03760196219231;"Domaine du Tix Restanques Ventoux";"750";1;2025;11;3;
"15234002";03234782303821;"Cave de Tain Marsanne Première Note";"750";6;2025;11;3;
"15454953";03328155030718;"Château Calon Ségur Saint- Estèphe Grand cru classé";"750";13;2025;11;3;
"15543817";03760005091034;"Château de Chenas Moulin-à- Vent Coeur de Granit";"750";43;2025;11;3;
"14825505";00627987176995;"TP-Vodka Frimas";"750";1;2025;11;3;
"14938956";03352370013232;"Pommery Cuvée Louise Brut";"750";1;2025;11;3;
"15217907";03760311620355;"Les Tourelles de Longueville Pauillac";"750";1;2025;11;3;
"12455758";08029627182236;"Granato Foradori Vigneti delle Dolomiti i.g.t.";"750";2;2025;11;3;
"15123177";03339998000394;"Les Vignerons de la cave de Viré Vérizet Vieilles Vignes";"750";2;2025;11;3;
"15484440";03760149591629;"Château Pesquié Ventoux Artemia";"750";1;2025;11;3;
"14947297";00628110058799;"Kromatik";"750";2;2025;11;3;
"13369510";04000133695100;"Émile Leclère Brut Réserve";"750";1;2025;11;3;
"15199147";08033481322103;"Tua Rita Giusto di Notri";"750";1;2025;11;3;
"15057245";03700188059285;"Arômes De Pavie St-Émilion Grand Cru";"750";1;2025;11;3;
"15273888";08388765496026;"Monte Chiaro Toscana Rosso";"750";2;2025;11;3;
"13469246";08500000191026;"Ron Legendario Elixir de Cuba";"700";444;2025;11;3;
"15249589";03760168121418;"Brunel de la Gardine Maxime Côtes du Rhône";"750";640;2025;11;3;
"11582659";00087000150331;"Captain Morgan Dark";"1140";2050;2025;11;3;
"12783292";08436569290095;"Otazu Navarra Reserva";"750";955;2025;11;3;
"15210545";00628634365038;"Ubald Vodka Patate";"700";47;2025;11;3;
"12131964";08032601850076;"Morandina Prà Valpolicella";"750";166;2025;11;3;
"12829027";00057496004081;"Stinger Premixxx Liqueur de Menthe";"375";795;2025;11;3;
"14431080";00040232418624;"Romeo's Gin X";"750";464;2025;11;3;
"554139";00787544101164;"Chevalier de Dyonis Pinot Noir";"750";3135;2025;11;3;
"10694376";07804320127538;"Cono Sur Cabernet Sauvignon Carmenere Syrah";"750";986;2025;11;3;
"11904363";00084279981505;"Glen Moray 12 Ans Speyside Single Malt Scotch Whisky";"750";249;2025;11;3;
"15210289";05601356022453;"Castelo de Terena Selection Regional Alentejano";"750";522;2025;11;3;
"10273416";03760040420011;"Dom.Paul Mas Vignes de Nicole Pays d'Oc";"750";3524;2025;11;3;
"10534284";03163937013004;"Ricard";"200";1534;2025;11;3;
"14128582";08000174820024;"Fontanafredda Chardonnay Langhe";"750";1061;2025;11;3;
"13788351";00056049135555;"Jackson-Triggs Cabernet-Sauvignon";"750";538;2025;11;3;
"15514910";00628011553584;"Comont Paloma 4 x 355 ml";"355";670;2025;11;3;
"276691";00011373002775;"Bourgogne Aligoté  Marquis de Jouennes";"375";1662;2025;11;3;
"14954534";03760095278230;"Domaine Berthaut-Gerbet Fixin Champs Des Charmes";"750";2;2025;11;3;
"13594952";03700271980144;"Cave d'Azé Mâcon-Azé";"750";948;2025;11;3;
"11686626";00827924059156;"Léon Courville Détente";"750";28;2025;11;3;
"17897";00087113111809;"Albert Bichot Chablis";"750";3100;2025;11;3;
"14954606";00695554019006;"Milton Star Limonade Framboise (4 x 355 ml)";"355";890;2025;11;3;
"10780311";08004305002488;"Mezzacorona Pinot Noir";"750";1463;2025;11;3;
"4077";00814789003387;"Melchers Maxi Dry Gin";"1140";1349;2025;11;3;
"14070966";00627843837190;"Amermelade";"750";350;2025;11;3;
"15328720";03770029922085;"Famille Fabre Sauvignon Blanc /Viognier";"750";354;2025;11;3;
"522771";07804335002660;"Carmen Premier Chardonnay";"750";4769;2025;11;3;
"15478630";03500610138546;"Nozeco < 0,5%";"200";405;2025;11;3;
"15368035";03760011916765;"Clos Saint Jean Châteauneuf-du-Pape";"750";53;2025;11;3;
"14351362";03385023001157;"Château Cailloux de By Médoc";"750";530;2025;11;3;
"14475242";08020735061000;"Alastro Planeta Sicilia";"750";441;2025;11;3;
"15532114";03700188070969;"Château Haut Marbuzet Saint-Estèphe";"750";4;2025;11;3;
"11479521";00815833002417;"Czechvar Original";"500";7853;2025;11;3;
"13484796";08051764720057;"Corvezzo Prosecco";"750";10;2025;11;3;
"14018359";00627843872610;"Rosemont Rhum Épicé";"750";497;2025;11;3;
"14954219";08058456280363;"Vino Lauria Vino a Gogo Pinot Grigio";"750";502;2025;11;3;
"14348032";03760054320369;"Domaine Chêne Bourgogne Aligoté";"750";272;2025;11;3;
"15443402";05600279040360;"Lagarto Pintado Azal Vinho Verde";"750";25;2025;11;3;
"14997905";08029373001539;"Giuseppe Nada Langhe Nebbiolo";"750";57;2025;11;3;
"10865227";05605063110243;"Caldas Douro Domingos Alves de Sousa";"750";466;2025;11;3;
"713263";03438190004015;"Ch. Rouquette Sur Mer la Clape Cuvée Amarante";"750";497;2025;11;3;
"13239838";04902615004663;"Homare junmai Daiginjo Kiwami";"720";41;2025;11;3;
"11157185";08437006989046;"El Bonhomme Valencia";"750";416;2025;11;3;
"14748597";03770020903007;"Vignes Maynes Mâcon Villages";"750";56;2025;11;3;
"15455366";00628190007083;"Ward Cola Diète 4 x 355 ml";"355";4087;2025;11;3;
"6585";08410113003027;"Torres Sangre De Toro Catalunya";"750";1416;2025;11;3;
"425496";03458200004101;"Pétale de Rose Côtes de Provence rosé";"750";641;2025;11;3;
"560524";08000160611179;"Lamberti Ca' Preella delle Venezie";"750";4505;2025;11;3;
"15404104";08410302987251;"Real Sangria Cruz Garcia";"1500";236;2025;11;3;
"15264658";00628719281062;"Pastello";"750";204;2025;11;3;
"22384";03497120000015;"Gourgazaud Cuvée Morgane Minervois";"750";463;2025;11;3;
"21097";50000299213414;"The Glenlivet 12 Ans Double Oak Scotch Whisky Single Malt";"750";651;2025;11;3;
"12051331";00080480283339;"Grey Goose La Poire";"750";220;2025;11;3;
"13181808";08410261271101;"Don Simon";"1000";11207;2025;11;3;
"12793124";03443050000045;"Mâcon-Fuissé Domaine de Fussiacus Paquet & Fils";"750";154;2025;11;3;
"13589441";03760062810401;"Domaine de Montbenoit Côteaux du Giennois";"750";74;2025;11;3;
"15194223";00628011553133;"Comont Framboises Noires";"700";25;2025;11;3;
"3269";04003310651104;"Deinhard Hanns Christof Liebfraumilch Rheinhessen";"750";5117;2025;11;3;
"15407428";08015066776228;"Schiopetto Pinot Grigio Friuli";"750";29;2025;11;3;
"862086";03358251620216;"Château Bujan Côtes de Bourg";"750";275;2025;11;3;
"14141904";00721059002349;"Glen Grant 12 Year Old Single Malt";"750";69;2025;11;3;
"14438636";08435065601503;"Bodegas Aroa le Naturel Navarra";"750";2089;2025;11;3;
"15505407";03490960050196;"P. Jolivet Édition Sauvignon Blanc";"750";23;2025;11;3;
"94367";08410113000095;"Torres 10 Imperial Reserva";"750";331;2025;11;3;
"15154248";03760025549362;"Domaine Solence Les 3 Pères Ventoux";"750";183;2025;11;3;
"13360671";00777081727309;"Tailwind Reserve";"750";88;2025;11;3;
"15438654";00647581364338;"Unkel Jurassic";"750";17;2025;11;3;
"10838675";05601766100147;"Cardal Alorna Vinho Regional Tejo";"750";48;2025;11;3;
"13992897";03760062818094;"Domaine des Chasseignes Sancerre";"750";86;2025;11;3;
"11387327";00819451805900;"Volver Tempranillo";"750";636;2025;11;3;
"15477338";00628176471655;"Rosemont Abeille Liqueur de Whisky au Miel";"750";369;2025;11;3;
"15298014";00876511000903;"Cherry River Eau Pétillante Or Sanguine & Fram. 4 X 355 ml";"355";1299;2025;11;3;
"15478912";03683080590349;"Billard Père et Fils Bourgogne Hautes-Côtes de Beau";"375";102;2025;11;3;
"15493805";05281108010251;"Château St-Thomas Pinot Noir";"750";573;2025;11;3;
"15289628";00854954000278;"The Winery of Good Hope Bush Vine Chenin Blanc";"750";1100;2025;11;3;
"14831956";04904230064374;"Nikka Taketsuru Pure Malt Whisky";"700";36;2025;11;3;
"13916237";03451740000428;"Absinth. des Cantons Panoramix";"750";52;2025;11;3;
"15447075";07791540999208;"Marantiqua Patagonia Chardonnay";"750";543;2025;11;3;
"13551426";08003807000886;"Borgogno Langhe Nebbiolo";"750";432;2025;11;3;
"13114947";05602660004548;"Cabral Seleçao Douro";"750";46;2025;11;3;
"233908";04902650260857;"Hakutsuru sake";"18000";15;2025;11;3;
"13841052";00627843561842;"Les Îles";"750";52;2025;11;3;
"11067913";08003015703135;"Dogajolo Carpineto Toscana i.g.t.";"375";149;2025;11;3;
"13674362";00836951004244;"Poderi Colla Pian Balbo";"750";41;2025;11;3;
"13188891";03221580054833;"Ackerman Bulle Royale Crémant de Loire";"750";47;2025;11;3;
"14721669";03760084870261;"Dom. Sérol Côte Roannaise Oudan";"750";34;2025;11;3;
"15263786";00811538010375;"1800 Noix de Coco";"750";347;2025;11;3;
"11996333";05203995300673;"Voila Assyrtiko Lyrarakis Crète";"750";203;2025;11;3;
"907519";00726452006307;"Monte Antico Toscana";"750";2;2025;11;3;
"15477961";09007500430130;"Wachau Grüner Veltliner Wachau Sélection";"375";76;2025;11;3;
"12989696";09414024667926;"Brancott Sauvignon Blanc Estate Marlborough";"750";2326;2025;11;3;
"15242088";05013626113158;"Taylor Fladgate vintage";"375";2;2025;11;3;
"13913351";00080686004998;"Suntory Roku Gin";"750";229;2025;11;3;
"14809353";00628242481076;"Quartier Lafrance";"750";53;2025;11;3;
"14286311";03431441023049;"Domaine Muré Riesling Côte de de Rouffach";"750";21;2025;11;3;
"10675600";03282946063074;"Nicolas Feuillatte Brut Rosé";"200";161;2025;11;3;
"15460261";08421950966161;"111 Tempranillo Rioja Sélection Spécial";"750";848;2025;11;3;
"15544879";00854745001262;"Coureur des Bois Crème d'Érable et Fraises du Canada";"750";516;2025;11;3;
"13409964";00088004044725;"Dr. McGillicuddy Root Beer";"750";48;2025;11;3;
"14882534";06003884000139;"Vin de Constance";"500";7;2025;11;3;
"511956";00773253001031;"Cidrerie du Minot La Bolée";"750";21;2025;11;3;
"10967303";06001497600616;"Two Oceans Sauvignon Blanc Western Cape";"750";765;2025;11;3;
"12685490";00827924004149;"L'Orpailleur Gris";"500";16;2025;11;3;
"14959298";03584601310012;"Domaine Baud Côtes du Jura Deux Grains de Paradis";"750";24;2025;11;3;
"14364905";00895958001748;"Elodie Balme Côtes du Rhône";"750";3;2025;11;3;
"14439292";05450386174508;"L. & R. Kox Amber";"750";2;2025;11;3;
"13096110";03770001475141;"Nicolas Grosbois Gabare Chinon";"750";258;2025;11;3;
"11864031";05011007024000;"Jameson Black Barrel Whiskey Irlandais";"750";13;2025;11;3;
"10766448";00056049017783;"Wallaroo Trail Shiraz Bin 212 Rouge";"1000";25035;2025;11;3;
"12690125";00057496007655;"Smoky Bay Chardonnay vin blanc";"1000";9747;2025;11;3;
"15355091";05604816001081;"Boas Quintas Agenda Dâo";"750";70;2025;11;3;
"13579453";05410702000027;"Dupont Bons Voeux Bière Extra Forte";"375";25;2025;11;3;
"15558082";00628308620562;"Jester  Framboises Sûres";"700";185;2025;11;3;
"15032380";08437006339032;"Altolandon Rosalia Manchuela";"750";28;2025;11;3;
"15077676";03683080595207;"Château Cambon Beaujolais";"750";42;2025;11;3;
"15115206";00628250939071;"Bleu Royal Pêche";"750";20;2025;11;3;
"15024304";06282503720416;"Crèmette Espresso";"700";30;2025;11;3;
"15108575";08437000043065;"Albet i Noya Efecte Brut Reserva";"750";4;2025;11;3;
"573352";00080432516171;"Aberlour A'bunadh Speyside Single Malt";"750";47;2025;11;3;
"15099787";05601194707246;"Kopke Colheita";"750";6;2025;11;3;
"10856161";08412423120746;"Borsao Seleccion blanc Campo de Borja";"750";70;2025;11;3;
"14205517";03440460312010;"Edouard Brun Reserve Brut Premier Cru";"750";11;2025;11;3;
"15052153";03410251210047;"Château Lascombes Grand Cru Classé Margaux";"750";2;2025;11;3;
"15497005";03770029597061;"Château de Serre-Blanc Cairanne";"750";29;2025;11;3;
"11372942";40057496003541;"Dolce Venti Merlot vin rouge";"1000";1344;2025;11;3;
"15087647";07503020612244;"Mala Vida Blanco";"700";5;2025;11;3;
"15501342";03760011500889;"Pascal Doquet Anthocyanes Premier Cru Extra-Brut";"750";12;2025;11;3;
"15269782";00640509040147;"Cantaburros Crianza Ribera del Duero";"750";8;2025;11;3;
"14682583";00852396188882;"Distillerie du Quai Sophia";"750";25;2025;11;3;
"15246038";03566921232311;"Louis Latour Meursault";"750";13;2025;11;3;
"268755";03114080721650;"Louis Roederer Cristal Brut";"750";4;2025;11;3;
"15392756";04985570104623;"Akaiwa Omachi Junmai Dai Ginjo";"300";15;2025;11;3;
"15491244";00056049139270;"Les 4 Jeudis Pinot Noir";"750";153;2025;11;3;
"15299869";06007380000389;"Springfield Estate Albarino";"750";197;2025;11;3;
"13694363";08033040821221;"Quintarelli Giuseppe Classico Superiore Valpolicella";"750";12;2025;11;3;
"13613113";06009617160026;"Rust en Vrede Estate Vineyards Syrah";"750";9;2025;11;3;
"15533820";00990000102302;"Très-Précieux-Sang Bec et Ongles";"750";26;2025;11;3;
"15521116";00628069440355;"Picbois";"750";25;2025;11;3;
"15200208";04000153130346;"Château d'Issan Margaux Grand Cru Classé";"750";2;2025;11;3;
"859892";08004012000128;"Caparzo Riserva Brunello di Montalcino";"750";19;2025;11;3;
"729434";08003765999901;"Capezzana Barco Reale di Carmignano";"750";1;2025;11;3;
"15394971";00627843776956;"Les Vallons de Wadleigh";"750";32;2025;11;3;
"15259197";08436015970779;"Paisajes Embotellados Joven Rioja";"750";158;2025;11;3;
"15494816";03760111814008;"Château Haut-Bergey Pessac- Léognan";"750";12;2025;11;3;
"11909800";03870937000599;"Rocher des Violettes le Grand Clos";"750";14;2025;11;3;
"14159856";03760238610002;"Berthenet Montagny Premier Cru Saint Morilles";"750";29;2025;11;3;
"15344560";08032636143549;"Promis Ca'marcanda Toscana i.g.t.";"750";29;2025;11;3;
"15180526";09120038128130;"Eschenhof Holzer Limit Grüner Veltliner";"750";22;2025;11;3;
"340505";08032685710426;"Bellavista Alma Gran Cuvée Brut Franciacorta mousseux";"750";16;2025;11;3;
"15374363";06286784310830;"Fit Vodka Igloo";"700";26;2025;11;3;
"11617840";08004012000241;"Caparzo Brunello di Montalcino";"375";1;2025;11;3;
"15276181";03458965723910;"Domaine Vacheron Sancerre Blanc";"750";184;2025;11;3;
"15515736";04000155157365;"E. Guigal Saint Joseph Lieu-Dit";"750";20;2025;11;3;
"15097714";00628176471440;"Montréal Plaza Bizou";"750";2;2025;11;3;
"14806291";03760174760342;"La Closerie de Fourtet Saint- Émilion Grand Cru";"750";20;2025;11;3;
"15515891";03536650891004;"E. Guigal Crozes-Hermitage";"750";21;2025;11;3;
"962589";03760361301792;"Château de Chamirey Mercurey";"750";6;2025;11;3;
"13736156";08002235835077;"Zonin Prosecco Cuvée 1821";"1500";7;2025;11;3;
"14955959";03760042582250;"Clos du Moulin aux Moines Clos de la Perrière Monopole";"750";14;2025;11;3;
"15011116";00057496013342;"L'Assemblée Épicé";"750";27;2025;11;3;
"15071522";06009800902129;"Constantia Glen Three";"750";61;2025;11;3;
"15445897";03380820097235;"Château Mangot Todeschini Distique 14";"750";2;2025;11;3;
"14785945";03683080542508;"Bulliat Collonge Chiroubles Pompe à Soif";"750";4;2025;11;3;
"12299396";00056049132844;"Il Guerrino vino da tavola rouge";"750";104;2025;11;3;
"15012451";08017015004239;"Mastroberardino Fiano di Avellino";"750";56;2025;11;3;
"14974906";03760300210147;"Sylvain Loichet Côte de Nuits Villages Réserve d la Comtesse";"750";9;2025;11;3;
"15340913";06009801341989;"Kara-Tara Chardonnay";"750";8;2025;11;3;
"11421281";08001935114505;"Marchese Antinori Tignanello Chianti Classico Riserva";"750";35;2025;11;3;
"15048904";05603081100611;"Taylor Fladgate Reserve Tawny";"750";6;2025;11;3;
"14993162";00694190005954;"Pommery Brut Rosé Royal";"750";2;2025;11;3;
"15469995";03700276522257;"Marsannay Les Longeroies Bruno Clair";"750";3;2025;11;3;
"13989663";08031802001874;"Vignalta Nostrano";"750";20;2025;11;3;
"13497079";08005829233839;"Bottega Rose Gold";"3000";2;2025;11;3;
"11305686";00873399000858;"Fleurie Les Moriers Domaine Chignard";"750";54;2025;11;3;
"13879481";08014629082424;"Pio Cesare Barbera d'Alba";"1500";11;2025;11;3;
"14979408";03770022369009;"Marc Hennequière Chasse par Stéphane Modat Brut";"750";14;2025;11;3;
"15263663";00087229191016;"Hine H by Hine VSOP";"750";3;2025;11;3;
"15404278";03049614236723;"Veuve Clicquot Carte Jaune Coolers";"750";11;2025;11;3;
"15440244";00628942391439;"Vignoble l'Arpège Pêle-Mêle";"750";22;2025;11;3;
"15416851";05601129032436;"Borges Quinta do Ôro Vinho Verde";"750";1;2025;11;3;
"14475120";00181459000022;"Oushkabé Gin Tourbé";"750";1;2025;11;3;
"14708253";00895958002066;"Monte Dall'Ora Saseti Valpo Classico";"750";38;2025;11;3;
"15492458";03701368661205;"Chapelle de Potensac";"750";13;2025;11;3;
"15080710";06009607661007;"Ken Forrester Three Halves Western Cape";"750";17;2025;11;3;
"15385901";03683080580456;"Domaine  Mosse Bonnes Blanches";"750";7;2025;11;3;
"15263680";05060411500914;"Malt Riot Glasgow Vat No. 6 Blended Malt";"700";2;2025;11;3;
"14564190";04000145641904;"Vincent Pinard Chêne Marchand Sancerre";"750";2;2025;11;3;
"10556601";03185370785249;"Moët & Chandon Brut Impérial";"1500";9;2025;11;3;
"15108284";03770018327495;"Domaine Geschickt Pet'Nat";"750";5;2025;11;3;
"13299030";04000132990305;"Francis Boulard Blanc de Blancs Vieilles Vignes";"750";2;2025;11;3;
"15235161";08002579978850;"Arnaldo Rivera Cannubi Barolo";"750";2;2025;11;3;
"15144277";00873922003516;"Domaine des Lises Crozes-Hermitage";"750";1;2025;11;3;
"15514670";08411423178306;"Valdebaron Vino de Viana Rioja";"750";5;2025;11;3;
"15123724";07290017647708;"Gilgal Galilee Gewurztraminer";"750";24;2025;11;3;
"12610789";00895958000246;"Domaine Pattes Loup Vent d'Ange Chablis";"750";24;2025;11;3;
"15316542";05201015020662;"Mega Spileo Assyrtiko - Merlot";"750";3;2025;11;3;
"865410";08032727267222;"Maurizio Zanella Ca' del Bosco Sebino i.g.t.";"750";1;2025;11;3;
"13618213";03760021823077;"Étoiles de Doisy-Daëne Château Doisy-Daëne";"375";13;2025;11;3;
"14807235";03453521284966;"Pavillon Rouge du Château Margaux";"750";-1;2025;11;3;
"507517";08410113007520;"Torres 20 Hors d'âge";"750";9;2025;11;3;
"15425301";09351296000641;"Koerner The Hills Chardonnay";"750";4;2025;11;3;
"11917851";00056049031895;"Wallaroo Trail White Blend";"1000";673;2025;11;3;
"11899939";06968050010711;"Domaine La Monardière Vacqueyrras Rosé";"750";4;2025;11;3;
"15253406";08032942299336;"Birra Nazionale";"330";21;2025;11;3;
"15503807";03490890037885;"Château Tronquoy-Lalande Saint-Estèphe";"750";192;2025;11;3;
"15380026";03701034106221;"Le C de Calon Ségur Saint- Estèphe";"750";25;2025;11;3;
"13195214";00056049134749;"Svelte vin blanc";"750";17544;2025;11;3;
"13623346";00033293640004;"Segura Viudas Brut Rose";"750";12;2025;11;3;
"15458399";08023296000105;"Cieck Erbaluce di Caluso";"750";2;2025;11;3;
"15281247";08436539768173;"Nanit Macabeo";"750";1;2025;11;3;
"15442240";04000154422402;"Montevertine";"750";1;2025;11;3;
"15021621";00855569001179;"Trois Moineaux Cabernet Franc";"750";1;2025;11;3;
"15385644";08020465120244;"Fattoria Montellori Moro";"750";2;2025;11;3;
"15067021";00881116109005;"La Chaufferie FMR Brum Épicé";"750";7;2025;11;3;
"13530289";00627843637394;"Le Château de la Grange Le Chant des Vignes";"750";6;2025;11;3;
"14985082";03119460005184;"C. de Jau Côtes du Roussillon Villages Sans sulfites ajoutés";"750";1;2025;11;3;
"15114879";00858787000368;"Paxton Graciano McLaren Valée";"750";3;2025;11;3;
"15273896";00736040532736;"Casa Dragones Blanco";"750";4;2025;11;3;
"15139540";00628678881099;"Pierre et Terre Petus Prunus";"750";6;2025;11;3;
"14915640";03258690071528;"Champagne Thienot La Vigne aux Gamins";"750";1;2025;11;3;
"14997761";00628678354784;"Alexis Hudon Ficelle";"750";16;2025;11;3;
"14191434";09339348005011;"Delinquente Roko Il Vagabondo Riverland";"750";1;2025;11;3;
"15093772";05601096020511;"Aveleda Solos de Granito Alvarinho";"750";24;2025;11;3;
"13203157";07798132910801;"Finca Agostino Syrah-Malbec Mendoza";"750";1;2025;11;3;
"15274864";08437020736572;"Yemaya Rueda";"750";3;2025;11;3;
"15111176";07290012956683;"Arak Kawar alcool anisé";"700";36;2025;11;3;
"15340921";03770018115016;"Domaine Bott Condrieu";"750";3;2025;11;3;
"14922145";03760383000000;"Grololo";"750";5;2025;11;3;
"15348173";05600284600511;"Pios Douro";"750";75;2025;11;3;
"15586614";03586250000146;"Château de Lamarque Haut-Médoc";"750";16;2025;11;3;
"15340711";00895958007047;"Le Boncie Le Trame";"750";3;2025;11;3;
"13217719";05603792001221;"Quinta das Maias Malvasia Fina";"750";1;2025;11;3;
"15294697";08007117010177;"Cocchi di Torino Extra Dry Piemonte";"500";51;2025;11;3;
"15406450";08055277371027;"Nevio Scala Diletto";"750";9;2025;11;3;
"13189922";07790240091175;"Trapiche Alaris Pinot Grigio Mendoza";"750";2;2025;11;3;
"15201227";03378281222006;"Château Marquis de Terme Grand Cru Classé Margaux";"750";12;2025;11;3;
"11161299";08032937583105;"Argentiera Poggio ai Ginepri";"750";4;2025;11;3;
"10507286";03760074721207;"Château Pech Redon L'Épervier La Clape";"750";7;2025;11;3;
"15577689";00628774359010;"Elsie liqueur d'herbe";"500";30;2025;11;3;
"12344281";05204222575086;"Domaine Gerovassiliou Evangelo";"750";2;2025;11;3;
"15135514";05014218776256;"Douglas Laing Big Peat Islay Blended Malt";"700";8;2025;11;3;
"14233817";00048162007154;"Peller Estates Icewine (BHT) Variety Pack 3x200 ml";"600";56;2025;11;3;
"15518312";03180290023839;"Giffard Pamplemousse Rose";"700";1;2025;11;3;
"15231952";00628693138079;"Domaine ValBrome Deux Pépins";"750";17;2025;11;3;
"11816531";03760120660498;"Domaine La Bouïssière Tradition Gigondas";"750";1;2025;11;3;
"13796124";00776409567542;"Château des Charmes Unoaked Chardonnay";"750";12;2025;11;3;
"15173676";00895958005739;"Gaudioso Catarratto";"750";1;2025;11;3;
"15245262";00852396001136;"Révolution Vraie Limo Distillerie du Quai";"750";1;2025;11;3;
"15402475";04000154024750;"Domaine Long-Depaquit Chablis Les Blanchots Albert Bichot";"750";1;2025;11;3;
"15515200";00818201022260;"Ornellaia Bianco Toscana";"750";1;2025;11;3;
"15070474";03760207010260;"Château de Malleret Haut-Médoc";"750";11;2025;11;3;
"15255532";04000152555324;"Cottà Sottimano Barbaresco";"750";1;2025;11;3;
"10257555";03760086924214;"Les Grézeaux Bernard Baudry Chinon";"750";1;2025;11;3;
"14039301";03784110168443;"Bera Vittorio E Figli Arcese";"750";2;2025;11;3;
"13347126";03770005053093;"El Pasador de Oro Gran Reserva";"700";3;2025;11;3;
"15461555";04000154615552;"Château Montrose Saint-Estèphe";"750";10;2025;11;3;
"14941506";06280118342849;"Do René Bouvier Marsannay Clos du Roy Vieilles Vignes";"750";2;2025;11;3;
"13853192";03760142713615;"Beaune 1er cru Grèves Remoissenet Père & Fils";"750";2;2025;11;3;
"14980741";08032589702893;"Mauro Molino Barolo";"750";2;2025;11;3;
"15385951";03500610137433;"Calvet Celebration Brut Rosé";"750";2;2025;11;3;
"15154897";03700563401364;"Chateau Romefort Haut-Médoc";"750";10;2025;11;3;
"15467754";03760018780109;"Domaine Berthet-Bondet, Trio Côtes du Jura";"750";3;2025;11;3;
"13298029";00659264115618;"Clos Bagatelle Au fil de soi Saint-Chinian";"750";1;2025;11;3;
"11885203";09120011266842;"Fritsch Grüner Veltliner Wagram";"750";1;2025;11;3;
"15467527";03328155030985;"Château Latour à Pomerol";"1500";3;2025;11;3;
"15484394";04000154843948;"Thierry Allemand Chaillot Cornas";"750";1;2025;11;3;
"15251697";03328155004429;"Chateau Moulinet-Lasserre Pomerol";"750";2;2025;11;3;
"14872475";03422511214320;"Simonnet-Febvre Chablis";"750";3;2025;11;3;
"15031387";09120013425438;"Dürnberg Grüner Veltliner Cool";"750";2;2025;11;3;
"15487237";04000153679029;"Pierre Guillemot Mont et Forêt Bourgogne Hautes-Côtes de";"750";1;2025;11;3;
"15097837";08412449104591;"Tio Mateo Fino";"750";3;2025;11;3;
"15087436";00627987738131;"La Distillerie Témiscouata Acerum Brun";"500";-1;2025;11;3;
"15393100";04986818993573;"Essence 5 by Chartier - Yamazaru Jukusei Âgé";"720";1;2025;11;3;
"11232464";08410028000814;"Dos Maderas P.X. 5 + 5 double vieillissement rhum ambré";"750";4;2025;11;3;
"14558283";08014629021911;"Ornato Pio Cesare Barolo";"750";1;2025;11;3;
"14716561";00813561011237;"Inkarri So Pure Mendoza";"750";1;2025;11;3;
"15407225";08032749312283;"La Ciarliana Rosso di Montepulciano";"750";-1;2025;11;3;
"15224509";00628693091213;"Champ Gauche Framboise";"750";1;2025;11;3;
"15547527";04000151931419;"Domaine Long-Depaquit Chablis Grand Cru Vaudesir";"750";5;2025;11;3;
"12134170";08437011415042;"Riu Combier-Fischer-Gerin Priorat";"750";1;2025;11;3;
"15032881";08029095001510;"Tenuta Rocca Chardonnay Langhe";"750";2;2025;11;3;
"13920771";08437016956236;"Dominio de Punctum 20000 Leguas";"750";-1;2025;11;3;
"15521491";04000155214914;"Clos Rougeard Le Clos Saumur-Champigny";"1500";1;2025;11;3;
"10710268";08033040490311;"Marion Valpolicella Superiore";"750";6;2025;11;3;
"81471";03499057541005;"Léon Beyer Riesling Réserve";"750";1227;2025;11;3;
"11495601";00622153612062;"Dewar's White Label Blended Scotch Whisky";"1140";1518;2025;11;3;
"12167211";03263280111270;"Vive la vie";"750";2455;2025;11;3;
"13835576";00827924039721;"Domaine de Lavoie Réserve du Domaine";"750";38;2025;11;3;
"461160";03185370769447;"Moët & Chandon Grand Vintage Impérial Brut";"750";11;2025;11;3;
"10915247";00878448000018;"Philippe Rothschild Pinot Noir Pays d'Oc";"750";3841;2025;11;3;
"15224277";03514123105292;"Gérard Bertrand Naturae Chard.";"750";435;2025;11;3;
"15455614";00089540535654;"Malibu Cocktail Pina Colada 4 x 355 ml";"355";1774;2025;11;3;
"15139849";00695554030148;"Coccinelle Moût de Pomme (4 x 355 ml)";"355";412;2025;11;3;
"400754";00627098163341;"Iceberg";"750";1612;2025;11;3;
"892695";03576711012214;"Seigneurs de Pommyers Bordeaux";"750";425;2025;11;3;
"13630503";04040242210016;"Strub Grüner Veltliner";"750";14;2025;11;3;
"567891";03359884180016;"Domaine La Hitaire Les Tours vin de pays Côtes de Gascogne";"750";2291;2025;11;3;
"15121366";03443208003829;"Terres Secrètes Mâcon Milly-Lamartine";"750";125;2025;11;3;
"10452238";00628055055242;"Alcograd Alcootest jetable";"1";222;2025;11;3;
"12698629";00777081710509;"Pelee Island ECO Vidal/Chardo";"750";284;2025;11;3;
"12456689";03500610085338;"J.P. Chenet Ice Edition";"750";1002;2025;11;3;
"928473";05604846100518;"Quinta da Rosa La Rosa Douro";"750";394;2025;11;3;
"15411021";03760268701749;"Le Haut-Médoc de Haut-Bages Liberal";"750";43;2025;11;3;
"577957";00089540536552;"Kahlua";"750";1735;2025;11;3;
"14915711";05601381001096;"Ervideira Flor de Sal Alentejo";"750";1095;2025;11;3;
"195370";03041311026096;"Marie Brizard Blue Curaçao liqueur de fruit";"750";811;2025;11;3;
"15196018";00851006001221;"3 Lacs Orange Sanguine";"700";182;2025;11;3;
"12095781";00689768873318;"Barbancourt 8 Ans Réserve Spéciale";"750";1095;2025;11;3;
"521518";03359880100018;"Domaine Tariquet Côtes de Gascogne Classic";"750";1512;2025;11;3;
"14070958";03760276060203;"Château de Sancerre Terre de Silex";"750";14;2025;11;3;
"15011132";00854745000937;"Coureur des Bois Érable Bleuet";"750";743;2025;11;3;
"532440";09004496500014;"Weingut Stadt Krems Kremstal Grüner Veltliner";"750";620;2025;11;3;
"15148235";00057496013663;"Seventh Heaven Caesar (4 x 355 ml)";"355";477;2025;11;3;
"15448131";07804661040619;"Las Niñas Ella Sauvignon Blanc";"750";1245;2025;11;3;
"16840";08008960096462;"Bolla Valpolicella Classico";"750";783;2025;11;3;
"10553733";05601077104018;"Coffret Cadeau Porto pour deux de Calem 3X200ml Ruby,Tawny,BL";"600";66;2025;11;3;
"13385325";05601012002706;"Casa Ferreirinha Papa Figos Douro";"750";1260;2025;11;3;
"14997702";00050037596038;"The Busker Triple Cask Triple Smooth";"750";351;2025;11;3;
"15311485";00848819001432;"White Claw Tequila Smash Caisse Mixte (8 x 355ml)";"355";4244;2025;11;3;
"15525467";03251092505028;"Les Fiefs de Lagrange Saint-Julien";"750";17;2025;11;3;
"12382851";08002645651069;"Campagnola Chardonnay Veneto";"750";2176;2025;11;3;
"13112167";08026720113228;"G.D. Vajra Barbera d'Alba";"750";99;2025;11;3;
"15086581";08002235042130;"Zonin Prosecco Rosé";"200";1058;2025;11;3;
"10754201";08412423120739;"Borsao Seleccion Rosé Campo de Borja";"750";2303;2025;11;3;
"13950347";03372224000249;"Alain Brumont La Gascogne Gros Manseng Sauvignon";"3000";652;2025;11;3;
"14632842";00627040411889;"Crystal Head Onyx";"750";20;2025;11;3;
"13567962";00057496008508;"Barista";"750";613;2025;11;3;
"15175225";06002525000293;"Southern Right Pinotage";"750";19;2025;11;3;
"13321541";08420342001022;"Protos Reserva Ribera del Duero";"750";37;2025;11;3;
"11667231";08410023000390;"Beronia Rioja Reserva";"750";1155;2025;11;3;
"15135493";03760063160581;"N°2 de Maucaillou";"750";38;2025;11;3;
"15222651";00839905007216;"Les Bertrand Beaujolais Oh!!!";"750";4;2025;11;3;
"14822161";08410113557179;"Miguel Torres Celeste Verdejo Rueda";"750";724;2025;11;3;
"586149";06002039005845;"Robertson Winery Shiraz";"750";732;2025;11;3;
"897512";05604424104037;"Quinta das Setencostas Alenquer";"750";762;2025;11;3;
"15425431";09331727017387;"Two Hands Gnarly Dudes Barossa Valley";"750";102;2025;11;3;
"15327743";08014115002493;"Poli Marconi 44";"700";49;2025;11;3;
"14979871";08768550015982;"Château Tire Pé Tire Vin Vite Bordeaux";"750";21;2025;11;3;
"10682623";05602660002377;"Cabral Tawny 20 Ans";"750";143;2025;11;3;
"12467134";08412325003024;"Emilio Lustau Solera Reserva Brandy de Jerez";"700";25;2025;11;3;
"13903639";00895958001274;"Les Vins Pirouettes Tutti Frutti";"750";219;2025;11;3;
"12475353";08437008356020;"Paco & Lola Albarino Rias Baixas";"750";540;2025;11;3;
"15486605";00628942235788;"Ti-Basse Crème de Rhum";"750";137;2025;11;3;
"482026";03185370770399;"Moët & Chandon Impérial Rosé Brut";"750";117;2025;11;3;
"15525571";00628176471730;"Rosemont Coffret Origine Québec";"600";38;2025;11;3;
"15148121";00684746402573;"Shaker Mixologie Comte Dracula Extrême (4 x 355 ml)";"355";776;2025;11;3;
"14676597";00895958001939;"Sot de L'Ange Val de Loire OG Grolleau";"750";25;2025;11;3;
"15395041";00628347360788;"Pastoral Avant les lumières";"750";21;2025;11;3;
"15455382";00082000809494;"Smirnoff Cocktails Collection 12 x 355 ml";"355";2858;2025;11;3;
"325084";00745641113008;"Conde Valdemar Rioja Gran Reserva";"750";367;2025;11;3;
"14154238";05412783055842;"Boon Framboise Lambic";"375";43;2025;11;3;
"14441270";00082000792857;"Cîroc Mangue";"750";236;2025;11;3;
"15222781";03760162660647;"Stéphane Ogier Le Temps est Venu Côtes du Rhône Blanc";"750";311;2025;11;3;
"207126";00622153617043;"Lagavulin 16 Ans Islay Single Malt";"750";55;2025;11;3;
"15020493";03453521290905;"Château Guillot Clauzel Pomerol";"750";11;2025;11;3;
"15097933";00628451469193;"Royalmount Gin Pample. Fleur de Sureau";"750";26;2025;11;3;
"548644";09300727488114;"Jacob's Creek Shiraz";"750";1933;2025;11;3;
"15272586";09120012746305;"Meinklang Kontakt";"750";274;2025;11;3;
"14829101";06009607662325;"Ken Forrester Fijndraai Stellenbosch";"750";45;2025;11;3;
"14980724";05060108907125;"Anciano Reserva Rioja Reserva";"750";843;2025;11;3;
"462432";03018334100003;"Piper-Heidsieck Brut";"750";83;2025;11;3;
"14427654";03683080416281;"Viteadovest Muké Terre Siciliane";"750";2;2025;11;3;
"15491578";08003015700479;"Carpineto Farnito Chardonnay Toscana";"750";846;2025;11;3;
"15087719";09309000983063;"Konpira Maru Square Root of Five Victoria";"750";1;2025;11;3;
"15229465";08436610950107;"Pure Est Tempranillo Valencia";"750";58;2025;11;3;
"15522961";03391180026933;"Monier de la Sizeranne 200 Ans du Braille Édition Limitée";"750";9;2025;11;3;
"15148307";00851006001160;"3 Lacs Limoncello Spritz (4 x 355 ml)";"355";338;2025;11;3;
"11039269";08024411980975;"Aurelio Settimo Barolo";"750";13;2025;11;3;
"15523710";03683080667270;"La Soufrandière Saint-Véran La Combe des Roches";"750";2;2025;11;3;
"13879851";00081706000020;"Chimay Triple Forte";"330";18;2025;11;3;
"15241544";00087113000127;"Domaine Long-Depaquit Chablis 1er Cru Les Vaillons";"750";19;2025;11;3;
"14012459";03432700000016;"Domaine Montmartel Côtes-du-Rhône";"750";358;2025;11;3;
"10675298";03384521021117;"Odé d'Aydie Madiran";"750";20;2025;11;3;
"15141076";00827586002248;"Cidrerie Lacroix Sangria d'Ici (4x355 ml)";"355";205;2025;11;3;
"14938884";04000149388843;"Daniel Crochet Sancerre";"750";111;2025;11;3;
"14255071";08007425000761;"Sauvignon Blanc Attems Venezia Julia i.g.t.";"750";134;2025;11;3;
"14082490";00628504851005;"Distillerie Puyjalon Betchwan";"750";70;2025;11;3;
"11416984";03666140040183;"Caves d'Esclans Whispering Angel Côtes de Provence";"750";133;2025;11;3;
"14550361";00628504255780;"Noroi Émulsifiant";"100";23;2025;11;3;
"13856730";00087752013854;"Bartenura Moscato";"750";33;2025;11;3;
"15121972";03365910007004;"Clos Henri Otira Glacial Stones Marlborough";"750";6;2025;11;3;
"13987692";03760193359299;"Château des Bardes Saint-Émilion Grand Cru";"750";312;2025;11;3;
"978072";03391262012014;"Château Garraud Lalande-de-Pomerol";"750";259;2025;11;3;
"14748061";00067311799016;"Stefano Pinot Grigio Vin Blanc";"750";1620;2025;11;3;
"15106844";00628250715330;"Le Somnambule Le Déchaîné";"750";6;2025;11;3;
"12932972";08422972010153;"Adria Velvet Bierzo";"750";123;2025;11;3;
"13322703";00011034981135;"Martini Prosecco";"750";547;2025;11;3;
"10839619";03353213912217;"Gosset Grande Réserve Brut";"750";16;2025;11;3;
"11163235";00898549000151;"Bec verseur flexible dans une pochette de carton";"1";46;2025;11;3;
"15461635";08007615000526;"Villa Teresa Prosecco";"750";34;2025;11;3;
"15511401";00063829999320;"InterMiel Hydromel Pétillant Poire et Gingembre 4 x 355 ml";"355";32;2025;11;3;
"14968194";08009373000398;"Guido Berlucchi 61 Sessantuno Franciacorta Brut";"750";1;2025;11;3;
"15515761";08001935123101;"Marchesi Antinori Tignanello";"1500";1;2025;11;3;
"15139275";00628110985552;"Menaud Apéritif";"750";33;2025;11;3;
"15497486";03770029597054;"Château de Serre-Blanc Cairanne";"750";80;2025;11;3;
"13565385";08413060739902;"Rectoral do Umia Abellio Rias Baixas";"750";21;2025;11;3;
"737882";03251093404450;"Moulins de Citran Haut-Médoc";"750";119;2025;11;3;
"13861694";00057496008744;"Smoky Bay Cab-Sauv. Réserve";"750";34;2025;11;3;
"15546313";00890526000178;"Domaine Ritt Lady Geneva";"473";1;2025;11;3;
"14921249";04000149212490;"Ch. Mérande La Belle Romaine Savoie Arbin";"750";16;2025;11;3;
"914192";03469620000031;"Domaine Labranche Laffont vieilles vignes Madiran";"750";11;2025;11;3;
"15170205";06001108066886;"Lomond SSV Cape Agulhas";"750";10;2025;11;3;
"13476294";09008246880241;"Zantho Grüner Veltliner Burgenland";"750";407;2025;11;3;
"14148591";00056049136156;"Bù Pinot Noir vin rouge";"750";4536;2025;11;3;
"12103621";08414771863924;"BVLand Butterscotch liqueur";"700";9;2025;11;3;
"11873165";08002062001850;"Costasera Masi Amarone Classico Riserva";"750";13;2025;11;3;
"15309983";00628942154836;"Distillat Rhum Épicé";"750";21;2025;11;3;
"12825106";08423504000529;"Nadiu Priorat";"750";19;2025;11;3;
"11571829";03385021001180;"Château La Tour de By Médoc";"750";20;2025;11;3;
"15382401";06281101540402;"Geonbae Yakju Brasserie Vrooden";"500";11;2025;11;3;
"15165511";03380650003833;"Ferraton Père et Fils Croze- Hermitage La Matinière";"750";94;2025;11;3;
"15486242";00628110292353;"Labranche Gamay RéserVE";"750";14;2025;11;3;
"13862355";05018481022003;"Tomatin Legacy Highland Single Malt";"750";18;2025;11;3;
"14942808";07804304000079;"Vinedo Chadwick Valle Maipo";"750";1;2025;11;3;
"12088636";09120013376501;"Fass 4 Grüner Veltiner Bernhard Ott";"750";1;2025;11;3;
"20768";05011019100020;"Irish Mist liqueur d'herbe";"750";35;2025;11;3;
"11679944";00827924070038;"Les petits cailloux Rouge";"750";35;2025;11;3;
"540252";05013626113295;"Taylor Fladgate tawny 30 ans";"750";7;2025;11;3;
"10663801";08033040820071;"Bianco Secco Quintarelli Giuseppe Veneto";"750";15;2025;11;3;
"15319225";04000153192252;"Thibaud Boudignon Anjou";"750";2;2025;11;3;
"14324111";00779334863772;"Cave Spring Riesling Beamsville Bench";"750";34;2025;11;3;
"11133221";00627843005391;"Clos Saragnat Avalanche";"200";4;2025;11;3;
"14538320";03343132498626;"Lache Moi La Grappe Chardonnay Bourgogne";"750";2;2025;11;3;
"14590398";00852652001122;"Verger Hemmingford Spritzol .5 (4x250 ml)";"250";48;2025;11;3;
"15121850";03760135412310;"Invindia Nu Comme Un Verre Bordeaux";"750";8;2025;11;3;
"15489785";03394210000132;"Jaffelin Mâcon";"750";17;2025;11;3;
"14951974";09120071979836;"Bründlmayer Kamptal Terrassen Grüner Veltliner";"750";2;2025;11;3;
"12306411";00878102004017;"Terroir Caché Hidden Bench Beamsville Bench";"750";63;2025;11;3;
"15200806";03507381003288;"Château Larrivet Haut-Brion Pessac-Léognan";"750";7;2025;11;3;
"15452270";09421001294488;"Mudshake Lait de Poule 4 X 270 ml";"270";216;2025;11;3;
"15368473";03760090820540;"A & P de Villaine Rully Premier Cru  Les Champs Cloux";"750";2;2025;11;3;
"13530326";00827924112066;"Le Sieur Rivard Réserve Le Mas des Patriotes";"750";9;2025;11;3;
"15201121";03701618900092;"Château Les Carmes Haut-Brion Pessac-Léognan";"750";2;2025;11;3;
"15285521";03760102760024;"Céline et Laurent Tripoz Pouilly Loché 1ère Réserve";"750";4;2025;11;3;
"10919133";03760169471673;"Domaine de la Vieille Julienne Clavin Côtes du Rhône";"750";1;2025;11;3;
"12899869";03590700823117;"Côte-de-Nuits-Villages Domaine Chevalier Père & Fils";"750";26;2025;11;3;
"14808094";03760207010116;"Château de Malleret Haut-Médoc";"750";15;2025;11;3;
"15175241";00827924915216;"Domaine Le Grand Saint-Charles Hors Terre";"750";30;2025;11;3;
"898122";00827772200274;"Berardenga Felsina Chianti Classico";"750";9;2025;11;3;
"15215899";04000152158990;"Ex Voto E. Guigal Hermitage";"750";1;2025;11;3;
"13030410";00067311748069;"Double Vie Vin blanc";"1000";5151;2025;11;3;
"15339453";09311220009928;"Munda Wines Walgalu Country Chardonnay";"750";3;2025;11;3;
"15121702";07804300156343;"San Pedro Sideral Vallée Du Cachapoal Andes";"750";12;2025;11;3;
"14990914";03277761202227;"Devaux Coeur des Bar Cuvée Rosé";"750";14;2025;11;3;
"15459869";04000154598695;"Chambeyron Condrieu Vernon";"750";5;2025;11;3;
"10432376";05603016193459;"Fontanário de Pegoes Palmela";"750";15;2025;11;3;
"15088404";00827586001876;"Lacroix Pionnier Série Découv. (4 x 355 ml)";"355";32;2025;11;3;
"14449968";03760113403743;"Mas du Novi O de Novi Languedoc Grès de Montpellier";"750";1;2025;11;3;
"14530985";03469380010301;"Champagne Drappier Clarevallis Extra Brut";"750";3;2025;11;3;
"15407401";08003165110777;"Silvio Nardi Brunello di Montalcino";"750";33;2025;11;3;
"15021331";00895958004657;"Pierre Gerbais Grandes Côtes";"750";6;2025;11;3;
"14577206";00895958006972;"Arianna Occhipinti Frappato Terre Siciliane";"750";6;2025;11;3;
"15347859";08032986232054;"Oliviero Toscani OT Vedomare Rosso";"750";44;2025;11;3;
"14453633";09120012746169;"Meinklang Vulkan";"750";4;2025;11;3;
"13876386";00628110585035;"Distillerie de Québec Trait- Carré 1665 Gin Vieux";"750";1;2025;11;3;
"15541871";00628719281109;"Yaguar 8 Ans";"750";17;2025;11;3;
"11665729";08410869450908;"Marqués de Riscal Gran Reserva Rioja";"750";5;2025;11;3;
"15200697";03760175856044;"Château La Gaffelière Premier Grand Cru Classé Saint-Émilion";"750";2;2025;11;3;
"15497523";03770029597047;"Château de Serre-Blanc Cairanne L'Opale";"750";38;2025;11;3;
"14976071";08396513100040;"Gilles Bonnefoy La Madone Côtes du Forez Dacite";"750";15;2025;11;3;
"15447796";08051040653338;"Terre di Ricaldone Cortese Alto Monferrato Ronchinovi";"750";4;2025;11;3;
"12555960";07401005005459;"Botran Reserva 15";"750";10;2025;11;3;
"15465417";03358251241244;"Château Bujan Côtes de Bourg";"750";13;2025;11;3;
"11651141";00056049030034;"Cuvée St-Hubert rouge";"20000";28;2025;11;3;
"14786833";04000147868330;"Raul Perez La Vizcaina La Vitoriana";"750";7;2025;11;3;
"15548925";03477666778906;"Dhondt-Grellet Roc Solare Assemblage Galets de Silex";"750";7;2025;11;3;
"15079575";09300752088020;"La Bohème Act One Riesling";"750";15;2025;11;3;
"15317967";08412075650172;"Monasterio de Las Vinas Gran Reserva";"375";7;2025;11;3;
"15248842";04000152488424;"Cerequio Michele Chiarlo Barolo";"750";1;2025;11;3;
"15486787";08033087241099;"Dal Forno Romano Amarone della Valpolicella";"1500";1;2025;11;3;
"12216562";03760031472982;"Tessellae Old Vines Côtes du Roussillon";"750";4;2025;11;3;
"15328703";09421019370020;"Astrolabe Marlborough Sauvignon Blanc";"750";2;2025;11;3;
"82511";00057496082515;"L'Auberge blanc";"20000";10;2025;11;3;
"15427091";04000154270911;"Domaine Gauby Les Calcinaires I.G.P. des Côtes Catalane";"750";2;2025;11;3;
"14431590";03683080507682;"David Large Beaujolais Piranha";"750";3;2025;11;3;
"15531120";00628451239628;"Lieux Communs Traverse";"750";3;2025;11;3;
"13817685";09501007110408;"Mount Gay Eclipse";"750";20;2025;11;3;
"14563681";00827924112073;"Mas des Patriotes Le Clos de France";"750";8;2025;11;3;
"15432113";05606486180011;"Mendes & Symington Contacto Alvarinho Vinho Verde";"750";4;2025;11;3;
"15015571";00831312000323;"Maison Chanterêves Bourgogne Chardonnay";"750";2;2025;11;3;
"15501449";03760011500087;"Pascal Doquet Diapason Grand Cru";"750";6;2025;11;3;
"15201024";03540437508818;"Château Pavie Macquin Premier Grand Cru Classé Saint-Émilion";"750";6;2025;11;3;
"15241093";03760317072622;"Clos de l'Oratoire Grand Cru Classé Saint-Émilion Grand Cru";"750";1;2025;11;3;
"15463251";03412952411754;"Château Calon-Ségur Saint-Estèphe";"750";5;2025;11;3;
"15327823";08379830040213;"La Fortuna Rosso di Montalcino Special Late Release";"1500";2;2025;11;3;
"13363396";00057496008515;"Toro Loco Verdejo Sauvignon Blanc";"1000";673;2025;11;3;
"14202551";05411676000617;"Blanche de Bruxelles bière blanche";"330";22;2025;11;3;
"15269504";07070292938070;"Sierra de Tolono Tereseño Rioja";"750";3;2025;11;3;
"15461459";00873922004902;"Domaine Colombo Les Anthénors";"750";12;2025;11;3;
"10210651";00085592160158;"Téquila Rose";"750";1323;2025;11;3;
"15494752";03380650004373;"Pierre Henri Morel Côtes du Rhône Villages Signargues";"750";4;2025;11;3;
"15336455";03760278783124;"HB de Haut-Bailly";"750";5;2025;11;3;
"14292534";03760068876005;"Domaine Saint-Germain Vin de Savoie Crac Boum Bu";"750";5;2025;11;3;
"15479229";03342834043172;"Pernand-Vergelesses 1er cru Les Caradeux Domaine Chanson";"750";2;2025;11;3;
"13035683";05601194701794;"Kopke Tawny 10 ans Porto";"375";11;2025;11;3;
"15498243";00788364602411;"Hydromel Charlevoix Venin";"375";6;2025;11;3;
"15327735";00088076187955;"Don Julio Rosado";"750";2;2025;11;3;
"15249554";00762765676516;"H. Lamprecht Buchertberg Blaufränkisch";"750";1;2025;11;3;
"13367928";08052432390053;"Valenti Norma Doc Etna";"750";1;2025;11;3;
"15398120";05060221852289;"Isle of Raasay Cask Strength Highlands Single Malt";"700";4;2025;11;3;
"15238572";08014629172224;"Pio Cesare Barbaresco Il Bricco";"1500";1;2025;11;3;
"13374749";00827924039073;"Domaine de Lavoie 100% Pomme (4x355)";"355";27;2025;11;3;
"13637246";08022888361013;"Feudi di San Gregorio Greco di Tufo";"750";4;2025;11;3;
"15445758";03701523800104;"Jean-François Jacouton Condrieu";"750";1;2025;11;3;
"15501844";04000153414903;"Domaine Albert Boxler Riesling Grand Cru Sommerberg";"750";3;2025;11;3;
"13629043";06902212016890;"Xifeng";"500";13;2025;11;3;
"14379883";00627987202557;"Ste-Sabine Rock G 01";"500";2;2025;11;3;
"11673227";03760196820086;"Morgon Marcel Lapierre";"1500";6;2025;11;3;
"14775827";08414848221527;"Clos Mont Blanc Merlot Únic Conca de Barbera";"750";1;2025;11;3;
"14682479";03469891134411;"El Macho Utiel-Requena Superio";"750";4;2025;11;3;
"14808406";00627843561897;"Cremaglace Lait au Chocolat";"750";15;2025;11;3;
"14456674";00056049136934;"Wallaroo Trail Sauvignon Blanc Vin Blanc";"1000";168;2025;11;3;
"15384300";08032937270760;"Josetta Saffirio Barolo Ravera";"750";3;2025;11;3;
"11885377";03800213972777;"Soli Pinot Noir Vallée Thracian";"750";13;2025;11;3;
"520197";03113880104212;"Perrier-Jouët Belle Epoque Brut";"750";2;2025;11;3;
"14802979";03328155014893;"Clos Saint-Martin Grand Cru Classé Saint-Émilion Grand Cru";"750";2;2025;11;3;
"15068729";03700061601921;"Réserve de la Chèvre Noire Bourgogne Gamay";"750";23;2025;11;3;
"15167145";00628678625051;"Au Pied de Cochon Z28";"750";5;2025;11;3;
"15459851";03760169471468;"Domaine de la Vieille Julienne Les Trois-Sources";"750";2;2025;11;3;
"14404495";03760040432953;"Domaine Lauriga Le Gris Côtes Catalanes";"750";18;2025;11;3;
"11589691";00895958000079;"Domaine de la Cadette Vézelay La Piècette";"750";2;2025;11;3;
"15235460";00694947015533;"Besserat de Bellefon Triple B Brut Nature";"750";1;2025;11;3;
"11660371";08019873924575;"Vigneti del Salento Primitivo Vigne Vecchie";"750";7;2025;11;3;
"15141092";00890526000260;"Dom. Ritt GRRRR Cidre Sauvage Pétillant Sans Sulfites";"750";3;2025;11;3;
"15443533";00057496014509;"Croix d'Or Cabernet Sauvignon Vin Rouge";"4000";536;2025;11;3;
"15354784";05601096190047;"Villa Alvor";"750";1;2025;11;3;
"14898472";03436801100019;"J-M Brocard Chablis Prem Cru Butteaux";"750";3;2025;11;3;
"14222982";00057496009635;"Keep Calm & Laugh Pinot Grigio vin blanc";"750";24;2025;11;3;
"15298170";00874618009508;"Dillon's Cocktail au Gin Fraise et Rhubarbe";"473";14;2025;11;3;
"10757120";04907005311239;"Tamanohikari Omachi Junmai Daiginjo sake";"300";4;2025;11;3;
"15483990";06009607663247;"Ken Forrester Sparklehorse";"750";4;2025;11;3;
"15443488";05608309021976;"Vale Do Bomfim Douro";"750";3;2025;11;3;
"15052920";03660327022115;"Château Langoa Barton Grand Cru Classé Saint-Julien";"750";3;2025;11;3;
"14879925";05056510001650;"Octave Dailuaine 12 Ans Single Cask Speyside Single Malt";"700";1;2025;11;3;
"14998490";03760361301976;"Château de Chamirey Mercurey Premier Cru Clos du Roi";"750";2;2025;11;3;
"902932";08437001073221;"Vina Urbezo Garnacha Syrah Carinena";"750";1;2025;11;3;
"734244";03760005530014;"Château Les Hauts d'Aglan Cahors";"750";4;2025;11;3;
"15465361";03701725500604;"Roc Breïa Chardonnay";"750";2;2025;11;3;
"11480054";08501110080682;"Havana Club Anejo Reserva";"1140";-1;2025;11;3;
"15082336";00788623137579;"Los Cuerudos Mezcal Artesanal Joven";"750";1;2025;11;3;
"15286988";08422789000187;"Bodegas Felix Callejo Parajes de Callejo Ribera del Duero";"750";3;2025;11;3;
"15074184";05060560480617;"Filey Bay Peated Finish Yorkshire Single Malt";"700";1;2025;11;3;
"10811421";00056049018483;"Wallaroo Trail Bin 212 shiraz rouge";"4000";6552;2025;11;3;
"15545126";03760150951283;"Michel Couvreur La Vie est Belle Exclusivité Québec";"700";3;2025;11;3;
"10796946";03284890615101;"Henriot Blanc Souverain Blanc de Blancs Brut";"750";2;2025;11;3;
"15356392";04000153563922;"Marc Soyard Domaine de la Cras Bourgogne Coteaux de Dijon";"750";1;2025;11;3;
"15529450";00890590000814;"TP-Piñata Liqueur de Bonbon Cannelle";"750";10;2025;11;3;
"11355501";00056049024545;"Wallaroo Trail rouge";"1000";1;2025;11;3;
"15483594";04000152493435;"Les Rêves Oubliés No Toxic";"750";1;2025;11;3;
"14808924";00852652001115;"LE CIDRE Libre Verger Hemmingford";"750";1;2025;11;3;
"15369661";03477993779454;"Champagne Oudiette x Filles omposition Assemblage Extra-Br";"750";1;2025;11;3;
"14210586";08033928050095;"Grosjean Pinot Noir Vallée d'Aoste";"750";1;2025;11;3;
"15400461";06002339001844;"Thomson & Scott Noughty";"750";25;2025;11;3;
"15363841";08000353008274;"Luxardo Negroni";"200";4;2025;11;3;
"15167170";00725765817372;"La Capsule Temporelle Apologie de la Mac";"750";1;2025;11;3;
"11557576";05601064003034;"Quinta do Noval black Reserve";"750";1;2025;11;3;
"1099";00622153631049;"Johnnie Walker Red Label Blended Scotch Whisky";"750";2687;2025;11;3;
"11401352";00011034981012;"Martini Rosso";"1000";4010;2025;11;3;
"13343045";05450013140104;"Bernard Massard Chardonnay Brut";"750";402;2025;11;3;
"14070878";05204352000205;"Domaine Tetramythos Orange Patras";"750";32;2025;11;3;
"14199495";05200107815810;"Moi Je M'en Fou! Limnionas Karditsa";"750";227;2025;11;3;
"13536031";00040232673818;"Pur Vodka Ultra Premium";"750";524;2025;11;3;
"11130265";06009807940490;"Proprietor's blend Ernie Els Vineyards Stellenbosch";"750";68;2025;11;3;
"11447393";00622153631063;"Johnnie Walker Red Label Blended Scotch";"1140";2132;2025;11;3;
"15066635";00854745000913;"Ungava Baril Caché";"750";1671;2025;11;3;
"15210668";05602523116005;"Bus.9";"750";757;2025;11;3;
"10699644";03552651993110;"Merlot Just vin de pays d'Oc";"250";2404;2025;11;3;
"12382510";08008863042061;"Tor Del Colle Rosso Veronese";"1000";1488;2025;11;3;
"14764917";06009607660376;"Roussanne Ken Forrester";"750";738;2025;11;3;
"548883";03372220000243;"Brumont Gros Menseng/Sauvignon Côtes de Gascogne";"750";4610;2025;11;3;
"13750089";09007500150175;"Domaine Wachau Gruner Veltliner Selection";"750";1225;2025;11;3;
"14728810";08437008497891;"Arbolencia Sauv Bl Verdejo";"750";7329;2025;11;3;
"14915906";03770001475035;"N. Grosbois Bourgueil Clos de la Henry Monopole";"750";332;2025;11;3;
"14045533";03760142715701;"Remoissenet Père & Fils Bourgogne Renommée";"750";47;2025;11;3;
"15511882";00080480984830;"Bacardi Gold";"750";2160;2025;11;3;
"12385";09010312040176;"Glenfiddich 12 Ans Highland Single Malt Scotch Whisky";"750";818;2025;11;3;
"11334065";08032505640018;"Caprili Brunello di Montalcino";"750";58;2025;11;3;
"5959";05011013100132;"Baileys l'Originale";"750";3810;2025;11;3;
"15326759";07312040350117;"Absolut Vanilia";"750";333;2025;11;3;
"10251348";08001935001522;"Villa Antinori Toscana";"750";1281;2025;11;3;
"10754228";00746925000977;"Robertson Winery Chenin blanc";"750";6566;2025;11;3;
"11544337";00000570965815;"Martini & Rossi Asti";"750";2093;2025;11;3;
"11898397";05055807400572;"The Botanist Islay";"750";248;2025;11;3;
"14852280";03760054832572;"Domaine La Suffrene Bandol";"750";45;2025;11;3;
"15031344";03770000014624;"D. d'Henri, Chablis Saint- Pierre";"1500";6;2025;11;3;
"12275861";00080480981426;"Bombay Sapphire East";"750";81;2025;11;3;
"14339056";03760062620000;"Puech Redon Apparente";"750";443;2025;11;3;
"11408642";08000020000020;"Cinzano Rosso";"1000";2040;2025;11;3;
"11579337";00083664870400;"Gibson's Finest 12 Ans";"750";692;2025;11;3;
"11462382";08437005068858;"Honoro Vera Garnacha Calatayud";"750";2373;2025;11;3;
"15269918";00819457001702;"Spier Field & Flutter";"750";93;2025;11;3;
"317057";08002062000051;"Masi Costasera Amarone della Valpolicella Classico";"750";219;2025;11;3;
"11254680";00689352009925;"Kim Crawford Sauvignon Blanc Marlborough";"375";1124;2025;11;3;
"855171";03464230003403;"L'Idylle Savoie Vieilles Vignes";"750";917;2025;11;3;
"606988";03263286324216;"J.P. Chenet Cab.-Sauv./Syrah Pays d'Oc";"250";5304;2025;11;3;
"928440";00022851208015;"Montecillo Rioja Reserva";"750";3062;2025;11;3;
"14315951";05450013150400;"Bernard Massard Cuvée de l'Écusson Brut";"200";815;2025;11;3;
"13612321";00695554018962;"Milton Star Pomme (4 x 355 ml)";"355";1223;2025;11;3;
"12824998";00659264115489;"Clos Bagatelle À l'Origine Saint-Chinian";"750";961;2025;11;3;
"13359282";07791728019162;"Santa Julia Biologique Cabernet-Sauvignon";"750";1050;2025;11;3;
"13917125";08437007833027;"Convento San Francisco Primer Año Tempranillo";"750";103;2025;11;3;
"15166564";00082000803478;"Smirnoff Creamsicle Blast";"750";187;2025;11;3;
"11903619";00690604000447;"Les Halos de Jupiter Côtes-du- Rhône";"750";1304;2025;11;3;
"13284647";03514311000026;"Le Grand Ballon Chardonnay Val de Loire";"750";3635;2025;11;3;
"14371611";00795652200976;"Jinro Chamisul Original Classic Soju";"360";764;2025;11;3;
"570";05000329002216;"Beefeater";"750";2019;2025;11;3;
"14923527";08437008952666;"Rey Bufon Sauvignon Blanc La Mancha";"750";72;2025;11;3;
"15372122";00065912001538;"Mott's Clamato Caesar Le Tout Garni";"458";5115;2025;11;3;
"15509707";03760161042215;"Domaine Barmès-Buecher Filigrane";"750";23;2025;11;3;
"13264267";05000299296363;"Malfy Gin Con Limone";"750";58;2025;11;3;
"15357328";03391180026506;"Rouge Clair By Michel Chapoutier";"750";554;2025;11;3;
"15489056";06286784311714;"RetroFit Framboise";"700";713;2025;11;3;
"506824";08000192005502;"Bersano Costalunga Barbera d'Asti Superiore";"750";1507;2025;11;3;
"978874";08003015700530;"Carpineto Dogajolo Toscana";"750";9001;2025;11;3;
"10838712";05604242009606;"Portal Colheita Douro";"750";78;2025;11;3;
"14590355";00628055391968;"Les Canailles Mango Fizz (4 x 355 ML)";"355";17;2025;11;3;
"11766520";07804407002895;"Montgras Intriga Maipo";"750";797;2025;11;3;
"15294603";00854745000272;"Coureur des Bois Crème";"375";700;2025;11;3;
"15455340";00817217000323;"Pur Vodka Cosmo Canneberge Grenade et Agrumes 4 X 355 ml";"355";3162;2025;11;3;
"277954";00081375100618;"Campari";"750";2030;2025;11;3;
"329532";03510170000030;"Domaine de La Charmoise Gamay Touraine";"750";693;2025;11;3;
"13497802";03513272000007;"Domaine Fouet Pour Ma Gueule";"750";214;2025;11;3;
"12207009";03760036855001;"Domaine de Lévêque Touraine";"750";563;2025;11;3;
"13212619";05200334251139;"Fix Hellas";"330";1868;2025;11;3;
"11349021";03760038390159;"Domaine Vincent Delaporte Chavignol Sancerre";"750";83;2025;11;3;
"427625";00690604000065;"Buti Nages Famille Gassier";"750";673;2025;11;3;
"15544334";06009880555215;"Ladybird Sur Lie Chenin Blanc";"750";123;2025;11;3;
"13313196";03760136220433;"Clarendelle inspire Par Haut Brion";"750";918;2025;11;3;
"14070886";08034097961656;"Ca di Rajo Lemoss Trevenezie";"750";697;2025;11;3;
"895946";03357780000421;"Laurent Miquel Cazal Viel Pays d'Oc Viognier";"750";550;2025;11;3;
"13361374";03148592011978;"Les Petits Carreaux Merlot";"3000";449;2025;11;3;
"15597698";08008530000189;"Tavernello Bio Bianco";"1000";497;2025;11;3;
"12728904";05606469000015;"Adega de Penalva Dão";"750";1858;2025;11;3;
"14042973";03180421003143;"Moillard Chablis Coquillage";"750";794;2025;11;3;
"13945265";03760149590332;"Pesquié Terrasses";"750";262;2025;11;3;
"11027031";05010327325125;"Glenfiddich 15 Ans Solera Highland Single Malt Scotch";"750";98;2025;11;3;
"15149094";06286784310618;"Kepler Tonic Stellaire (4 x 355 ml)";"355";2071;2025;11;3;
"15521749";08437006339889;"Altolandon Irrepetible Manchuela";"750";138;2025;11;3;
"13788087";09007500156573;"Smaragd Terrassen Grüner Veltliner Domäne Wachau";"750";98;2025;11;3;
"332304";03105714950553;"Paul Jaboulet Parallèle 45 Côtes du Rhône";"750";1744;2025;11;3;
"15588978";00087116011724;"Sour Puss Pomme Verte";"750";13;2025;11;3;
"13621228";07730951080983;"Bodega Garzón Tannat Reserva";"750";174;2025;11;3;
"15109332";08016118511156;"Mazzei Badiola Di Fonterutoli Toscana";"750";687;2025;11;3;
"914275";03496650000052;"Château Coupe Roses Les Plots Minervois";"750";456;2025;11;3;
"13005759";06002039010474;"Robertson Winery Constitution Road Chardonnay";"750";672;2025;11;3;
"12644153";00859670001264;"Coteau Rougemont Versant Rosé";"750";240;2025;11;3;
"13566695";08437008318608;"Attis Genio y Figura";"750";14;2025;11;3;
"12276848";08424487500099;"Juvé y Camps Brut Cava mousseux rosé";"750";38;2025;11;3;
"12920007";03500610096662;"J.P. Chenet Ice Edition";"200";431;2025;11;3;
"14029111";07791203001675;"Bodegas Luigi Bosca La Linda Malbec Old Vines Mendoza";"750";857;2025;11;3;
"12897863";08410591002963;"Comp. Vini. del Norte de Espa. Imperial Reserva Rioja";"750";151;2025;11;3;
"14824182";00057496012239;"Seventh Heaven Pamplemousse Gingembre Thym Rouge";"750";49;2025;11;3;
"15327866";03687080561477;"Luca Bambara Isola dei Lupi";"750";3;2025;11;3;
"15544895";00827924037505;"Domaine du Ridge Le Litre du Ridge";"1000";70;2025;11;3;
"15548677";00890590000906;"Piñata Cerise Atomique";"750";212;2025;11;3;
"12341419";03468970110001;"Vilmart & Cie Grande Réserve Brut";"750";11;2025;11;3;
"11130231";00083300034531;"Chambord liqueur de framboise";"750";184;2025;11;3;
"14954286";08032853721032;"Umani Ronchi Villa Bianchi Verdicchio dei Castelli di";"750";83;2025;11;3;
"15100936";00628504256169;"Noroi Canada72 Série du Siècle";"750";28;2025;11;3;
"14898350";03683080593593;"Descombes Chardo Macération";"750";3;2025;11;3;
"14558996";00627987350746;"K. Descombes Morgon";"750";36;2025;11;3;
"14872432";00635335103029;"Les Hauts de Janeil Syrah-Gre.";"750";115;2025;11;3;
"12362931";05603541756136;"Churchill's Estates Grafite Douro";"750";105;2025;11;3;
"913186";03760040420394;"Paul Mas Clos des Mûres Languedoc";"750";442;2025;11;3;
"15455631";06282503720782;"Wabasso TeqKeyLime 4 x 355 ml";"355";385;2025;11;3;
"15298372";00890590000579;"Stadaconé Gingria Rosée (4 x 250 ml)";"250";1615;2025;11;3;
"13184443";08436036371036;"Bodegas Vinicola Real 200 Mon ges Selección Especial Reserva";"750";-1;2025;11;3;
"11905112";03760034420133;"Le Grand Amandier Château des Tourelles";"750";156;2025;11;3;
"15128787";08594186262014;"Milan Nestarec Juicy Fruit Moravia";"750";5;2025;11;3;
"10272966";03493399010915;"Dominique Piron Morgon La Chanaise";"750";327;2025;11;3;
"11863291";08032636136091;"Paolo Scavino Dolcetto d'Alba";"750";93;2025;11;3;
"15180198";08413060753342;"Matilda Nieves  Mencia Ribeira Sacra";"750";236;2025;11;3;
"15361896";05604135002011;"Marquês de Borba Colheita Alentejo";"750";77;2025;11;3;
"12257997";08033315730234;"Arpepe Rosso di Valtellina";"750";29;2025;11;3;
"12662968";08437006931977;"Bodegas Barahonda Carro";"750";167;2025;11;3;
"12259984";03760052931109;"Domaine de la Guillotterie Affinité Saumur";"750";94;2025;11;3;
"14095581";03279984000048;"Jean Perrier & Fils Roussette de Savoie Cuvée Gastronomie";"750";32;2025;11;3;
"15286566";00895958006668;"Léo Dirringer Terre à Boire";"750";18;2025;11;3;
"13747306";05412783053848;"Boon Kriek Lambic";"375";97;2025;11;3;
"15126976";00814399003005;"B Sauvage Vin de Bleuet";"750";118;2025;11;3;
"15077414";03419466267280;"Château Lafaurie Peyraguey Grand Cru Classé";"750";1;2025;11;3;
"15450012";08883000001688;"El Supremo 12 Ans";"700";4;2025;11;3;
"15273790";08423309011102;"Ijalba Varietales Maturana Blanca Rioja";"750";22;2025;11;3;
"12228539";00792059001083;"Le Rabault Joseph Mellot Sancerre rosé";"750";12;2025;11;3;
"15321860";05099811190753;"Writers' Tears, Redhead Single Malt";"700";3;2025;11;3;
"14348121";03700878700701;"Villa Quatres Soeurs Margaux Vignobles des Quatres Vents";"750";50;2025;11;3;
"13106584";00056049134541;"Barzoli Rouge";"750";662;2025;11;3;
"15527809";00827924003210;"Le Domaine des Côtes d'Ardoise Monarc";"500";55;2025;11;3;
"15492394";00088004053680;"Dr. McGillicuddy's Caramel Écossais";"375";64;2025;11;3;
"15298090";00080432002964;"Malibu Saveurs Assorties (8 x 355 ml)";"355";1408;2025;11;3;
"15183858";08024977920033;"Castello Monterinaldi Chianti Classico Riserva";"750";28;2025;11;3;
"14032257";08034140041670;"Rossovermiglio Ambrato di Montemalo Beneventano";"750";4;2025;11;3;
"15473054";04983422318747;"Zaku Gen No Tomo Junmai";"750";1;2025;11;3;
"15484001";03232032000742;"De Saint Gall Blanc de Blancs Premier Cru";"750";11;2025;11;3;
"14809370";03700188057229;"Château de la Dauphine Fronsac";"750";40;2025;11;3;
"15266477";08021019000074;"Fontodi Meriggio";"750";10;2025;11;3;
"15346004";03812590820237;"Cidre Sauvageon Moussette";"750";49;2025;11;3;
"15484061";03760268700414;"Château Haut-Bages-Liberal Pauillac";"750";135;2025;11;3;
"15515832";04000155158324;"E. Guigal Châteauneuf-du-Pape";"750";4;2025;11;3;
"14363507";00670459011188;"Guy Lafleur Signature Cabernet Franc Niagara Peninsula";"750";8;2025;11;3;
"15079735";00810404021293;"SOBR Riesling Riesling";"750";22;2025;11;3;
"13465886";08027844000050;"Mormoraia Vernaccia di San Gimignano Riserva d.o.c.g.";"750";13;2025;11;3;
"15077545";08033373296871;"Azienda Agricola Frank Cornelissen Susucaru Rossato";"750";48;2025;11;3;
"14861987";03760088376561;"Domaine de Cottebrune Transhumance Faugères";"750";4;2025;11;3;
"15073923";04902051310403;"Kuromatsu Hakushika Junmai Dai ginjo Gold";"500";22;2025;11;3;
"15138432";00627987776775;"Artémis Rhum Arrangé";"750";1;2025;11;3;
"14974797";09120012744592;"Meinklang";"750";23;2025;11;3;
"15290881";06282501014784;"Morbleu Réserve du Diable";"750";39;2025;11;3;
"15211126";08003625026372;"Soffio Oro Blanc de Blancs";"750";21;2025;11;3;
"15299973";06007380000242;"Springfield Estate The Work of Time";"750";8;2025;11;3;
"15554583";00628011553805;"TP-Comont Liqueur de Griotte";"500";7;2025;11;3;
"15343891";08424718143118;"Valduero Tierra Alta en 2 Maderas Ribera Del Duero";"750";19;2025;11;3;
"14422589";08413529821087;"La Rioja Alta Vina Ardanza Rioja Reserva";"750";14;2025;11;3;
"15197248";00628011553126;"Comont V.Zéro";"750";6;2025;11;3;
"15254951";03683080588179;"Formiche Ansonica Costa dell'Argentario";"750";12;2025;11;3;
"15223952";00057496001479;"Les Trois Pignons Bordeaux Vin Rouge";"750";4;2025;11;3;
"10955741";03052853078443;"Bollinger Brut Rosé";"750";13;2025;11;3;
"13222420";05604123008315;"Quinta do Crasto Reserva Douro";"750";22;2025;11;3;
"12986621";06009820750212;"Chardonnay DMZ De Morgenzon Stellenbosch";"750";8;2025;11;3;
"14017196";08000729201322;"Librandi Critone";"750";15;2025;11;3;
"13734177";08001514002223;"Leone Alato V8+ Brut Millesimato Prosecco";"750";61;2025;11;3;
"12476591";08011315000762;"Di Majo Norante Aglianico Biorganic";"750";64;2025;11;3;
"15021349";00895958004640;"Pierre Gerbais La Loge";"750";3;2025;11;3;
"15124794";03760119321119;"Le Loup Blanc Le Régal Orange";"750";6;2025;11;3;
"15394962";00627843776994;"Les Vallons de Wadleigh Tomber en Orange";"750";17;2025;11;3;
"14199680";03282946016094;"Nicolas Feuillatte Grand Cru Brut";"750";9;2025;11;3;
"15350468";08437014256024;"Lolea Numéro 2";"750";5;2025;11;3;
"569418";00065912006786;"Mott's Clamato 4X355 ml Caesar Original";"355";818;2025;11;3;
"15021461";00628242481113;"Lafrance Kir Royal Limoncello (4 x 250 ml)";"250";12;2025;11;3;
"14977314";03514317777717;"Le Grand Ballon Touraine Rosé";"750";53;2025;11;3;
"14207694";00781718142854;"JC Wickens Swerwer Swartland";"750";4;2025;11;3;
"12396372";07707284029316;"Dictador 20 ans";"700";8;2025;11;3;
"15412497";08005557342001;"Dievole Chianti Classico";"750";48;2025;11;3;
"10369194";00056049012146;"Christophe Dalbray blanc";"750";1224;2025;11;3;
"12465278";00067311781059;"Au Quotidien Blanc Doux et Fruité";"1000";180;2025;11;3;
"13860034";08014115001823;"Poli Bassano 24 Carati";"500";7;2025;11;3;
"930990";00057496930991;"Le Carafon blanc";"20000";25;2025;11;3;
"11187430";00709067110171;"Il Grigio San Felice Riserva Chianti Classico";"5000";5;2025;11;3;
"15465821";07804300157531;"R&O Brut";"750";23;2025;11;3;
"14250756";08437009803066;"Okendo Txakolina Astobiza";"750";9;2025;11;3;
"13319475";04000133194757;"Egly-Ouriet Brut Grand Cru";"750";-1;2025;11;3;
"11155171";06009607661960;"Ken Forrester Petit Cabernet- Sauvignon Western Cape";"750";49;2025;11;3;
"15031441";08010544710718;"Is Argiolas Vermentino";"750";12;2025;11;3;
"95216";03245991093304;"Hennessy Very Special Cognac V.S.";"50";231;2025;11;3;
"13496181";00080480007256;"Leblon Cachaça";"750";17;2025;11;3;
"13349050";03323860133471;"Champagne Vieille France Brut Edition Limité";"750";31;2025;11;3;
"15157801";03382171201866;"Domaine Grand Côtes du Jura Tradition";"750";6;2025;11;3;
"15215696";03052853084703;"Bollinger R.D. Extra Brut";"750";3;2025;11;3;
"13416380";00088893161008;"Tomatin 12 Ans Scotch Whisky";"750";11;2025;11;3;
"15286574";05060210707026;"Kilchoman Islay Single Malt 13th Limited Edition";"700";2;2025;11;3;
"15452157";03700188068980;"Château Grand Corbin Despagne Saint-Emilion Grand Cru";"750";5;2025;11;3;
"15319111";03760207220096;"Samuel Billaud Chablis Les Grands Terroirs";"750";9;2025;11;3;
"11853439";03570101001017;"Château de Cazeneuve Languedoc";"750";72;2025;11;3;
"13263601";06091313664700;"Gold of Mauritius Solera 5 ans";"700";3;2025;11;3;
"14144398";06282501011332;"Distillerie Mariana Zeste";"750";18;2025;11;3;
"13587875";08033315730487;"Arpepe Inferno Fiamme Antiche Valtellina Superiore Riserva";"750";4;2025;11;3;
"15031213";03760151313127;"Domaine du Prieuré Beaune Les Champs Pimont Premier Cru";"750";8;2025;11;3;
"15052962";03700114606583;"Château Gazin Pomerol";"750";3;2025;11;3;
"12233434";03573349960016;"Camin Larredya La Part Davant Jurançon sec";"750";5;2025;11;3;
"14307484";04000143074841;"Saumon Dans Loire Petit Chenin Précieux";"750";5;2025;11;3;
"897066";08023352000049;"Pieropan La Rocca Soave Classico";"750";1;2025;11;3;
"14748458";00056049137580;"Svelte Sauvignon Blanc Vin Blanc";"750";1020;2025;11;3;
"11833681";00841125075722;"Union Libre cidre de glace";"375";1;2025;11;3;
"14954420";00628110292254;"Labranche Réserve Intégrale";"750";3;2025;11;3;
"15123484";00736040011866;"Yarden Galilee Sauvignon Blanc";"750";9;2025;11;3;
"11588639";00692743004089;"Lanson Le Rosé Création Brut Champagne";"750";6;2025;11;3;
"15221922";03760103990109;"Dieu-Le-Fit L'Essentiel Grenache";"750";25;2025;11;3;
"14731411";00627987239256;"Archambault Givré Pamplemousse";"750";1;2025;11;3;
"15036760";03687080563365;"Castello di Montemelino Vino Rosso da Pasto";"1000";2;2025;11;3;
"14788071";03760332770060;"Domaine Mylène Bru Zingara";"750";1;2025;11;3;
"11833761";00827924072056;"Halte des Pèlerins Le Voyageur";"750";20;2025;11;3;
"15327111";08410013381041;"Codorniu Benjamin Clasico Brut";"200";64;2025;11;3;
"15241886";04000152418865;"D. Combier Crozes-Hermitage Cuvée Laurent Combier";"750";3;2025;11;3;
"15192279";08007430102009;"Terredavino Barolo";"750";31;2025;11;3;
"15241253";05018481101524;"Tomatin Highlands Single Malt Cu Bocan 12 ans";"700";2;2025;11;3;
"15440279";00056049139225;"Svelte Vin Rouge";"750";360;2025;11;3;
"14014788";03683080400587;"Earl Lindenlaub EleFanta Citron Riesling";"750";7;2025;11;3;
"13837571";03683080356723;"La Biancara Pico";"750";1;2025;11;3;
"15518099";03447213244000;"Château Guiraud Le G de Guiraud";"750";4;2025;11;3;
"10349249";03104691012223;"Lejay Lagoute de Dijon boisson de fruits";"200";3;2025;11;3;
"12682248";03700980200038;"Domaine Gauby Vieilles Vignes Côtes Catalanes";"750";3;2025;11;3;
"15080154";00827586005577;"Saute-Bouchon Québec Cidre (4x355ml)";"355";28;2025;11;3;
"14991431";08021934007004;"Tenute Cisa Asinari dei Marche si Di Grésy Martinenga Barbar";"1500";1;2025;11;3;
"15155321";03380650002980;"Ferraton Père & Fils Saint-Peray Le Mialan";"750";1;2025;11;3;
"89292";03760105300210;"Pinot blanc Trimbach Alsace";"750";3;2025;11;3;
"15081296";04041712021286;"Fio Wine JoJo Riesling";"750";8;2025;11;3;
"14806380";03700188054396;"La Petite Marquise Du Clos Du Marquis Saint-Julien";"750";2;2025;11;3;
"13110920";00827924945022;"Ste Famille Cuvée du Domaine";"750";2;2025;11;3;
"14666541";03558270001229;"Baron Gaston Legrand 1974 Bas Armagnac";"700";3;2025;11;3;
"917559";03760094050417;"Santenay 1er cru Les Gravières Domaine Vincent Girardin";"750";1;2025;11;3;
"15479253";04000154792536;"Clos des Papes Châteauneuf-du-Pape";"750";13;2025;11;3;
"962811";00089046888100;"Chardonnay Cousino Macul Antiguas Reservas Maipo";"750";5;2025;11;3;
"13571005";03683080356709;"Guy Breton Marylou";"750";4;2025;11;3;
"13917715";00628250949001;"Distillerie L&M La Baraque Whisky et Érable";"500";1;2025;11;3;
"15128824";09006201500012;"Christina Grüner Veltliner";"750";6;2025;11;3;
"15054440";03700188061424;"Château Pichon-Longueville Baron GCC Pauillac";"750";4;2025;11;3;
"41327";00080915078264;"Crème de bananes Bols boisson de fruit";"750";2;2025;11;3;
"14974543";00842161003007;"Domaine Ives Hill Crème de Cassis";"375";3;2025;11;3;
"15382945";04000153829455;"Flaccianello della Pieve Fontodi Colli Toscana i.g.t.";"750";6;2025;11;3;
"15408720";03770030944021;"Nicolas Therez Cuvée Serre-Moi Limoux";"750";-1;2025;11;3;
"13853424";03562190300003;"Guillot-Broux Les Geniévrières Bourgogne";"750";1;2025;11;3;
"15319129";03760207220065;"Samuel Billaud Chablis Premier Cru Les Fourneaux";"750";1;2025;11;3;
"14295524";00701192020042;"Tapatio Anejo";"750";6;2025;11;3;
"15235777";03368885117716;"Domaine de Beaurenard Châteauneuf Pape Gran Partita";"750";2;2025;11;3;
"15148083";00628176471501;"Rosemont Rhum  Punch (4 x 355 ml)";"355";32;2025;11;3;
"12897994";04018847999445;"J.Bäumer Rhein Riesling";"750";4;2025;11;3;
"15200152";03760145423542;"Château de Fieuzal Pessac-Léognan";"750";5;2025;11;3;
"13681731";00088076182332;"Tanqueray Malacca";"700";2;2025;11;3;
"14808377";00799705518261;"Château de Cartes PetNat Rouge";"500";14;2025;11;3;
"14096525";00080480015305;"Bacardi Superior rhum blanc (BHT)";"1000";12;2025;11;3;
"15502978";03687080620495;"Anne & Jean-François Ganevat Vin de France Madelon";"750";14;2025;11;3;
"15052209";03460440012082;"Château Le Gay Pomerol";"750";2;2025;11;3;
"15253465";04260248770073;"Weingut Thomas Harteneck Spätburgunder";"750";1;2025;11;3;
"15229107";08437024668145;"Pablo Claro Sélection Spéciale";"750";16;2025;11;3;
"13859771";05010867204928;"Altano Altano";"750";16;2025;11;3;
"15296406";00012086002526;"Joseph Drouhin Bourg. Aligoté";"750";-1;2025;11;3;
"11768171";08007880541106;"Famiglia Pasqua Amarone della Valpolicella";"750";15;2025;11;3;
"15235574";03760086926218;"Domaine Bernard Baudry Chinon Clos Guillot";"750";2;2025;11;3;
"15408586";04477993641965;"JM Sélèque Solessence Extra Brut";"1500";1;2025;11;3;
"15291402";04901410043082;"Bijito Junmai";"720";1;2025;11;3;
"15102552";08410113880215;"Miguel Torres Los Inquietos Valle del Maule";"750";1;2025;11;3;
"13566214";05604846103434;"Quinta de la Rosa La Rosa";"750";4;2025;11;3;
"15049624";00057496013540;"M. Cocktail Sangria Bleuets (4 x 355 ml)";"355";8;2025;11;3;
"15155101";03760094380163;"Bongran Thevenet et Fils Viré Clessé Emilian Gillet";"750";1;2025;11;3;
"15487261";03445152009629;"Les Astrelles Les Lares Bourgogne Aligoté";"750";19;2025;11;3;
"15325289";08025862190302;"Casanova di Neri Brunello di Montalcino";"750";2;2025;11;3;
"14786403";00895958002622;"Champagne Chartogne-Taillet Hors-série";"750";1;2025;11;3;
"15187533";08029627162238;"Foradori Morei";"750";3;2025;11;3;
"14799132";08030198006449;"Nebbiolo Vietti Perbacco Langhe";"750";1;2025;11;3;
"14228196";08009366297354;"Malteco Rare Proof 20 Ans";"700";2;2025;11;3;
"14560383";00627987041316;"Maison Sivo Sélection Rye";"750";1;2025;11;3;
"15185010";03760022539533;"Chateau Sainte-Roseline Lampe de Méduse Cru Classé";"750";5;2025;11;3;
"13430675";08413929199908;"Loxarel A Pèl Classic Reserva Brut Nature";"750";5;2025;11;3;
"13699797";03584870000089;"Geoffroy Rosé de Saignée Brut Premier Cru";"750";2;2025;11;3;
"15226926";03486740000017;"Champagne  Nominé-Renard Brut Blanc de Blancs";"750";2;2025;11;3;
"14819375";04260031854140;"Dönnhoff Weissburgunder - S";"750";1;2025;11;3;
"15296385";04000152963853;"Brise Cailloux Domaine du Coulet";"750";2;2025;11;3;
"14849937";05010327554006;"Balvenie Week of Peat 14 ans Speyside Single Malt";"750";2;2025;11;3;
"15467762";03328150004271;"Château Trotanoy Pomerol";"750";4;2025;11;3;
"15476968";03770030950022;"Maison Bruyère et David Les Grandes Terrasses Condrieu";"750";4;2025;11;3;
"15123100";03365910710508;"Clos Henri Estate Marlborough";"750";4;2025;11;3;
"14785890";03760273141004;"Mee Godard Morgon Corcelette";"750";3;2025;11;3;
"15506856";03566921232397;"Meursault 1er Cru Château de Blagny Louis Latour";"750";2;2025;11;3;
"15261027";00824243006151;"Coquinaria Sauvignon Blanc Bloc D";"750";902;2025;11;3;
"14161251";00627843137580;"Vallée Du Bras Omerto Barrique de Cerisier et Châtaignier";"375";1;2025;11;3;
"15411208";04000154112082;"Clos du Mont-Olivet Chateauneuf du Pape";"750";1;2025;11;3;
"15449919";03700597351307;"Hampden Estate Pure single Jamaican 8 ans";"700";2;2025;11;3;
"15330651";00067394332568;"Herencia de Plata Reposado";"700";3;2025;11;3;
"15052541";04000151351514;"Ch. Haut-Brion Pessac-Léognan Premier Grand Cru Classé";"750";6;2025;11;3;
"15175065";09311659000527;"Wakefield Estate Riesling";"750";1;2025;11;3;
"13940801";00627987043662;"Aquavice";"750";1;2025;11;3;
"15512324";08425132119642;"Muriel Vino De Elciego Rioja";"750";3;2025;11;3;
"15406468";08032841820501;"Télos Il Bianco Veneto";"750";1;2025;11;3;
"13035915";08412325000900;"Lustau Los Arcos Solera Amontillado";"750";1;2025;11;3;
"15525328";03760145093110;"La Soufrandière Les Longeays Pouilly-Vinzelles";"750";2;2025;11;3;
"15327840";00850817000942;"Champ Libre Série Nocturne";"473";3;2025;11;3;
"15240921";03770022324176;"Château Laroque Saint-Emilion grand cru classé";"750";1;2025;11;3;
"14626987";03114084243035;"Louis Roederer Cristal Brut";"3000";1;2025;11;3;
"15014616";03683080594859;"Combier Crozes-Hermitage Cuvée Laurent Combier";"750";2;2025;11;3;
"15080517";05055807415941;"Bruichladdich The Organic 2011 Islay Single Malt";"700";1;2025;11;3;
"14751884";03770000604139;"Château de Paraza Ohlala";"750";16;2025;11;3;
"15237625";03547831411126;"Château de Chamilly Mercurey Clos la Perrière Monopole";"750";2;2025;11;3;
"10382081";08003545807105;"Fontella Chianti";"750";-1;2025;11;3;
"14778112";04000147781127;"Chardonnay Domaine du Pélican Marquis D'Angerville Arbois";"750";1;2025;11;3;
"14008724";03760062473071;"Meyer-Fonné Kaefferkopf Riesling Grand Cru";"750";3;2025;11;3;
"15529687";04000155296873;"Domaine Jules Desjourneys Fleurie Sacré Graal";"750";2;2025;11;3;
"13202218";03507481140012;"Domaine de Terres Blanches Alchimie Sauvignon Blanc";"750";2;2025;11;3;
"11584478";00087000151109;"Captain Morgan Original Spiced";"1140";7129;2025;11;3;
"13485959";08016118101005;"Mazzei Ser Lapo Chianti Classico Riserva";"750";2572;2025;11;3;
"13942929";08032505640193;"Caprili Ilex Toscana IGT";"750";1982;2025;11;3;
"733600";00628242480246;"Dom. Lafrance Cidre de Glace";"375";491;2025;11;3;
"11355886";08000834395008;"Cesari Bosan Ripasso Valpolicella Superiore";"750";394;2025;11;3;
"13305831";03451740420004;"Wendigo Absintherie des Cantons";"750";64;2025;11;3;
"10330433";03760046000545;"Mon Coeur J.L. Chave Sélection Côtes du Rhône";"750";57;2025;11;3;
"719104";03760041970751;"Nicolas Potel Bourgogne P.Noir Vieilles Vignes";"750";708;2025;11;3;
"3723";00814789003325;"Chemineaud";"1140";1259;2025;11;3;
"542977";00620213250100;"Rev Guarana & Ginseng (4 x 330 ml)";"330";20640;2025;11;3;
"11462059";05601129244242;"Meia Encosta Dão Rouge";"3000";2690;2025;11;3;
"11334794";08410113001924;"Torres Natureo Blanc <0,5%";"750";1523;2025;11;3;
"11450904";05411616000059;"Martens pils";"500";8617;2025;11;3;
"630913";00050037599183;"Tia Maria";"750";1084;2025;11;3;
"13673941";06282501010342;"Distillerie Mariana Avril Amaretto";"750";1458;2025;11;3;
"15310204";07791728235999;"Zuccardi Q Cabernet Franc";"750";5504;2025;11;3;
"15456844";00872567002083;"Les Salicaires Torlit";"750";35;2025;11;3;
"13196487";03282946007023;"Nicolas Feuillatte Brut Réserve";"375";216;2025;11;3;
"13993380";07804617861602;"Vuelo Cabernet Sauvignon";"750";202;2025;11;3;
"13860253";08007425212171;"Tenuta Perano Chianti Classico Riserva";"750";35;2025;11;3;
"13806097";03186128042638;"Le Pive Blanc Pays d'Oc";"750";483;2025;11;3;
"15187509";06286784311103;"des Appalaches Kepler Céleste";"700";623;2025;11;3;
"11462446";08410302121006;"Campo Viejo Tempranillo Rioja";"750";4920;2025;11;3;
"265199";00835229000209;"Absolut";"375";3334;2025;11;3;
"14110500";08032584220408;"Ampeleia Unlitro";"1000";393;2025;11;3;
"12490078";05013626111154;"Taylor Fladgate Late Bottled Vintage";"375";54;2025;11;3;
"14442141";03493399031712;"Dominique Piron Morgon Côte du Py";"750";153;2025;11;3;
"14764925";07791728240863;"Santa Julia El Burro";"750";487;2025;11;3;
"397174";08032853723456;"San Lorenzo Umani Ronchi Rosso Conero";"750";74;2025;11;3;
"599654";05602660001769;"Cabral Tawny 10 Ans";"375";217;2025;11;3;
"15460413";03282946066860;"Nicolas Feuillatte Rosé Brut";"750";112;2025;11;3;
"13612137";08437014256017;"Lolea Numéro Un";"750";588;2025;11;3;
"15455403";00628176471075;"Rosemont Crazy Sour Limonade Vodka Bleuet 4 x 355 ml";"355";509;2025;11;3;
"14959693";00851595334014;"Aupale Seltzer Pamplemousse (4X250ml)";"250";820;2025;11;3;
"15298532";00065912001675;"Mott's Clamato (6 X 341ml) Caesar Haricot Mariné";"341";3732;2025;11;3;
"10753495";03760052371899;"Le Grand Art Médoc";"750";1178;2025;11;3;
"11133386";00744607069205;"El Jimador Reposado";"750";2272;2025;11;3;
"13991835";00057496009086;"Seventh Heaven Gin Tonic 4 x 355 ml";"355";14242;2025;11;3;
"95158";05450013150103;"Bernard-Massard Cuv. L'Écusson";"750";2456;2025;11;3;
"15328674";03343132497131;"Château de La Terrière Brouilly";"750";31;2025;11;3;
"11027807";08957570000058;"Nicolis Seccal Ripasso Valpo. Classico Superiore";"750";164;2025;11;3;
"15092614";04067700012081;"Jagermeister";"750";1979;2025;11;3;
"15402416";08032049221025;"Cepparello Isole e Olena Toscana i.g.t.";"750";13;2025;11;3;
"12458828";08017494526017;"Villa Sandi Il Fresco Prosecco";"750";803;2025;11;3;
"14323847";03249381015464;"Artis Chardonnay <0,5%";"750";707;2025;11;3;
"10679361";06009686980457;"Dornier Pirate of Cocoa Hill Western Cape";"750";739;2025;11;3;
"15278881";05584611130042;"Nicolas Reau Attention Chenin Méchant";"750";667;2025;11;3;
"15289100";05010327704197;"Hendrick's Grand Cabaret";"750";143;2025;11;3;
"14635103";03192371128227;"Château Montremblant Saint-Émilion";"750";378;2025;11;3;
"11621110";05099873027301;"Diplomatico Reserva Exclusiva";"750";365;2025;11;3;
"12488605";08033315791204;"Podere Sapaio Volpolo Bolgheri";"750";166;2025;11;3;
"13675832";09120013671835;"Huber Grüner Veltliner Obere Steigen";"750";244;2025;11;3;
"14019790";03760286320014;"Les Tètes Tète Blanche";"750";1322;2025;11;3;
"15471577";00827924059309;"Courville Chevaleresque";"750";71;2025;11;3;
"11808822";03345120000033;"Domaine du Vieux Lazaret Châteauneuf-du-Pape";"750";475;2025;11;3;
"15500868";00631471001816;"Leos Cuvée Augusta";"1500";14;2025;11;3;
"134445";03176780102443;"La Sablette Muscadet-Sèvre et Maine sur Lie";"750";3204;2025;11;3;
"346148";00057496002605;"Boussac Languedoc";"750";1982;2025;11;3;
"11156764";00854745000548;"Ungava";"750";2065;2025;11;3;
"620674";08410388101473;"Murviedro Agarena Cab/Tempran. Utiel-Requena";"750";1403;2025;11;3;
"13017629";00842161003151;"Domaine Ives Hill Cassigria";"750";7;2025;11;3;
"10431091";08031822010221;"Brancaia Chianti Classico Riserva";"750";29;2025;11;3;
"11676604";08019873724540;"Fantini Soluna Terre di Chieti";"750";1831;2025;11;3;
"15190927";00627987177022;"Mugo Édition Citrus Mitis";"750";88;2025;11;3;
"14727761";03770002602072;"Sancerre Domaine du Pré Semelé Julien et Clément Raimbault";"750";1052;2025;11;3;
"10651755";05601271038706;"Baga Marquês de Marialva Reserva Bairrada";"750";178;2025;11;3;
"15386006";08030198006456;"Vietti Langhe Freisa";"750";20;2025;11;3;
"13288630";08058456280042;"Vino Lauria Frappato Scoglitti";"750";426;2025;11;3;
"11202361";07461323129398;"Barcelo Gran Anejo";"750";1634;2025;11;3;
"12886890";00639737588484;"Casar de Burbia Mencia Bierzo";"750";729;2025;11;3;
"12225493";03148591902499;"Maris L'Autan Minervois";"750";531;2025;11;3;
"12464953";08026720115321;"Langhe Rosso G.D. Vajra";"750";998;2025;11;3;
"14410561";04000144105612;"Arianna Occhipinti FL Fossa Di Lupo Terre Siciliane";"750";1;2025;11;3;
"13288218";05200363542154;"Domaine Thymiopoulos Naoussa";"750";446;2025;11;3;
"14327012";03683080481883;"Florent Cosme Vouvray La Motte";"750";65;2025;11;3;
"14848088";08410013381010;"Codorniu Clasico Cava Brut";"750";418;2025;11;3;
"15506451";03268920080220;"Boeckel Riesling Midelberg";"750";88;2025;11;3;
"862904";03372961900901;"Lamartine Cuvée Particulière Cahors";"750";405;2025;11;3;
"15440990";00824330501675;"Le Pedneault Le Glacier";"500";17;2025;11;3;
"12883461";00033293650003;"Segura Viudas Heredad Reserva";"750";19;2025;11;3;
"14729214";08002001081660;"Cantina Tollo Trebbiano d'Abruzzo";"750";629;2025;11;3;
"14114172";00627987041262;"Sivo Liqueur à la Framboise";"500";65;2025;11;3;
"15333941";08410591306610;"Bela Ribera del Duero Roble";"750";13;2025;11;3;
"11959006";00811538012782;"Matusalem Gran Reserva 15 Ans";"750";102;2025;11;3;
"15089191";03326262264743;"T'as La Pêche Graves";"750";55;2025;11;3;
"14512795";03760103990529;"Rémi Pouizin Les Pious Côtes du Rhône";"750";1345;2025;11;3;
"15106490";05601174205007;"JM Fonseca Periquita Reserva";"750";18;2025;11;3;
"13597521";03760099780029;"Nuits d'Ivresse Cath et Pierre Breton";"750";40;2025;11;3;
"14814902";09300727031372;"Jacob's Creek Moscato Teneur Réduite en Sucre";"750";644;2025;11;3;
"12455088";05606486162802;"Muros Antigos Vinho Verde Anselmo Mendes";"750";341;2025;11;3;
"12207771";08436555720438;"Bodegas Volver Paso A Paso";"750";673;2025;11;3;
"15536140";00827924112110;"Le Mas des Patriotes Dahlia";"750";25;2025;11;3;
"15547607";00051497458256;"Cottage Springs Rocket Berry";"4000";186;2025;11;3;
"15528861";08410591308065;"Cune Rioja";"750";867;2025;11;3;
"15175655";09335361000118;"Brash Higgins McLaren Vale CINS Cinsault";"750";14;2025;11;3;
"15313982";00887341340091;"Aperol Spritz Prêt-à-servir ( 4x200ml )";"200";758;2025;11;3;
"14016003";03760221470040;"Ti Arrangés de Ced Ananas Victoria";"700";22;2025;11;3;
"15550478";08002235042642;"Zonin Cuvée Zero";"750";285;2025;11;3;
"13619478";03512050000819;"Y. Cuilleron Vignes d'à Côté Collines Rhodanienne";"750";603;2025;11;3;
"14646937";00827924039257;"Domaine de Lavoie Hugues Poire (4x355ml)";"355";19;2025;11;3;
"15438638";03760078740211;"Château de Coulaine Chinon Les Picasses";"750";6;2025;11;3;
"14952002";09007911311226;"Sepp Moser Grüner Veltliner Niederösterreich";"750";31;2025;11;3;
"15505394";08030698000121;"Casa alle Vacche Vermentino Toscana";"750";50;2025;11;3;
"14014286";01357945000039;"St.Pierre Single Malt Version Rauchbier";"750";3;2025;11;3;
"15261318";00721733003075;"Patron Extra Anejo";"750";28;2025;11;3;
"14256269";06278436097978;"Lab Amer BBQ Fumé";"55";2;2025;11;3;
"10521301";03453521235654;"Château de Camarsac Bordeaux Supérieur";"750";174;2025;11;3;
"14321761";08436569290408;"Ozu Tempranillo";"750";398;2025;11;3;
"896282";03245456345344;"Château L'Escart Julien Bordeaux Supérieur";"750";211;2025;11;3;
"14682621";00628110521057;"Bold Rhum Épicé";"750";35;2025;11;3;
"14784432";08437002936075;"Cervoles Garnatxa Costers del Segre";"750";1;2025;11;3;
"14270634";03683080400129;"Veronica Ortega Quite Bierzo";"750";1;2025;11;3;
"10694309";07804320056227;"Cono Sur Single Vineyard Pinot Noir";"750";196;2025;11;3;
"140806";00774336408068;"Jouvenceau rouge";"20000";27;2025;11;3;
"14824220";06279871669102;"Tucana Agrumes Fruits Tropic Gin";"750";15;2025;11;3;
"14043634";04841758000111;"Pelican Negru Soft Red Blend";"750";108;2025;11;3;
"15245975";05941976203956;"Budureasca Shiraz";"750";16;2025;11;3;
"10289670";00622837006156;"Le Cidre St-Nicolas Brut";"750";15;2025;11;3;
"13337825";05021944129102;"Edradour Single Malt 10 Ans";"700";4;2025;11;3;
"13337083";08029358004135;"Ratti Ochetti Nebbiolo Langhe";"750";440;2025;11;3;
"13657491";03760189780700;"J. de Villebois Pouilly-Fumé";"750";77;2025;11;3;
"15198849";00628055952985;"Artist in Res. Mangue Ananas";"750";97;2025;11;3;
"14028709";00628504255605;"Noroi Amer à l'Orange";"100";7;2025;11;3;
"14346061";05010494951820;"Glenmorangie Quinta Ruban 14 Ans Port Cask Sigl Malt Scotch";"750";156;2025;11;3;
"10326004";03185370283905;"Ruinart Brut";"750";162;2025;11;3;
"15101269";08023552060010;"Giacomo Fenocchio Barolo Bussia";"750";7;2025;11;3;
"15243144";00063829999351;"Intermiel Pétillant Cassis et Agrumes (4 X 355 ml)";"355";97;2025;11;3;
"15449089";00628942385766;"Domaine Héritage Grande Mac";"750";12;2025;11;3;
"15222600";00400152226004;"Meursault vieilles vignes Domaine Buisson-Charles";"750";16;2025;11;3;
"550749";00835229002302;"Absolut Mandrin vodka aromatisée";"750";69;2025;11;3;
"15477346";03760359180033;"Mad Med Le Rose";"250";95;2025;11;3;
"13227204";09419106110284;"Seresin Estate Leah Pinot Noir Marlborough";"750";15;2025;11;3;
"15268149";04260304960219;"Steinbock Riesling Zero";"750";31;2025;11;3;
"15210553";00628634365342;"Ubald Gin fin floral";"700";23;2025;11;3;
"13674451";08033540578007;"Barolo San Giuseppe Pecchenino";"750";35;2025;11;3;
"15535905";00827924112127;"Le Mas des Patriotes Delphinium Pet Nat";"750";16;2025;11;3;
"15404075";03531840170143;"Château Romanin Les Baux-de Provencence";"750";2;2025;11;3;
"13214147";03700114605425;"Château L'Hospitalet de Gazin Pomerol";"750";32;2025;11;3;
"742254";08004445454109;"Carlo Pellegrino Passito di Pantelleria";"750";59;2025;11;3;
"10523219";03760094051407;"Vincent Girardin Émotion Chardonnay Bourgogne";"750";11;2025;11;3;
"15445555";07804387000782;"Clos Apalta Prelude";"750";2;2025;11;3;
"12025281";03760234930050;"Clos Michet Dom. La Taille Aux Loups Montlouis-Sur-Loire";"750";34;2025;11;3;
"15512332";08426771102125;"Lindes de Remelluri Vinedos de Pecina Rioja";"750";2;2025;11;3;
"14788142";08022799002906;"Fabio Oberto Barolo Riserva";"750";2;2025;11;3;
"14000482";08437002583248;"Oscar Tobia Rioja Reserva";"750";21;2025;11;3;
"14752131";03260980030801;"Jean-Claude Boisset Marsannay";"750";13;2025;11;3;
"14788679";03591623141227;"Domaine Bernard Defaix Chablis 1er Cru Côte de lechet";"750";27;2025;11;3;
"12202398";00635335646588;"Les Fumées Blanches Réserve François Lurton";"750";290;2025;11;3;
"15316462";03760119343876;"Les Lilis Côteaux Bourguignons";"750";1;2025;11;3;
"13971164";09120012740495;"Meinklang Burgenland Osterreich";"750";36;2025;11;3;
"15388845";03353213919995;"Champagne Gosset Extra Brut";"750";8;2025;11;3;
"10268596";08015674203161;"Castello Banfi Brunello di Montalcino";"750";46;2025;11;3;
"15162184";00628504256053;"Noroi Limonade Rose (4 x 355ml)";"355";8;2025;11;3;
"15293731";09339348004779;"Delinquente Wine Co Amaya Pet Nat";"750";11;2025;11;3;
"12825966";03185370771778;"Moët & Chandon Nectar Imp Rosé Demi Sec";"750";39;2025;11;3;
"11997740";00813897020453;"Tullibardine 225 Sauternes Finish Single Malt";"750";2;2025;11;3;
"15160656";03760087400052;"Château Mourgues du Gres Costières-de-Nîmes Galets";"750";32;2025;11;3;
"15085094";00827924119232;"Le Chat Botté Jaune-Orange";"750";50;2025;11;3;
"15509723";03683080667225;"Marchese Luca Spinola Carlo Gavi del Comune di Gavi";"750";12;2025;11;3;
"11177418";03591420200400;"Moulin Touchais Coteaux du Layon";"750";20;2025;11;3;
"15234205";03760165372455;"J. Boutin Crozes-Hermitage Nos Granites Ciselés";"750";9;2025;11;3;
"14057649";03683080542492;"Vignobles Bulliat  Morgon Cou de Jus";"1500";2;2025;11;3;
"12746184";00628451469025;"Madison Park";"750";43;2025;11;3;
"11818297";05600224301102;"Duorum Reserva Douro";"750";26;2025;11;3;
"15523525";03683080590431;"Maison des Ardoisières Silice Blanc";"750";7;2025;11;3;
"14733133";03483810000281;"Château Saint Cosme Les Deux Albion Côtes du Rhône";"750";55;2025;11;3;
"15444923";05941982011286;"La Certa Feteasca Alba";"750";31;2025;11;3;
"15030755";03760287260456;"D. Truchetet Gevrey-Chambertin";"750";3;2025;11;3;
"14932845";03282062246221;"Clos de Gamot Cuvée des Vignes Centenaires Cahors";"750";4;2025;11;3;
"10985763";08410439011027;"Parés Baltà Mas Elena Penedès";"750";5;2025;11;3;
"15260198";00811538016469;"1800 Cristalino Anejo";"750";19;2025;11;3;
"13579402";03760162660555;"Stéphane Ogier Syrah d'Ogier";"750";1;2025;11;3;
"14703604";00628176471150;"Dist. de Mtl. Rosemont Sureau";"750";66;2025;11;3;
"15087372";00876855003080;"Domaine du Clos Naudin Brut";"750";16;2025;11;3;
"926881";03760082220044;"Chablis premier cru Fourchaume Séguinot-Bordet";"750";15;2025;11;3;
"15280210";00824243006298;"El Circo Tempranillo Bloc D";"750";2700;2025;11;3;
"568576";00689768211004;"Absente 55 boisson à base de plantes et d'absinthe";"750";2;2025;11;3;
"15287841";00827924038144;"Artisans du Terroir Bronzette";"750";17;2025;11;3;
"13622221";03451740500072;"Domaine de Mouscaillo Crémant de Limoux Vin Mousseux";"750";34;2025;11;3;
"10348289";00087752006481;"Joyvin Rashi Vineyard Blanc";"750";24;2025;11;3;
"15380376";00056049138976;"Les Vins BASK Pinot Grigio Vin Blanc";"750";16524;2025;11;3;
"14422693";03760286140100;"Dom. Hauts-Baigneux Les Pentes";"750";10;2025;11;3;
"15501908";03324111719956;"Armagnac Delord Vieil Armagnac";"700";5;2025;11;3;
"15247621";00827924089047;"Vignoble Côte des Limousins Limousin Gris";"750";51;2025;11;3;
"15238484";09003634115684;"Klimt White Blend";"750";8;2025;11;3;
"14250107";00628504255629;"Noroi Amer Éclat de Genièvre";"100";5;2025;11;3;
"13452989";03226777802426;"Collet Esprit Couture";"750";2;2025;11;3;
"14852247";06280118341613;"René Bouvier Marsannay Finage";"750";1;2025;11;3;
"12703951";00088076179493;"Cîroc Blue Stone";"750";6;2025;11;3;
"10446962";00818276000248;"Umberto Cesari Tauleto Rubicone";"750";2;2025;11;3;
"15515955";04000155159550;"Donatella Cinelli Colombini Brunello di Montalcino Riserva";"750";16;2025;11;3;
"15054693";03328155018525;"Château Latour à Pomerol Pomerol";"750";1;2025;11;3;
"15251566";04000152515663;"A.J. Adam Hofberg Kabinett Mosel";"750";1;2025;11;3;
"15461627";08024411980944;"Barolo Rocche dell'Annunziata Aurelio Settimo";"750";9;2025;11;3;
"15279438";00839905000583;"Domaine Julien Meyer Grittermatte Riesling";"750";1;2025;11;3;
"12694708";08023587249961;"Damilano Zero Sette Barbera d'Asti";"750";15;2025;11;3;
"15510901";00990314600037;"Pom Pom Cello!";"750";17;2025;11;3;
"13876298";00627843183242;"Le Gin de Marie-Victorin";"750";87;2025;11;3;
"14183320";00628055952107;"Onoranza Aperitivo Citron";"750";5;2025;11;3;
"15249597";03683080640952;"Nibiru Carbonic Blauer Portugieser";"750";4;2025;11;3;
"14678226";03760149590639;"Château Pesquié Ventoux Terrasses";"750";10;2025;11;3;
"13942937";00692743002863;"Lanson Le Black Création";"750";8;2025;11;3;
"14161649";00827924080112;"Domaine Mont-Vézeau Éolia Vin de Framboise";"500";2;2025;11;3;
"15255305";00628011805300;"Domaine Guiberteau Les Arboises Saumur";"750";3;2025;11;3;
"15370573";03436800303015;"Jean-Marc Brocard Bourgogne Chardonnay";"750";1;2025;11;3;
"15277900";00827924119317;"Le Chat Botté Hélium";"750";4;2025;11;3;
"14961793";00082000797296;"Smirnoff Ice Limonade Rose (6X355ml)";"355";151;2025;11;3;
"12713358";03473930900165;"Domaine Cauhapé Geyser";"750";29;2025;11;3;
"15223637";03760195190548;"Domaine Le Fay d'Homme Muscad et Joe Beef";"750";14;2025;11;3;
"14311192";03113880104519;"Perrier-Jouët Belle Époque Rosé";"750";3;2025;11;3;
"15082328";00080432114612;"Aberlour A'bunadh Alba Speyside Single Malt";"750";1;2025;11;3;
"14350917";08410487128791;"Alvear Fino en Rama";"750";22;2025;11;3;
"15095356";00876855003110;"Domaine du Clos Naudin Vouvray Chenin Blanc";"750";7;2025;11;3;
"11435211";08014115001090;"Grappa Barili di Sassicaia Tenuta San Guido & Jacopo Poli";"500";8;2025;11;3;
"13925002";05285000380108;"Massaya Blanc";"750";1;2025;11;3;
"15242272";03760359440885;"Château Laville Sauternes";"375";8;2025;11;3;
"15306900";08033373296147;"Azienda Agricola Frank Cornelissen Munjebel MC";"750";1;2025;11;3;
"14453561";03760270931219;"Dom. Gassier Brise de Grenache Costières de Nîmes";"750";2;2025;11;3;
"14984987";00628075802031;"Black Parrot";"750";2;2025;11;3;
"15234838";03760147651530;"Château Larmande St-Émilion grand cru classé";"750";10;2025;11;3;
"15301885";04000153018859;"Les Serines Yves Cuilleron Saint-Joseph";"750";1;2025;11;3;
"15544377";07798126080237;"Luca Malbec Uco Valley";"750";69;2025;11;3;
"15321042";05201015012681;"Thalia Agiorgitiko Cabernet Sauvignon";"750";8;2025;11;3;
"13597408";03421292200324;"Domaine Huet le Mont Moelleux";"750";2;2025;11;3;
"15202617";08030198006463;"Vietti Barbera d'Alba Vigna Scarrone";"750";7;2025;11;3;
"13223035";00056049134848;"Bù Rosé vin rosé";"750";205;2025;11;3;
"14748204";00067311799153;"Stefano Nerello Mascalese Vin Rouge";"750";1080;2025;11;3;
"14461609";03441770000338;"Bernard Delmas Cuvée Passion Brut Nature Crémant de Limoux";"750";2;2025;11;3;
"15476984";04000154769842;"Chapoutier Chante-Alouette Hermitage";"750";5;2025;11;3;
"13416128";05060116325997;"Glen Moray Classic Peated Single Malt Scotch Whisky";"750";5;2025;11;3;
"12102442";00087647111702;"The Dalmore King Alexander III Highland Single Malt";"750";4;2025;11;3;
"15361301";03760099781156;"Épaulé Jeté Catherine et Pierre Breton Vouvray mousseux";"750";17;2025;11;3;
"15389071";03185370803523;"Dom Pérignon Jean-Michel Basquiat";"750";2;2025;11;3;
"14720914";00627987242324;"Distil. Vent du Nord Norkotié Vieilli";"500";4;2025;11;3;
"15461521";;"Coffret Marchesi de Frescobaldi";"2250";1;2025;11;3;
"15427648";05060210707835;"Kilchoman 14ième Édition Islay Single Malt";"700";1;2025;11;3;
"14728035";03460410531179;"Sélection des Anges 1er cru du Cognac Grande Champagne";"750";9;2025;11;3;
"15021322";00895958004619;"Pierre Gerbais Bochot";"750";6;2025;11;3;
"15304998";00604947844248;"Pierre-Olivier Bonhomme Tel Quel";"750";1;2025;11;3;
"15146934";05021349761327;"Glencadam 10 ans Highlands Single Malt";"700";8;2025;11;3;
"13735516";00859670001806;"Coteau Rougemont Fizz Pomme cidre pétillant 4x355ml";"355";4;2025;11;3;
"12244547";03760169471338;"Jean-Paul Daumen Méditerranée";"750";3;2025;11;3;
"15356288";04000153562888;"Gevrey Chambertin Vieilles Vignes Philippe Charlopin";"750";4;2025;11;3;
"14721010";06282503720157;"Wabasso Florida Pample. Yuzu";"750";1;2025;11;3;
"14831809";03438084120012;"Les Hauts De Smith Pessac-Léognan";"750";25;2025;11;3;
"15262185";00055480800084;"Lock 4 Brandy de Pomme";"750";7;2025;11;3;
"12857191";00056049133919;"Nicolas Laloux blanc pêche boisson au vin";"1000";674;2025;11;3;
"15057350";03700188059247;"Fugue de Nénin Pomerol";"750";-1;2025;11;3;
"478727";07794450008053;"Catena Malbec Mendoza";"750";2;2025;11;3;
"13211835";03760255730059;"Anita Moulin-à-Vent Les Caves Très Vieilles Vignes";"750";5;2025;11;3;
"13478281";08032937270623;"Josetta Saffirio Langhe Nebbiolo";"750";4;2025;11;3;
"15102034";07798331100904;"Dandelion Nature Bonarda";"750";5;2025;11;3;
"14046528";03760088891422;"Château Le Puy Émilien Côtes de Bordeaux";"750";1;2025;11;3;
"15174011";00627987738155;"La Distillerie Témiscouata Foin d'Odeur";"500";2;2025;11;3;
"14778235";04000147782353;"Domaine du Pélican Savagnin Ouillé Arbois";"750";1;2025;11;3;
"15041382";03760218912096;"Montlouis-Loire L'Evanescente Complices de Loire Extra Brut";"750";9;2025;11;3;
"14970711";03760077781536;"Savanna Métis";"700";1;2025;11;3;
"12432185";07015302121530;"Cocchi Vermouth di Torino";"750";0;2025;11;3;
"14844221";08424518200004;"Torello Brut Reserva";"750";2;2025;11;3;
"14555437";00185729000415;"Bachelder Wismer Wingfield Chardonnay Twenty Mile Bench";"750";8;2025;11;3;
"15426207";05056683300109;"Brich Piemonte Barbera";"750";1;2025;11;3;
"15501422";03379930000778;"Plateau de Mont-Redon Châteauneuf-du-Pape";"750";1;2025;11;3;
"15198662";04000153152591;"Ch Carbonnieux Pessac-Léognan Cru Classé de Graves";"750";2;2025;11;3;
"11910499";00056049031871;"Morgan Hill Marlborough Vin blanc";"750";2520;2025;11;3;
"15460093";03770030103015;"Château Canadel Bandol";"750";15;2025;11;3;
"12899287";03760248250120;"Gamay Julien Sunier Morgon Beaujolais";"750";4;2025;11;3;
"15383235";08030198006302;"Vietti Barbaresco Roncaglie Masseria";"750";8;2025;11;3;
"15515980";03536650103008;"E. Guigal Côte Rôtie Brune & Blonde";"1500";1;2025;11;3;
"639575";00057496639573;"Marquis de Méricourt Georges Antoine du Pontneuf blanc";"1000";7728;2025;11;3;
"12409153";00056049133070;"Fogo Vin Rouge";"750";2448;2025;11;3;
"15455981";00831256007037;"Domaine de la Tournelle Arbois Trousseau des Corvées";"750";3;2025;11;3;
"13750417";09120018451173;"Rudolf Rabl Löss Grüner Veltliner";"750";2;2025;11;3;
"13914573";08032986233051;"Oliviero Toscani iToscani";"750";12;2025;11;3;
"15363736";00647581364222;"Mersel Wines Leb Nat";"750";1;2025;11;3;
"15390689";00895958007443;"Domaine Labet Vin de Voile Chardonnay Savagnin Côtes Jura";"750";1;2025;11;3;
"15036719";05060109227666;"Mac-Talla Mara Islay Sing Malt Cask Strength";"700";1;2025;11;3;
"14809134";03687080562894;"Clau de Nell Val de Loire Gro";"750";-1;2025;11;3;
"14704341";05942084507127;"Solara Natural Recas";"750";3;2025;11;3;
"15367614";00839905006110;"Château Massereau Tradition";"750";1;2025;11;3;
"12981512";00627843137542;"Vallée du Bras Omerto Moelleux";"375";3;2025;11;3;
"15372481";09353869000034;"Ashton Hills Piccadilly Valley Chardonnay";"750";1;2025;11;3;
"15180016";08000174230021;"Fontanafredda Dolcetto d'Alba";"750";2;2025;11;3;
"14830224";00051791973479;"Gel désinfectant alcool 70 %";"350";2;2025;11;3;
"14712842";00895958002097;"Radikon Ribolla";"1000";2;2025;11;3;
"15254960";08014115002301;"Poli Elisir Camomilla";"700";5;2025;11;3;
"15204090";03700148111190;"Matrot Saint-Romain";"750";1;2025;11;3;
"15481302";05060568327228;"GlenAllachie 10 ans Cask Strength Speyside Single Malt";"700";2;2025;11;3;
"15321528";04000153215289;"Fred Savart Ecueil Premier Cru Le Mont des Chrétiens Extra Br";"750";1;2025;11;3;
"14331185";04000143311854;"Raul Perez La Vizcaina La Poul osa Bierzo";"750";1;2025;11;3;
"14560367";00627987041309;"Sivo Sélection Single Malt";"750";1;2025;11;3;
"15279981";00824243006526;"Le Labo Merlot";"750";900;2025;11;3;
"15089634";08002579971042;"Arnaldo Rivera Castello Barolo";"750";1;2025;11;3;
"15046280";08015448002518;"Franciacorta Barone Pizzini Animante Extra Brut";"750";4;2025;11;3;
"14057614";03683080542478;"Bulliat Collonge Moulin-à-Vent Moulinette";"750";3;2025;11;3;
"15484239";04000154842392;"Les Miaux Ferraton Père & Fils Hermitage";"750";2;2025;11;3;
"15523699";03683080667263;"Pouilly-Vinzelles Climat les Quarts La Soufrandière";"750";1;2025;11;3;
"14861493";04000148614936;"Pierre Gaillard Condrieu";"750";4;2025;11;3;
"14997981";08054314342815;"Tenuta Arbeta Barbera d'Asti";"750";7;2025;11;3;
"15299826";00048415000420;"Polar Ice Orange Blizzard";"473";1;2025;11;3;
"15113438";05060895571240;"Fable Moon Chapter 3 Speyside Single Malt Single Cask";"700";1;2025;11;3;
"15344332";03368881122110;"Boisrenard Paul Coulon Châteauneuf-du-Pape";"750";2;2025;11;3;
"14233577";00628504255339;"Noroi Liqueur d'Orange";"50";1;2025;11;3;
"15232470";04000150043380;"Volnay 1er cru Les Santenots Domaine Glantenay";"750";1;2025;11;3;
"13535864";00628451469087;"Madison Park Breakfast Gin";"750";172;2025;11;3;
"10915263";03573420305316;"Château Saint-Antoine Réserve du Château Bordeaux Supérieur";"750";929;2025;11;3;
"15386436";05010494983906;"Glenmorangie The Nectar 16 Ans Single Malt Scotch Whisky";"750";108;2025;11;3;
"13361366";03500610032738;"Grand Sud Merlot";"3000";1116;2025;11;3;
"13688668";06009640360905;"Avondale Jonty's Ducks Pekin";"750";1003;2025;11;3;
"10669832";07790470085982;"Finca Flichman Estate Malbec";"750";1439;2025;11;3;
"370676";03442685454803;"Willm Réserve Pinot Gris Alsace";"750";1040;2025;11;3;
"11904494";03217661015343;"Brotte La Fiole Côtes-du-Rhône";"750";2728;2025;11;3;
"11975196";03391180022614;"Marius Grenache/Syrah By Michel Chapoutier Pays d'Oc";"750";2741;2025;11;3;
"464669";03179077542564;"Cellier des Dauphins Prestige IGP Méditerranée";"250";4867;2025;11;3;
"10540529";00736040011064;"Hpnotiq boisson de fruit";"750";22;2025;11;3;
"15275007";00817217000118;"Romeo's Gin Caisse mixte 6x355";"355";2217;2025;11;3;
"15412631";03147690083207;"St-Vivant v.s. Armagnac";"700";94;2025;11;3;
"13731371";03186128089510;"Le Pive Gris";"3000";644;2025;11;3;
"14699633";00082000795964;"Smirnoff Vodka et Soda Rosée 12 x 355 ML";"355";18544;2025;11;3;
"15294558";08029095001541;"Tenuta Rocca Barolo";"750";57;2025;11;3;
"13915162";03298663944145;"Rift 69 Beaujolais-Villages";"750";231;2025;11;3;
"13845791";03514120107107;"Côte des Roses Gérard Bertrand rosé";"750";2614;2025;11;3;
"513";03264380027034;"Cuvée Saint Pierre Mommessin rouge";"750";2905;2025;11;3;
"11584136";00088004037284;"Seagram's V.O.";"1140";1292;2025;11;3;
"11426980";07006544643003;"Ramazzotti Sambuca";"1140";464;2025;11;3;
"12470018";04067700012043;"Jägermeister liqueur d'herbe";"375";531;2025;11;3;
"12933043";00627843183204;"Subversifs Le Réduit de Léo Liq. de gin et sirop d'érable";"750";131;2025;11;3;
"14189932";08437007880533;"Enologica del Oleana Calabuig Valencia";"750";711;2025;11;3;
"15197205";05601996300027;"Porta 6";"750";1172;2025;11;3;
"15333617";03561012300092;"Bénédicte & Stéphane Tissot Chardonnay Patchwork";"750";26;2025;11;3;
"13863770";03760286320007;"Les Tètes Tète Nat' Les Tètes Tète Nat'";"750";1422;2025;11;3;
"14752254";08005011003622;"Trevigiana Prosecco Extra Dry";"750";3647;2025;11;3;
"12525234";01176584035376;"S.de La Sablette Sauvignon Blanc";"750";7804;2025;11;3;
"13574687";08412766150615;"Sumarroca Tuvi Penedes";"750";3512;2025;11;3;
"11584072";00622153139064;"Gordon's";"1140";2611;2025;11;3;
"36012";03326260057378;"La Grande Chapelle Bordeaux";"750";531;2025;11;3;
"10689606";03245370723051;"Château de Pocé Touraine";"750";4703;2025;11;3;
"12574811";03760103820352;"Domaine Olivier Pithon Mon P'tit Pithon";"750";821;2025;11;3;
"12729827";00082000771579;"Crown Royal Apple";"750";795;2025;11;3;
"13374562";00827924114022;"Bergeville Le Blanc Brut";"750";190;2025;11;3;
"10360317";08411580034583;"Palacios Remondo La Vendimia Rioja";"750";593;2025;11;3;
"12179036";08000834341005;"Cesari Amarone della Valpolicella Classico";"750";48;2025;11;3;
"530907";07790240072150;"Trapiche Alaris Cabernet-Sauvignon";"750";3683;2025;11;3;
"10690404";03760090860058;"Domaine Bellevue Touraine";"750";1527;2025;11;3;
"11659863";03460410538581;"Planteray 20e Anniversaire XO Barbados";"700";407;2025;11;3;
"13990912";00082000790297;"Smirnoff Ice Berry (6x355 ml) Cooler";"355";20165;2025;11;3;
"10330214";00057496001004;"Caribou boisson apéritive";"750";646;2025;11;3;
"12332539";08002240001009;"Cynar Apéritif à Base d'Artichaut";"1000";46;2025;11;3;
"15444860";06286784316832;"Kepler Zero Bord de mer Sour 4 x 355ml";"355";3771;2025;11;3;
"10846026";00087113115227;"C'est la Vie Pinot Noir/Syrah";"750";2279;2025;11;3;
"625756";05011013500642;"Sheridan's";"750";593;2025;11;3;
"387035";03760034420010;"Château des Tourelles Costières de Nîmes";"750";1636;2025;11;3;
"15229060";08437002148034;"Piedra Roble Toro";"750";123;2025;11;3;
"13344671";08410384053073;"Freixenet Rosé <0,05%";"750";394;2025;11;3;
"14086466";03760027690048;"Domaine de la Garrelière Touraine Le Bon Ami";"750";3;2025;11;3;
"14222819";03500690010015;"Paul Dangin Cuvée Jean- Baptiste Extra Brut";"750";266;2025;11;3;
"978866";08423339212005;"Condado de Haza Ribera del Duero";"750";252;2025;11;3;
"12878662";04902051031766;"Hakushika Snow Beauty Tatsuuma Nigori Saké";"300";36;2025;11;3;
"12794565";05800026930023;"Pisco El Gobernador Miguel Torres";"700";359;2025;11;3;
"13647225";08410113001993;"Miguel Torres Las Mulas Reser.";"750";742;2025;11;3;
"14444930";08006630820201;"Astorre Noti Chianti";"750";2334;2025;11;3;
"15087639";00811538011471;"Jose Cuervo Reserva de la Familia Platino";"750";10;2025;11;3;
"15460253";08414837342219;"El Picoteo Almansa";"750";1003;2025;11;3;
"15254986";03760163420004;"Vincent Couche Eclipsia Brut";"750";65;2025;11;3;
"15405617";00628942391415;"Vignoble l'Arpège Canevas Petite Perle";"750";37;2025;11;3;
"13994016";07804315002024;"Sibaris Pinot Noir Gran Reserva";"750";621;2025;11;3;
"33605";03505290101941;"Château Puyfromage Francs Côtes de Bordeaux";"750";2423;2025;11;3;
"747816";03515780000128;"Château Laffitte-Teston Madiran Vieilles Vignes";"750";263;2025;11;3;
"102210";03028130077713;"Château Loudenne Médoc cru bourgeois";"750";281;2025;11;3;
"15469776";00873674000061;"Miele Sour Caisse Mixte 8 x 355 ml";"355";424;2025;11;3;
"15464449";08437003220135;"Dominio Vega Linde Garnacha Navarra";"750";676;2025;11;3;
"14497361";03353300002876;"L'Enclos de Ramage Haut-Médoc";"750";439;2025;11;3;
"268722";00088004400361;"De Kuyper Peachtree Schnapps";"1140";793;2025;11;3;
"14984282";08423110752591;"Parajes del Valle Bobal Ecologico Rosado Manchuela";"750";389;2025;11;3;
"14640480";08032937311210;"Insoglio del Cinghiale Campo di Sasso Bibbona Toscana i.g.t";"750";230;2025;11;3;
"13283741";00641734000111;"Zenato Pinot Grigio delle Ven.";"750";306;2025;11;3;
"13786225";00812147020984;"Gérard Bertrand Côte des Roses Languedoc";"375";428;2025;11;3;
"11067930";08002062001744;"Masi Campofiorin Verona";"375";513;2025;11;3;
"15394145";08002235044431;"Castello di Albola Bianco Toscana";"750";376;2025;11;3;
"10667423";03443200032049;"Blason de Bourgogne Mâcon- Villages";"750";677;2025;11;3;
"90472";00057496090473;"Kamouraska";"750";1353;2025;11;3;
"14947271";08032622423709;"Gulfi Valcanzjria";"750";68;2025;11;3;
"14222712";03760019660059;"Domaine Joubert Beaujolais Cuvée à l'Ancienne";"750";337;2025;11;3;
"13996804";08055684028309;"Sonovino";"750";660;2025;11;3;
"15455551";00057496010129;"Seventh Heaven Citron Lime 4 x 355ml";"355";2308;2025;11;3;
"13487372";06009880016006;"Chenin Blanc The Grinder Swartland";"750";546;2025;11;3;
"743856";08016104243702;"Nino Franco Prosecco di Valdobbiadene";"375";457;2025;11;3;
"14721950";00990312368076;"L'Orpailleur Rosé";"750";33;2025;11;3;
"15501131";08410113007100;"Torres Pazo das Bruxas";"750";-80;2025;11;3;
"12295571";00087647113850;"Jura 10 ans Island Single Malt";"750";232;2025;11;3;
"13432671";08026720112122;"G.D. Vajra Langhe Nebbiolo";"750";87;2025;11;3;
"15394954";03500610129247;"J.P Chenet So Free Chardonnay";"750";52;2025;11;3;
"15546170";03701246900075;"Paul Janin & Fils Beaujolais Moulin à Vent Empreinte";"750";2;2025;11;3;
"15478939";07804320150642;"Novas Sauvignon Blanc";"750";356;2025;11;3;
"14191426";00088004034672;"Fireball Whisky à la Canelle";"50";25303;2025;11;3;
"15455606";00057496014608;"Chicas Framboise Melon d'Eau 4 x 355 ml";"355";464;2025;11;3;
"12392451";00854745000470;"Quartz";"750";129;2025;11;3;
"249680";00622153624041;"Talisker 10 ans Isle of Skye scotch single malt";"750";169;2025;11;3;
"858886";03484932222452;"Aubuisières Vouvray Cuv. Silex";"750";475;2025;11;3;
"11447406";00622153629060;"Johnnie Walker Black Label 12 Ans Scotch Blended";"1140";806;2025;11;3;
"13958365";07794450005199;"D.V. Catena Tinto Historico Mendoza";"750";248;2025;11;3;
"15115898";00628250939125;"Jardin Verde Glam";"700";157;2025;11;3;
"12296988";00631471000697;"Miraval Côtes de Provence rosé";"750";446;2025;11;3;
"15361001";00080432107362;"Redbreast 12 Ans Cask Strength";"750";6;2025;11;3;
"12844497";04053400279398;"Schofferhofer Hefeweizen 500ml";"500";1596;2025;11;3;
"15148067";00089540536163;"Malibu Pineapple Bay Breeze (4 x 355 ml)";"355";449;2025;11;3;
"15305579";06286784316924;"Kepler Tonic Celeste (4 x 355 ml)";"355";1718;2025;11;3;
"14405041";00628250939118;"Jardin Verde Gin";"700";54;2025;11;3;
"15498518";05450013851208;"Bernard-Massard Brut";"750";56;2025;11;3;
"15113454";06278435294606;"Distillerie Mariana Azimut";"750";13;2025;11;3;
"12358190";00859670001295;"Côteau Rougemont Le Grand Côteau";"750";39;2025;11;3;
"14764802";00736136000439;"Champagne Medot Extra Brut";"750";28;2025;11;3;
"15215848";08033866633053;"Le Macchiole Bolgheri";"750";43;2025;11;3;
"15097394";08412423120982;"Borsao Seleccion";"375";367;2025;11;3;
"15393652";04931754014424;"Tanaka 1789 X Chartier Pavillon of Blend 001";"500";6;2025;11;3;
"15404059";00878448004894;"Mouton Cadet X Nathan Bordeaux";"750";25;2025;11;3;
"15496555";03363380001973;"Château de Respide Graves";"750";21;2025;11;3;
"15109148";03683080621586;"Pearl Morissette Furie Lincoln Lakeshore";"750";6;2025;11;3;
"14392851";07808725409763;"Ventisquero Grey Single Block";"750";17;2025;11;3;
"15512631";03760147580441;"Château Peyrat Graves";"750";69;2025;11;3;
"12502382";05010296169164;"Brockmans";"750";13;2025;11;3;
"14731912";03248847699873;"Cazes Clos Paulilles Collioure";"750";35;2025;11;3;
"15388992";00088076189522;"Lagavulin 12 Ans Islay Single Malt Scotch Whisky";"750";5;2025;11;3;
"10524094";03760154960786;"Pinot gris Weingarten Loberger Alsace";"750";4;2025;11;3;
"285585";08002062000037;"Masi Bonacosta Valpolicella Classico";"750";692;2025;11;3;
"14722039";00627843841487;"Les Vignes de Bacchantes B1";"750";96;2025;11;3;
"15170310";00899002000077;"Val Caudalies Vidal";"750";37;2025;11;3;
"133769";00769692000148;"Ramos Pinto Quinta Bom-Retiro tawny 20 ans";"750";6;2025;11;3;
"13983886";00627843195467;"Entre Pierre & Terre du Verger";"500";12;2025;11;3;
"15515921";04000155159215;"Donatella Cinelli Colombini Prime Donne Brunello Di";"750";6;2025;11;3;
"15196237";07798269720274;"Matias Riccitelli Chardonnay";"750";2;2025;11;3;
"15192076";03760196120261;"Domaine du Tix L'Affaire Terre";"750";2;2025;11;3;
"13465958";08016048000027;"Castello di Bossi Chianti Classico DOCG";"750";60;2025;11;3;
"13232345";08001231006009;"Lamole di Lamole Vigneto di Campolungo Chianti Classico";"750";13;2025;11;3;
"15458524";08437003236587;"Pinos 11 Bobal Manchuela";"750";59;2025;11;3;
"14808959";00627987317602;"Domaine Saint-Basile Frontenac";"750";15;2025;11;3;
"15382566";08000160634888;"Folonari Pinot Grigio";"1500";23;2025;11;3;
"13902901";04902051032022;"Hakushika Junmai Ginjo";"720";28;2025;11;3;
"14622863";00628120440324;"Maison Livernois Wilhelmine";"750";21;2025;11;3;
"15366777";04000153667774;"Marie et Vincent Tricot Milan";"750";1;2025;11;3;
"15492491";00628176744063;"Lore & Legends Artemise";"750";12;2025;11;3;
"13107317";00827924079109;"Domaine St-Jacques Chardonnay Réserve";"750";113;2025;11;3;
"13497280";08056039310209;"Principiano Barbera d'Alba";"750";135;2025;11;3;
"15364190";05029704221264;"Ledaig Triple Wood Islay Single Malt";"700";6;2025;11;3;
"15087381";03221240475206;"Wolfberger Typiquement Sec";"750";16;2025;11;3;
"15396474";03355820085681;"Vougeraie Savigny-Les-Beaune Premier Cru Les Marconnets";"750";15;2025;11;3;
"13590863";03760015620095;"Michel Delhommeau Le Clos de Bourgeonnais Muscadet-Sèvre-et";"750";1;2025;11;3;
"15296781";03760119382738;"Domaine Dirler-Cadé Riesling Grand Cru Spiegel 'Air";"750";4;2025;11;3;
"12886726";00875752000390;"Piattelli Malbec Reserve Lujan de Cuyo";"750";11;2025;11;3;
"12676307";09120008900186;"Weingut Geyerhof Stockwerk Grüner Veltliner Kremstal";"750";62;2025;11;3;
"11572776";03760070370188;"Château Chantemerle Médoc";"750";21;2025;11;3;
"15327452";03460940003009;"Altugnac Limoux Terres Amoureuses";"750";12;2025;11;3;
"15123847";00736040005803;"Gilgal Blanco Galilee";"750";26;2025;11;3;
"15263111";08030921052118;"Sassotondo Rosso Maremma Toscana Ciilegiolo";"750";13;2025;11;3;
"15271874";03277035164527;"Château Beauséjour Duffau- Lagarosse";"750";4;2025;11;3;
"14072161";09421000630492;"Pinot Noir Picnic Two Paddocks";"750";11;2025;11;3;
"15199737";08031822050241;"Brancaia Il Bianco";"750";42;2025;11;3;
"15385409";03337694127230;"Bouchard Père & Fils Les Clous Meursault";"750";2;2025;11;3;
"15525598";08001660101474;"Ruffino Chianti";"1500";37;2025;11;3;
"15586770";04000155867707;"Château Beauregard Pomerol";"750";8;2025;11;3;
"15055418";03609051263067;"Château La Lagune Grand Cru Classé Haut-Médoc";"750";1;2025;11;3;
"15210537";00628634365267;"Ubald Gin fin herbacé";"700";26;2025;11;3;
"12807207";08005829104702;"Bottega Grappa Fumé";"700";12;2025;11;3;
"15173254";00631471002875;"Leos Cuvée Augusta";"750";12;2025;11;3;
"12024245";08003807000701;"Giacomo Borgogno & Figli No name Borgogno Langhe";"750";25;2025;11;3;
"140822";00774336408228;"Jouvenceau blanc";"20000";48;2025;11;3;
"565564";05010867200630;"Dow's late bottled vintage";"375";22;2025;11;3;
"15257319";03760090796449;"Tardieu-Laurent Tavel Vieilles Vignes";"750";21;2025;11;3;
"14719391";03760086330237;"Mas des Capitelles Faugères Vieilles Vignes";"750";26;2025;11;3;
"15400576";00628090050790;"Château Ferran Les Dames de Ferran Pessac-Léognan";"750";11;2025;11;3;
"12039682";03460410507877;"Citadelle dry gin";"700";62;2025;11;3;
"15422759";03331560500936;"La Crémade Fitou";"750";1;2025;11;3;
"15146459";03459280566381;"ABK6 XO Family Cellar";"750";1;2025;11;3;
"14822591";05060399687485;"BenRiach Twelve Sin. Malt Spey";"750";1;2025;11;3;
"334987";05410769200095;"McChouffe Achouffe";"750";45;2025;11;3;
"15514581";08425704120014;"Finca Martelo Rioja Reserva";"750";2;2025;11;3;
"14731971";00063829999290;"Intermiel Api";"750";3;2025;11;3;
"14486523";03458301271112;"Domaine de L'Olivette Bandol Rosé";"750";1;2025;11;3;
"15190741";09120023508855;"Weingut Schwarzböck Cabernet";"750";1;2025;11;3;
"15541459";03760211020798;"Chateau Lilian Ladouys Saint-Estèphe";"750";19;2025;11;3;
"15324745";08002366212242;"Tenuta Luce Lux Vitis";"750";4;2025;11;3;
"15518347";00080686010524;"Canadian Club Ginger Ale Canneberges";"473";66;2025;11;3;
"15518128";00628250715545;"Cidre Bagatelle Pompei";"750";14;2025;11;3;
"15373299";03463001001754;"Beaumont des Crayères Fleur de Meunier Brut Nature";"750";8;2025;11;3;
"13966154";00895958001311;"Le Rocher des Violettes Vin de France Chenin";"750";6;2025;11;3;
"11096917";08019873924407;"Fantini Edizione Cinque Autoctoni";"750";17;2025;11;3;
"14030841";05203773000313;"Domaine Skouras Moscofilero Arcadia";"750";19;2025;11;3;
"15477821";06903431102692;"Xinghua Cun Fen Chiew-Brown";"500";5;2025;11;3;
"11375692";00087752006108;"Barkan Classic Cab-Sauvignon Galil";"750";66;2025;11;3;
"15324420";00818844022849;"Gran Coramino Cristalino";"750";17;2025;11;3;
"14386240";08002550506843;"Maschio Prosecco Extra Dry";"750";435;2025;11;3;
"15492474";08436546822998;"Casa Rojo La Gabacha Rueda";"750";4;2025;11;3;
"15481361";00876855003721;"Vendange Jacquère La Côte Vin de Savoie";"750";2;2025;11;3;
"11871442";07798074860325;"Salentein Reserve Malbec Valle de Uco";"750";109;2025;11;3;
"15500956";04000155009565;"De Villaine Les Margotés Rully Premier Cru";"750";6;2025;11;3;
"15245967";05060221851718;"Isle of Raasay Dùn Cana Highlands Single Malt";"700";2;2025;11;3;
"14960061";03770019882016;"Domaine Marcel Couturier Mâcon-Loché Les Longues Terres";"750";3;2025;11;3;
"14314473";05060088796955;"Magnum Original Cream Liquor";"750";1;2025;11;3;
"15443592";08802521124560;"Kooksoondang Makgeolli Original";"750";5;2025;11;3;
"743377";03760086290012;"Lo Sang del Païs Marcillac";"750";11;2025;11;3;
"13520785";08007443000972;"Amarone 3 Cru Guerrieri Rizzardi";"750";33;2025;11;3;
"15459738";04000154597384;"Chablis 1er Cru Vaucoupin Domaine Gilbert Picq et Fils";"750";6;2025;11;3;
"12467193";00082000760436;"Jose Cuervo Tradicional Silver tequila";"750";12;2025;11;3;
"15324374";00854125003022;"Tres Agaves Anejo";"750";15;2025;11;3;
"969584";03451800011104;"Château Laffitte Laujac Médoc";"750";90;2025;11;3;
"10859855";00832841820987;"Monti Garbi Tenuta SantAntonio Ripasso Valpolicella Superiore";"750";56;2025;11;3;
"14822523";03760247872019;"Vignoble du Rêveur B/R Rien Ne Bouge";"750";14;2025;11;3;
"15253393";08016729201002;"Ca Maiol Lugana";"750";3;2025;11;3;
"13581254";03760194544366;"Odevie Generous";"700";5;2025;11;3;
"14864299";03760361302157;"Dom. de la Ferté Givry Premier Cru Servoisine";"750";1;2025;11;3;
"15078311";05601250104552;"Índio Rei Reserva Dâo";"750";34;2025;11;3;
"610188";08410337803038;"Tempranillo/Cab.-Sauv. Solaz vino de la tierra de Castilla";"750";-1;2025;11;3;
"13798322";08023581000452;"Paolo Conterno Dolcetto d'Alba l'Alto";"750";4;2025;11;3;
"15324340";00631471002035;"The Gardener French Riviera";"700";2;2025;11;3;
"15083048";07503013890062;"Peloton de la Muerte Mezcal Joven Artesanal";"750";7;2025;11;3;
"10398913";00737398016206;"Schneider Weisse original bière type ale";"500";17;2025;11;3;
"12818361";08020735079005;"Planeta Rosé Sicilia Nero d'Avola/Syrah";"750";4;2025;11;3;
"12591821";00745641031258;"Valdemar Tempranillo Blanco Valdemar Tempranillo Blanco";"750";3;2025;11;3;
"15501668";04000155016686;"Stéphane Ogier Côte Rôtie Mon Village";"750";7;2025;11;3;
"15055776";03760159850570;"Château Grand Puy Ducasse Grand Cru Classé Pauillac";"750";2;2025;11;3;
"15406020";03343703120154;"Terra Provincia Saint-Sidoine Côtes de Provence";"750";4;2025;11;3;
"12891103";08437010555015;"Tinedo Cala N.1";"750";1;2025;11;3;
"15400681";00990312074557;"Famille Tremblay Commune";"750";1;2025;11;3;
"15517969";03760088892573;"Château le Puy Emilien";"1500";8;2025;11;3;
"15537628";00852396001068;"TP-Distillerie du Quai T&T Bitter Aperitivo Deluxe";"700";4;2025;11;3;
"14814777";00627843637417;"La Grange Réserve";"750";6;2025;11;3;
"15369716";03760255730219;"Moulin-à-Vent La Rochelle";"750";4;2025;11;3;
"15460456";03035131115832;"B&G Tourmaline Côtes-de-Provence";"750";4;2025;11;3;
"12303674";03760234930067;"Clos de Mosny Dom. de la Taille aux Loups Montlouis";"750";-1;2025;11;3;
"15311856";00851245004014;"Ca'dei Zago Colli Trevigiani";"750";1;2025;11;3;
"14995619";03267680064617;"Au Pied du Mont Chauve Bourgogne Chardonnay";"750";3;2025;11;3;
"13360136";00878448002449;"Mouton Cadet Réserve Bordeaux";"750";16;2025;11;3;
"12178834";08421478701008;"Raventos I Blanc de la Finca brut mousseux";"750";20;2025;11;3;
"15200401";03760159850761;"Château Grand Puy Ducasse Grand Cru Classé Pauillac";"750";5;2025;11;3;
"13487049";08015674234950;"Castello Banfi Rosso di Montalcino Poggio Alle Mura";"750";2;2025;11;3;
"13633211";08033866601854;"Collesi Birra Artigianale - Rossa Red Ale Belge";"750";1;2025;11;3;
"14954489";00895958004299;"Monte Dall'Ora Camporenzo Valpolicella Classico Sup.";"750";1;2025;11;3;
"15207733";03760338490078;"Le Petit Saint-Vincent Pélo";"750";1;2025;11;3;
"15200769";03700188064203;"Château Lafite Rothschild PGCC Pauillac";"750";1;2025;11;3;
"15314889";06286347704229;"Domaine Bonnet Cotton Beaujolais";"750";8;2025;11;3;
"15170256";00628250715309;"Cidrerie Le Somnambule Prunes";"750";3;2025;11;3;
"15124807";05010496000212;"Bowmore Aston Martin Master's Selection 22 ans Islay Single";"700";2;2025;11;3;
"15109623";00776545600967;"Our Story Pinot Grigio Péninsule du Niagara";"750";2;2025;11;3;
"15209827";00088004004880;"Caribou Crossing Single Barrel whisky canadien";"750";12;2025;11;3;
"15287884";05056510009526;"Duncan Taylor Octave Knockdhu Single Cask Single Malt";"700";1;2025;11;3;
"11964788";03765210040006;"Jean Foillard Morgon";"750";5;2025;11;3;
"14445431";05060351330121;"Elephant London";"750";2;2025;11;3;
"14161753";00019962301315;"Illicit Tarte aux Pommes Moonshine";"750";3;2025;11;3;
"13857855";00812066022632;"The Glenrothes Maker's Cut";"750";3;2025;11;3;
"11975479";10067311798064;"Au Quotidien vin blanc";"4000";416;2025;11;3;
"15031272";09007500450213;"Domäne Wachau Orange Kontakt";"750";1;2025;11;3;
"14729732";08437005303027;"Blanc del Terrer Catalunya";"750";1;2025;11;3;
"15519876";00628451239758;"Lieux Communs Saint-Armand Saint-Armand";"750";1;2025;11;3;
"15238783";03770001397054;"Domaine Oudin Chablis Premier Cru Vaugiraut";"750";1;2025;11;3;
"15200929";03760311623318;"Château Pichon-Longueville Baron GCC Pauillac";"750";3;2025;11;3;
"15552131";08008863078060;"Brilla! Vino Spumante";"750";1;2025;11;3;
"15579385";00628451239369;"Lieux Communs Envol";"750";1;2025;11;3;
"15047493";03760260361798;"Cyprien Arlaud Bourgogne Hautes-Côtes de Nuits";"750";1;2025;11;3;
"14827463";08005829984229;"Bottega Exquisite Premium Alexander Grappa";"700";-2;2025;11;3;
"12577122";03760142715145;"Givry Remoissenet Père & Fils";"750";-2;2025;11;3;
"13270974";03104051155102;"Hardy Noces d'Argent";"700";1;2025;11;3;
"15012750";03760088376639;"Clos de Cuminaille Pierre Gaillard St-Joseph";"750";2;2025;11;3;
"13574425";03760144930119;"Côtes de Provence rosé Nowat Dupéré Barrera";"750";6;2025;11;3;
"15461580";05016840708254;"Loch Lomond 21 ans Highlands Single Malt";"700";1;2025;11;3;
"15333182";09311910102090;"P. Lehmann Masters Stonewell Shiraz";"750";1;2025;11;3;
"13276145";05604083000121;"Selecta Reserva Quinta da Plansel Alentejo";"750";-1;2025;11;3;
"15176148";03760184810471;"Château Mentone La Bonne Étoile";"750";3;2025;11;3;
"15515162";08002366222241;"Tenuta Luce Lux Vitis";"750";2;2025;11;3;
"15036698";00628116006312;"Stratus Skin Contact Viognier Niagara-on-the-Lake";"750";1;2025;11;3;
"15049229";05281004311209;"Château de Kefraya Comte de M vallée de Bekaa";"750";1;2025;11;3;
"14315724";03352260165508;"Famille Fabre Grande Courtade Pinot Noir";"750";-1;2025;11;3;
"14915834";00895958003520;"Fonterenza Bianco";"750";1;2025;11;3;
"14508892";04850011862281;"Karas Red wine";"750";2;2025;11;3;
"15484386";03760149592701;"Chât. Pesquié Ventoux Juliette";"750";2;2025;11;3;
"14900106";00700083325976;"Intellego Wines Kedungu";"750";1;2025;11;3;
"15200785";04000153096338;"Château Langoa Barton Grand Cru Classé Saint-Julien";"750";2;2025;11;3;
"11462171";00056049026082;"Syrah RH Phillips";"3000";56;2025;11;3;
"14799036";03251092116453;"Château d'Issan Margaux Grand Cru Classé";"750";-1;2025;11;3;
"10224286";05010314005207;"Highland Park 18 ans Single Malt";"750";1;2025;11;3;
"15111029";08052282920042;"1701 Sullerba";"750";1;2025;11;3;
"15173511";03372220000731;"Brumont Le Madiran d'Alain Brumont";"750";1;2025;11;3;
"15516026";03760069409233;"Château de Vaudieu Val de Dieu Châteauneuf-du-Pape";"750";6;2025;11;3;
"14730506";08033028430681;"Bruno Giacosa Barbaresco Asili Riserva";"750";2;2025;11;3;
"15510986";08411767243647;"Ontañón Rioja Gran Reserva";"750";1;2025;11;3;
"15241309";00087116009578;"Tomatin Highlands Single Grain Scotch Cu Bocan Création #5";"700";1;2025;11;3;
"15321384";09327017000153;"Hewitson Ned & Henry's";"750";1;2025;11;3;
"11575643";00061013001156;"Vieux Moulin hydromel de bleuet";"750";7;2025;11;3;
"15177271";04902650032447;"Hakutsuru Dai Ginjo";"720";1;2025;11;3;
"15286961";08437014489019;"Bodegas Vidal Soblechero Viña Clavidor Parajes Rueda";"750";1;2025;11;3;
"14467939";00872567001963;"Calalta Davvero";"750";1;2025;11;3;
"15327751";00737186438302;"Minimalist Wines Connect the Dots";"750";1;2025;11;3;
"12088273";00872703001604;"Petite Fleur Valle de Uco Bodega Monteviejo";"750";463;2025;11;3;
"14296666";05605829000610;"Monólogo Santa Teresa";"750";223;2025;11;3;
"15341431";03760076460319;"Domaine Renaissance Fleuriet Frères Magie des Caillottes";"750";133;2025;11;3;
"113381";04902505085680;"Château de Cruzeau Pessac-Léognan";"750";443;2025;11;3;
"11091921";00854745000432;"Coureur des Bois Crème";"750";3452;2025;11;3;
"12362674";00854745000968;"Chic Choc Épicé Original";"750";2570;2025;11;3;
"15223021";03486740000024;"Champagne Nominé-Renard Brut";"750";2;2025;11;3;
"560060";08010158113417;"Fontana Morella Bianco";"1000";663;2025;11;3;
"10536757";03263286301323;"J.P. Chenet Cab.-Sauv./Syrah Pays d'Oc";"750";3730;2025;11;3;
"10896365";08410439034354;"Parés Baltà Cava Brut";"750";5098;2025;11;3;
"7369";05000329002100;"Beefeater";"375";292;2025;11;3;
"860189";08414542040134;"Muga Rioja";"750";280;2025;11;3;
"10530283";00812485000143;"Mapu Cabernet-Sauv/Carmenere Baron Philippe de Rothschild";"750";2207;2025;11;3;
"106377";09300727453112;"Shiraz/Cabernet Jacob's Creek South Eastern Australia";"750";11743;2025;11;3;
"902916";00089046900598;"Errazuriz Max Chardonnay Edicion Aniversario";"750";864;2025;11;3;
"113407";03271923113505;"Rhonéa Rasteau Tradition";"750";1078;2025;11;3;
"10327701";00056049139096;"Kim Crawford Sauvignon Blanc Marlborough";"750";11108;2025;11;3;
"10799629";00080480280031;"Grey Goose";"375";758;2025;11;3;
"14128566";00811538019569;"Proper No. Twelve";"750";448;2025;11;3;
"13189594";05601012115505;"Casa Ferreirinha Planalto Reserva Douro";"750";6818;2025;11;3;
"11581429";00056049028901;"Étienne Marceau Cabernet/Syrah Pays d'Oc";"1000";2776;2025;11;3;
"14536367";00848819000091;"White Claw Caisse Mixte No.1 (12 X 355 ML)";"355";11751;2025;11;3;
"14733221";08002235039918;"Zonin Prosecco Rosé Brut";"750";188;2025;11;3;
"15062917";00087647113836;"Tamnavulin Double Cask Speyside Single Malt";"750";11;2025;11;3;
"858209";05016817002040;"Tè Bheag Unchilfiltered Gaelic Blended Scotch Whisky";"700";703;2025;11;3;
"316844";00080480987275;"Bombay Sapphire";"750";2089;2025;11;3;
"14923412";09312163544415;"Dalfarras Nero d'Avo. Victoria";"750";2;2025;11;3;
"293068";00088544019139;"Southern Comfort";"375";1293;2025;11;3;
"13774945";00056049135029;"Pereira Lisboa";"750";3180;2025;11;3;
"10914738";00000094185836;"Twisted Shotz B52 (4 x 30 ml)";"30";8941;2025;11;3;
"111021";00622153139071;"Gordon's";"1750";705;2025;11;3;
"14954139";05998623560818;"Is This It ? Grüner Veltliner";"750";23503;2025;11;3;
"15514231";08412075314586;"Hoy Garnacha";"750";184;2025;11;3;
"858324";03760090284212;"Albert De Conti Bergerac Cuvée des Conti";"750";692;2025;11;3;
"15570903";00076183009444;"Snapple Spiked Thé à la Pêche";"458";653;2025;11;3;
"14199727";00897009000281;"Cousino-Macul W Double U Valle del Maipo";"750";9;2025;11;3;
"15149203";00628504255971;"Luxardo Limoncello Limonata (4 x 355 ml)";"355";273;2025;11;3;
"14790787";05011013100309;"Baileys l'Originale";"50";2836;2025;11;3;
"15148032";00873674000016;"Miele Sour Limonade Amaretto Pêche (4 x 355 ml)";"355";1262;2025;11;3;
"14302851";00745114626400;"Sac réutilisable 4 bouteilles polypropylène";"1";9819;2025;11;3;
"625871";05602660001219;"Cabral Reserva Especial Tawny";"750";1498;2025;11;3;
"15566390";00080480984847;"Bacardi Gold";"1140";1031;2025;11;3;
"4101";03024482270123;"Rémy Martin V.S.O.P. Fine Champagne";"750";315;2025;11;3;
"14976047";08056370560400;"Francesco Tornatore Pietrarizzo Etna";"750";33;2025;11;3;
"14195339";00879716000044;"Domaine Bousquet Chardonnay Mendoza";"750";569;2025;11;3;
"14160275";03572830000033;"Comte de Lauvia Fine Armagnac";"700";18;2025;11;3;
"15400605";08003625065104;"Voga Prosecco Tranquille";"750";355;2025;11;3;
"15117957";00057496013632;"Dans Le Champ";"750";461;2025;11;3;
"15362776";03770012860448;"Aubert & Mathieu Palooza";"750";581;2025;11;3;
"11724979";00854745000722;"Coureur des Bois Whisky";"750";2814;2025;11;3;
"628123";03257650086855;"Mignot Père & Fils Brouilly";"750";1083;2025;11;3;
"856997";03279983030091;"Jean Perrier Cuvée Gastronomie Pinot Noir Vin de Savoie";"750";655;2025;11;3;
"10249061";05204222575017;"Domaine Gerovassiliou Epanomi";"750";691;2025;11;3;
"13232679";03760303001384;"Charles Joguet Les Petites Roches";"750";29;2025;11;3;
"14980716";00009670300748;"Fattoi Brunello di Montalcino";"750";354;2025;11;3;
"14721909";00695554010508;"Cidrerie Milton Galia";"750";108;2025;11;3;
"14101110";00813497006147;"Bumbu XO";"750";192;2025;11;3;
"2048";08000440392293;"Stock Lionello Rouge";"1000";475;2025;11;3;
"10399297";07790975001487;"Terrazas de Los Andes Malbec Reserva Mendoza";"750";590;2025;11;3;
"713495";03424560010007;"Jean-Paul Brun Terres Dorées Chardonnay Beaujolais Blanc";"750";223;2025;11;3;
"11459976";03760196820031;"Raisins Gaulois Marcel Lapierre";"750";58;2025;11;3;
"14479905";08411423031113;"Olarra Cerro Anon Rioja Reserva";"750";24;2025;11;3;
"15302271";03844510000016;"Sèv Eau d'érable (4 x 355ml)";"355";128;2025;11;3;
"23358";02618726000044;"J.Lebègue Lussac-Saint-Émilion";"750";3771;2025;11;3;
"13530078";00899002000107;"Val Caudalies Lab Sec Vermouth";"500";24;2025;11;3;
"14674436";03760181572181;"Famille Grossot Chablis Premier Cru Vaucoupin";"750";45;2025;11;3;
"14959491";00087692008293;"Truly Tropical Hard Seltzer (12X355ml)";"355";397;2025;11;3;
"15455307";00848819060026;"Olé Caisse Mixte Tequila 8 x 355 ml";"355";4529;2025;11;3;
"13248646";00883043000790;"Black Fly Vodka 4x400 ml Grapefruit";"400";5741;2025;11;3;
"12270964";09419227005162;"Kim Crawford Pinot Grigio";"750";1273;2025;11;3;
"15343647";00628942235733;"Colonel Bob Rhum Épicé";"750";96;2025;11;3;
"15265191";07791728021301;"Zuccardi Serie A Malbec";"750";1443;2025;11;3;
"15317991";04262360520970;"Djuce Träumerei";"250";176;2025;11;3;
"15012418";00056049138310;"Pas Sages Orange Unfiltered";"750";186;2025;11;3;
"15040822";00860006713423;"818 Reposado";"750";39;2025;11;3;
"11544257";05901867817037;"Belvedere vodka";"1750";91;2025;11;3;
"14955490";03332418000103;"La Chablisienne Petit Chablis Pas si Petit";"750";64;2025;11;3;
"525261";03315300020618;"Grand Marnier Louis-Alexandre liqueur d'agrumes";"750";104;2025;11;3;
"14758701";00628110144782;"Lagabière Blonde de Saint-Jean";"473";31;2025;11;3;
"11095658";03351221170810;"Domaine d'Alzipratu Cuvée Fiumeseccu Corse Calvi";"750";63;2025;11;3;
"15192113";00831256004982;"Un Saumon Dans la Loire RIRI";"750";23;2025;11;3;
"865626";04006975000362;"Avantgarde Riesling Qba Moselland M-S-R";"750";92;2025;11;3;
"11881940";08437005373099;"Finca Villacreces Pruno Ribera del Duero";"750";181;2025;11;3;
"14883449";03192040539002;"Côtes Rocheuses Saint-Émilion grand cru";"375";30;2025;11;3;
"15089870";00827924171094;"C.de Champlain Chardo St-Pépin";"750";14;2025;11;3;
"14956046";00895958004220;"Matassa Olla Rouge";"750";21;2025;11;3;
"208405";05010867400245;"Graham's Six Grapes";"750";43;2025;11;3;
"12207025";03391180025233;"M. Chapoutier Côtes-du-Rhône Collection Bio Adunatio";"750";539;2025;11;3;
"14575307";00827924171032;"Côte de Champlain Coquillages Rouge";"750";102;2025;11;3;
"13835841";00827924190019;"Cantina Vallée Oka Chardonnay";"750";102;2025;11;3;
"14393491";00628451418566;"Cirka Navy Strength";"500";2;2025;11;3;
"13675576";00080397040070;"Fattoria Fibbiano le Pianette Toscana";"750";69;2025;11;3;
"15132735";03770000047912;"Plessis Glain Muscadet-Sèvre Maine sur lie Le Vieille Vigne";"750";31;2025;11;3;
"13351459";08424487810303;"Juvé y Camps Casa Vella d'Espiells Cabernet Sauvignon";"750";278;2025;11;3;
"14810469";00628678881020;"Entre Pierre et Terre Liqueur de poire";"500";99;2025;11;3;
"12875040";00745163234359;"Farina Bardolino Classico";"750";46;2025;11;3;
"149047";05013626111291;"Taylor Fladgate Tawny 20 Ans";"750";116;2025;11;3;
"15042131";00055480020994;"St-Ambroise West Coast IPA";"473";139;2025;11;3;
"15392764";04931754013373;"Arrive Ocean";"300";21;2025;11;3;
"13479217";03451271002809;"Domaine Alain Geoffroy Chablis";"750";93;2025;11;3;
"14425093";08032853380406;"Tolaini Legit Toscana";"750";95;2025;11;3;
"13287274";08436569290033;"Otazu Navarra Rosé";"750";15;2025;11;3;
"12604063";03760087574432;"Pinot Blanc La Mise du Printemps Josmeyer Alsace";"750";425;2025;11;3;
"12445074";00827924036249;"Rivière du Chêne Phénix";"750";58;2025;11;3;
"12591434";06009820750236;"Chenin Blanc De Morgenzon DMZ";"750";104;2025;11;3;
"15354371";03441941219101;"La Salle de Château Poujeaux Moulis-en-Médoc";"750";37;2025;11;3;
"11677421";00063657006955;"Jackson-Triggs Sauvignon Blan Réserve";"750";115;2025;11;3;
"14426379";08033803760002;"Castellare Chianti Classico";"750";242;2025;11;3;
"14800797";00063657043103;"Clos Jordanne Jordan Village Chardonnay Péninsule Niagara";"750";410;2025;11;3;
"13897427";08000395044940;"Riff Pinot Grigio Delle Venezie";"750";778;2025;11;3;
"15337845";00627987041347;"Franklin Origine 67/33";"750";49;2025;11;3;
"15455446";00684746403266;"Shaker Mixologie Lime Divine 4 x 355 ml";"355";784;2025;11;3;
"15472596";00063657045527;"Kew Vineyards Marsanne Viognier";"750";376;2025;11;3;
"15362311";06286784312209;"Distillerie des Appalaches Kepler K";"700";77;2025;11;3;
"860627";08002366100938;"Luce della Vite Lucente Toscana";"750";571;2025;11;3;
"858373";00709067122105;"Vigorello San Felice Toscana i.g.t.";"750";-1;2025;11;3;
"13749310";08027380070074;"Gran Selezione Chianti Classic Torraccia di Presura";"750";49;2025;11;3;
"14265755";08437004333742;"Altamente Volalto Jumilla";"750";183;2025;11;3;
"14941493";00783757109331;"Echeverria No Es Pituko Viogn. Valle del Curico";"750";455;2025;11;3;
"15057309";03700188059421;"Château Pape Clément Clémentin Pape Clément Pessac-Léognan";"750";12;2025;11;3;
"15384465";00895958003254;"Altare Dogliani";"750";26;2025;11;3;
"14721888";00827924079147;"Domaine St-Jacques Brut";"750";70;2025;11;3;
"13374757";00628110292155;"Domaine Labranche Rouge";"750";32;2025;11;3;
"10270928";08001935001362;"Antinori Peppoli Chianti Classico";"750";45;2025;11;3;
"972216";08019171000056;"Tedeschi Capitel San Rocco Ripasso Valpolicella Superiore";"750";30;2025;11;3;
"15141295";00837294000580;"Miel Nature Impériale Whisky";"500";8;2025;11;3;
"15273722";03760087400274;"Anne Collard Shi Fu Mi";"750";471;2025;11;3;
"15319479";03418761111199;"Salon Le Mesnil Brut";"750";1;2025;11;3;
"15287745";00881860300499;"Flat Rock Cellars The Rusty Shed";"750";3;2025;11;3;
"15128242";05600312192124;"Always on Friday Pinot noir";"750";99;2025;11;3;
"14703591";00627843819141;"Disti. Shefford Crème d'érable Tomahawk";"750";56;2025;11;3;
"14713343";00628451418580;"Cirka No3";"750";34;2025;11;3;
"15396546";00895958007504;"J. Lassaigne Vignes Montgueux Brut";"750";20;2025;11;3;
"15516481";03760163409955;"Zind-Humbrecht Riesling Roche Granitique";"750";7;2025;11;3;
"11063824";00745163232706;"Montefante Remo Farina Amarone della Valpolicella Classico";"750";5;2025;11;3;
"15240146";08000160632020;"Folonari Valpolicella";"1500";46;2025;11;3;
"11580186";08033286010267;"Fratelli Alessandria Dolcetto d'Alba";"750";78;2025;11;3;
"14799052";03412952003027;"Château Duhart-Milon Pauillac Grand Cru Classé";"750";3;2025;11;3;
"14798615";00057496008553;"Smoky Bay Pinot Grigio Vin Blanc";"1000";18816;2025;11;3;
"11154582";03515780016150;"Château Laffitte-Teston Ericka Pacherenc du Vic-Bilh";"750";2;2025;11;3;
"896704";03760091250018;"Cuvée Marie Jurançon sec";"750";106;2025;11;3;
"12592488";03351221170827;"Domaine d'Alzipratu Fiumeseccu";"750";23;2025;11;3;
"15524907";00631470000056;"La Vieille Ferme";"1500";13;2025;11;3;
"12640232";05604846103397;"Dourosa Douro";"750";25;2025;11;3;
"15298031";00660087005369;"Pelissero Barbaresco Vanotu";"750";7;2025;11;3;
"14721829";00628504255476;"Noroi Gin à l'Érable";"750";5;2025;11;3;
"733725";00827924022013;"Vignoble Sainte-Pétronille Le Voile";"750";1;2025;11;3;
"15364253";05060383653311;"Ardnamurchan Rum Cask Highland Single Malt";"700";3;2025;11;3;
"15483973";03428430002192;"Demoiselle de Sociando-Mallet Haut-Médoc";"1500";32;2025;11;3;
"14144451";00628242480215;"Domaine Lafrance Dandy Sloe Gin";"750";31;2025;11;3;
"13415731";00080686813064;"Laphroaig Select Islay Single Malt Scotch Whisky";"750";48;2025;11;3;
"15510450";03687080555506;"Athénaïs de Béru Aligoté Macération";"750";3;2025;11;3;
"13950435";08410113003591;"Salmos Miguel Torres Priorat";"750";26;2025;11;3;
"11345653";00627040411414;"Crystal Head Vodka";"750";31;2025;11;3;
"15524632";00839851000248;"Distillerie du Fjord Coffret Découverte";"500";19;2025;11;3;
"15260796";00859810000775;"Desrochers D. Beezz Pourpre (4 x 250ml)";"250";8;2025;11;3;
"15140188";00055480020284;"McAdam Cidre Urbain Rosé";"473";23;2025;11;3;
"13257294";06947329415648;"Dukang Mianrou 3 Xing";"460";29;2025;11;3;
"14620500";00628451418542;"Cirka Chili Vodka";"750";12;2025;11;3;
"15440105";06286784310212;"Fit Vodka Limonade Sicilienne";"700";78;2025;11;3;
"14439129";03289850064029;"Domaine des Grandes Espérances Barbule Crémant de Loire";"750";25;2025;11;3;
"15302010";03391180025493;"M. Chapoutier Costières de Nîmes Areca";"750";5;2025;11;3;
"11567379";03760055223935;"Château Perron Graves";"750";591;2025;11;3;
"632315";03700059200020;"Beauvignac Picpoul de Pinet";"750";371;2025;11;3;
"15321536";04000153215364;"Frederic Savart Les Noues Premier Cru";"750";1;2025;11;3;
"14198927";04000141989277;"Francis Boulard Les Murgiers Brut";"750";6;2025;11;3;
"572586";03049614233883;"Veuve Clicquot Ponsardin Brut";"1500";60;2025;11;3;
"15319022";05013626111123;"Taylor Fladgate Tawny 20 ans";"375";2;2025;11;3;
"11195325";08032625890294;"Fornacina Brunello di Montalcino";"750";3;2025;11;3;
"14448578";08012165001466;"Tinazzi Desto";"750";29;2025;11;3;
"13682215";05413963700026;"De Ranke Cuvée De Ranke Ale";"750";6;2025;11;3;
"13988100";05200363517152;"Domaine Thymiopoulos Xinomavro Nature Naoussa";"750";4;2025;11;3;
"14849945";05013967013957;"Fettercairn 12 Ans Highlands Single Malt";"700";11;2025;11;3;
"11010301";03551870000050;"Fleury Rosé de Saignée Extra Brut";"750";12;2025;11;3;
"14822726";08002062022954;"Masi Fresco di Masi";"750";44;2025;11;3;
"13133611";03760212400384;"Domaine Perraud L'Oeuvre de Perraud";"750";19;2025;11;3;
"15226820";09326755001040;"Gemtree Small Batch Grenache";"750";4;2025;11;3;
"14989850";08057457880190;"Monte Bernardi Fiasco";"1000";3;2025;11;3;
"15538663";00870749001015;"Pierre Amadieu Les Hautes Rives Cairanne";"750";104;2025;11;3;
"11607545";04860065010040;"Teliani Valley Winery 97 Saperavi";"750";30;2025;11;3;
"13565";08410028010905;"Dry Sack Xérès";"750";29;2025;11;3;
"14564587";03700790300195;"Albert Boxler Pinot gris Grand Cru Sommerberg";"750";1;2025;11;3;
"15148260";00055660900191;"Allo Vodka Limonade Rose (4 x 355 ml)";"355";108;2025;11;3;
"15382072";05425030340493;"Vendôme Mademoiselle Classic";"750";35;2025;11;3;
"14977331";08032584220804;"Ampeleia Rosato di Ampeleia";"750";0;2025;11;3;
"12716188";00080686934059;"Hibiki Japanese Harmony";"750";24;2025;11;3;
"10662497";00818276000545;"Umberto Cesari Liano Rubicone";"3000";3;2025;11;3;
"15341393";03760040180809;"Château Marjosse Bordeaux";"750";12;2025;11;3;
"15032347";08437004333889;"Azul y Garanza Naturaleza Salvaje Clarete";"750";12;2025;11;3;
"15460106";08437017035268;"Wine By Nature Tempranillo";"750";31;2025;11;3;
"15364245";05060383653007;"Ardnamurchan Maclean's Nose";"700";4;2025;11;3;
"15488580";00628942355646;"Ste-Angélique L'Oublié";"750";3;2025;11;3;
"14008708";03760062473675;"Meyer-Fonné Gentil";"750";6;2025;11;3;
"14887757";09120110093714;"Weingut Loimer Grüner Veltlin. Langenloiser Niederösterreich";"750";7;2025;11;3;
"11581007";08032738500158;"Cabernet Sauvignon Montebelvedere Dal Maso";"750";41;2025;11;3;
"15136082";03700188059223;"Vignobles Leydet L'Éclat de Valois Pomerol";"750";10;2025;11;3;
"15194995";00865317000378;"Lubanzi Chenin Blanc";"250";6;2025;11;3;
"15460472";03760324820223;"Château Croix d'Allons Bandol";"750";2;2025;11;3;
"15343760";04477993239810;"Esmonin Côteaux Bourguignons";"750";6;2025;11;3;
"15443496";05602002104516;"Lagar de Burmester Reserva Douro";"750";28;2025;11;3;
"15542136";00827924176099;"Domaine Oak Hill Le Blouge";"750";15;2025;11;3;
"15441079";03258690087475;"Château Hyon La Fleur Saint- Émilion";"750";5;2025;11;3;
"15032443";03760223060225;"Domaine Claudie Jobard Montagny Premier Cru Madeleine";"750";2;2025;11;3;
"15473679";03380820098119;"Lynsolence Saint-Emilion Grand Cru";"750";6;2025;11;3;
"15024241";03760167295301;"Château Fourcas Hosten Listrac-Médoc";"750";10;2025;11;3;
"15215901";04000152159010;"Ex Voto Guigal Hermitage";"750";8;2025;11;3;
"15526566";03760193930016;"Dom. Pinson Chablis Prem. Cru Mont de Milieu";"750";15;2025;11;3;
"15400470";06002339001905;"Thomson & Scott Noughty Blanc";"750";4;2025;11;3;
"15222597";00400152225977;"Domaine Buisson-Charles Pouil ly-Fuissé Vergisson";"750";2;2025;11;3;
"882894";05601194105165;"Barros Colheita";"750";2;2025;11;3;
"13854179";03562191400009;"Domaine Guillot-Broux Beaumont Mâcon-Cruzille";"750";1;2025;11;3;
"14392172";00056049136767;"Côté Cour Colombard-Sauvignon Vin Blanc";"750";900;2025;11;3;
"15261211";00824243006144;"Coquinaria Cabernet Sauvignon Vin Rouge";"750";900;2025;11;3;
"13863219";00080480005382;"Craigellac. 13 ans Single Malt";"750";10;2025;11;3;
"12899922";03590700719113;"Ladoix Domaine Chevalier Père & Fils";"750";2;2025;11;3;
"15549688";03760032423518;"O'Terra Pinot Noir";"750";5;2025;11;3;
"15086636";08059070322347;"E. Pira e Figli Dolcetto d'Alba";"750";8;2025;11;3;
"15210035";03536650201001;"Guigal Hermitage Rouge";"750";4;2025;11;3;
"14729054";00879716000013;"Domaine Bousquet Malbec Valle de Uco";"750";5;2025;11;3;
"15529628";03114081621850;"Champagne Louis Roederer + Starck Brut Nature";"750";1;2025;11;3;
"15474727";05601110009386;"Ribeira Velha Douro";"750";2;2025;11;3;
"15464027";03105710750225;"Paul Jaboulet Les Pierelles Côte-Rôtie";"750";2;2025;11;3;
"15453897";03540437509563;"Collines de L'if Saint-Emilion";"750";2;2025;11;3;
"15416720";03760088892580;"Closerie Saint-Roc Les Sureaux";"750";3;2025;11;3;
"15369767";03760027483213;"La Mothe du Barry Entre-Deux- Mers";"750";1;2025;11;3;
"14027108";08027185220117;"Castiglion del Bosco Brunello di Montalcino";"750";10;2025;11;3;
"15518873";08030198006371;"Castiglione Vietti Barolo";"750";15;2025;11;3;
"15151240";03700599901623;"Planat V.S.";"700";1;2025;11;3;
"15366945";03180421057832;"Moillard Bourgogne Hautes Côtes de Nuit";"750";4;2025;11;3;
"14682920";06282503720133;"Distillerie Wabasso Conifère";"750";1;2025;11;3;
"15548837";00628110585097;"TP-Distillerie de Québec Trait Carré 1665 Brut";"750";2;2025;11;3;
"15132903";00628011395078;"Alpha Tango Valentine Amaretto";"700";1;2025;11;3;
"14955705";08007880135206;"Famiglia Pasqua Cascina San Vincenzo Amarone della Valpoli";"750";2;2025;11;3;
"15210692";03283770211754;"Isautier Douceur d'Arrangé Cahouète";"700";11;2025;11;3;
"12341582";03468970120000;"Vilmart Grand Cellier Brut";"750";3;2025;11;3;
"15148454";00852396001037;"TP-Dist. du Quai Pina Colada (4 x 355 ml)";"355";8;2025;11;3;
"12442498";00827924119058;"Le Chat Botté Blanc";"750";1;2025;11;3;
"11343404";03372961902905;"Château Lamartine Tradition Cahors";"750";1;2025;11;3;
"14410529";04000144105292;"Grotte Alte A. Occhipinti Cerasuolo di Vittoria";"750";1;2025;11;3;
"13940894";00628250949032;"L'If Gin";"500";4;2025;11;3;
"12328311";08033040490038;"Marion Borgo Valpolicella";"750";6;2025;11;3;
"15376481";04000153764817;"Domaine A.Gros  et J.-P.Tollot Les Fontanilles Minervois";"750";11;2025;11;3;
"11095121";03296351005017;"Château la Cardonne Médoc Cru Bourgeois";"750";1;2025;11;3;
"14508964";08959580018610;"Le Sot de L'Ange Touraine Azay -le-Rideau La Goujonnière";"750";9;2025;11;3;
"150920";08410015702509;"Real Sangria Cruz Garcia";"1500";2;2025;11;3;
"14205357";03760009240612;"Alain Jaume Grand Veneur Côtes du Rhône";"750";1;2025;11;3;
"14914188";06280118342313;"François Carillon Bourgogne Aligoté";"750";2;2025;11;3;
"14825071";03700091869865;"Château Le Crock Saint-Estèphe";"750";1;2025;11;3;
"15378436";09344154016182;"Plus & Minus";"750";3;2025;11;3;
"15444780";03258064078405;"Champagne Krug Vintage";"750";1;2025;11;3;
"15368043";03760011916772;"Clos Saint-Jean Châteauneuf-du-Pape";"1500";1;2025;11;3;
"15340489";00895958006996;"Jacques Lassaigne Brut Nature";"750";1;2025;11;3;
"15447892";03560960004540;"Gevrey-Chambertin Taupenot-Merme";"750";3;2025;11;3;
"15455008";03700447711770;"Pavillon Rouge du Château Margaux";"750";19;2025;11;3;
"15155793";09120033235079;"Riberach Hypothèse blanc";"750";1;2025;11;3;
"15024187";03760215990059;"Domaine Nicolas Maillet Mâcon Rouge";"750";1;2025;11;3;
"14807761";03760039090133;"Château Lilian Ladouys Saint- Estèphe";"750";3;2025;11;3;
"14172831";03770009616317;"Domaine Loew Westhoffen Pinot Noir Vin d'Alsace";"750";1;2025;11;3;
"15188739";03700188062308;"G d'Estournel Médoc";"750";2;2025;11;3;
"15063098";00056049138433;"Maison Ladore Chardonnay Vin Blanc";"750";4085;2025;11;3;
"15409183";08414825339900;"Martin Codax Albarino Rias Baixas";"750";1;2025;11;3;
"13471039";00779376109388;"Henry of Pelham Baco Noir Old Vines";"750";1;2025;11;3;
"10766430";00056049017776;"Wallaroo Trail Chardonnay LOT 313";"1000";4872;2025;11;3;
"15498323";00628678149205;"Équinoxe Éclipse";"750";1;2025;11;3;
"14015414";08410512013535;"Purua Organic Dry Gin";"700";2;2025;11;3;
"14834348";03683080593449;"Château Canadel Bandol";"750";1;2025;11;3;
"14993189";08437020600897;"Dominio de punctum, Orangria by 20000 Leguas (4 X 250 ml)";"250";4;2025;11;3;
"15190791";03760145422101;"Abeille de Fieuzal Pessac- Léognan";"750";3;2025;11;3;
"15047864";00056049138365;"Tauroo Trail Airen Vin Blanc";"1000";168;2025;11;3;
"14808393";04000148083930;"Domaine Milan Luna et Gaia";"750";1;2025;11;3;
"14438741";04000144387414;"Bérèche et Fils Mailly-Champagne Grand Cru";"750";4;2025;11;3;
"15070221";03760190270306;"Raison d'Hêtre Castillon Côtes de Bordeaux";"750";1;2025;11;3;
"11816523";04000118165239;"Domaine La Bouïssière Font de Tonin Gigondas";"750";-1;2025;11;3;
"13831920";03439830002125;"Domaine Comte Senard Bourgogne Ana";"750";1;2025;11;3;
"15589022";00827924004170;"Vignoble de l'Orpailleur Cuvée Signature Chardonnay";"750";14;2025;11;3;
"15255111";04000152551111;"Domaine Henri Germain Meursault";"750";18;2025;11;3;
"12878671";00747846503004;"G Fifty Junmai Ginjo Genshu Momokawa Saké";"300";108;2025;11;3;
"15196077";08421390010363;"Verum  Maria Victoria Malbec";"750";1;2025;11;3;
"15021357";00895958004626;"Pierre Gerbais Champ Viole";"750";6;2025;11;3;
"15335399";05425007819052;"3 Fonteinen Kweepeer";"375";2;2025;11;3;
"15542689";08008310002334;"Toschi Lemoncello";"500";3;2025;11;3;
