saq_entrepot_id,entrepot,code_saq,qty,annee,periode,semaine,date
1,CDM,14001338,66.4167,2021,11,2,2022-01-15
2,CDM,14064873,44.6667,2021,11,2,2022-01-15
3,CDM,14250123,29.6667,2021,11,2,2022-01-15
4,CDM,14545132,77.3333,2021,11,2,2022-01-15
5,CDM,14561781,150.833,2021,11,2,2022-01-15
6,CDM,14682882,178.083,2021,11,2,2022-01-15
7,CDM,14682891,85.4167,2021,11,2,2022-01-15
8,CDM,14758699,243.083,2021,11,2,2022-01-15
9,CDQ,14250123,56.0,2021,11,2,2022-01-15
10,CDQ,14545132,45.5,2021,11,2,2022-01-15
11,CDQ,14561781,34.0,2021,11,2,2022-01-15
12,CDQ,14682882,64.8333,2021,11,2,2022-01-15
13,CDQ,14682891,10.0,2021,11,2,2022-01-15
14,CDQ,14758699,102.583,2021,11,2,2022-01-15
15,CDM,14001338,42.9167,2022,4,2,2022-07-02
16,CDM,14064873,19.1667,2022,4,2,2022-07-02
17,CDM,14250123,11.6667,2022,4,2,2022-07-02
18,CDM,14545132,73.4167,2022,4,2,2022-07-02
19,CDM,14561781,112.667,2022,4,2,2022-07-02
20,CDM,14682882,88.0833,2022,4,2,2022-07-02
21,CDM,14682891,19.4167,2022,4,2,2022-07-02
22,CDM,14758699,181.333,2022,4,2,2022-07-02
23,CDM,14954868,93.4167,2022,4,2,2022-07-02
24,CDM,14954876,101.667,2022,4,2,2022-07-02
25,CDM,14960213,2754.0,2022,4,2,2022-07-02
26,CDQ,14001338,5.5,2022,4,2,2022-07-02
27,CDQ,14064873,9.3333,2022,4,2,2022-07-02
28,CDQ,14250123,38.3333,2022,4,2,2022-07-02
29,CDQ,14545132,78.9167,2022,4,2,2022-07-02
30,CDQ,14561781,40.8333,2022,4,2,2022-07-02
31,CDQ,14682882,80.8333,2022,4,2,2022-07-02
32,CDQ,14682891,1.8333,2022,4,2,2022-07-02
33,CDQ,14954868,34.0,2022,4,2,2022-07-02
34,CDQ,14954876,7.0,2022,4,2,2022-07-02
35,CDQ,14960213,498.0,2022,4,2,2022-07-02
68,CDM,14001338,32.3333,2022,6,4,2022-09-10
69,CDM,14064873,34.9167,2022,6,4,2022-09-10
70,CDM,14250123,12.4167,2022,6,4,2022-09-10
71,CDM,14545132,69.4167,2022,6,4,2022-09-10
72,CDM,14561781,90.25,2022,6,4,2022-09-10
73,CDM,14682882,253.75,2022,6,4,2022-09-10
74,CDM,14682891,79.25,2022,6,4,2022-09-10
75,CDM,14758699,180.417,2022,6,4,2022-09-10
76,CDM,14954868,148.0,2022,6,4,2022-09-10
77,CDM,14954876,31.1667,2022,6,4,2022-09-10
78,CDM,14960213,1433.67,2022,6,4,2022-09-10
79,CDM,14989770,4.8333,2022,6,4,2022-09-10
80,CDM,14989788,210.833,2022,6,4,2022-09-10
81,CDM,14989796,46.75,2022,6,4,2022-09-10
82,CDM,14989809,46.3333,2022,6,4,2022-09-10
83,CDM,14989825,153.333,2022,6,4,2022-09-10
84,CDM,14989833,54.0,2022,6,4,2022-09-10
85,CDQ,14001338,11.5833,2022,6,4,2022-09-10
86,CDQ,14064873,1.8333,2022,6,4,2022-09-10
87,CDQ,14250123,1.0,2022,6,4,2022-09-10
88,CDQ,14545132,18.25,2022,6,4,2022-09-10
89,CDQ,14561781,62.4167,2022,6,4,2022-09-10
90,CDQ,14682882,60.4167,2022,6,4,2022-09-10
91,CDQ,14682891,1.75,2022,6,4,2022-09-10
92,CDQ,14758699,102.917,2022,6,4,2022-09-10
93,CDQ,14954868,7.0833,2022,6,4,2022-09-10
94,CDQ,14960213,711.5,2022,6,4,2022-09-10
95,CDQ,14989770,33.0,2022,6,4,2022-09-10
96,CDQ,14989796,81.6667,2022,6,4,2022-09-10
97,CDQ,14989809,81.0,2022,6,4,2022-09-10
98,CDQ,14989833,64.0,2022,6,4,2022-09-10
99,CDM,14001338,26.0833,2022,7,2,2022-09-24
100,CDM,14064873,24.1667,2022,7,2,2022-09-24
101,CDM,14250123,8.25,2022,7,2,2022-09-24
102,CDM,14545132,61.0,2022,7,2,2022-09-24
103,CDM,14561781,77.9167,2022,7,2,2022-09-24
104,CDM,14682882,178.333,2022,7,2,2022-09-24
105,CDM,14682891,65.0833,2022,7,2,2022-09-24
106,CDM,14758699,139.917,2022,7,2,2022-09-24
107,CDM,14954868,61.5833,2022,7,2,2022-09-24
108,CDM,14954876,9.25,2022,7,2,2022-09-24
109,CDM,14960213,1249.83,2022,7,2,2022-09-24
110,CDM,14989770,185.5,2022,7,2,2022-09-24
111,CDM,14989788,136.333,2022,7,2,2022-09-24
112,CDM,14989796,45.75,2022,7,2,2022-09-24
113,CDM,14989809,41.1667,2022,7,2,2022-09-24
114,CDM,14989825,140.25,2022,7,2,2022-09-24
115,CDM,14989833,28.3333,2022,7,2,2022-09-24
116,CDQ,14001338,8.5833,2022,7,2,2022-09-24
117,CDQ,14064873,0.8333,2022,7,2,2022-09-24
118,CDQ,14250123,0.0833,2022,7,2,2022-09-24
119,CDQ,14545132,12.0,2022,7,2,2022-09-24
120,CDQ,14561781,54.25,2022,7,2,2022-09-24
121,CDQ,14682882,36.3333,2022,7,2,2022-09-24
122,CDQ,14682891,10.75,2022,7,2,2022-09-24
123,CDQ,14758699,54.4167,2022,7,2,2022-09-24
124,CDQ,14954868,69.5833,2022,7,2,2022-09-24
125,CDQ,14960213,674.167,2022,7,2,2022-09-24
126,CDQ,14989770,13.0,2022,7,2,2022-09-24
127,CDQ,14989788,25.0,2022,7,2,2022-09-24
128,CDQ,14989796,81.6667,2022,7,2,2022-09-24
129,CDQ,14989809,73.9167,2022,7,2,2022-09-24
130,CDQ,14989833,54.0,2022,7,2,2022-09-24
131,CDM,14001338,18.9167,2022,7,4,2022-10-08
132,CDM,14064873,12.3333,2022,7,4,2022-10-08
133,CDM,14250123,56.5833,2022,7,4,2022-10-08
134,CDM,14545132,83.25,2022,7,4,2022-10-08
135,CDM,14561781,54.6667,2022,7,4,2022-10-08
136,CDM,14682882,248.333,2022,7,4,2022-10-08
137,CDM,14682891,54.8333,2022,7,4,2022-10-08
138,CDM,14758699,493.75,2022,7,4,2022-10-08
139,CDM,14954868,49.1667,2022,7,4,2022-10-08
140,CDM,14954876,103.667,2022,7,4,2022-10-08
141,CDM,14960213,1152.17,2022,7,4,2022-10-08
142,CDM,14989770,164.0,2022,7,4,2022-10-08
143,CDM,14989788,130.833,2022,7,4,2022-10-08
144,CDM,14989796,43.6667,2022,7,4,2022-10-08
145,CDM,14989809,37.9167,2022,7,4,2022-10-08
146,CDM,14989825,137.583,2022,7,4,2022-10-08
147,CDM,14989833,70.8333,2022,7,4,2022-10-08
148,CDM,15095284,240.0,2022,7,4,2022-10-08
149,CDQ,14001338,7.4167,2022,7,4,2022-10-08
150,CDQ,14064873,0.75,2022,7,4,2022-10-08
151,CDQ,14545132,21.8333,2022,7,4,2022-10-08
152,CDQ,14561781,51.9167,2022,7,4,2022-10-08
153,CDQ,14682882,15.3333,2022,7,4,2022-10-08
154,CDQ,14682891,10.5833,2022,7,4,2022-10-08
155,CDQ,14758699,4.5,2022,7,4,2022-10-08
156,CDQ,14954868,65.5833,2022,7,4,2022-10-08
157,CDQ,14954876,20.0,2022,7,4,2022-10-08
158,CDQ,14960213,651.0,2022,7,4,2022-10-08
159,CDQ,14989788,22.0,2022,7,4,2022-10-08
160,CDQ,14989796,79.6667,2022,7,4,2022-10-08
161,CDQ,14989809,72.9167,2022,7,4,2022-10-08
162,CDQ,14989833,46.0,2022,7,4,2022-10-08
163,CDM,14001338,18.8333,2022,8,1,2022-10-15
164,CDM,14064873,61.6667,2022,8,1,2022-10-15
165,CDM,14250123,42.4167,2022,8,1,2022-10-15
166,CDM,14545132,79.25,2022,8,1,2022-10-15
167,CDM,14561781,110.5,2022,8,1,2022-10-15
168,CDM,14682882,404.833,2022,8,1,2022-10-15
169,CDM,14682891,53.8333,2022,8,1,2022-10-15
170,CDM,14758699,466.083,2022,8,1,2022-10-15
171,CDM,14954868,101.0,2022,8,1,2022-10-15
172,CDM,14954876,95.25,2022,8,1,2022-10-15
173,CDM,14960213,1132.83,2022,8,1,2022-10-15
174,CDM,14989770,143.083,2022,8,1,2022-10-15
175,CDM,14989788,129.417,2022,8,1,2022-10-15
176,CDM,14989796,46.5,2022,8,1,2022-10-15
177,CDM,14989809,36.8333,2022,8,1,2022-10-15
178,CDM,14989825,377.25,2022,8,1,2022-10-15
179,CDM,14989833,69.75,2022,8,1,2022-10-15
180,CDM,15095284,240.0,2022,8,1,2022-10-15
181,CDQ,14001338,7.25,2022,8,1,2022-10-15
182,CDQ,14064873,0.75,2022,8,1,2022-10-15
183,CDQ,14545132,17.8333,2022,8,1,2022-10-15
184,CDQ,14561781,50.9167,2022,8,1,2022-10-15
185,CDQ,14682882,68.0,2022,8,1,2022-10-15
186,CDQ,14682891,9.5833,2022,8,1,2022-10-15
187,CDQ,14758699,1.5,2022,8,1,2022-10-15
188,CDQ,14954868,64.5833,2022,8,1,2022-10-15
189,CDQ,14954876,16.0,2022,8,1,2022-10-15
190,CDQ,14960213,639.0,2022,8,1,2022-10-15
191,CDQ,14989788,22.0,2022,8,1,2022-10-15
192,CDQ,14989796,79.6667,2022,8,1,2022-10-15
193,CDQ,14989809,72.9167,2022,8,1,2022-10-15
194,CDQ,14989833,45.0,2022,8,1,2022-10-15
195,CDM,14001338,14.0833,2022,8,2,2022-10-22
196,CDM,14064873,51.5,2022,8,2,2022-10-22
197,CDM,14250123,38.3333,2022,8,2,2022-10-22
198,CDM,14545132,72.6667,2022,8,2,2022-10-22
199,CDM,14561781,98.9167,2022,8,2,2022-10-22
200,CDM,14682882,369.333,2022,8,2,2022-10-22
201,CDM,14682891,42.6667,2022,8,2,2022-10-22
202,CDM,14758699,423.917,2022,8,2,2022-10-22
203,CDM,14954868,84.6667,2022,8,2,2022-10-22
204,CDM,14954876,80.25,2022,8,2,2022-10-22
205,CDM,14960213,1098.17,2022,8,2,2022-10-22
206,CDM,14989770,111.75,2022,8,2,2022-10-22
207,CDM,14989788,122.667,2022,8,2,2022-10-22
208,CDM,14989796,43.4167,2022,8,2,2022-10-22
209,CDM,14989809,31.8333,2022,8,2,2022-10-22
210,CDM,14989825,378.083,2022,8,2,2022-10-22
211,CDM,14989833,55.0833,2022,8,2,2022-10-22
212,CDM,15095284,119.0,2022,8,2,2022-10-22
213,CDQ,14001338,7.25,2022,8,2,2022-10-22
214,CDQ,14064873,0.75,2022,8,2,2022-10-22
215,CDQ,14250123,13.75,2022,8,2,2022-10-22
216,CDQ,14545132,7.6667,2022,8,2,2022-10-22
217,CDQ,14561781,49.5833,2022,8,2,2022-10-22
218,CDQ,14682882,53.5833,2022,8,2,2022-10-22
219,CDQ,14682891,9.5833,2022,8,2,2022-10-22
220,CDQ,14954868,62.4167,2022,8,2,2022-10-22
221,CDQ,14954876,13.0,2022,8,2,2022-10-22
222,CDQ,14960213,624.0,2022,8,2,2022-10-22
223,CDQ,14989788,22.0,2022,8,2,2022-10-22
224,CDQ,14989796,79.6667,2022,8,2,2022-10-22
225,CDQ,14989809,71.9167,2022,8,2,2022-10-22
226,CDQ,14989833,42.9167,2022,8,2,2022-10-22
227,CDM,14001338,12.9167,2022,8,3,2022-10-29
228,CDM,14064873,32.25,2022,8,3,2022-10-29
229,CDM,14250123,27.8333,2022,8,3,2022-10-29
230,CDM,14545132,59.6667,2022,8,3,2022-10-29
231,CDM,14561781,81.3333,2022,8,3,2022-10-29
232,CDM,14682882,278.5,2022,8,3,2022-10-29
233,CDM,14682891,33.5,2022,8,3,2022-10-29
234,CDM,14758699,269.333,2022,8,3,2022-10-29
235,CDM,14954868,72.5,2022,8,3,2022-10-29
236,CDM,14954876,64.5833,2022,8,3,2022-10-29
237,CDM,14960213,1065.17,2022,8,3,2022-10-29
238,CDM,14989770,91.75,2022,8,3,2022-10-29
239,CDM,14989788,117.333,2022,8,3,2022-10-29
240,CDM,14989796,35.4167,2022,8,3,2022-10-29
241,CDM,14989809,29.75,2022,8,3,2022-10-29
242,CDM,14989825,377.833,2022,8,3,2022-10-29
243,CDM,14989833,45.5833,2022,8,3,2022-10-29
244,CDM,15095284,87.0,2022,8,3,2022-10-29
245,CDQ,14001338,6.25,2022,8,3,2022-10-29
246,CDQ,14064873,0.75,2022,8,3,2022-10-29
247,CDQ,14250123,11.75,2022,8,3,2022-10-29
248,CDQ,14545132,0.6667,2022,8,3,2022-10-29
249,CDQ,14561781,48.5833,2022,8,3,2022-10-29
250,CDQ,14682882,101.167,2022,8,3,2022-10-29
251,CDQ,14682891,8.5833,2022,8,3,2022-10-29
252,CDQ,14758699,114.0,2022,8,3,2022-10-29
253,CDQ,14954868,60.4167,2022,8,3,2022-10-29
254,CDQ,14954876,9.9167,2022,8,3,2022-10-29
255,CDQ,14960213,620.0,2022,8,3,2022-10-29
256,CDQ,14989788,21.0,2022,8,3,2022-10-29
257,CDQ,14989796,79.6667,2022,8,3,2022-10-29
258,CDQ,14989809,69.9167,2022,8,3,2022-10-29
259,CDQ,14989833,38.9167,2022,8,3,2022-10-29
260,CDQ,15095284,120.0,2022,8,3,2022-10-29
261,CDM,14001338,2.5833,2022,8,4,2022-11-05
262,CDM,14064873,71.25,2022,8,4,2022-11-05
263,CDM,14250123,25.6667,2022,8,4,2022-11-05
264,CDM,14545132,148.25,2022,8,4,2022-11-05
265,CDM,14561781,60.1667,2022,8,4,2022-11-05
266,CDM,14682882,187.833,2022,8,4,2022-11-05
267,CDM,14682891,30.25,2022,8,4,2022-11-05
268,CDM,14758699,214.917,2022,8,4,2022-11-05
269,CDM,14954868,67.0,2022,8,4,2022-11-05
270,CDM,14954876,48.1667,2022,8,4,2022-11-05
271,CDM,14960213,1021.17,2022,8,4,2022-11-05
272,CDM,14989770,74.0833,2022,8,4,2022-11-05
273,CDM,14989788,113.417,2022,8,4,2022-11-05
274,CDM,14989796,33.4167,2022,8,4,2022-11-05
275,CDM,14989809,27.5,2022,8,4,2022-11-05
276,CDM,14989825,375.5,2022,8,4,2022-11-05
277,CDM,14989833,48.1667,2022,8,4,2022-11-05
278,CDM,15095284,73.6667,2022,8,4,2022-11-05
279,CDQ,14001338,6.1667,2022,8,4,2022-11-05
280,CDQ,14064873,0.5833,2022,8,4,2022-11-05
281,CDQ,14250123,11.4167,2022,8,4,2022-11-05
282,CDQ,14545132,0.5833,2022,8,4,2022-11-05
283,CDQ,14561781,46.5833,2022,8,4,2022-11-05
284,CDQ,14682882,74.9167,2022,8,4,2022-11-05
285,CDQ,14682891,8.5833,2022,8,4,2022-11-05
286,CDQ,14758699,82.5,2022,8,4,2022-11-05
287,CDQ,14954868,56.5833,2022,8,4,2022-11-05
288,CDQ,14954876,7.9167,2022,8,4,2022-11-05
289,CDQ,14960213,599.0,2022,8,4,2022-11-05
290,CDQ,14989788,17.8333,2022,8,4,2022-11-05
291,CDQ,14989796,79.6667,2022,8,4,2022-11-05
292,CDQ,14989809,66.9167,2022,8,4,2022-11-05
293,CDQ,14989833,35.9167,2022,8,4,2022-11-05
294,CDQ,15095284,46.0,2022,8,4,2022-11-05
295,CDM,14001338,2.3333,2022,9,1,2022-11-12
296,CDM,14064873,64.5833,2022,9,1,2022-11-12
297,CDM,14250123,24.5,2022,9,1,2022-11-12
298,CDM,14545132,124.333,2022,9,1,2022-11-12
299,CDM,14561781,58.9167,2022,9,1,2022-11-12
300,CDM,14682882,155.333,2022,9,1,2022-11-12
301,CDM,14682891,29.0,2022,9,1,2022-11-12
302,CDM,14758699,195.083,2022,9,1,2022-11-12
303,CDM,14954868,62.4167,2022,9,1,2022-11-12
304,CDM,14954876,41.4167,2022,9,1,2022-11-12
305,CDM,14960213,973.5,2022,9,1,2022-11-12
306,CDM,14989770,51.3333,2022,9,1,2022-11-12
307,CDM,14989788,105.917,2022,9,1,2022-11-12
308,CDM,14989796,31.25,2022,9,1,2022-11-12
309,CDM,14989809,22.5,2022,9,1,2022-11-12
310,CDM,14989825,375.083,2022,9,1,2022-11-12
311,CDM,14989833,44.0,2022,9,1,2022-11-12
312,CDM,15095284,29.0833,2022,9,1,2022-11-12
313,CDQ,14001338,5.1667,2022,9,1,2022-11-12
314,CDQ,14064873,0.3333,2022,9,1,2022-11-12
315,CDQ,14250123,10.3333,2022,9,1,2022-11-12
316,CDQ,14545132,0.5833,2022,9,1,2022-11-12
317,CDQ,14561781,41.5833,2022,9,1,2022-11-12
318,CDQ,14682882,63.3333,2022,9,1,2022-11-12
319,CDQ,14682891,6.4167,2022,9,1,2022-11-12
320,CDQ,14758699,60.9167,2022,9,1,2022-11-12
321,CDQ,14954868,53.5833,2022,9,1,2022-11-12
322,CDQ,14954876,6.75,2022,9,1,2022-11-12
323,CDQ,14960213,579.0,2022,9,1,2022-11-12
324,CDQ,14989788,17.8333,2022,9,1,2022-11-12
325,CDQ,14989796,78.6667,2022,9,1,2022-11-12
326,CDQ,14989809,63.75,2022,9,1,2022-11-12
327,CDQ,14989833,33.9167,2022,9,1,2022-11-12
328,CDQ,15095284,15.25,2022,9,1,2022-11-12
329,CDM,14001338,58.9167,2022,9,2,2022-11-19
330,CDM,14064873,46.75,2022,9,2,2022-11-19
331,CDM,14250123,24.3333,2022,9,2,2022-11-19
332,CDM,14545132,104.083,2022,9,2,2022-11-19
333,CDM,14561781,117.5,2022,9,2,2022-11-19
334,CDM,14682882,610.75,2022,9,2,2022-11-19
335,CDM,14682891,146.917,2022,9,2,2022-11-19
336,CDM,14758699,174.833,2022,9,2,2022-11-19
337,CDM,14954868,113.167,2022,9,2,2022-11-19
338,CDM,14954876,156.0,2022,9,2,2022-11-19
339,CDM,14960213,921.833,2022,9,2,2022-11-19
340,CDM,14989770,158.083,2022,9,2,2022-11-19
341,CDM,14989788,104.5,2022,9,2,2022-11-19
342,CDM,14989796,32.0,2022,9,2,2022-11-19
343,CDM,14989809,80.1667,2022,9,2,2022-11-19
344,CDM,14989825,374.833,2022,9,2,2022-11-19
345,CDM,14989833,157.75,2022,9,2,2022-11-19
346,CDM,15095284,5.9167,2022,9,2,2022-11-19
347,CDQ,14001338,5.1667,2022,9,2,2022-11-19
348,CDQ,14064873,14.1667,2022,9,2,2022-11-19
349,CDQ,14250123,9.8333,2022,9,2,2022-11-19
350,CDQ,14545132,9.4167,2022,9,2,2022-11-19
351,CDQ,14561781,38.5833,2022,9,2,2022-11-19
352,CDQ,14682882,48.4167,2022,9,2,2022-11-19
353,CDQ,14682891,4.4167,2022,9,2,2022-11-19
354,CDQ,14758699,39.8333,2022,9,2,2022-11-19
355,CDQ,14954868,51.5833,2022,9,2,2022-11-19
356,CDQ,14954876,3.75,2022,9,2,2022-11-19
357,CDQ,14960213,538.667,2022,9,2,2022-11-19
358,CDQ,14989788,14.8333,2022,9,2,2022-11-19
359,CDQ,14989796,77.6667,2022,9,2,2022-11-19
360,CDQ,14989809,62.75,2022,9,2,2022-11-19
361,CDQ,14989833,29.9167,2022,9,2,2022-11-19
362,CDQ,15095284,0.25,2022,9,2,2022-11-19
397,CDM,14001338,55.9167,2022,9,3,2022-11-26
398,CDM,14064873,33.0833,2022,9,3,2022-11-26
399,CDM,14250123,23.25,2022,9,3,2022-11-26
400,CDM,14545132,79.9167,2022,9,3,2022-11-26
401,CDM,14561781,114.333,2022,9,3,2022-11-26
402,CDM,14682882,528.25,2022,9,3,2022-11-26
403,CDM,14682891,146.833,2022,9,3,2022-11-26
404,CDM,14758699,140.583,2022,9,3,2022-11-26
405,CDM,14954868,107.083,2022,9,3,2022-11-26
406,CDM,14954876,142.667,2022,9,3,2022-11-26
407,CDM,14960213,902.667,2022,9,3,2022-11-26
408,CDM,14989770,144.417,2022,9,3,2022-11-26
409,CDM,14989788,97.3333,2022,9,3,2022-11-26
410,CDM,14989796,26.75,2022,9,3,2022-11-26
411,CDM,14989809,77.5,2022,9,3,2022-11-26
412,CDM,14989825,373.5,2022,9,3,2022-11-26
413,CDM,14989833,155.583,2022,9,3,2022-11-26
414,CDM,15095284,6.75,2022,9,3,2022-11-26
415,CDQ,14001338,5.1667,2022,9,3,2022-11-26
416,CDQ,14064873,14.1667,2022,9,3,2022-11-26
417,CDQ,14250123,8.8333,2022,9,3,2022-11-26
418,CDQ,14545132,10.3333,2022,9,3,2022-11-26
419,CDQ,14561781,38.25,2022,9,3,2022-11-26
420,CDQ,14682882,99.0833,2022,9,3,2022-11-26
421,CDQ,14682891,2.4167,2022,9,3,2022-11-26
422,CDQ,14758699,17.25,2022,9,3,2022-11-26
423,CDQ,14954868,47.5833,2022,9,3,2022-11-26
424,CDQ,14954876,11.75,2022,9,3,2022-11-26
425,CDQ,14960213,536.667,2022,9,3,2022-11-26
426,CDQ,14989788,10.8333,2022,9,3,2022-11-26
427,CDQ,14989796,77.6667,2022,9,3,2022-11-26
428,CDQ,14989809,59.75,2022,9,3,2022-11-26
429,CDQ,14989833,26.9167,2022,9,3,2022-11-26
430,CDQ,15095284,0.1667,2022,9,3,2022-11-26
467,CDM,14001338,45.75,2022,9,4,2022-12-03
468,CDM,14064873,21.5,2022,9,4,2022-12-03
469,CDM,14250123,20.9167,2022,9,4,2022-12-03
470,CDM,14545132,165.5,2022,9,4,2022-12-03
471,CDM,14561781,102.083,2022,9,4,2022-12-03
472,CDM,14682882,348.5,2022,9,4,2022-12-03
473,CDM,14682891,126.833,2022,9,4,2022-12-03
474,CDM,14758699,281.917,2022,9,4,2022-12-03
475,CDM,14954868,93.1667,2022,9,4,2022-12-03
476,CDM,14954876,88.25,2022,9,4,2022-12-03
477,CDM,14960213,853.667,2022,9,4,2022-12-03
478,CDM,14989770,97.5833,2022,9,4,2022-12-03
479,CDM,14989788,63.6667,2022,9,4,2022-12-03
480,CDM,14989796,25.75,2022,9,4,2022-12-03
481,CDM,14989809,74.1667,2022,9,4,2022-12-03
482,CDM,14989825,340.5,2022,9,4,2022-12-03
483,CDM,14989833,142.25,2022,9,4,2022-12-03
484,CDM,15095284,249.583,2022,9,4,2022-12-03
485,CDQ,14001338,3.1667,2022,9,4,2022-12-03
486,CDQ,14064873,6.0,2022,9,4,2022-12-03
487,CDQ,14250123,7.5833,2022,9,4,2022-12-03
488,CDQ,14545132,77.3333,2022,9,4,2022-12-03
489,CDQ,14561781,38.25,2022,9,4,2022-12-03
490,CDQ,14682882,197.917,2022,9,4,2022-12-03
491,CDQ,14682891,21.4167,2022,9,4,2022-12-03
492,CDQ,14758699,120.5,2022,9,4,2022-12-03
493,CDQ,14954868,42.5833,2022,9,4,2022-12-03
494,CDQ,14954876,61.75,2022,9,4,2022-12-03
495,CDQ,14960213,528.583,2022,9,4,2022-12-03
496,CDQ,14989770,30.0,2022,9,4,2022-12-03
497,CDQ,14989788,37.8333,2022,9,4,2022-12-03
498,CDQ,14989796,75.6667,2022,9,4,2022-12-03
499,CDQ,14989809,57.75,2022,9,4,2022-12-03
500,CDQ,14989825,30.0,2022,9,4,2022-12-03
501,CDQ,14989833,25.9167,2022,9,4,2022-12-03
502,CDQ,15095284,0.1667,2022,9,4,2022-12-03
503,CDM,14001338,41.9167,2022,10,1,2022-12-10
504,CDM,14064873,64.4167,2022,10,1,2022-12-10
505,CDM,14250123,75.5,2022,10,1,2022-12-10
506,CDM,14545132,155.0,2022,10,1,2022-12-10
507,CDM,14561781,97.3333,2022,10,1,2022-12-10
508,CDM,14682882,308.583,2022,10,1,2022-12-10
509,CDM,14682891,124.5,2022,10,1,2022-12-10
510,CDM,14758699,231.25,2022,10,1,2022-12-10
511,CDM,14954868,82.3333,2022,10,1,2022-12-10
512,CDM,14954876,81.9167,2022,10,1,2022-12-10
513,CDM,14960213,825.0,2022,10,1,2022-12-10
514,CDM,14989770,134.5,2022,10,1,2022-12-10
515,CDM,14989788,51.3333,2022,10,1,2022-12-10
516,CDM,14989796,23.6667,2022,10,1,2022-12-10
517,CDM,14989809,66.3333,2022,10,1,2022-12-10
518,CDM,14989825,340.25,2022,10,1,2022-12-10
519,CDM,14989833,141.083,2022,10,1,2022-12-10
520,CDM,15095284,199.25,2022,10,1,2022-12-10
521,CDQ,14001338,3.1667,2022,10,1,2022-12-10
522,CDQ,14064873,0.8333,2022,10,1,2022-12-10
523,CDQ,14250123,4.5,2022,10,1,2022-12-10
524,CDQ,14545132,66.25,2022,10,1,2022-12-10
525,CDQ,14561781,33.8333,2022,10,1,2022-12-10
526,CDQ,14682882,177.75,2022,10,1,2022-12-10
527,CDQ,14682891,21.4167,2022,10,1,2022-12-10
528,CDQ,14758699,81.0,2022,10,1,2022-12-10
529,CDQ,14954868,35.5833,2022,10,1,2022-12-10
530,CDQ,14954876,59.75,2022,10,1,2022-12-10
531,CDQ,14960213,526.583,2022,10,1,2022-12-10
532,CDQ,14989770,23.9167,2022,10,1,2022-12-10
533,CDQ,14989788,33.8333,2022,10,1,2022-12-10
534,CDQ,14989796,70.6667,2022,10,1,2022-12-10
535,CDQ,14989809,51.75,2022,10,1,2022-12-10
536,CDQ,14989825,30.0,2022,10,1,2022-12-10
537,CDQ,14989833,23.9167,2022,10,1,2022-12-10
538,CDQ,15095284,0.1667,2022,10,1,2022-12-10
539,CDM,14001338,37.1667,2022,10,2,2022-12-17
540,CDM,14064873,48.25,2022,10,2,2022-12-17
541,CDM,14250123,70.75,2022,10,2,2022-12-17
542,CDM,14545132,142.417,2022,10,2,2022-12-17
543,CDM,14561781,90.6667,2022,10,2,2022-12-17
544,CDM,14682882,248.417,2022,10,2,2022-12-17
545,CDM,14682891,122.417,2022,10,2,2022-12-17
546,CDM,14758699,182.5,2022,10,2,2022-12-17
547,CDM,14954868,61.9167,2022,10,2,2022-12-17
548,CDM,14954876,72.25,2022,10,2,2022-12-17
549,CDM,14960213,789.833,2022,10,2,2022-12-17
550,CDM,14989770,109.5,2022,10,2,2022-12-17
551,CDM,14989788,33.4167,2022,10,2,2022-12-17
552,CDM,14989796,20.75,2022,10,2,2022-12-17
553,CDM,14989809,56.25,2022,10,2,2022-12-17
554,CDM,14989825,338.667,2022,10,2,2022-12-17
555,CDM,14989833,133.75,2022,10,2,2022-12-17
556,CDM,15095284,81.5833,2022,10,2,2022-12-17
557,CDQ,14001338,1.1667,2022,10,2,2022-12-17
558,CDQ,14064873,0.8333,2022,10,2,2022-12-17
559,CDQ,14250123,4.5,2022,10,2,2022-12-17
560,CDQ,14545132,46.0833,2022,10,2,2022-12-17
561,CDQ,14561781,27.75,2022,10,2,2022-12-17
562,CDQ,14682882,153.5,2022,10,2,2022-12-17
563,CDQ,14682891,19.3333,2022,10,2,2022-12-17
564,CDQ,14758699,13.5833,2022,10,2,2022-12-17
565,CDQ,14954868,27.3333,2022,10,2,2022-12-17
566,CDQ,14954876,53.75,2022,10,2,2022-12-17
567,CDQ,14960213,515.583,2022,10,2,2022-12-17
568,CDQ,14989770,11.8333,2022,10,2,2022-12-17
569,CDQ,14989788,27.8333,2022,10,2,2022-12-17
570,CDQ,14989796,67.6667,2022,10,2,2022-12-17
571,CDQ,14989809,47.75,2022,10,2,2022-12-17
572,CDQ,14989825,29.0,2022,10,2,2022-12-17
573,CDQ,14989833,16.9167,2022,10,2,2022-12-17
574,CDM,14001338,29.5,2022,10,4,2022-12-31
575,CDM,14064873,19.8333,2022,10,4,2022-12-31
576,CDM,14250123,52.1667,2022,10,4,2022-12-31
577,CDM,14545132,102.5,2022,10,4,2022-12-31
578,CDM,14561781,69.9167,2022,10,4,2022-12-31
579,CDM,14682882,114.917,2022,10,4,2022-12-31
580,CDM,14682891,112.833,2022,10,4,2022-12-31
581,CDM,14758699,11.8333,2022,10,4,2022-12-31
582,CDM,14954868,12.5,2022,10,4,2022-12-31
583,CDM,14954876,40.5,2022,10,4,2022-12-31
584,CDM,14960213,696.167,2022,10,4,2022-12-31
585,CDM,14989770,21.6667,2022,10,4,2022-12-31
586,CDM,14989788,20.5,2022,10,4,2022-12-31
587,CDM,14989796,5.5,2022,10,4,2022-12-31
588,CDM,14989809,40.75,2022,10,4,2022-12-31
589,CDM,14989825,331.167,2022,10,4,2022-12-31
590,CDM,14989833,92.4167,2022,10,4,2022-12-31
591,CDM,15095284,9.0833,2022,10,4,2022-12-31
592,CDQ,14001338,0.8333,2022,10,4,2022-12-31
593,CDQ,14064873,0.8333,2022,10,4,2022-12-31
594,CDQ,14250123,2.5,2022,10,4,2022-12-31
595,CDQ,14545132,3.0833,2022,10,4,2022-12-31
596,CDQ,14561781,13.6667,2022,10,4,2022-12-31
597,CDQ,14682882,75.75,2022,10,4,2022-12-31
598,CDQ,14682891,16.0833,2022,10,4,2022-12-31
599,CDQ,14758699,0.4167,2022,10,4,2022-12-31
600,CDQ,14954868,2.3333,2022,10,4,2022-12-31
601,CDQ,14954876,37.75,2022,10,4,2022-12-31
602,CDQ,14960213,484.583,2022,10,4,2022-12-31
603,CDQ,14989770,0.6667,2022,10,4,2022-12-31
604,CDQ,14989788,20.8333,2022,10,4,2022-12-31
605,CDQ,14989796,64.6667,2022,10,4,2022-12-31
606,CDQ,14989809,40.75,2022,10,4,2022-12-31
607,CDQ,14989825,26.0,2022,10,4,2022-12-31
608,CDQ,14989833,0.9167,2022,10,4,2022-12-31
609,CDM,14001338,19.5,2022,11,1,2023-01-07
610,CDM,14064873,11.75,2022,11,1,2023-01-07
611,CDM,14250123,45.0,2022,11,1,2023-01-07
612,CDM,14545132,87.0,2022,11,1,2023-01-07
613,CDM,14561781,54.8333,2022,11,1,2023-01-07
614,CDM,14682882,85.6667,2022,11,1,2023-01-07
615,CDM,14682891,108.75,2022,11,1,2023-01-07
616,CDM,14758699,10.0833,2022,11,1,2023-01-07
617,CDM,14954868,11.3333,2022,11,1,2023-01-07
618,CDM,14954876,33.5,2022,11,1,2023-01-07
619,CDM,14960213,660.167,2022,11,1,2023-01-07
620,CDM,14989770,3.3333,2022,11,1,2023-01-07
621,CDM,14989788,18.75,2022,11,1,2023-01-07
622,CDM,14989796,2.3333,2022,11,1,2023-01-07
623,CDM,14989809,23.75,2022,11,1,2023-01-07
624,CDM,14989825,322.083,2022,11,1,2023-01-07
625,CDM,14989833,71.1667,2022,11,1,2023-01-07
626,CDM,15095284,6.0,2022,11,1,2023-01-07
627,CDQ,14001338,0.8333,2022,11,1,2023-01-07
628,CDQ,14064873,0.6667,2022,11,1,2023-01-07
629,CDQ,14250123,1.5,2022,11,1,2023-01-07
630,CDQ,14545132,0.0833,2022,11,1,2023-01-07
631,CDQ,14561781,11.6667,2022,11,1,2023-01-07
632,CDQ,14682882,56.75,2022,11,1,2023-01-07
633,CDQ,14682891,14.0833,2022,11,1,2023-01-07
634,CDQ,14954868,0.3333,2022,11,1,2023-01-07
635,CDQ,14954876,26.75,2022,11,1,2023-01-07
636,CDQ,14960213,460.75,2022,11,1,2023-01-07
637,CDQ,14989770,0.5833,2022,11,1,2023-01-07
638,CDQ,14989788,16.8333,2022,11,1,2023-01-07
639,CDQ,14989796,64.6667,2022,11,1,2023-01-07
640,CDQ,14989809,38.75,2022,11,1,2023-01-07
641,CDQ,14989825,21.0,2022,11,1,2023-01-07
642,CDQ,14989833,0.9167,2022,11,1,2023-01-07
678,CDM,14001338,13.5,2022,11,2,2023-01-14
679,CDM,14064873,61.5833,2022,11,2,2023-01-14
680,CDM,14250123,42.9167,2022,11,2,2023-01-14
681,CDM,14545132,66.8333,2022,11,2,2023-01-14
682,CDM,14561781,48.5833,2022,11,2,2023-01-14
683,CDM,14682882,38.25,2022,11,2,2023-01-14
684,CDM,14682891,104.75,2022,11,2,2023-01-14
685,CDM,14758699,235.333,2022,11,2,2023-01-14
686,CDM,14954868,68.75,2022,11,2,2023-01-14
687,CDM,14954876,23.25,2022,11,2,2023-01-14
688,CDM,14960213,615.167,2022,11,2,2023-01-14
689,CDM,14989770,57.6667,2022,11,2,2023-01-14
690,CDM,14989788,73.5833,2022,11,2,2023-01-14
691,CDM,14989796,42.3333,2022,11,2,2023-01-14
692,CDM,14989809,20.5,2022,11,2,2023-01-14
693,CDM,14989825,320.167,2022,11,2,2023-01-14
694,CDM,14989833,62.9167,2022,11,2,2023-01-14
695,CDM,15095284,297.417,2022,11,2,2023-01-14
696,CDQ,14001338,0.5833,2022,11,2,2023-01-14
697,CDQ,14064873,0.6667,2022,11,2,2023-01-14
698,CDQ,14250123,13.5,2022,11,2,2023-01-14
699,CDQ,14545132,8.0833,2022,11,2,2023-01-14
700,CDQ,14561781,11.25,2022,11,2,2023-01-14
701,CDQ,14682882,39.3333,2022,11,2,2023-01-14
702,CDQ,14682891,11.0833,2022,11,2,2023-01-14
703,CDQ,14758699,60.0,2022,11,2,2023-01-14
704,CDQ,14954868,0.3333,2022,11,2,2023-01-14
705,CDQ,14954876,24.75,2022,11,2,2023-01-14
706,CDQ,14960213,452.417,2022,11,2,2023-01-14
707,CDQ,14989770,0.4167,2022,11,2,2023-01-14
708,CDQ,14989788,10.8333,2022,11,2,2023-01-14
709,CDQ,14989796,24.6667,2022,11,2,2023-01-14
710,CDQ,14989809,34.75,2022,11,2,2023-01-14
711,CDQ,14989825,18.0,2022,11,2,2023-01-14
712,CDQ,14989833,0.9167,2022,11,2,2023-01-14
713,CDM,14001338,68.5,2022,11,3,2023-01-21
714,CDM,14064873,56.4167,2022,11,3,2023-01-21
715,CDM,14250123,40.8333,2022,11,3,2023-01-21
716,CDM,14545132,111.667,2022,11,3,2023-01-21
717,CDM,14561781,99.4167,2022,11,3,2023-01-21
718,CDM,14682882,253.0,2022,11,3,2023-01-21
719,CDM,14682891,99.5833,2022,11,3,2023-01-21
720,CDM,14758699,166.583,2022,11,3,2023-01-21
721,CDM,14954868,188.417,2022,11,3,2023-01-21
722,CDM,14954876,67.25,2022,11,3,2023-01-21
723,CDM,14960213,582.167,2022,11,3,2023-01-21
724,CDM,14989770,141.333,2022,11,3,2023-01-21
725,CDM,14989788,63.0833,2022,11,3,2023-01-21
726,CDM,14989796,38.25,2022,11,3,2023-01-21
727,CDM,14989809,8.5,2022,11,3,2023-01-21
728,CDM,14989825,317.75,2022,11,3,2023-01-21
729,CDM,14989833,116.583,2022,11,3,2023-01-21
730,CDM,15095284,269.167,2022,11,3,2023-01-21
731,CDQ,14001338,0.5833,2022,11,3,2023-01-21
732,CDQ,14064873,0.6667,2022,11,3,2023-01-21
733,CDQ,14250123,12.5,2022,11,3,2023-01-21
734,CDQ,14545132,0.0833,2022,11,3,2023-01-21
735,CDQ,14561781,6.3333,2022,11,3,2023-01-21
736,CDQ,14682882,25.3333,2022,11,3,2023-01-21
737,CDQ,14682891,9.9167,2022,11,3,2023-01-21
738,CDQ,14758699,13.8333,2022,11,3,2023-01-21
739,CDQ,14954868,1.1667,2022,11,3,2023-01-21
740,CDQ,14954876,18.75,2022,11,3,2023-01-21
741,CDQ,14960213,451.417,2022,11,3,2023-01-21
742,CDQ,14989770,0.3333,2022,11,3,2023-01-21
743,CDQ,14989788,9.8333,2022,11,3,2023-01-21
744,CDQ,14989796,24.5,2022,11,3,2023-01-21
745,CDQ,14989809,34.75,2022,11,3,2023-01-21
746,CDQ,14989825,18.0,2022,11,3,2023-01-21
747,CDQ,14989833,0.9167,2022,11,3,2023-01-21
748,CDM,14001338,63.3333,2022,11,4,2023-01-28
749,CDM,14064873,40.5833,2022,11,4,2023-01-28
750,CDM,14250123,38.75,2022,11,4,2023-01-28
751,CDM,14545132,84.4167,2022,11,4,2023-01-28
752,CDM,14561781,87.0,2022,11,4,2023-01-28
753,CDM,14682882,149.667,2022,11,4,2023-01-28
754,CDM,14682891,96.5833,2022,11,4,2023-01-28
755,CDM,14758699,240.333,2022,11,4,2023-01-28
756,CDM,14954868,188.083,2022,11,4,2023-01-28
757,CDM,14954876,66.1667,2022,11,4,2023-01-28
758,CDM,14960213,545.167,2022,11,4,2023-01-28
759,CDM,14989770,106.0,2022,11,4,2023-01-28
760,CDM,14989788,53.6667,2022,11,4,2023-01-28
761,CDM,14989796,31.1667,2022,11,4,2023-01-28
762,CDM,14989809,3.3333,2022,11,4,2023-01-28
763,CDM,14989825,307.667,2022,11,4,2023-01-28
764,CDM,14989833,93.9167,2022,11,4,2023-01-28
765,CDM,15095284,121.833,2022,11,4,2023-01-28
766,CDQ,14001338,0.5833,2022,11,4,2023-01-28
767,CDQ,14064873,0.6667,2022,11,4,2023-01-28
768,CDQ,14250123,12.5,2022,11,4,2023-01-28
769,CDQ,14545132,6.0,2022,11,4,2023-01-28
770,CDQ,14561781,6.3333,2022,11,4,2023-01-28
771,CDQ,14682882,67.1667,2022,11,4,2023-01-28
772,CDQ,14682891,9.9167,2022,11,4,2023-01-28
773,CDQ,14758699,59.1667,2022,11,4,2023-01-28
774,CDQ,14954868,0.0833,2022,11,4,2023-01-28
775,CDQ,14954876,16.75,2022,11,4,2023-01-28
776,CDQ,14960213,432.417,2022,11,4,2023-01-28
777,CDQ,14989770,0.25,2022,11,4,2023-01-28
778,CDQ,14989788,10.6667,2022,11,4,2023-01-28
779,CDQ,14989796,19.5,2022,11,4,2023-01-28
780,CDQ,14989809,33.75,2022,11,4,2023-01-28
781,CDQ,14989825,10.0,2022,11,4,2023-01-28
782,CDQ,14989833,10.9167,2022,11,4,2023-01-28
783,CDM,14001338,61.3333,2022,12,1,2023-02-04
784,CDM,14064873,139.25,2022,12,1,2023-02-04
785,CDM,14250123,37.75,2022,12,1,2023-02-04
786,CDM,14545132,163.833,2022,12,1,2023-02-04
787,CDM,14561781,132.833,2022,12,1,2023-02-04
788,CDM,14682882,364.0,2022,12,1,2023-02-04
789,CDM,14682891,96.4167,2022,12,1,2023-02-04
790,CDM,14758699,205.333,2022,12,1,2023-02-04
791,CDM,14954868,170.833,2022,12,1,2023-02-04
792,CDM,14954876,176.667,2022,12,1,2023-02-04
793,CDM,14960213,522.667,2022,12,1,2023-02-04
794,CDM,14989770,207.583,2022,12,1,2023-02-04
795,CDM,14989788,107.25,2022,12,1,2023-02-04
796,CDM,14989796,30.9167,2022,12,1,2023-02-04
797,CDM,14989809,63.1667,2022,12,1,2023-02-04
798,CDM,14989825,247.5,2022,12,1,2023-02-04
799,CDM,14989833,88.75,2022,12,1,2023-02-04
800,CDM,15095284,65.0833,2022,12,1,2023-02-04
801,CDQ,14001338,0.5833,2022,12,1,2023-02-04
802,CDQ,14064873,0.5,2022,12,1,2023-02-04
803,CDQ,14250123,11.5,2022,12,1,2023-02-04
804,CDQ,14545132,32.0,2022,12,1,2023-02-04
805,CDQ,14561781,16.1667,2022,12,1,2023-02-04
806,CDQ,14682882,56.0,2022,12,1,2023-02-04
807,CDQ,14682891,8.6667,2022,12,1,2023-02-04
808,CDQ,14758699,34.6667,2022,12,1,2023-02-04
809,CDQ,14954868,0.0833,2022,12,1,2023-02-04
810,CDQ,14954876,16.75,2022,12,1,2023-02-04
811,CDQ,14960213,432.417,2022,12,1,2023-02-04
812,CDQ,14989770,0.25,2022,12,1,2023-02-04
813,CDQ,14989788,8.6667,2022,12,1,2023-02-04
814,CDQ,14989796,17.5,2022,12,1,2023-02-04
815,CDQ,14989809,28.75,2022,12,1,2023-02-04
816,CDQ,14989825,70.0,2022,12,1,2023-02-04
817,CDQ,14989833,10.9167,2022,12,1,2023-02-04
818,CDM,14001338,41.0833,2022,12,2,2023-02-11
819,CDM,14064873,45.75,2022,12,2,2023-02-11
820,CDM,14250123,36.5833,2022,12,2,2023-02-11
821,CDM,14545132,162.25,2022,12,2,2023-02-11
822,CDM,14561781,128.75,2022,12,2,2023-02-11
823,CDM,14682882,217.0,2022,12,2,2023-02-11
824,CDM,14682891,94.4167,2022,12,2,2023-02-11
825,CDM,14758699,188.583,2022,12,2,2023-02-11
826,CDM,14954868,152.5,2022,12,2,2023-02-11
827,CDM,14954876,171.917,2022,12,2,2023-02-11
828,CDM,14960213,484.667,2022,12,2,2023-02-11
829,CDM,14989770,133.833,2022,12,2,2023-02-11
830,CDM,14989788,102.583,2022,12,2,2023-02-11
831,CDM,14989796,30.6667,2022,12,2,2023-02-11
832,CDM,14989809,61.6667,2022,12,2,2023-02-11
833,CDM,14989825,248.417,2022,12,2,2023-02-11
834,CDM,14989833,85.5833,2022,12,2,2023-02-11
835,CDM,15095284,184.417,2022,12,2,2023-02-11
836,CDQ,14001338,14.5833,2022,12,2,2023-02-11
837,CDQ,14064873,56.4167,2022,12,2,2023-02-11
838,CDQ,14250123,11.4167,2022,12,2,2023-02-11
839,CDQ,14545132,29.0,2022,12,2,2023-02-11
840,CDQ,14561781,10.9167,2022,12,2,2023-02-11
841,CDQ,14682882,102.0,2022,12,2,2023-02-11
842,CDQ,14682891,5.6667,2022,12,2,2023-02-11
843,CDQ,14758699,14.3333,2022,12,2,2023-02-11
844,CDQ,14954868,10.0833,2022,12,2,2023-02-11
845,CDQ,14954876,13.75,2022,12,2,2023-02-11
846,CDQ,14960213,425.417,2022,12,2,2023-02-11
847,CDQ,14989770,60.0,2022,12,2,2023-02-11
848,CDQ,14989788,6.6667,2022,12,2,2023-02-11
849,CDQ,14989796,16.5,2022,12,2,2023-02-11
850,CDQ,14989809,28.75,2022,12,2,2023-02-11
851,CDQ,14989825,70.0,2022,12,2,2023-02-11
852,CDQ,14989833,9.9167,2022,12,2,2023-02-11
853,CDQ,15095284,23.0,2022,12,2,2023-02-11
854,CDM,14001338,39.0833,2022,12,3,2023-02-18
855,CDM,14064873,33.3333,2022,12,3,2023-02-18
856,CDM,14250123,36.3333,2022,12,3,2023-02-18
857,CDM,14545132,154.667,2022,12,3,2023-02-18
858,CDM,14561781,128.75,2022,12,3,2023-02-18
859,CDM,14682882,185.167,2022,12,3,2023-02-18
860,CDM,14682891,91.4167,2022,12,3,2023-02-18
861,CDM,14758699,151.833,2022,12,3,2023-02-18
862,CDM,14954868,137.167,2022,12,3,2023-02-18
863,CDM,14954876,169.667,2022,12,3,2023-02-18
864,CDM,14960213,430.167,2022,12,3,2023-02-18
865,CDM,14989770,123.583,2022,12,3,2023-02-18
866,CDM,14989788,98.8333,2022,12,3,2023-02-18
867,CDM,14989796,29.5833,2022,12,3,2023-02-18
868,CDM,14989809,54.6667,2022,12,3,2023-02-18
869,CDM,14989825,250.25,2022,12,3,2023-02-18
870,CDM,14989833,79.4167,2022,12,3,2023-02-18
871,CDM,15095284,182.25,2022,12,3,2023-02-18
872,CDQ,14001338,14.5,2022,12,3,2023-02-18
873,CDQ,14064873,48.4167,2022,12,3,2023-02-18
874,CDQ,14250123,9.1667,2022,12,3,2023-02-18
875,CDQ,14545132,19.9167,2022,12,3,2023-02-18
876,CDQ,14561781,9.9167,2022,12,3,2023-02-18
877,CDQ,14682882,86.1667,2022,12,3,2023-02-18
878,CDQ,14682891,2.5833,2022,12,3,2023-02-18
879,CDQ,14758699,2.0,2022,12,3,2023-02-18
880,CDQ,14954868,8.0833,2022,12,3,2023-02-18
881,CDQ,14954876,9.75,2022,12,3,2023-02-18
882,CDQ,14960213,413.417,2022,12,3,2023-02-18
883,CDQ,14989770,55.9167,2022,12,3,2023-02-18
884,CDQ,14989788,0.5,2022,12,3,2023-02-18
885,CDQ,14989796,14.5,2022,12,3,2023-02-18
886,CDQ,14989809,24.75,2022,12,3,2023-02-18
887,CDQ,14989825,67.9167,2022,12,3,2023-02-18
888,CDQ,14989833,3.9167,2022,12,3,2023-02-18
889,CDQ,15095284,3.8333,2022,12,3,2023-02-18
962,CDM,14001338,37.8333,2022,12,4,2023-02-25
963,CDM,14064873,16.5833,2022,12,4,2023-02-25
964,CDM,14250123,36.3333,2022,12,4,2023-02-25
965,CDM,14545132,146.25,2022,12,4,2023-02-25
966,CDM,14561781,58.5833,2022,12,4,2023-02-25
967,CDM,14682882,145.917,2022,12,4,2023-02-25
968,CDM,14682891,80.3333,2022,12,4,2023-02-25
969,CDM,14758699,117.75,2022,12,4,2023-02-25
970,CDM,14954868,58.0833,2022,12,4,2023-02-25
971,CDM,14954876,157.583,2022,12,4,2023-02-25
972,CDM,14960213,371.0,2022,12,4,2023-02-25
973,CDM,14989770,109.083,2022,12,4,2023-02-25
974,CDM,14989788,29.5833,2022,12,4,2023-02-25
975,CDM,14989796,29.4167,2022,12,4,2023-02-25
976,CDM,14989809,47.6667,2022,12,4,2023-02-25
977,CDM,14989825,252.25,2022,12,4,2023-02-25
978,CDM,14989833,15.3333,2022,12,4,2023-02-25
979,CDM,15095284,92.8333,2022,12,4,2023-02-25
980,CDQ,14001338,14.3333,2022,12,4,2023-02-25
981,CDQ,14064873,45.0833,2022,12,4,2023-02-25
982,CDQ,14250123,9.1667,2022,12,4,2023-02-25
983,CDQ,14545132,6.6667,2022,12,4,2023-02-25
984,CDQ,14561781,66.9167,2022,12,4,2023-02-25
985,CDQ,14682882,63.8333,2022,12,4,2023-02-25
986,CDQ,14682891,11.5833,2022,12,4,2023-02-25
987,CDQ,14758699,8.0,2022,12,4,2023-02-25
988,CDQ,14954868,3.0833,2022,12,4,2023-02-25
989,CDQ,14954876,9.75,2022,12,4,2023-02-25
990,CDQ,14960213,404.417,2022,12,4,2023-02-25
991,CDQ,14989770,40.8333,2022,12,4,2023-02-25
992,CDQ,14989788,52.5,2022,12,4,2023-02-25
993,CDQ,14989796,13.5,2022,12,4,2023-02-25
994,CDQ,14989809,21.75,2022,12,4,2023-02-25
995,CDQ,14989825,67.9167,2022,12,4,2023-02-25
996,CDQ,14989833,53.9167,2022,12,4,2023-02-25
997,CDQ,15095284,59.6667,2022,12,4,2023-02-25
998,CDM,14001338,36.5833,2022,13,1,2023-03-04
999,CDM,14064873,67.3333,2022,13,1,2023-03-04
1000,CDM,14250123,32.9167,2022,13,1,2023-03-04
1001,CDM,14545132,138.833,2022,13,1,2023-03-04
1002,CDM,14561781,53.3333,2022,13,1,2023-03-04
1003,CDM,14682882,236.25,2022,13,1,2023-03-04
1004,CDM,14682891,77.0,2022,13,1,2023-03-04
1005,CDM,14758699,240.5,2022,13,1,2023-03-04
1006,CDM,14954868,39.75,2022,13,1,2023-03-04
1007,CDM,14954876,92.8333,2022,13,1,2023-03-04
1008,CDM,14960213,352.0,2022,13,1,2023-03-04
1009,CDM,14989770,101.75,2022,13,1,2023-03-04
1010,CDM,14989788,25.1667,2022,13,1,2023-03-04
1011,CDM,14989796,29.25,2022,13,1,2023-03-04
1012,CDM,14989809,42.6667,2022,13,1,2023-03-04
1013,CDM,14989825,251.833,2022,13,1,2023-03-04
1014,CDM,14989833,9.0,2022,13,1,2023-03-04
1015,CDM,15095284,44.5,2022,13,1,2023-03-04
1016,CDQ,14001338,14.25,2022,13,1,2023-03-04
1017,CDQ,14064873,37.0833,2022,13,1,2023-03-04
1018,CDQ,14250123,5.0833,2022,13,1,2023-03-04
1019,CDQ,14545132,1.6667,2022,13,1,2023-03-04
1020,CDQ,14561781,59.9167,2022,13,1,2023-03-04
1021,CDQ,14682882,52.1667,2022,13,1,2023-03-04
1022,CDQ,14682891,10.5,2022,13,1,2023-03-04
1023,CDQ,14758699,20.0,2022,13,1,2023-03-04
1024,CDQ,14954868,62.0833,2022,13,1,2023-03-04
1025,CDQ,14954876,68.75,2022,13,1,2023-03-04
1026,CDQ,14960213,395.417,2022,13,1,2023-03-04
1027,CDQ,14989770,38.5833,2022,13,1,2023-03-04
1028,CDQ,14989788,51.5,2022,13,1,2023-03-04
1029,CDQ,14989796,12.5,2022,13,1,2023-03-04
1030,CDQ,14989809,19.5833,2022,13,1,2023-03-04
1031,CDQ,14989825,66.9167,2022,13,1,2023-03-04
1032,CDQ,14989833,53.9167,2022,13,1,2023-03-04
1033,CDQ,15095284,41.3333,2022,13,1,2023-03-04
1034,CDM,14001338,33.5,2022,13,2,2023-03-11
1035,CDM,14064873,61.0833,2022,13,2,2023-03-11
1036,CDM,14250123,31.25,2022,13,2,2023-03-11
1037,CDM,14545132,132.0,2022,13,2,2023-03-11
1038,CDM,14561781,48.9167,2022,13,2,2023-03-11
1039,CDM,14682882,202.583,2022,13,2,2023-03-11
1040,CDM,14682891,75.75,2022,13,2,2023-03-11
1041,CDM,14758699,272.083,2022,13,2,2023-03-11
1042,CDM,14954868,93.5833,2022,13,2,2023-03-11
1043,CDM,14954876,89.0833,2022,13,2,2023-03-11
1044,CDM,14954892,165.833,2022,13,2,2023-03-11
1045,CDM,14960213,329.167,2022,13,2,2023-03-11
1046,CDM,14989770,153.833,2022,13,2,2023-03-11
1047,CDM,14989788,83.5833,2022,13,2,2023-03-11
1048,CDM,14989796,29.1667,2022,13,2,2023-03-11
1049,CDM,14989809,41.5,2022,13,2,2023-03-11
1050,CDM,14989825,251.75,2022,13,2,2023-03-11
1051,CDM,14989833,68.0,2022,13,2,2023-03-11
1052,CDM,15095284,30.0833,2022,13,2,2023-03-11
1053,CDQ,14001338,14.25,2022,13,2,2023-03-11
1054,CDQ,14064873,29.8333,2022,13,2,2023-03-11
1055,CDQ,14250123,5.0,2022,13,2,2023-03-11
1056,CDQ,14545132,0.6667,2022,13,2,2023-03-11
1057,CDQ,14561781,59.3333,2022,13,2,2023-03-11
1058,CDQ,14682882,51.9167,2022,13,2,2023-03-11
1059,CDQ,14682891,10.3333,2022,13,2,2023-03-11
1060,CDQ,14758699,48.0,2022,13,2,2023-03-11
1061,CDQ,14954868,59.6667,2022,13,2,2023-03-11
1062,CDQ,14954876,66.6667,2022,13,2,2023-03-11
1063,CDQ,14960213,393.417,2022,13,2,2023-03-11
1064,CDQ,14989770,33.5833,2022,13,2,2023-03-11
1065,CDQ,14989788,50.5,2022,13,2,2023-03-11
1066,CDQ,14989796,11.5,2022,13,2,2023-03-11
1067,CDQ,14989809,18.4167,2022,13,2,2023-03-11
1068,CDQ,14989825,66.9167,2022,13,2,2023-03-11
1069,CDQ,14989833,51.8333,2022,13,2,2023-03-11
1070,CDQ,15095284,18.3333,2022,13,2,2023-03-11
1071,CDM,14001338,32.1667,2022,13,3,2023-03-18
1072,CDM,14064873,58.75,2022,13,3,2023-03-18
1073,CDM,14250123,28.8333,2022,13,3,2023-03-18
1074,CDM,14545132,119.0,2022,13,3,2023-03-18
1075,CDM,14561781,46.75,2022,13,3,2023-03-18
1076,CDM,14682882,171.583,2022,13,3,2023-03-18
1077,CDM,14682891,73.75,2022,13,3,2023-03-18
1078,CDM,14758699,254.75,2022,13,3,2023-03-18
1079,CDM,14954868,86.3333,2022,13,3,2023-03-18
1080,CDM,14954876,87.0,2022,13,3,2023-03-18
1081,CDM,14954892,140.0,2022,13,3,2023-03-18
1082,CDM,14960213,296.833,2022,13,3,2023-03-18
1083,CDM,14989770,151.583,2022,13,3,2023-03-18
1084,CDM,14989788,80.3333,2022,13,3,2023-03-18
1085,CDM,14989796,29.0,2022,13,3,2023-03-18
1086,CDM,14989809,37.25,2022,13,3,2023-03-18
1087,CDM,14989825,251.667,2022,13,3,2023-03-18
1088,CDM,14989833,66.9167,2022,13,3,2023-03-18
1089,CDM,15095284,12.3333,2022,13,3,2023-03-18
1090,CDQ,14001338,14.1667,2022,13,3,2023-03-18
1091,CDQ,14064873,15.8333,2022,13,3,2023-03-18
1092,CDQ,14250123,3.8333,2022,13,3,2023-03-18
1093,CDQ,14545132,5.5833,2022,13,3,2023-03-18
1094,CDQ,14561781,58.3333,2022,13,3,2023-03-18
1095,CDQ,14682882,35.4167,2022,13,3,2023-03-18
1096,CDQ,14682891,8.3333,2022,13,3,2023-03-18
1097,CDQ,14758699,22.5833,2022,13,3,2023-03-18
1098,CDQ,14954868,57.6667,2022,13,3,2023-03-18
1099,CDQ,14954876,65.5,2022,13,3,2023-03-18
1100,CDQ,14960213,382.417,2022,13,3,2023-03-18
1101,CDQ,14989770,24.5,2022,13,3,2023-03-18
1102,CDQ,14989788,48.4167,2022,13,3,2023-03-18
1103,CDQ,14989796,8.5,2022,13,3,2023-03-18
1104,CDQ,14989809,17.4167,2022,13,3,2023-03-18
1105,CDQ,14989825,65.9167,2022,13,3,2023-03-18
1106,CDQ,14989833,45.75,2022,13,3,2023-03-18
1107,CDQ,15095284,3.25,2022,13,3,2023-03-18
1108,CDM,14001338,29.1667,2022,13,4,2023-03-25
1109,CDM,14064873,57.9166,2022,13,4,2023-03-25
1110,CDM,14250123,27.6667,2022,13,4,2023-03-25
1111,CDM,14545132,96.5833,2022,13,4,2023-03-25
1112,CDM,14561781,43.6667,2022,13,4,2023-03-25
1113,CDM,14682882,320.917,2022,13,4,2023-03-25
1114,CDM,14682891,66.6667,2022,13,4,2023-03-25
1115,CDM,14758699,170.833,2022,13,4,2023-03-25
1116,CDM,14954868,73.25,2022,13,4,2023-03-25
1117,CDM,14954876,79.6667,2022,13,4,2023-03-25
1118,CDM,14954892,102.583,2022,13,4,2023-03-25
1119,CDM,14960213,257.0,2022,13,4,2023-03-25
1120,CDM,14989770,139.833,2022,13,4,2023-03-25
1121,CDM,14989788,77.25,2022,13,4,2023-03-25
1122,CDM,14989796,25.8333,2022,13,4,2023-03-25
1123,CDM,14989809,35.6667,2022,13,4,2023-03-25
1124,CDM,14989825,250.5,2022,13,4,2023-03-25
1125,CDM,14989833,63.4167,2022,13,4,2023-03-25
1126,CDM,15095284,8.5833,2022,13,4,2023-03-25
1127,CDQ,14001338,14.1667,2022,13,4,2023-03-25
1128,CDQ,14064873,3.8333,2022,13,4,2023-03-25
1129,CDQ,14250123,3.8333,2022,13,4,2023-03-25
1130,CDQ,14545132,10.5833,2022,13,4,2023-03-25
1131,CDQ,14561781,56.3333,2022,13,4,2023-03-25
1132,CDQ,14682882,14.0833,2022,13,4,2023-03-25
1133,CDQ,14682891,8.3333,2022,13,4,2023-03-25
1134,CDQ,14758699,67.5,2022,13,4,2023-03-25
1135,CDQ,14954868,54.6667,2022,13,4,2023-03-25
1136,CDQ,14954876,65.5,2022,13,4,2023-03-25
1137,CDQ,14960213,357.417,2022,13,4,2023-03-25
1138,CDQ,14989770,17.5,2022,13,4,2023-03-25
1139,CDQ,14989788,48.4167,2022,13,4,2023-03-25
1140,CDQ,14989796,4.5,2022,13,4,2023-03-25
1141,CDQ,14989809,12.4167,2022,13,4,2023-03-25
1142,CDQ,14989825,65.9167,2022,13,4,2023-03-25
1143,CDQ,14989833,44.75,2022,13,4,2023-03-25
1144,CDQ,15095284,0.1667,2022,13,4,2023-03-25
1145,CDM,14001338,25.4167,2023,1,1,2023-04-01
1146,CDM,14064873,38.0833,2023,1,1,2023-04-01
1147,CDM,14250123,23.5833,2023,1,1,2023-04-01
1148,CDM,14545132,74.3333,2023,1,1,2023-04-01
1149,CDM,14561781,41.6667,2023,1,1,2023-04-01
1150,CDM,14682882,285.333,2023,1,1,2023-04-01
1151,CDM,14682891,66.5833,2023,1,1,2023-04-01
1152,CDM,14758699,148.75,2023,1,1,2023-04-01
1153,CDM,14954868,64.0833,2023,1,1,2023-04-01
1154,CDM,14954876,75.25,2023,1,1,2023-04-01
1155,CDM,14954892,71.3333,2023,1,1,2023-04-01
1156,CDM,14960213,221.333,2023,1,1,2023-04-01
1157,CDM,14989770,83.5833,2023,1,1,2023-04-01
1158,CDM,14989788,74.1667,2023,1,1,2023-04-01
1159,CDM,14989796,14.8333,2023,1,1,2023-04-01
1160,CDM,14989809,31.25,2023,1,1,2023-04-01
1161,CDM,14989825,252.25,2023,1,1,2023-04-01
1162,CDM,14989833,54.4167,2023,1,1,2023-04-01
1163,CDM,15095284,8.0833,2023,1,1,2023-04-01
1164,CDQ,14001338,14.1667,2023,1,1,2023-04-01
1165,CDQ,14064873,14.6667,2023,1,1,2023-04-01
1166,CDQ,14250123,2.5833,2023,1,1,2023-04-01
1167,CDQ,14545132,15.5833,2023,1,1,2023-04-01
1168,CDQ,14561781,52.25,2023,1,1,2023-04-01
1169,CDQ,14682882,56.5,2023,1,1,2023-04-01
1170,CDQ,14682891,8.25,2023,1,1,2023-04-01
1171,CDQ,14758699,43.1667,2023,1,1,2023-04-01
1172,CDQ,14954868,50.6667,2023,1,1,2023-04-01
1173,CDQ,14954876,64.5,2023,1,1,2023-04-01
1174,CDQ,14960213,344.417,2023,1,1,2023-04-01
1175,CDQ,14989770,52.4167,2023,1,1,2023-04-01
1176,CDQ,14989788,47.4167,2023,1,1,2023-04-01
1177,CDQ,14989796,12.5,2023,1,1,2023-04-01
1178,CDQ,14989809,9.4167,2023,1,1,2023-04-01
1179,CDQ,14989825,65.9167,2023,1,1,2023-04-01
1180,CDQ,14989833,43.75,2023,1,1,2023-04-01
1181,CDQ,15095284,0.1667,2023,1,1,2023-04-01
1258,CDM,14001338,22.75,2023,1,2,2023-04-08
1259,CDM,14064873,29.0833,2023,1,2,2023-04-08
1260,CDM,14250123,22.5,2023,1,2,2023-04-08
1261,CDM,14545132,60.25,2023,1,2,2023-04-08
1262,CDM,14561781,38.4167,2023,1,2,2023-04-08
1263,CDM,14682882,192.0,2023,1,2,2023-04-08
1264,CDM,14682891,61.5,2023,1,2,2023-04-08
1265,CDM,14758699,190.5,2023,1,2,2023-04-08
1266,CDM,14954868,58.0,2023,1,2,2023-04-08
1267,CDM,14954876,68.8333,2023,1,2,2023-04-08
1268,CDM,14954892,194.167,2023,1,2,2023-04-08
1269,CDM,14960213,200.0,2023,1,2,2023-04-08
1270,CDM,14989770,75.3333,2023,1,2,2023-04-08
1271,CDM,14989788,69.4167,2023,1,2,2023-04-08
1272,CDM,14989796,14.5833,2023,1,2,2023-04-08
1273,CDM,14989809,78.9167,2023,1,2,2023-04-08
1274,CDM,14989825,252.0,2023,1,2,2023-04-08
1275,CDM,14989833,53.25,2023,1,2,2023-04-08
1276,CDM,15095284,7.3333,2023,1,2,2023-04-08
1277,CDM,15168156,560.75,2023,1,2,2023-04-08
1278,CDQ,14001338,14.1667,2023,1,2,2023-04-08
1279,CDQ,14064873,8.6667,2023,1,2,2023-04-08
1280,CDQ,14250123,1.5833,2023,1,2,2023-04-08
1281,CDQ,14545132,19.5833,2023,1,2,2023-04-08
1282,CDQ,14561781,50.1667,2023,1,2,2023-04-08
1283,CDQ,14682882,98.0,2023,1,2,2023-04-08
1284,CDQ,14682891,7.1667,2023,1,2,2023-04-08
1285,CDQ,14758699,26.5,2023,1,2,2023-04-08
1286,CDQ,14954868,49.6667,2023,1,2,2023-04-08
1287,CDQ,14954876,62.5,2023,1,2,2023-04-08
1288,CDQ,14960213,335.417,2023,1,2,2023-04-08
1289,CDQ,14989770,44.4167,2023,1,2,2023-04-08
1290,CDQ,14989788,43.4167,2023,1,2,2023-04-08
1291,CDQ,14989796,10.5,2023,1,2,2023-04-08
1292,CDQ,14989809,5.4167,2023,1,2,2023-04-08
1293,CDQ,14989825,65.9167,2023,1,2,2023-04-08
1294,CDQ,14989833,40.75,2023,1,2,2023-04-08
1295,CDQ,15095284,0.0833,2023,1,2,2023-04-08
1296,CDQ,15168156,182.0,2023,1,2,2023-04-08
1297,CDM,14001338,16.1667,2023,1,4,2023-04-22
1298,CDM,14064873,15.1666,2023,1,4,2023-04-22
1299,CDM,14250123,13.3333,2023,1,4,2023-04-22
1300,CDM,14545132,105.75,2023,1,4,2023-04-22
1301,CDM,14561781,31.3333,2023,1,4,2023-04-22
1302,CDM,14682882,116.25,2023,1,4,2023-04-22
1303,CDM,14682891,55.3333,2023,1,4,2023-04-22
1304,CDM,14758699,137.083,2023,1,4,2023-04-22
1305,CDM,14954868,43.5833,2023,1,4,2023-04-22
1306,CDM,14954876,57.1667,2023,1,4,2023-04-22
1307,CDM,14954892,74.25,2023,1,4,2023-04-22
1308,CDM,14960213,139.167,2023,1,4,2023-04-22
1309,CDM,14989770,48.8333,2023,1,4,2023-04-22
1310,CDM,14989788,64.9167,2023,1,4,2023-04-22
1311,CDM,14989796,13.5,2023,1,4,2023-04-22
1312,CDM,14989809,73.75,2023,1,4,2023-04-22
1313,CDM,14989825,249.667,2023,1,4,2023-04-22
1314,CDM,14989833,43.6667,2023,1,4,2023-04-22
1315,CDM,15095284,183.5,2023,1,4,2023-04-22
1316,CDM,15168156,190.25,2023,1,4,2023-04-22
1317,CDQ,14001338,13.1667,2023,1,4,2023-04-22
1318,CDQ,14064873,2.3333,2023,1,4,2023-04-22
1319,CDQ,14250123,0.5833,2023,1,4,2023-04-22
1320,CDQ,14545132,69.1667,2023,1,4,2023-04-22
1321,CDQ,14561781,45.75,2023,1,4,2023-04-22
1322,CDQ,14682882,58.5833,2023,1,4,2023-04-22
1323,CDQ,14682891,6.0833,2023,1,4,2023-04-22
1324,CDQ,14758699,40.8333,2023,1,4,2023-04-22
1325,CDQ,14954868,38.6667,2023,1,4,2023-04-22
1326,CDQ,14954876,59.5,2023,1,4,2023-04-22
1327,CDQ,14960213,304.417,2023,1,4,2023-04-22
1328,CDQ,14989770,32.3333,2023,1,4,2023-04-22
1329,CDQ,14989788,42.3333,2023,1,4,2023-04-22
1330,CDQ,14989796,4.4167,2023,1,4,2023-04-22
1331,CDQ,14989809,11.4167,2023,1,4,2023-04-22
1332,CDQ,14989825,63.9167,2023,1,4,2023-04-22
1333,CDQ,14989833,37.6667,2023,1,4,2023-04-22
1334,CDQ,15168156,43.0,2023,1,4,2023-04-22
1335,CDM,14001338,16.1667,2023,2,1,2023-04-29
1336,CDM,14064873,121.083,2023,2,1,2023-04-29
1337,CDM,14250123,10.1667,2023,2,1,2023-04-29
1338,CDM,14545132,98.5,2023,2,1,2023-04-29
1339,CDM,14561781,27.0833,2023,2,1,2023-04-29
1340,CDM,14682882,207.833,2023,2,1,2023-04-29
1341,CDM,14682891,44.1667,2023,2,1,2023-04-29
1342,CDM,14758699,172.75,2023,2,1,2023-04-29
1343,CDM,14954868,40.1667,2023,2,1,2023-04-29
1344,CDM,14954876,55.0,2023,2,1,2023-04-29
1345,CDM,14954892,167.25,2023,2,1,2023-04-29
1346,CDM,14960213,107.833,2023,2,1,2023-04-29
1347,CDM,14989770,157.25,2023,2,1,2023-04-29
1348,CDM,14989788,63.5833,2023,2,1,2023-04-29
1349,CDM,14989796,16.4167,2023,2,1,2023-04-29
1350,CDM,14989809,58.9167,2023,2,1,2023-04-29
1351,CDM,14989825,257.583,2023,2,1,2023-04-29
1352,CDM,14989833,36.8333,2023,2,1,2023-04-29
1353,CDM,15095284,70.5833,2023,2,1,2023-04-29
1354,CDM,15168156,137.75,2023,2,1,2023-04-29
1355,CDQ,14001338,13.1667,2023,2,1,2023-04-29
1356,CDQ,14064873,2.0833,2023,2,1,2023-04-29
1357,CDQ,14250123,0.5,2023,2,1,2023-04-29
1358,CDQ,14545132,62.1667,2023,2,1,2023-04-29
1359,CDQ,14561781,44.75,2023,2,1,2023-04-29
1360,CDQ,14682882,103.167,2023,2,1,2023-04-29
1361,CDQ,14682891,15.0,2023,2,1,2023-04-29
1362,CDQ,14758699,69.25,2023,2,1,2023-04-29
1363,CDQ,14954868,36.6667,2023,2,1,2023-04-29
1364,CDQ,14954876,57.1667,2023,2,1,2023-04-29
1365,CDQ,14960213,304.333,2023,2,1,2023-04-29
1366,CDQ,14989770,29.3333,2023,2,1,2023-04-29
1367,CDQ,14989788,42.3333,2023,2,1,2023-04-29
1368,CDQ,14989796,4.4167,2023,2,1,2023-04-29
1369,CDQ,14989809,11.4167,2023,2,1,2023-04-29
1370,CDQ,14989825,63.9167,2023,2,1,2023-04-29
1371,CDQ,14989833,33.6667,2023,2,1,2023-04-29
1372,CDQ,15095284,51.0,2023,2,1,2023-04-29
1373,CDQ,15168156,23.0,2023,2,1,2023-04-29
1374,CDM,14001338,14.0,2023,2,2,2023-05-06
1375,CDM,14064873,115.417,2023,2,2,2023-05-06
1376,CDM,14250123,62.8333,2023,2,2,2023-05-06
1377,CDM,14545132,94.1667,2023,2,2,2023-05-06
1378,CDM,14561781,23.0,2023,2,2,2023-05-06
1379,CDM,14682882,165.083,2023,2,2,2023-05-06
1380,CDM,14682891,44.0833,2023,2,2,2023-05-06
1381,CDM,14758699,151.083,2023,2,2,2023-05-06
1382,CDM,14954868,32.0,2023,2,2,2023-05-06
1383,CDM,14954876,51.0,2023,2,2,2023-05-06
1384,CDM,14954892,133.333,2023,2,2,2023-05-06
1385,CDM,14960213,58.6667,2023,2,2,2023-05-06
1386,CDM,14989770,150.083,2023,2,2,2023-05-06
1387,CDM,14989788,64.3333,2023,2,2,2023-05-06
1388,CDM,14989796,17.3333,2023,2,2,2023-05-06
1389,CDM,14989809,57.75,2023,2,2,2023-05-06
1390,CDM,14989825,254.417,2023,2,2,2023-05-06
1391,CDM,14989833,34.75,2023,2,2,2023-05-06
1392,CDM,15095284,218.083,2023,2,2,2023-05-06
1393,CDM,15168156,977.75,2023,2,2,2023-05-06
1394,CDQ,14001338,13.0833,2023,2,2,2023-05-06
1395,CDQ,14064873,2.0,2023,2,2,2023-05-06
1396,CDQ,14250123,0.5,2023,2,2,2023-05-06
1397,CDQ,14545132,50.9167,2023,2,2,2023-05-06
1398,CDQ,14561781,42.0833,2023,2,2,2023-05-06
1399,CDQ,14682882,94.8333,2023,2,2,2023-05-06
1400,CDQ,14682891,14.9167,2023,2,2,2023-05-06
1401,CDQ,14758699,49.1667,2023,2,2,2023-05-06
1402,CDQ,14954868,32.6667,2023,2,2,2023-05-06
1403,CDQ,14954876,54.1667,2023,2,2,2023-05-06
1404,CDQ,14960213,300.333,2023,2,2,2023-05-06
1405,CDQ,14989770,20.3333,2023,2,2,2023-05-06
1406,CDQ,14989788,40.3333,2023,2,2,2023-05-06
1407,CDQ,14989796,3.3333,2023,2,2,2023-05-06
1408,CDQ,14989809,30.4167,2023,2,2,2023-05-06
1409,CDQ,14989825,63.9167,2023,2,2,2023-05-06
1410,CDQ,14989833,28.6667,2023,2,2,2023-05-06
1411,CDQ,15095284,27.75,2023,2,2,2023-05-06
1412,CDQ,15168156,2.5,2023,2,2,2023-05-06
1413,CDM,14001338,11.6667,2023,2,3,2023-05-13
1414,CDM,14064873,77.0833,2023,2,3,2023-05-13
1415,CDM,14250123,58.75,2023,2,3,2023-05-13
1416,CDM,14545132,90.8333,2023,2,3,2023-05-13
1417,CDM,14561781,23.4167,2023,2,3,2023-05-13
1418,CDM,14682882,108.25,2023,2,3,2023-05-13
1419,CDM,14682891,46.9167,2023,2,3,2023-05-13
1420,CDM,14758699,125.5,2023,2,3,2023-05-13
1421,CDM,14954868,25.75,2023,2,3,2023-05-13
1422,CDM,14954876,44.3333,2023,2,3,2023-05-13
1423,CDM,14954892,56.4167,2023,2,3,2023-05-13
1424,CDM,14960213,49.8333,2023,2,3,2023-05-13
1425,CDM,14989770,117.667,2023,2,3,2023-05-13
1426,CDM,14989788,64.0,2023,2,3,2023-05-13
1427,CDM,14989796,17.3333,2023,2,3,2023-05-13
1428,CDM,14989809,53.3333,2023,2,3,2023-05-13
1429,CDM,14989825,255.25,2023,2,3,2023-05-13
1430,CDM,14989833,31.5833,2023,2,3,2023-05-13
1431,CDM,15095284,134.5,2023,2,3,2023-05-13
1432,CDM,15168156,678.5,2023,2,3,2023-05-13
1433,CDQ,14001338,13.0833,2023,2,3,2023-05-13
1434,CDQ,14064873,28.0,2023,2,3,2023-05-13
1435,CDQ,14250123,0.5,2023,2,3,2023-05-13
1436,CDQ,14545132,45.6667,2023,2,3,2023-05-13
1437,CDQ,14561781,42.0833,2023,2,3,2023-05-13
1438,CDQ,14682882,79.8333,2023,2,3,2023-05-13
1439,CDQ,14682891,14.75,2023,2,3,2023-05-13
1440,CDQ,14758699,19.8333,2023,2,3,2023-05-13
1441,CDQ,14954868,28.6667,2023,2,3,2023-05-13
1442,CDQ,14954876,50.1667,2023,2,3,2023-05-13
1443,CDQ,14954892,35.0,2023,2,3,2023-05-13
1444,CDQ,14960213,278.333,2023,2,3,2023-05-13
1445,CDQ,14989770,34.3333,2023,2,3,2023-05-13
1446,CDQ,14989788,39.3333,2023,2,3,2023-05-13
1447,CDQ,14989796,3.3333,2023,2,3,2023-05-13
1448,CDQ,14989809,30.4167,2023,2,3,2023-05-13
1449,CDQ,14989825,63.9167,2023,2,3,2023-05-13
1450,CDQ,14989833,24.1667,2023,2,3,2023-05-13
1451,CDQ,15095284,68.1667,2023,2,3,2023-05-13
1452,CDQ,15168156,183.5,2023,2,3,2023-05-13
1453,CDM,14001338,67.4167,2023,2,4,2023-05-20
1454,CDM,14064873,68.0833,2023,2,4,2023-05-20
1455,CDM,14250123,58.5,2023,2,4,2023-05-20
1456,CDM,14545132,84.75,2023,2,4,2023-05-20
1457,CDM,14561781,70.1667,2023,2,4,2023-05-20
1458,CDM,14682882,244.667,2023,2,4,2023-05-20
1459,CDM,14682891,45.6667,2023,2,4,2023-05-20
1460,CDM,14758699,188.583,2023,2,4,2023-05-20
1461,CDM,14954868,70.75,2023,2,4,2023-05-20
1462,CDM,14954876,43.1667,2023,2,4,2023-05-20
1463,CDM,14954892,149.25,2023,2,4,2023-05-20
1464,CDM,14960213,44.3333,2023,2,4,2023-05-20
1465,CDM,14989770,87.9167,2023,2,4,2023-05-20
1466,CDM,14989788,62.9167,2023,2,4,2023-05-20
1467,CDM,14989796,16.9167,2023,2,4,2023-05-20
1468,CDM,14989809,46.8333,2023,2,4,2023-05-20
1469,CDM,14989825,252.917,2023,2,4,2023-05-20
1470,CDM,14989833,81.25,2023,2,4,2023-05-20
1471,CDM,15095284,89.6667,2023,2,4,2023-05-20
1472,CDM,15168156,553.0,2023,2,4,2023-05-20
1473,CDQ,14001338,13.0,2023,2,4,2023-05-20
1474,CDQ,14064873,22.75,2023,2,4,2023-05-20
1475,CDQ,14250123,0.5,2023,2,4,2023-05-20
1476,CDQ,14545132,40.6667,2023,2,4,2023-05-20
1477,CDQ,14561781,37.8333,2023,2,4,2023-05-20
1478,CDQ,14682882,57.5,2023,2,4,2023-05-20
1479,CDQ,14682891,14.75,2023,2,4,2023-05-20
1480,CDQ,14758699,15.8333,2023,2,4,2023-05-20
1481,CDQ,14954868,19.6667,2023,2,4,2023-05-20
1482,CDQ,14954876,44.1667,2023,2,4,2023-05-20
1483,CDQ,14954892,27.5833,2023,2,4,2023-05-20
1484,CDQ,14960213,231.333,2023,2,4,2023-05-20
1485,CDQ,14989770,25.0833,2023,2,4,2023-05-20
1486,CDQ,14989788,34.3333,2023,2,4,2023-05-20
1487,CDQ,14989796,3.3333,2023,2,4,2023-05-20
1488,CDQ,14989809,26.4167,2023,2,4,2023-05-20
1489,CDQ,14989825,59.9167,2023,2,4,2023-05-20
1490,CDQ,14989833,17.1667,2023,2,4,2023-05-20
1491,CDQ,15095284,42.0,2023,2,4,2023-05-20
1492,CDQ,15168156,144.5,2023,2,4,2023-05-20
1493,CDM,14001338,65.0,2023,3,1,2023-05-27
1494,CDM,14064873,67.9167,2023,3,1,2023-05-27
1495,CDM,14250123,58.5,2023,3,1,2023-05-27
1496,CDM,14545132,80.5833,2023,3,1,2023-05-27
1497,CDM,14561781,64.0,2023,3,1,2023-05-27
1498,CDM,14682882,156.833,2023,3,1,2023-05-27
1499,CDM,14682891,43.5833,2023,3,1,2023-05-27
1500,CDM,14758699,159.667,2023,3,1,2023-05-27
1501,CDM,14954868,64.6667,2023,3,1,2023-05-27
1502,CDM,14954876,40.75,2023,3,1,2023-05-27
1503,CDM,14954892,123.75,2023,3,1,2023-05-27
1504,CDM,14960213,37.0,2023,3,1,2023-05-27
1505,CDM,14989770,74.0,2023,3,1,2023-05-27
1506,CDM,14989788,62.6667,2023,3,1,2023-05-27
1507,CDM,14989796,15.9167,2023,3,1,2023-05-27
1508,CDM,14989809,44.75,2023,3,1,2023-05-27
1509,CDM,14989825,253.833,2023,3,1,2023-05-27
1510,CDM,14989833,78.1667,2023,3,1,2023-05-27
1511,CDM,15095284,65.75,2023,3,1,2023-05-27
1512,CDM,15168156,468.0,2023,3,1,2023-05-27
1513,CDQ,14001338,12.0,2023,3,1,2023-05-27
1514,CDQ,14064873,21.75,2023,3,1,2023-05-27
1515,CDQ,14250123,0.5,2023,3,1,2023-05-27
1516,CDQ,14545132,31.5,2023,3,1,2023-05-27
1517,CDQ,14561781,37.8333,2023,3,1,2023-05-27
1518,CDQ,14682882,44.3333,2023,3,1,2023-05-27
1519,CDQ,14682891,13.6667,2023,3,1,2023-05-27
1520,CDQ,14758699,49.5833,2023,3,1,2023-05-27
1521,CDQ,14954868,19.6667,2023,3,1,2023-05-27
1522,CDQ,14954876,42.1667,2023,3,1,2023-05-27
1523,CDQ,14954892,20.5,2023,3,1,2023-05-27
1524,CDQ,14960213,223.333,2023,3,1,2023-05-27
1525,CDQ,14989770,19.0833,2023,3,1,2023-05-27
1526,CDQ,14989788,33.25,2023,3,1,2023-05-27
1527,CDQ,14989796,3.3333,2023,3,1,2023-05-27
1528,CDQ,14989809,25.4167,2023,3,1,2023-05-27
1529,CDQ,14989825,59.9167,2023,3,1,2023-05-27
1530,CDQ,14989833,13.1667,2023,3,1,2023-05-27
1531,CDQ,15095284,12.9167,2023,3,1,2023-05-27
1532,CDQ,15168156,112.5,2023,3,1,2023-05-27
1533,CDM,14001338,59.25,2023,3,2,2023-06-03
1534,CDM,14064873,65.25,2023,3,2,2023-06-03
1535,CDM,14250123,58.0833,2023,3,2,2023-06-03
1536,CDM,14545132,50.5833,2023,3,2,2023-06-03
1537,CDM,14561781,62.5833,2023,3,2,2023-06-03
1538,CDM,14682882,289.667,2023,3,2,2023-06-03
1539,CDM,14682891,39.1667,2023,3,2,2023-06-03
1540,CDM,14758699,246.083,2023,3,2,2023-06-03
1541,CDM,14954868,53.5,2023,3,2,2023-06-03
1542,CDM,14954876,31.5833,2023,3,2,2023-06-03
1543,CDM,14954892,194.25,2023,3,2,2023-06-03
1544,CDM,14960213,32.5,2023,3,2,2023-06-03
1545,CDM,14989770,118.25,2023,3,2,2023-06-03
1546,CDM,14989788,62.5,2023,3,2,2023-06-03
1547,CDM,14989796,77.9167,2023,3,2,2023-06-03
1548,CDM,14989809,43.4167,2023,3,2,2023-06-03
1549,CDM,14989825,252.333,2023,3,2,2023-06-03
1550,CDM,14989833,59.75,2023,3,2,2023-06-03
1551,CDM,15095284,208.083,2023,3,2,2023-06-03
1552,CDM,15168156,365.0,2023,3,2,2023-06-03
1553,CDQ,14001338,11.9167,2023,3,2,2023-06-03
1554,CDQ,14064873,20.5,2023,3,2,2023-06-03
1555,CDQ,14250123,0.5,2023,3,2,2023-06-03
1556,CDQ,14545132,19.25,2023,3,2,2023-06-03
1557,CDQ,14561781,35.4167,2023,3,2,2023-06-03
1558,CDQ,14682882,84.8333,2023,3,2,2023-06-03
1559,CDQ,14682891,12.3333,2023,3,2,2023-06-03
1560,CDQ,14758699,87.9167,2023,3,2,2023-06-03
1561,CDQ,14954868,16.5,2023,3,2,2023-06-03
1562,CDQ,14954876,41.1667,2023,3,2,2023-06-03
1563,CDQ,14954892,5.8333,2023,3,2,2023-06-03
1564,CDQ,14960213,205.333,2023,3,2,2023-06-03
1565,CDQ,14989770,14.0833,2023,3,2,2023-06-03
1566,CDQ,14989788,32.25,2023,3,2,2023-06-03
1567,CDQ,14989796,3.25,2023,3,2,2023-06-03
1568,CDQ,14989809,21.4167,2023,3,2,2023-06-03
1569,CDQ,14989825,59.9167,2023,3,2,2023-06-03
1570,CDQ,14989833,19.1667,2023,3,2,2023-06-03
1571,CDQ,15095284,0.6667,2023,3,2,2023-06-03
1572,CDQ,15168156,45.5,2023,3,2,2023-06-03
1573,CDM,14001338,57.75,2023,3,3,2023-06-10
1574,CDM,14064873,62.0,2023,3,3,2023-06-10
1575,CDM,14250123,41.9167,2023,3,3,2023-06-10
1576,CDM,14545132,44.1667,2023,3,3,2023-06-10
1577,CDM,14561781,59.1667,2023,3,3,2023-06-10
1578,CDM,14682882,185.917,2023,3,3,2023-06-10
1579,CDM,14682891,37.0833,2023,3,3,2023-06-10
1580,CDM,14758699,171.083,2023,3,3,2023-06-10
1581,CDM,14954868,40.5,2023,3,3,2023-06-10
1582,CDM,14954876,19.6667,2023,3,3,2023-06-10
1583,CDM,14954892,154.833,2023,3,3,2023-06-10
1584,CDM,14960213,25.3333,2023,3,3,2023-06-10
1585,CDM,14989770,79.4167,2023,3,3,2023-06-10
1586,CDM,14989788,62.5,2023,3,3,2023-06-10
1587,CDM,14989796,54.8333,2023,3,3,2023-06-10
1588,CDM,14989809,41.1667,2023,3,3,2023-06-10
1589,CDM,14989825,252.0,2023,3,3,2023-06-10
1590,CDM,14989833,53.4167,2023,3,3,2023-06-10
1591,CDM,15095284,99.75,2023,3,3,2023-06-10
1592,CDM,15168156,75.75,2023,3,3,2023-06-10
1593,CDQ,14001338,10.5833,2023,3,3,2023-06-10
1594,CDQ,14064873,17.5,2023,3,3,2023-06-10
1595,CDQ,14250123,14.4167,2023,3,3,2023-06-10
1596,CDQ,14545132,16.1667,2023,3,3,2023-06-10
1597,CDQ,14561781,35.0833,2023,3,3,2023-06-10
1598,CDQ,14682882,122.0,2023,3,3,2023-06-10
1599,CDQ,14682891,12.25,2023,3,3,2023-06-10
1600,CDQ,14758699,129.667,2023,3,3,2023-06-10
1601,CDQ,14954868,13.5,2023,3,3,2023-06-10
1602,CDQ,14954876,36.0833,2023,3,3,2023-06-10
1603,CDQ,14954892,0.8333,2023,3,3,2023-06-10
1604,CDQ,14960213,183.333,2023,3,3,2023-06-10
1605,CDQ,14989770,26.0833,2023,3,3,2023-06-10
1606,CDQ,14989788,32.1667,2023,3,3,2023-06-10
1607,CDQ,14989796,23.0833,2023,3,3,2023-06-10
1608,CDQ,14989809,21.4167,2023,3,3,2023-06-10
1609,CDQ,14989825,59.9167,2023,3,3,2023-06-10
1610,CDQ,14989833,16.1667,2023,3,3,2023-06-10
1611,CDQ,15095284,60.5,2023,3,3,2023-06-10
1612,CDQ,15168156,92.5,2023,3,3,2023-06-10
1613,CDM,14001338,54.5833,2023,3,4,2023-06-17
1614,CDM,14064873,52.25,2023,3,4,2023-06-17
1615,CDM,14250123,40.4167,2023,3,4,2023-06-17
1616,CDM,14545132,39.0,2023,3,4,2023-06-17
1617,CDM,14561781,45.0833,2023,3,4,2023-06-17
1618,CDM,14682882,126.917,2023,3,4,2023-06-17
1619,CDM,14682891,37.0,2023,3,4,2023-06-17
1620,CDM,14758699,148.333,2023,3,4,2023-06-17
1621,CDM,14954868,87.6667,2023,3,4,2023-06-17
1622,CDM,14954876,16.3333,2023,3,4,2023-06-17
1623,CDM,14954892,239.25,2023,3,4,2023-06-17
1624,CDM,14960213,23.1667,2023,3,4,2023-06-17
1625,CDM,14989770,185.25,2023,3,4,2023-06-17
1626,CDM,14989788,55.75,2023,3,4,2023-06-17
1627,CDM,14989796,53.6667,2023,3,4,2023-06-17
1628,CDM,14989809,39.1667,2023,3,4,2023-06-17
1629,CDM,14989825,250.583,2023,3,4,2023-06-17
1630,CDM,14989833,31.0833,2023,3,4,2023-06-17
1631,CDM,15095284,230.0,2023,3,4,2023-06-17
1632,CDM,15168156,1001.75,2023,3,4,2023-06-17
1633,CDQ,14001338,10.5,2023,3,4,2023-06-17
1634,CDQ,14064873,16.5,2023,3,4,2023-06-17
1635,CDQ,14250123,11.4167,2023,3,4,2023-06-17
1636,CDQ,14545132,7.1667,2023,3,4,2023-06-17
1637,CDQ,14561781,35.0,2023,3,4,2023-06-17
1638,CDQ,14682882,98.3333,2023,3,4,2023-06-17
1639,CDQ,14682891,12.0,2023,3,4,2023-06-17
1640,CDQ,14758699,97.5,2023,3,4,2023-06-17
1641,CDQ,14954868,12.75,2023,3,4,2023-06-17
1642,CDQ,14954876,33.0,2023,3,4,2023-06-17
1643,CDQ,14954892,62.8333,2023,3,4,2023-06-17
1644,CDQ,14960213,136.333,2023,3,4,2023-06-17
1645,CDQ,14989770,17.0,2023,3,4,2023-06-17
1646,CDQ,14989788,31.1667,2023,3,4,2023-06-17
1647,CDQ,14989796,23.0833,2023,3,4,2023-06-17
1648,CDQ,14989809,19.4167,2023,3,4,2023-06-17
1649,CDQ,14989825,55.9167,2023,3,4,2023-06-17
1650,CDQ,14989833,21.1667,2023,3,4,2023-06-17
1651,CDQ,15095284,39.5,2023,3,4,2023-06-17
1652,CDQ,15168156,42.5,2023,3,4,2023-06-17
1653,CDM,14001338,49.9167,2023,4,1,2023-06-24
1654,CDM,14064873,50.75,2023,4,1,2023-06-24
1655,CDM,14250123,39.3333,2023,4,1,2023-06-24
1656,CDM,14545132,153.0,2023,4,1,2023-06-24
1657,CDM,14561781,42.0,2023,4,1,2023-06-24
1658,CDM,14682882,306.417,2023,4,1,2023-06-24
1659,CDM,14682891,37.0,2023,4,1,2023-06-24
1660,CDM,14758699,244.667,2023,4,1,2023-06-24
1661,CDM,14954868,79.3333,2023,4,1,2023-06-24
1662,CDM,14954876,67.25,2023,4,1,2023-06-24
1663,CDM,14954892,193.417,2023,4,1,2023-06-24
1664,CDM,14960213,2.2917,2023,4,1,2023-06-24
1665,CDM,14989770,128.917,2023,4,1,2023-06-24
1666,CDM,14989788,49.25,2023,4,1,2023-06-24
1667,CDM,14989796,53.3333,2023,4,1,2023-06-24
1668,CDM,14989809,32.0834,2023,4,1,2023-06-24
1669,CDM,14989825,250.583,2023,4,1,2023-06-24
1670,CDM,14989833,86.6667,2023,4,1,2023-06-24
1671,CDM,15095284,137.083,2023,4,1,2023-06-24
1672,CDM,15168156,995.75,2023,4,1,2023-06-24
1673,CDQ,14001338,8.1667,2023,4,1,2023-06-24
1674,CDQ,14064873,15.1667,2023,4,1,2023-06-24
1675,CDQ,14250123,11.4167,2023,4,1,2023-06-24
1676,CDQ,14545132,20.9167,2023,4,1,2023-06-24
1677,CDQ,14561781,32.8333,2023,4,1,2023-06-24
1678,CDQ,14682882,87.6667,2023,4,1,2023-06-24
1679,CDQ,14682891,11.9167,2023,4,1,2023-06-24
1680,CDQ,14758699,68.0833,2023,4,1,2023-06-24
1681,CDQ,14954868,12.25,2023,4,1,2023-06-24
1682,CDQ,14954876,33.0,2023,4,1,2023-06-24
1683,CDQ,14954892,55.3333,2023,4,1,2023-06-24
1684,CDQ,14960213,119.333,2023,4,1,2023-06-24
1685,CDQ,14989770,7.0,2023,4,1,2023-06-24
1686,CDQ,14989788,31.1667,2023,4,1,2023-06-24
1687,CDQ,14989796,23.0833,2023,4,1,2023-06-24
1688,CDQ,14989809,15.4167,2023,4,1,2023-06-24
1689,CDQ,14989825,54.9167,2023,4,1,2023-06-24
1690,CDQ,14989833,17.1667,2023,4,1,2023-06-24
1691,CDQ,15095284,13.1667,2023,4,1,2023-06-24
1692,CDQ,15168156,10.25,2023,4,1,2023-06-24
1693,CDM,14001338,44.3333,2023,4,2,2023-07-01
1694,CDM,14064873,50.5833,2023,4,2,2023-07-01
1695,CDM,14250123,37.1667,2023,4,2,2023-07-01
1696,CDM,14545132,85.4167,2023,4,2,2023-07-01
1697,CDM,14561781,40.0,2023,4,2,2023-07-01
1698,CDM,14682882,265.833,2023,4,2,2023-07-01
1699,CDM,14682891,33.8333,2023,4,2,2023-07-01
1700,CDM,14758699,227.833,2023,4,2,2023-07-01
1701,CDM,14954868,69.0833,2023,4,2,2023-07-01
1702,CDM,14954876,64.1667,2023,4,2,2023-07-01
1703,CDM,14954892,155.333,2023,4,2,2023-07-01
1704,CDM,14989770,119.583,2023,4,2,2023-07-01
1705,CDM,14989788,48.9167,2023,4,2,2023-07-01
1706,CDM,14989796,53.25,2023,4,2,2023-07-01
1707,CDM,14989809,29.6667,2023,4,2,2023-07-01
1708,CDM,14989825,249.417,2023,4,2,2023-07-01
1709,CDM,14989833,70.3333,2023,4,2,2023-07-01
1710,CDM,15095284,288.333,2023,4,2,2023-07-01
1711,CDM,15168156,927.5,2023,4,2,2023-07-01
1712,CDQ,14001338,7.1667,2023,4,2,2023-07-01
1713,CDQ,14064873,12.0,2023,4,2,2023-07-01
1714,CDQ,14250123,8.4167,2023,4,2,2023-07-01
1715,CDQ,14545132,14.9167,2023,4,2,2023-07-01
1716,CDQ,14561781,31.8333,2023,4,2,2023-07-01
1717,CDQ,14682882,72.3333,2023,4,2,2023-07-01
1718,CDQ,14682891,10.75,2023,4,2,2023-07-01
1719,CDQ,14758699,36.9167,2023,4,2,2023-07-01
1720,CDQ,14954868,10.25,2023,4,2,2023-07-01
1721,CDQ,14954876,31.0,2023,4,2,2023-07-01
1722,CDQ,14954892,46.25,2023,4,2,2023-07-01
1723,CDQ,14960213,93.3333,2023,4,2,2023-07-01
1724,CDQ,14989770,44.9167,2023,4,2,2023-07-01
1725,CDQ,14989788,30.1667,2023,4,2,2023-07-01
1726,CDQ,14989796,23.0833,2023,4,2,2023-07-01
1727,CDQ,14989809,15.4167,2023,4,2,2023-07-01
1728,CDQ,14989825,54.9167,2023,4,2,2023-07-01
1729,CDQ,14989833,22.1667,2023,4,2,2023-07-01
1730,CDQ,15095284,53.1667,2023,4,2,2023-07-01
1731,CDQ,15168156,0.25,2023,4,2,2023-07-01
1732,CDM,14001338,33.8333,2023,4,3,2023-07-08
1733,CDM,14064873,41.4167,2023,4,3,2023-07-08
1734,CDM,14250123,33.0833,2023,4,3,2023-07-08
1735,CDM,14545132,82.25,2023,4,3,2023-07-08
1736,CDM,14561781,38.8333,2023,4,3,2023-07-08
1737,CDM,14682882,236.417,2023,4,3,2023-07-08
1738,CDM,14682891,29.8333,2023,4,3,2023-07-08
1739,CDM,14758699,149.333,2023,4,3,2023-07-08
1740,CDM,14954868,49.8333,2023,4,3,2023-07-08
1741,CDM,14954876,56.8333,2023,4,3,2023-07-08
1742,CDM,14954892,131.083,2023,4,3,2023-07-08
1743,CDM,14989770,113.25,2023,4,3,2023-07-08
1744,CDM,14989788,46.8333,2023,4,3,2023-07-08
1745,CDM,14989796,53.25,2023,4,3,2023-07-08
1746,CDM,14989809,28.6667,2023,4,3,2023-07-08
1747,CDM,14989825,248.0,2023,4,3,2023-07-08
1748,CDM,14989833,63.25,2023,4,3,2023-07-08
1749,CDM,15095284,205.083,2023,4,3,2023-07-08
1750,CDM,15168156,2592.25,2023,4,3,2023-07-08
1751,CDQ,14001338,7.1667,2023,4,3,2023-07-08
1752,CDQ,14064873,10.0,2023,4,3,2023-07-08
1753,CDQ,14250123,8.4167,2023,4,3,2023-07-08
1754,CDQ,14545132,72.8333,2023,4,3,2023-07-08
1755,CDQ,14561781,31.8333,2023,4,3,2023-07-08
1756,CDQ,14682882,45.3333,2023,4,3,2023-07-08
1757,CDQ,14682891,10.5833,2023,4,3,2023-07-08
1758,CDQ,14758699,72.9167,2023,4,3,2023-07-08
1759,CDQ,14954868,16.25,2023,4,3,2023-07-08
1760,CDQ,14954876,30.0,2023,4,3,2023-07-08
1761,CDQ,14954892,41.0833,2023,4,3,2023-07-08
1762,CDQ,14960213,53.3333,2023,4,3,2023-07-08
1763,CDQ,14989770,27.9167,2023,4,3,2023-07-08
1764,CDQ,14989788,27.1667,2023,4,3,2023-07-08
1765,CDQ,14989796,22.9167,2023,4,3,2023-07-08
1766,CDQ,14989809,14.4167,2023,4,3,2023-07-08
1767,CDQ,14989825,54.9167,2023,4,3,2023-07-08
1768,CDQ,14989833,14.1667,2023,4,3,2023-07-08
1769,CDQ,15095284,86.1667,2023,4,3,2023-07-08
1770,CDQ,15168156,182.25,2023,4,3,2023-07-08
1771,CDM,14001338,31.1667,2023,4,4,2023-07-15
1772,CDM,14064873,39.6667,2023,4,4,2023-07-15
1773,CDM,14250123,17.5,2023,4,4,2023-07-15
1774,CDM,14545132,77.25,2023,4,4,2023-07-15
1775,CDM,14561781,37.5,2023,4,4,2023-07-15
1776,CDM,14682882,97.5833,2023,4,4,2023-07-15
1777,CDM,14682891,24.8333,2023,4,4,2023-07-15
1778,CDM,14758699,111.083,2023,4,4,2023-07-15
1779,CDM,14954868,30.4167,2023,4,4,2023-07-15
1780,CDM,14954876,47.0833,2023,4,4,2023-07-15
1781,CDM,14954892,95.3333,2023,4,4,2023-07-15
1782,CDM,14989770,65.9167,2023,4,4,2023-07-15
1783,CDM,14989788,30.25,2023,4,4,2023-07-15
1784,CDM,14989796,48.8333,2023,4,4,2023-07-15
1785,CDM,14989809,16.3333,2023,4,4,2023-07-15
1786,CDM,14989825,241.833,2023,4,4,2023-07-15
1787,CDM,14989833,24.0833,2023,4,4,2023-07-15
1788,CDM,15095284,155.5,2023,4,4,2023-07-15
1789,CDM,15168156,2164.25,2023,4,4,2023-07-15
1790,CDQ,14001338,5.75,2023,4,4,2023-07-15
1791,CDQ,14064873,9.0,2023,4,4,2023-07-15
1792,CDQ,14250123,14.0,2023,4,4,2023-07-15
1793,CDQ,14545132,62.6667,2023,4,4,2023-07-15
1794,CDQ,14561781,26.9167,2023,4,4,2023-07-15
1795,CDQ,14682882,67.75,2023,4,4,2023-07-15
1796,CDQ,14682891,10.0833,2023,4,4,2023-07-15
1797,CDQ,14758699,23.5,2023,4,4,2023-07-15
1798,CDQ,14954868,10.25,2023,4,4,2023-07-15
1799,CDQ,14954876,23.0,2023,4,4,2023-07-15
1800,CDQ,14954892,33.0833,2023,4,4,2023-07-15
1801,CDQ,14960213,0.3333,2023,4,4,2023-07-15
1802,CDQ,14989770,7.8333,2023,4,4,2023-07-15
1803,CDQ,14989788,25.0833,2023,4,4,2023-07-15
1804,CDQ,14989796,22.8333,2023,4,4,2023-07-15
1805,CDQ,14989809,13.4167,2023,4,4,2023-07-15
1806,CDQ,14989825,50.75,2023,4,4,2023-07-15
1807,CDQ,14989833,10.1667,2023,4,4,2023-07-15
1808,CDQ,15095284,44.5833,2023,4,4,2023-07-15
1809,CDQ,15168156,254.25,2023,4,4,2023-07-15
1810,CDM,14001338,25.9167,2023,5,1,2023-07-22
1811,CDM,14064873,30.3333,2023,5,1,2023-07-22
1812,CDM,14250123,14.25,2023,5,1,2023-07-22
1813,CDM,14545132,72.1667,2023,5,1,2023-07-22
1814,CDM,14561781,32.5,2023,5,1,2023-07-22
1815,CDM,14682882,267.0,2023,5,1,2023-07-22
1816,CDM,14682891,82.75,2023,5,1,2023-07-22
1817,CDM,14758699,195.083,2023,5,1,2023-07-22
1818,CDM,14954868,137.25,2023,5,1,2023-07-22
1819,CDM,14954876,41.1667,2023,5,1,2023-07-22
1820,CDM,14954892,222.833,2023,5,1,2023-07-22
1821,CDM,14989770,170.5,2023,5,1,2023-07-22
1822,CDM,14989788,23.6667,2023,5,1,2023-07-22
1823,CDM,14989796,46.75,2023,5,1,2023-07-22
1824,CDM,14989809,68.3333,2023,5,1,2023-07-22
1825,CDM,14989825,236.667,2023,5,1,2023-07-22
1826,CDM,14989833,80.0,2023,5,1,2023-07-22
1827,CDM,15095284,376.583,2023,5,1,2023-07-22
1828,CDM,15168156,1711.25,2023,5,1,2023-07-22
1829,CDQ,14001338,3.6667,2023,5,1,2023-07-22
1830,CDQ,14064873,7.8333,2023,5,1,2023-07-22
1831,CDQ,14250123,13.0,2023,5,1,2023-07-22
1832,CDQ,14545132,52.5833,2023,5,1,2023-07-22
1833,CDQ,14561781,25.9167,2023,5,1,2023-07-22
1834,CDQ,14682882,43.4167,2023,5,1,2023-07-22
1835,CDQ,14682891,8.75,2023,5,1,2023-07-22
1836,CDQ,14758699,0.25,2023,5,1,2023-07-22
1837,CDQ,14954868,4.25,2023,5,1,2023-07-22
1838,CDQ,14954876,19.0,2023,5,1,2023-07-22
1839,CDQ,14954892,15.1667,2023,5,1,2023-07-22
1840,CDQ,14960213,0.3333,2023,5,1,2023-07-22
1841,CDQ,14989770,20.75,2023,5,1,2023-07-22
1842,CDQ,14989788,24.0833,2023,5,1,2023-07-22
1843,CDQ,14989796,22.6667,2023,5,1,2023-07-22
1844,CDQ,14989809,12.1667,2023,5,1,2023-07-22
1845,CDQ,14989825,50.75,2023,5,1,2023-07-22
1846,CDQ,14989833,6.1667,2023,5,1,2023-07-22
1847,CDQ,15095284,19.0833,2023,5,1,2023-07-22
1848,CDQ,15168156,95.25,2023,5,1,2023-07-22
1849,CDM,14001338,24.6667,2023,5,2,2023-07-29
1850,CDM,14064873,28.0,2023,5,2,2023-07-29
1851,CDM,14250123,10.9167,2023,5,2,2023-07-29
1852,CDM,14545132,67.0,2023,5,2,2023-07-29
1853,CDM,14561781,29.25,2023,5,2,2023-07-29
1854,CDM,14682882,203.167,2023,5,2,2023-07-29
1855,CDM,14682891,80.6667,2023,5,2,2023-07-29
1856,CDM,14758699,96.6667,2023,5,2,2023-07-29
1857,CDM,14954868,94.4167,2023,5,2,2023-07-29
1858,CDM,14954876,32.5833,2023,5,2,2023-07-29
1859,CDM,14954892,165.0,2023,5,2,2023-07-29
1860,CDM,14989770,162.0,2023,5,2,2023-07-29
1861,CDM,14989788,16.25,2023,5,2,2023-07-29
1862,CDM,14989796,46.75,2023,5,2,2023-07-29
1863,CDM,14989809,67.0833,2023,5,2,2023-07-29
1864,CDM,14989825,235.5,2023,5,2,2023-07-29
1865,CDM,14989833,75.6667,2023,5,2,2023-07-29
1866,CDM,15095284,298.167,2023,5,2,2023-07-29
1867,CDM,15168156,1268.25,2023,5,2,2023-07-29
1868,CDQ,14001338,2.3333,2023,5,2,2023-07-29
1869,CDQ,14064873,5.8333,2023,5,2,2023-07-29
1870,CDQ,14250123,10.9167,2023,5,2,2023-07-29
1871,CDQ,14545132,46.25,2023,5,2,2023-07-29
1872,CDQ,14561781,23.0833,2023,5,2,2023-07-29
1873,CDQ,14682882,11.5833,2023,5,2,2023-07-29
1874,CDQ,14682891,7.5833,2023,5,2,2023-07-29
1875,CDQ,14758699,58.0,2023,5,2,2023-07-29
1876,CDQ,14954868,30.0,2023,5,2,2023-07-29
1877,CDQ,14954876,16.0,2023,5,2,2023-07-29
1878,CDQ,14954892,0.5,2023,5,2,2023-07-29
1879,CDQ,14960213,0.3333,2023,5,2,2023-07-29
1880,CDQ,14989770,11.5,2023,5,2,2023-07-29
1881,CDQ,14989788,20.9167,2023,5,2,2023-07-29
1882,CDQ,14989796,22.6667,2023,5,2,2023-07-29
1883,CDQ,14989809,10.1667,2023,5,2,2023-07-29
1884,CDQ,14989825,50.75,2023,5,2,2023-07-29
1885,CDQ,14989833,1.5,2023,5,2,2023-07-29
1886,CDQ,15095284,58.0,2023,5,2,2023-07-29
1887,CDQ,15168156,182.25,2023,5,2,2023-07-29
1888,CDM,14001338,22.5,2023,5,3,2023-08-05
1889,CDM,14064873,23.8333,2023,5,3,2023-08-05
1890,CDM,14250123,9.9167,2023,5,3,2023-08-05
1891,CDM,14545132,56.75,2023,5,3,2023-08-05
1892,CDM,14561781,23.25,2023,5,3,2023-08-05
1893,CDM,14682882,94.9167,2023,5,3,2023-08-05
1894,CDM,14682891,80.6667,2023,5,3,2023-08-05
1895,CDM,14758699,59.25,2023,5,3,2023-08-05
1896,CDM,14954868,78.1667,2023,5,3,2023-08-05
1897,CDM,14954876,21.5,2023,5,3,2023-08-05
1898,CDM,14954892,100.583,2023,5,3,2023-08-05
1899,CDM,14989770,107.583,2023,5,3,2023-08-05
1900,CDM,14989788,15.6667,2023,5,3,2023-08-05
1901,CDM,14989796,46.5833,2023,5,3,2023-08-05
1902,CDM,14989809,64.6667,2023,5,3,2023-08-05
1903,CDM,14989825,232.333,2023,5,3,2023-08-05
1904,CDM,14989833,50.1667,2023,5,3,2023-08-05
1905,CDM,15095284,212.583,2023,5,3,2023-08-05
1906,CDM,15168156,701.25,2023,5,3,2023-08-05
1907,CDQ,14001338,0.25,2023,5,3,2023-08-05
1908,CDQ,14064873,4.8333,2023,5,3,2023-08-05
1909,CDQ,14250123,10.9167,2023,5,3,2023-08-05
1910,CDQ,14545132,39.25,2023,5,3,2023-08-05
1911,CDQ,14561781,23.0833,2023,5,3,2023-08-05
1912,CDQ,14682882,60.0833,2023,5,3,2023-08-05
1913,CDQ,14682891,7.25,2023,5,3,2023-08-05
1914,CDQ,14758699,18.8333,2023,5,3,2023-08-05
1915,CDQ,14954868,26.0,2023,5,3,2023-08-05
1916,CDQ,14954876,15.0,2023,5,3,2023-08-05
1917,CDQ,14954892,0.5,2023,5,3,2023-08-05
1918,CDQ,14960213,0.3333,2023,5,3,2023-08-05
1919,CDQ,14989770,5.25,2023,5,3,2023-08-05
1920,CDQ,14989788,18.75,2023,5,3,2023-08-05
1921,CDQ,14989796,22.1667,2023,5,3,2023-08-05
1922,CDQ,14989809,7.5833,2023,5,3,2023-08-05
1923,CDQ,14989825,50.6667,2023,5,3,2023-08-05
1924,CDQ,14989833,20.5,2023,5,3,2023-08-05
1925,CDQ,15095284,33.6667,2023,5,3,2023-08-05
1926,CDQ,15168156,86.25,2023,5,3,2023-08-05
1927,CDM,14001338,11.9167,2023,5,4,2023-08-12
1928,CDM,14064873,59.6667,2023,5,4,2023-08-12
1929,CDM,14250123,3.9167,2023,5,4,2023-08-12
1930,CDM,14545132,46.5,2023,5,4,2023-08-12
1931,CDM,14561781,12.3333,2023,5,4,2023-08-12
1932,CDM,14682882,300.083,2023,5,4,2023-08-12
1933,CDM,14682891,80.5,2023,5,4,2023-08-12
1934,CDM,14758699,24.8333,2023,5,4,2023-08-12
1935,CDM,14954868,60.8333,2023,5,4,2023-08-12
1936,CDM,14954876,16.1667,2023,5,4,2023-08-12
1937,CDM,14954892,18.25,2023,5,4,2023-08-12
1938,CDM,14989770,94.25,2023,5,4,2023-08-12
1939,CDM,14989788,71.3333,2023,5,4,2023-08-12
1940,CDM,14989796,43.4167,2023,5,4,2023-08-12
1941,CDM,14989809,56.5,2023,5,4,2023-08-12
1942,CDM,14989825,230.333,2023,5,4,2023-08-12
1943,CDM,14989833,41.0,2023,5,4,2023-08-12
1944,CDM,15095284,170.5,2023,5,4,2023-08-12
1945,CDM,15168156,138.75,2023,5,4,2023-08-12
1946,CDQ,14001338,0.0833,2023,5,4,2023-08-12
1947,CDQ,14064873,0.8333,2023,5,4,2023-08-12
1948,CDQ,14250123,1.8333,2023,5,4,2023-08-12
1949,CDQ,14545132,27.25,2023,5,4,2023-08-12
1950,CDQ,14561781,21.6667,2023,5,4,2023-08-12
1951,CDQ,14682882,103.0,2023,5,4,2023-08-12
1952,CDQ,14682891,5.75,2023,5,4,2023-08-12
1953,CDQ,14758699,-0.4167,2023,5,4,2023-08-12
1954,CDQ,14954868,15.0,2023,5,4,2023-08-12
1955,CDQ,14954876,12.0,2023,5,4,2023-08-12
1956,CDQ,14954892,7.25,2023,5,4,2023-08-12
1957,CDQ,14960213,0.3333,2023,5,4,2023-08-12
1958,CDQ,14989770,39.25,2023,5,4,2023-08-12
1959,CDQ,14989788,18.75,2023,5,4,2023-08-12
1960,CDQ,14989796,22.1667,2023,5,4,2023-08-12
1961,CDQ,14989809,5.5,2023,5,4,2023-08-12
1962,CDQ,14989825,49.6667,2023,5,4,2023-08-12
1963,CDQ,14989833,16.5,2023,5,4,2023-08-12
1964,CDQ,15095284,54.6667,2023,5,4,2023-08-12
1965,CDQ,15168156,109.042,2023,5,4,2023-08-12
1966,CDM,14001338,7.4167,2023,6,1,2023-08-19
1967,CDM,14064873,49.1667,2023,6,1,2023-08-19
1968,CDM,14250123,3.1667,2023,6,1,2023-08-19
1969,CDM,14545132,43.3333,2023,6,1,2023-08-19
1970,CDM,14561781,11.25,2023,6,1,2023-08-19
1971,CDM,14682882,260.583,2023,6,1,2023-08-19
1972,CDM,14682891,58.5,2023,6,1,2023-08-19
1973,CDM,14758699,7.0833,2023,6,1,2023-08-19
1974,CDM,14954868,51.6667,2023,6,1,2023-08-19
1975,CDM,14954876,15.5,2023,6,1,2023-08-19
1976,CDM,14954892,3.0,2023,6,1,2023-08-19
1977,CDM,14989770,86.25,2023,6,1,2023-08-19
1978,CDM,14989788,69.0,2023,6,1,2023-08-19
1979,CDM,14989796,43.4167,2023,6,1,2023-08-19
1980,CDM,14989809,44.1667,2023,6,1,2023-08-19
1981,CDM,14989825,230.333,2023,6,1,2023-08-19
1982,CDM,14989833,35.8333,2023,6,1,2023-08-19
1983,CDM,15095284,150.417,2023,6,1,2023-08-19
1984,CDM,15168156,803.25,2023,6,1,2023-08-19
1985,CDQ,14064873,8.75,2023,6,1,2023-08-19
1986,CDQ,14250123,1.8333,2023,6,1,2023-08-19
1987,CDQ,14545132,20.9167,2023,6,1,2023-08-19
1988,CDQ,14561781,21.4167,2023,6,1,2023-08-19
1989,CDQ,14682882,88.0,2023,6,1,2023-08-19
1990,CDQ,14682891,23.6667,2023,6,1,2023-08-19
1991,CDQ,14758699,-0.4167,2023,6,1,2023-08-19
1992,CDQ,14954868,10.0,2023,6,1,2023-08-19
1993,CDQ,14954876,9.9167,2023,6,1,2023-08-19
1994,CDQ,14954892,0.8333,2023,6,1,2023-08-19
1995,CDQ,14960213,4.3333,2023,6,1,2023-08-19
1996,CDQ,14989770,33.25,2023,6,1,2023-08-19
1997,CDQ,14989788,18.75,2023,6,1,2023-08-19
1998,CDQ,14989796,18.9167,2023,6,1,2023-08-19
1999,CDQ,14989809,15.25,2023,6,1,2023-08-19
2000,CDQ,14989825,47.6667,2023,6,1,2023-08-19
2001,CDQ,14989833,11.5,2023,6,1,2023-08-19
2002,CDQ,15095284,36.1667,2023,6,1,2023-08-19
2003,CDQ,15168156,187.333,2023,6,1,2023-08-19
2004,CDM,14001338,62.4167,2023,6,2,2023-08-26
2005,CDM,14064873,32.0,2023,6,2,2023-08-26
2006,CDM,14250123,3.1667,2023,6,2,2023-08-26
2007,CDM,14545132,32.0833,2023,6,2,2023-08-26
2008,CDM,14561781,68.1667,2023,6,2,2023-08-26
2009,CDM,14682882,220.0,2023,6,2,2023-08-26
2010,CDM,14682891,56.5,2023,6,2,2023-08-26
2011,CDM,14758699,6.75,2023,6,2,2023-08-26
2012,CDM,14954868,41.6667,2023,6,2,2023-08-26
2013,CDM,14954876,73.4167,2023,6,2,2023-08-26
2014,CDM,14954892,317.917,2023,6,2,2023-08-26
2015,CDM,14989770,81.0,2023,6,2,2023-08-26
2016,CDM,14989788,66.8333,2023,6,2,2023-08-26
2017,CDM,14989796,42.25,2023,6,2,2023-08-26
2018,CDM,14989809,28.9167,2023,6,2,2023-08-26
2019,CDM,14989825,229.833,2023,6,2,2023-08-26
2020,CDM,14989833,34.8333,2023,6,2,2023-08-26
2021,CDM,15095284,117.417,2023,6,2,2023-08-26
2022,CDM,15168156,1660.5,2023,6,2,2023-08-26
2023,CDQ,14064873,3.6667,2023,6,2,2023-08-26
2024,CDQ,14250123,0.8333,2023,6,2,2023-08-26
2025,CDQ,14545132,16.8333,2023,6,2,2023-08-26
2026,CDQ,14561781,18.8333,2023,6,2,2023-08-26
2027,CDQ,14682882,78.1667,2023,6,2,2023-08-26
2028,CDQ,14682891,22.4167,2023,6,2,2023-08-26
2029,CDQ,14758699,-0.4167,2023,6,2,2023-08-26
2030,CDQ,14954868,9.0,2023,6,2,2023-08-26
2031,CDQ,14954876,7.9167,2023,6,2,2023-08-26
2032,CDQ,14954892,1.25,2023,6,2,2023-08-26
2033,CDQ,14960213,0.3333,2023,6,2,2023-08-26
2034,CDQ,14989770,31.0833,2023,6,2,2023-08-26
2035,CDQ,14989788,18.75,2023,6,2,2023-08-26
2036,CDQ,14989796,18.9167,2023,6,2,2023-08-26
2037,CDQ,14989809,12.0833,2023,6,2,2023-08-26
2038,CDQ,14989825,47.6667,2023,6,2,2023-08-26
2039,CDQ,14989833,9.5,2023,6,2,2023-08-26
2040,CDQ,15095284,40.8333,2023,6,2,2023-08-26
2041,CDQ,15168156,154.25,2023,6,2,2023-08-26
2042,CDM,14001338,65.1667,2023,6,3,2023-09-02
2043,CDM,14064873,31.3333,2023,6,3,2023-09-02
2044,CDM,14250123,2.9167,2023,6,3,2023-09-02
2046,CDM,14545132,28.0,2023,6,3,2023-09-02
2047,CDM,14561781,66.0833,2023,6,3,2023-09-02
2048,CDM,14682882,117.583,2023,6,3,2023-09-02
2049,CDM,14682891,56.5,2023,6,3,2023-09-02
2050,CDM,14758699,6.25,2023,6,3,2023-09-02
2052,CDM,14954868,38.3333,2023,6,3,2023-09-02
2053,CDM,14954876,60.0833,2023,6,3,2023-09-02
2054,CDM,14954892,214.75,2023,6,3,2023-09-02
2055,CDM,14989770,78.0,2023,6,3,2023-09-02
2056,CDM,14989788,68.5,2023,6,3,2023-09-02
2057,CDM,14989796,43.25,2023,6,3,2023-09-02
2058,CDM,14989809,26.5833,2023,6,3,2023-09-02
2059,CDM,14989825,231.583,2023,6,3,2023-09-02
2060,CDM,14989833,37.8333,2023,6,3,2023-09-02
2061,CDM,15095284,99.4167,2023,6,3,2023-09-02
2062,CDM,15168156,1104.0,2023,6,3,2023-09-02
2063,CDQ,14064873,13.6667,2023,6,3,2023-09-02
2064,CDQ,14250123,0.8333,2023,6,3,2023-09-02
2066,CDQ,14545132,11.8333,2023,6,3,2023-09-02
2067,CDQ,14561781,18.8333,2023,6,3,2023-09-02
2068,CDQ,14682882,63.9167,2023,6,3,2023-09-02
2069,CDQ,14682891,22.25,2023,6,3,2023-09-02
2070,CDQ,14758699,-0.4167,2023,6,3,2023-09-02
2072,CDQ,14954868,7.0,2023,6,3,2023-09-02
2073,CDQ,14954876,14.9167,2023,6,3,2023-09-02
2074,CDQ,14954892,27.1667,2023,6,3,2023-09-02
2075,CDQ,14960213,0.3333,2023,6,3,2023-09-02
2076,CDQ,14989770,28.0,2023,6,3,2023-09-02
2077,CDQ,14989788,18.75,2023,6,3,2023-09-02
2078,CDQ,14989796,17.9167,2023,6,3,2023-09-02
2079,CDQ,14989809,19.9167,2023,6,3,2023-09-02
2080,CDQ,14989825,47.6667,2023,6,3,2023-09-02
2081,CDQ,14989833,8.5,2023,6,3,2023-09-02
2082,CDQ,15095284,28.5,2023,6,3,2023-09-02
2083,CDQ,15168156,320.25,2023,6,3,2023-09-02
2084,CDM,14001338,62.9167,2023,6,4,2023-09-09
2085,CDM,14064873,27.4167,2023,6,4,2023-09-09
2086,CDM,14250123,2.9167,2023,6,4,2023-09-09
2088,CDM,14545132,78.9167,2023,6,4,2023-09-09
2089,CDM,14561781,65.0,2023,6,4,2023-09-09
2090,CDM,14682882,380.833,2023,6,4,2023-09-09
2091,CDM,14682891,55.25,2023,6,4,2023-09-09
2092,CDM,14758699,365.917,2023,6,4,2023-09-09
2094,CDM,14954868,90.1667,2023,6,4,2023-09-09
2095,CDM,14954876,46.0,2023,6,4,2023-09-09
2096,CDM,14954892,171.667,2023,6,4,2023-09-09
2097,CDM,14989770,74.5833,2023,6,4,2023-09-09
2098,CDM,14989788,67.1667,2023,6,4,2023-09-09
2099,CDM,14989796,43.1667,2023,6,4,2023-09-09
2100,CDM,14989809,21.4167,2023,6,4,2023-09-09
2101,CDM,14989825,227.167,2023,6,4,2023-09-09
2102,CDM,14989833,23.75,2023,6,4,2023-09-09
2103,CDM,15095284,242.167,2023,6,4,2023-09-09
2104,CDM,15168156,590.0,2023,6,4,2023-09-09
2105,CDQ,14064873,12.6667,2023,6,4,2023-09-09
2106,CDQ,14250123,0.8333,2023,6,4,2023-09-09
2108,CDQ,14545132,0.5,2023,6,4,2023-09-09
2109,CDQ,14561781,18.75,2023,6,4,2023-09-09
2110,CDQ,14682882,47.75,2023,6,4,2023-09-09
2111,CDQ,14682891,21.0,2023,6,4,2023-09-09
2112,CDQ,14758699,-0.4167,2023,6,4,2023-09-09
2114,CDQ,14954868,5.0,2023,6,4,2023-09-09
2115,CDQ,14954876,5.9167,2023,6,4,2023-09-09
2116,CDQ,14954892,16.1667,2023,6,4,2023-09-09
2117,CDQ,14960213,0.3333,2023,6,4,2023-09-09
2118,CDQ,14989770,26.0,2023,6,4,2023-09-09
2119,CDQ,14989788,16.75,2023,6,4,2023-09-09
2120,CDQ,14989796,17.9167,2023,6,4,2023-09-09
2121,CDQ,14989809,13.8333,2023,6,4,2023-09-09
2122,CDQ,14989825,47.6667,2023,6,4,2023-09-09
2123,CDQ,14989833,1.5,2023,6,4,2023-09-09
2124,CDQ,15095284,10.5,2023,6,4,2023-09-09
2125,CDQ,15168156,175.25,2023,6,4,2023-09-09
2126,CDM,14001338,46.0833,2023,7,1,2023-09-16
2127,CDM,14064873,22.5833,2023,7,1,2023-09-16
2128,CDM,14250123,2.8333,2023,7,1,2023-09-16
2130,CDM,14545132,38.4167,2023,7,1,2023-09-16
2131,CDM,14561781,55.9167,2023,7,1,2023-09-16
2132,CDM,14682882,299.25,2023,7,1,2023-09-16
2133,CDM,14682891,54.25,2023,7,1,2023-09-16
2134,CDM,14758699,184.417,2023,7,1,2023-09-16
2136,CDM,14954868,79.0833,2023,7,1,2023-09-16
2137,CDM,14954876,42.8333,2023,7,1,2023-09-16
2138,CDM,14954892,111.417,2023,7,1,2023-09-16
2139,CDM,14989770,63.5,2023,7,1,2023-09-16
2140,CDM,14989788,65.0,2023,7,1,2023-09-16
2141,CDM,14989796,42.5833,2023,7,1,2023-09-16
2142,CDM,14989809,13.4167,2023,7,1,2023-09-16
2143,CDM,14989825,223.083,2023,7,1,2023-09-16
2144,CDM,14989833,21.6667,2023,7,1,2023-09-16
2145,CDM,15095284,152.0,2023,7,1,2023-09-16
2146,CDM,15168156,266.75,2023,7,1,2023-09-16
2147,CDQ,14001338,14.0,2023,7,1,2023-09-16
2148,CDQ,14064873,7.6667,2023,7,1,2023-09-16
2149,CDQ,14250123,0.75,2023,7,1,2023-09-16
2151,CDQ,14545132,25.1667,2023,7,1,2023-09-16
2152,CDQ,14561781,16.1667,2023,7,1,2023-09-16
2153,CDQ,14682882,96.8333,2023,7,1,2023-09-16
2154,CDQ,14682891,19.9167,2023,7,1,2023-09-16
2155,CDQ,14758699,100.417,2023,7,1,2023-09-16
2157,CDQ,14954868,1.0,2023,7,1,2023-09-16
2158,CDQ,14954876,14.6667,2023,7,1,2023-09-16
2159,CDQ,14954892,6.5,2023,7,1,2023-09-16
2160,CDQ,14989770,23.9167,2023,7,1,2023-09-16
2161,CDQ,14989788,15.75,2023,7,1,2023-09-16
2162,CDQ,14989796,17.9167,2023,7,1,2023-09-16
2163,CDQ,14989809,8.75,2023,7,1,2023-09-16
2164,CDQ,14989825,47.6667,2023,7,1,2023-09-16
2165,CDQ,14989833,6.5833,2023,7,1,2023-09-16
2166,CDQ,15095284,58.0,2023,7,1,2023-09-16
2167,CDQ,15168156,107.25,2023,7,1,2023-09-16
2168,CDM,14001338,28.3333,2023,7,2,2023-09-23
2169,CDM,14064873,76.3333,2023,7,2,2023-09-23
2170,CDM,14250123,2.8333,2023,7,2,2023-09-23
2172,CDM,14545132,27.0833,2023,7,2,2023-09-23
2173,CDM,14561781,53.5833,2023,7,2,2023-09-23
2174,CDM,14682882,270.917,2023,7,2,2023-09-23
2175,CDM,14682891,54.25,2023,7,2,2023-09-23
2176,CDM,14758699,136.583,2023,7,2,2023-09-23
2178,CDM,14954868,62.0833,2023,7,2,2023-09-23
2179,CDM,14954876,31.8333,2023,7,2,2023-09-23
2180,CDM,14954892,304.917,2023,7,2,2023-09-23
2181,CDM,14989770,182.417,2023,7,2,2023-09-23
2182,CDM,14989788,62.8333,2023,7,2,2023-09-23
2183,CDM,14989796,42.5833,2023,7,2,2023-09-23
2184,CDM,14989809,12.3333,2023,7,2,2023-09-23
2185,CDM,14989825,219.0,2023,7,2,2023-09-23
2186,CDM,14989833,15.5833,2023,7,2,2023-09-23
2187,CDM,15095284,125.0,2023,7,2,2023-09-23
2188,CDM,15168156,196.25,2023,7,2,2023-09-23
2189,CDQ,14001338,28.0,2023,7,2,2023-09-23
2190,CDQ,14064873,5.6667,2023,7,2,2023-09-23
2191,CDQ,14250123,0.75,2023,7,2,2023-09-23
2193,CDQ,14545132,22.1667,2023,7,2,2023-09-23
2194,CDQ,14561781,21.0833,2023,7,2,2023-09-23
2195,CDQ,14682882,87.4167,2023,7,2,2023-09-23
2196,CDQ,14682891,19.8333,2023,7,2,2023-09-23
2197,CDQ,14758699,82.25,2023,7,2,2023-09-23
2199,CDQ,14954868,5.0,2023,7,2,2023-09-23
2200,CDQ,14954876,22.6667,2023,7,2,2023-09-23
2201,CDQ,14954892,10.3333,2023,7,2,2023-09-23
2202,CDQ,14989770,21.9167,2023,7,2,2023-09-23
2203,CDQ,14989788,15.6667,2023,7,2,2023-09-23
2204,CDQ,14989796,17.9167,2023,7,2,2023-09-23
2205,CDQ,14989809,7.5,2023,7,2,2023-09-23
2206,CDQ,14989825,47.5833,2023,7,2,2023-09-23
2207,CDQ,14989833,4.5833,2023,7,2,2023-09-23
2208,CDQ,15095284,66.0,2023,7,2,2023-09-23
2209,CDQ,15168156,95.25,2023,7,2,2023-09-23
2210,CDM,14001338,21.8333,2023,7,3,2023-09-30
2211,CDM,14064873,60.3333,2023,7,3,2023-09-30
2212,CDM,14250123,2.8333,2023,7,3,2023-09-30
2214,CDM,14545132,84.0,2023,7,3,2023-09-30
2215,CDM,14561781,52.4167,2023,7,3,2023-09-30
2216,CDM,14682882,364.667,2023,7,3,2023-09-30
2217,CDM,14682891,54.1667,2023,7,3,2023-09-30
2218,CDM,14758699,114.167,2023,7,3,2023-09-30
2220,CDM,14954868,102.083,2023,7,3,2023-09-30
2221,CDM,14954876,92.5833,2023,7,3,2023-09-30
2222,CDM,14954892,269.667,2023,7,3,2023-09-30
2223,CDM,14989770,164.25,2023,7,3,2023-09-30
2224,CDM,14989788,57.6667,2023,7,3,2023-09-30
2225,CDM,14989796,42.5833,2023,7,3,2023-09-30
2226,CDM,14989809,68.0,2023,7,3,2023-09-30
2227,CDM,14989825,219.0,2023,7,3,2023-09-30
2228,CDM,14989833,72.5833,2023,7,3,2023-09-30
2229,CDM,15095284,289.833,2023,7,3,2023-09-30
2230,CDM,15168156,107.0,2023,7,3,2023-09-30
2231,CDQ,14001338,27.9167,2023,7,3,2023-09-30
2232,CDQ,14064873,16.6667,2023,7,3,2023-09-30
2233,CDQ,14250123,0.6667,2023,7,3,2023-09-30
2235,CDQ,14545132,8.1667,2023,7,3,2023-09-30
2236,CDQ,14561781,18.0833,2023,7,3,2023-09-30
2237,CDQ,14682882,74.0833,2023,7,3,2023-09-30
2238,CDQ,14682891,19.5833,2023,7,3,2023-09-30
2239,CDQ,14758699,67.0833,2023,7,3,2023-09-30
2241,CDQ,14954868,13.0,2023,7,3,2023-09-30
2242,CDQ,14954876,22.6667,2023,7,3,2023-09-30
2243,CDQ,14954892,18.0,2023,7,3,2023-09-30
2244,CDQ,14989770,29.75,2023,7,3,2023-09-30
2245,CDQ,14989788,14.6667,2023,7,3,2023-09-30
2246,CDQ,14989796,16.9167,2023,7,3,2023-09-30
2247,CDQ,14989809,3.4167,2023,7,3,2023-09-30
2248,CDQ,14989825,47.5833,2023,7,3,2023-09-30
2249,CDQ,14989833,3.5833,2023,7,3,2023-09-30
2250,CDQ,15095284,50.8333,2023,7,3,2023-09-30
2251,CDQ,15168156,77.25,2023,7,3,2023-09-30
2252,CDM,14001338,18.5833,2023,7,4,2023-10-07
2253,CDM,14064873,25.1667,2023,7,4,2023-10-07
2254,CDM,14250123,2.8333,2023,7,4,2023-10-07
2257,CDM,14545132,53.4167,2023,7,4,2023-10-07
2260,CDM,14561781,43.25,2023,7,4,2023-10-07
2261,CDM,14682882,265.417,2023,7,4,2023-10-07
2262,CDM,14682891,44.1667,2023,7,4,2023-10-07
2263,CDM,14758699,97.5,2023,7,4,2023-10-07
2265,CDM,14954868,70.75,2023,7,4,2023-10-07
2266,CDM,14954876,85.5,2023,7,4,2023-10-07
2267,CDM,14954892,334.333,2023,7,4,2023-10-07
2268,CDM,14989770,142.0,2023,7,4,2023-10-07
2269,CDM,14989788,53.5833,2023,7,4,2023-10-07
2270,CDM,14989796,41.5,2023,7,4,2023-10-07
2271,CDM,14989809,37.6667,2023,7,4,2023-10-07
2272,CDM,14989825,217.833,2023,7,4,2023-10-07
2273,CDM,14989833,44.5833,2023,7,4,2023-10-07
2274,CDM,15095284,212.667,2023,7,4,2023-10-07
2275,CDM,15168156,413.75,2023,7,4,2023-10-07
2276,CDQ,14001338,27.75,2023,7,4,2023-10-07
2277,CDQ,14064873,24.5833,2023,7,4,2023-10-07
2278,CDQ,14250123,0.5833,2023,7,4,2023-10-07
2280,CDQ,14545132,20.1667,2023,7,4,2023-10-07
2281,CDQ,14561781,16.9167,2023,7,4,2023-10-07
2282,CDQ,14682882,107.5,2023,7,4,2023-10-07
2283,CDQ,14682891,18.25,2023,7,4,2023-10-07
2284,CDQ,14758699,42.9167,2023,7,4,2023-10-07
2286,CDQ,14954868,28.0,2023,7,4,2023-10-07
2287,CDQ,14954876,21.6667,2023,7,4,2023-10-07
2288,CDQ,14954892,18.0,2023,7,4,2023-10-07
2289,CDQ,14989770,47.75,2023,7,4,2023-10-07
2290,CDQ,14989788,14.6667,2023,7,4,2023-10-07
2291,CDQ,14989796,15.9167,2023,7,4,2023-10-07
2292,CDQ,14989809,19.75,2023,7,4,2023-10-07
2293,CDQ,14989825,46.5,2023,7,4,2023-10-07
2294,CDQ,14989833,23.5833,2023,7,4,2023-10-07
2295,CDQ,15095284,85.5,2023,7,4,2023-10-07
2296,CDQ,15168156,68.25,2023,7,4,2023-10-07
2297,CDM,14001338,18.25,2023,8,1,2023-10-14
2298,CDM,14064873,17.1667,2023,8,1,2023-10-14
2299,CDM,14250123,2.8333,2023,8,1,2023-10-14
2302,CDM,14545132,110.25,2023,8,1,2023-10-14
2305,CDM,14561781,94.6667,2023,8,1,2023-10-14
2306,CDM,14682882,479.083,2023,8,1,2023-10-14
2307,CDM,14682891,43.1667,2023,8,1,2023-10-14
2308,CDM,14758699,86.75,2023,8,1,2023-10-14
2310,CDM,14954868,42.75,2023,8,1,2023-10-14
2311,CDM,14954876,81.3333,2023,8,1,2023-10-14
2312,CDM,14954892,238.083,2023,8,1,2023-10-14
2313,CDM,14989770,144.75,2023,8,1,2023-10-14
2314,CDM,14989788,53.0833,2023,8,1,2023-10-14
2315,CDM,14989796,41.3333,2023,8,1,2023-10-14
2316,CDM,14989809,30.4167,2023,8,1,2023-10-14
2317,CDM,14989825,221.75,2023,8,1,2023-10-14
2318,CDM,14989833,44.5833,2023,8,1,2023-10-14
2319,CDM,15095284,204.583,2023,8,1,2023-10-14
2320,CDM,15168156,313.75,2023,8,1,2023-10-14
2321,CDQ,14001338,27.6667,2023,8,1,2023-10-14
2322,CDQ,14064873,13.5833,2023,8,1,2023-10-14
2323,CDQ,14250123,0.5833,2023,8,1,2023-10-14
2325,CDQ,14545132,16.0833,2023,8,1,2023-10-14
2326,CDQ,14561781,14.8333,2023,8,1,2023-10-14
2327,CDQ,14682882,100.417,2023,8,1,2023-10-14
2328,CDQ,14682891,17.1667,2023,8,1,2023-10-14
2329,CDQ,14758699,29.9167,2023,8,1,2023-10-14
2331,CDQ,14954868,23.0,2023,8,1,2023-10-14
2332,CDQ,14954876,17.6667,2023,8,1,2023-10-14
2333,CDQ,14954892,74.0,2023,8,1,2023-10-14
2334,CDQ,14989770,37.75,2023,8,1,2023-10-14
2335,CDQ,14989788,11.5,2023,8,1,2023-10-14
2336,CDQ,14989796,14.8333,2023,8,1,2023-10-14
2337,CDQ,14989809,18.5833,2023,8,1,2023-10-14
2338,CDQ,14989825,46.5,2023,8,1,2023-10-14
2339,CDQ,14989833,20.5833,2023,8,1,2023-10-14
2340,CDQ,15095284,66.5,2023,8,1,2023-10-14
2341,CDQ,15168156,46.25,2023,8,1,2023-10-14
2342,CDM,14001338,17.0,2023,8,2,2023-10-21
2343,CDM,14064873,10.4167,2023,8,2,2023-10-21
2344,CDM,14250123,2.8333,2023,8,2,2023-10-21
2347,CDM,14545132,65.0833,2023,8,2,2023-10-21
2350,CDM,14561781,97.5833,2023,8,2,2023-10-21
2351,CDM,14682882,393.5,2023,8,2,2023-10-21
2352,CDM,14682891,40.1667,2023,8,2,2023-10-21
2353,CDM,14758699,186.167,2023,8,2,2023-10-21
2355,CDM,14954868,31.1667,2023,8,2,2023-10-21
2356,CDM,14954876,80.3333,2023,8,2,2023-10-21
2357,CDM,14954892,202.083,2023,8,2,2023-10-21
2358,CDM,14989770,142.583,2023,8,2,2023-10-21
2359,CDM,14989788,45.0,2023,8,2,2023-10-21
2360,CDM,14989796,41.25,2023,8,2,2023-10-21
2361,CDM,14989809,25.0833,2023,8,2,2023-10-21
2362,CDM,14989825,221.667,2023,8,2,2023-10-21
2363,CDM,14989833,42.5833,2023,8,2,2023-10-21
2364,CDM,15095284,194.5,2023,8,2,2023-10-21
2365,CDM,15168156,304.5,2023,8,2,2023-10-21
2366,CDQ,14001338,27.6667,2023,8,2,2023-10-21
2367,CDQ,14064873,8.5,2023,8,2,2023-10-21
2368,CDQ,14250123,0.5833,2023,8,2,2023-10-21
2371,CDQ,14545132,48.0833,2023,8,2,2023-10-21
2372,CDQ,14561781,13.75,2023,8,2,2023-10-21
2373,CDQ,14682882,146.5,2023,8,2,2023-10-21
2374,CDQ,14682891,17.1667,2023,8,2,2023-10-21
2375,CDQ,14758699,69.75,2023,8,2,2023-10-21
2377,CDQ,14954868,19.0,2023,8,2,2023-10-21
2378,CDQ,14954876,16.6667,2023,8,2,2023-10-21
2379,CDQ,14954892,67.0,2023,8,2,2023-10-21
2380,CDQ,14989770,36.5833,2023,8,2,2023-10-21
2381,CDQ,14989788,10.5,2023,8,2,2023-10-21
2382,CDQ,14989796,14.8333,2023,8,2,2023-10-21
2383,CDQ,14989809,16.4167,2023,8,2,2023-10-21
2384,CDQ,14989825,46.5,2023,8,2,2023-10-21
2385,CDQ,14989833,18.5833,2023,8,2,2023-10-21
2386,CDQ,15095284,57.4167,2023,8,2,2023-10-21
2387,CDQ,15168156,96.25,2023,8,2,2023-10-21
2388,CDM,14001338,13.5833,2023,8,3,2023-10-28
2389,CDM,14064873,170.417,2023,8,3,2023-10-28
2390,CDM,14250123,1.8333,2023,8,3,2023-10-28
2393,CDM,14545132,62.9167,2023,8,3,2023-10-28
2396,CDM,14561781,77.25,2023,8,3,2023-10-28
2397,CDM,14682882,358.0,2023,8,3,2023-10-28
2398,CDM,14682891,39.9167,2023,8,3,2023-10-28
2399,CDM,14758699,112.417,2023,8,3,2023-10-28
2401,CDM,14954868,250.833,2023,8,3,2023-10-28
2402,CDM,14954876,70.1667,2023,8,3,2023-10-28
2403,CDM,14954892,154.0,2023,8,3,2023-10-28
2404,CDM,14989770,141.417,2023,8,3,2023-10-28
2405,CDM,14989788,39.6667,2023,8,3,2023-10-28
2406,CDM,14989796,40.1667,2023,8,3,2023-10-28
2407,CDM,14989809,23.5,2023,8,3,2023-10-28
2408,CDM,14989825,220.333,2023,8,3,2023-10-28
2409,CDM,14989833,40.5,2023,8,3,2023-10-28
2410,CDM,15095284,147.5,2023,8,3,2023-10-28
2411,CDM,15168156,279.25,2023,8,3,2023-10-28
2412,CDQ,14001338,27.6667,2023,8,3,2023-10-28
2413,CDQ,14064873,3.5,2023,8,3,2023-10-28
2414,CDQ,14250123,0.5833,2023,8,3,2023-10-28
2417,CDQ,14545132,41.0833,2023,8,3,2023-10-28
2418,CDQ,14561781,32.75,2023,8,3,2023-10-28
2419,CDQ,14682882,127.25,2023,8,3,2023-10-28
2420,CDQ,14682891,17.1667,2023,8,3,2023-10-28
2421,CDQ,14758699,84.4167,2023,8,3,2023-10-28
2423,CDQ,14954868,17.0,2023,8,3,2023-10-28
2424,CDQ,14954876,25.6667,2023,8,3,2023-10-28
2425,CDQ,14954892,59.8333,2023,8,3,2023-10-28
2426,CDQ,14989770,24.5,2023,8,3,2023-10-28
2427,CDQ,14989788,10.5,2023,8,3,2023-10-28
2428,CDQ,14989796,10.8333,2023,8,3,2023-10-28
2429,CDQ,14989809,8.4167,2023,8,3,2023-10-28
2430,CDQ,14989825,46.5,2023,8,3,2023-10-28
2431,CDQ,14989833,15.5833,2023,8,3,2023-10-28
2432,CDQ,15095284,26.75,2023,8,3,2023-10-28
2433,CDQ,15168156,89.25,2023,8,3,2023-10-28
2434,CDM,14001338,7.0833,2023,8,4,2023-11-04
2435,CDM,14064873,92.9167,2023,8,4,2023-11-04
2436,CDM,14250123,1.5,2023,8,4,2023-11-04
2439,CDM,14545132,171.833,2023,8,4,2023-11-04
2442,CDM,14561781,62.8333,2023,8,4,2023-11-04
2443,CDM,14682882,843.667,2023,8,4,2023-11-04
2444,CDM,14682891,39.75,2023,8,4,2023-11-04
2445,CDM,14758699,371.25,2023,8,4,2023-11-04
2447,CDM,14954868,175.583,2023,8,4,2023-11-04
2448,CDM,14954876,65.0833,2023,8,4,2023-11-04
2449,CDM,14954892,736.0,2023,8,4,2023-11-04
2450,CDM,14989770,237.333,2023,8,4,2023-11-04
2451,CDM,14989788,118.083,2023,8,4,2023-11-04
2452,CDM,14989796,39.8333,2023,8,4,2023-11-04
2453,CDM,14989809,133.167,2023,8,4,2023-11-04
2454,CDM,14989825,221.167,2023,8,4,2023-11-04
2455,CDM,14989833,144.5,2023,8,4,2023-11-04
2456,CDM,15095284,433.667,2023,8,4,2023-11-04
2457,CDM,15168156,246.25,2023,8,4,2023-11-04
2458,CDQ,14001338,27.5833,2023,8,4,2023-11-04
2459,CDQ,14064873,50.5,2023,8,4,2023-11-04
2460,CDQ,14250123,0.5833,2023,8,4,2023-11-04
2463,CDQ,14545132,31.0833,2023,8,4,2023-11-04
2464,CDQ,14561781,32.4167,2023,8,4,2023-11-04
2465,CDQ,14682882,112.917,2023,8,4,2023-11-04
2466,CDQ,14682891,16.9167,2023,8,4,2023-11-04
2467,CDQ,14758699,45.0,2023,8,4,2023-11-04
2469,CDQ,14954868,74.0,2023,8,4,2023-11-04
2470,CDQ,14954876,23.6667,2023,8,4,2023-11-04
2471,CDQ,14954892,39.5,2023,8,4,2023-11-04
2472,CDQ,14989770,19.5,2023,8,4,2023-11-04
2473,CDQ,14989788,6.5,2023,8,4,2023-11-04
2474,CDQ,14989796,9.8333,2023,8,4,2023-11-04
2475,CDQ,14989809,0.25,2023,8,4,2023-11-04
2476,CDQ,14989825,46.5,2023,8,4,2023-11-04
2477,CDQ,14989833,14.5833,2023,8,4,2023-11-04
2478,CDQ,15095284,204.583,2023,8,4,2023-11-04
2479,CDQ,15168156,65.25,2023,8,4,2023-11-04
2480,CDM,14001338,4.5,2023,9,1,2023-11-11
2481,CDM,14064873,80.0,2023,9,1,2023-11-11
2482,CDM,14250123,1.5,2023,9,1,2023-11-11
2485,CDM,14545132,166.583,2023,9,1,2023-11-11
2488,CDM,14561781,62.6667,2023,9,1,2023-11-11
2489,CDM,14682882,686.917,2023,9,1,2023-11-11
2490,CDM,14682891,38.75,2023,9,1,2023-11-11
2491,CDM,14758699,351.917,2023,9,1,2023-11-11
2493,CDM,14954868,167.0,2023,9,1,2023-11-11
2494,CDM,14954876,59.75,2023,9,1,2023-11-11
2495,CDM,14954892,624.833,2023,9,1,2023-11-11
2496,CDM,14989770,174.167,2023,9,1,2023-11-11
2497,CDM,14989788,108.75,2023,9,1,2023-11-11
2498,CDM,14989796,37.5,2023,9,1,2023-11-11
2499,CDM,14989809,63.25,2023,9,1,2023-11-11
2500,CDM,14989825,215.917,2023,9,1,2023-11-11
2501,CDM,14989833,110.333,2023,9,1,2023-11-11
2502,CDM,15095284,416.667,2023,9,1,2023-11-11
2503,CDM,15168156,228.75,2023,9,1,2023-11-11
2504,CDQ,14001338,27.5833,2023,9,1,2023-11-11
2505,CDQ,14064873,49.5,2023,9,1,2023-11-11
2506,CDQ,14250123,0.5,2023,9,1,2023-11-11
2509,CDQ,14545132,86.0833,2023,9,1,2023-11-11
2510,CDQ,14561781,32.4167,2023,9,1,2023-11-11
2511,CDQ,14682882,108.667,2023,9,1,2023-11-11
2512,CDQ,14682891,16.9167,2023,9,1,2023-11-11
2513,CDQ,14758699,272.667,2023,9,1,2023-11-11
2515,CDQ,14954868,71.0,2023,9,1,2023-11-11
2516,CDQ,14954876,21.9167,2023,9,1,2023-11-11
2517,CDQ,14954892,97.3333,2023,9,1,2023-11-11
2518,CDQ,14989770,75.3333,2023,9,1,2023-11-11
2519,CDQ,14989788,35.5,2023,9,1,2023-11-11
2520,CDQ,14989796,8.8333,2023,9,1,2023-11-11
2521,CDQ,14989809,59.0,2023,9,1,2023-11-11
2522,CDQ,14989825,46.5,2023,9,1,2023-11-11
2523,CDQ,14989833,11.5833,2023,9,1,2023-11-11
2524,CDQ,15095284,192.5,2023,9,1,2023-11-11
2525,CDQ,15168156,48.25,2023,9,1,2023-11-11
2526,CDM,14001338,59.1667,2023,9,2,2023-11-18
2527,CDM,14064873,61.6667,2023,9,2,2023-11-18
2528,CDM,14250123,1.0,2023,9,2,2023-11-18
2531,CDM,14545132,162.25,2023,9,2,2023-11-18
2534,CDM,14561781,119.5,2023,9,2,2023-11-18
2535,CDM,14682882,653.25,2023,9,2,2023-11-18
2536,CDM,14682891,35.75,2023,9,2,2023-11-18
2537,CDM,14758699,452.917,2023,9,2,2023-11-18
2539,CDM,14954868,151.5,2023,9,2,2023-11-18
2540,CDM,14954876,177.167,2023,9,2,2023-11-18
2541,CDM,14954892,580.667,2023,9,2,2023-11-18
2542,CDM,14989770,171.667,2023,9,2,2023-11-18
2543,CDM,14989788,103.583,2023,9,2,2023-11-18
2544,CDM,14989796,26.0833,2023,9,2,2023-11-18
2545,CDM,14989809,52.25,2023,9,2,2023-11-18
2546,CDM,14989825,215.417,2023,9,2,2023-11-18
2547,CDM,14989833,109.083,2023,9,2,2023-11-18
2548,CDM,15095284,406.333,2023,9,2,2023-11-18
2549,CDM,15168156,810.25,2023,9,2,2023-11-18
2550,CDQ,14001338,27.5833,2023,9,2,2023-11-18
2551,CDQ,14064873,48.3333,2023,9,2,2023-11-18
2552,CDQ,14250123,0.5,2023,9,2,2023-11-18
2555,CDQ,14545132,79.9167,2023,9,2,2023-11-18
2556,CDQ,14561781,32.4167,2023,9,2,2023-11-18
2557,CDQ,14682882,222.5,2023,9,2,2023-11-18
2558,CDQ,14682891,16.75,2023,9,2,2023-11-18
2559,CDQ,14758699,262.417,2023,9,2,2023-11-18
2561,CDQ,14954868,67.0,2023,9,2,2023-11-18
2562,CDQ,14954876,19.9167,2023,9,2,2023-11-18
2563,CDQ,14954892,94.4167,2023,9,2,2023-11-18
2564,CDQ,14989770,93.25,2023,9,2,2023-11-18
2565,CDQ,14989788,32.5,2023,9,2,2023-11-18
2566,CDQ,14989796,15.8333,2023,9,2,2023-11-18
2567,CDQ,14989809,55.9167,2023,9,2,2023-11-18
2568,CDQ,14989825,43.5,2023,9,2,2023-11-18
2569,CDQ,14989833,41.5833,2023,9,2,2023-11-18
2570,CDQ,15095284,179.417,2023,9,2,2023-11-18
2571,CDQ,15168156,29.25,2023,9,2,2023-11-18
2572,CDM,14001338,58.0,2023,9,3,2023-11-25
2573,CDM,14064873,41.1667,2023,9,3,2023-11-25
2576,CDM,14545132,150.083,2023,9,3,2023-11-25
2579,CDM,14561781,116.417,2023,9,3,2023-11-25
2580,CDM,14682882,614.917,2023,9,3,2023-11-25
2581,CDM,14682891,33.5833,2023,9,3,2023-11-25
2582,CDM,14758699,365.167,2023,9,3,2023-11-25
2584,CDM,14954868,142.167,2023,9,3,2023-11-25
2585,CDM,14954876,142.0,2023,9,3,2023-11-25
2586,CDM,14954892,542.833,2023,9,3,2023-11-25
2587,CDM,14989770,154.417,2023,9,3,2023-11-25
2588,CDM,14989788,94.75,2023,9,3,2023-11-25
2589,CDM,14989796,26.0833,2023,9,3,2023-11-25
2590,CDM,14989809,42.3333,2023,9,3,2023-11-25
2591,CDM,14989825,155.167,2023,9,3,2023-11-25
2592,CDM,14989833,104.0,2023,9,3,2023-11-25
2593,CDM,15095284,375.833,2023,9,3,2023-11-25
2594,CDM,15168156,559.0,2023,9,3,2023-11-25
2595,CDQ,14001338,27.3333,2023,9,3,2023-11-25
2596,CDQ,14064873,41.3333,2023,9,3,2023-11-25
2597,CDQ,14250123,0.5,2023,9,3,2023-11-25
2600,CDQ,14545132,67.9167,2023,9,3,2023-11-25
2601,CDQ,14561781,32.25,2023,9,3,2023-11-25
2602,CDQ,14682882,208.083,2023,9,3,2023-11-25
2603,CDQ,14682891,15.75,2023,9,3,2023-11-25
2604,CDQ,14758699,234.333,2023,9,3,2023-11-25
2606,CDQ,14954868,66.0,2023,9,3,2023-11-25
2607,CDQ,14954876,46.9167,2023,9,3,2023-11-25
2608,CDQ,14954892,85.8333,2023,9,3,2023-11-25
2609,CDQ,14989770,89.1667,2023,9,3,2023-11-25
2610,CDQ,14989788,29.5,2023,9,3,2023-11-25
2611,CDQ,14989796,15.75,2023,9,3,2023-11-25
2612,CDQ,14989809,45.9167,2023,9,3,2023-11-25
2613,CDQ,14989825,99.5,2023,9,3,2023-11-25
2614,CDQ,14989833,41.5833,2023,9,3,2023-11-25
2615,CDQ,15095284,161.417,2023,9,3,2023-11-25
2616,CDQ,15168156,197.25,2023,9,3,2023-11-25
2617,CDM,14001338,55.5833,2023,9,4,2023-12-02
2618,CDM,14064873,24.5833,2023,9,4,2023-12-02
2621,CDM,14545132,140.917,2023,9,4,2023-12-02
2624,CDM,14561781,118.0,2023,9,4,2023-12-02
2625,CDM,14682882,510.667,2023,9,4,2023-12-02
2626,CDM,14682891,34.4167,2023,9,4,2023-12-02
2627,CDM,14758699,340.083,2023,9,4,2023-12-02
2629,CDM,14954868,123.583,2023,9,4,2023-12-02
2630,CDM,14954876,142.0,2023,9,4,2023-12-02
2631,CDM,14954892,498.083,2023,9,4,2023-12-02
2632,CDM,14960213,3.0,2023,9,4,2023-12-02
2633,CDM,14989770,145.917,2023,9,4,2023-12-02
2634,CDM,14989788,84.5833,2023,9,4,2023-12-02
2635,CDM,14989796,27.0,2023,9,4,2023-12-02
2636,CDM,14989809,95.25,2023,9,4,2023-12-02
2637,CDM,14989825,154.917,2023,9,4,2023-12-02
2638,CDM,14989833,102.833,2023,9,4,2023-12-02
2639,CDM,15095284,362.5,2023,9,4,2023-12-02
2640,CDM,15168156,555.5,2023,9,4,2023-12-02
2641,CDQ,14001338,26.3333,2023,9,4,2023-12-02
2642,CDQ,14064873,34.3333,2023,9,4,2023-12-02
2643,CDQ,14250123,0.5,2023,9,4,2023-12-02
2646,CDQ,14545132,54.9167,2023,9,4,2023-12-02
2647,CDQ,14561781,29.75,2023,9,4,2023-12-02
2648,CDQ,14682882,188.667,2023,9,4,2023-12-02
2649,CDQ,14682891,15.75,2023,9,4,2023-12-02
2650,CDQ,14758699,264.333,2023,9,4,2023-12-02
2652,CDQ,14954868,59.0,2023,9,4,2023-12-02
2653,CDQ,14954876,44.9167,2023,9,4,2023-12-02
2654,CDQ,14954892,68.6667,2023,9,4,2023-12-02
2655,CDQ,14989770,83.0833,2023,9,4,2023-12-02
2656,CDQ,14989788,28.5,2023,9,4,2023-12-02
2657,CDQ,14989796,14.75,2023,9,4,2023-12-02
2658,CDQ,14989809,38.8333,2023,9,4,2023-12-02
2659,CDQ,14989825,99.5,2023,9,4,2023-12-02
2660,CDQ,14989833,36.5833,2023,9,4,2023-12-02
2661,CDQ,15095284,148.417,2023,9,4,2023-12-02
2662,CDQ,15168156,175.25,2023,9,4,2023-12-02
2663,CDM,14001338,53.5833,2023,10,1,2023-12-09
2664,CDM,14064873,61.8333,2023,10,1,2023-12-09
2667,CDM,14545132,130.75,2023,10,1,2023-12-09
2670,CDM,14561781,118.5,2023,10,1,2023-12-09
2671,CDM,14682882,458.833,2023,10,1,2023-12-09
2672,CDM,14682891,34.0833,2023,10,1,2023-12-09
2673,CDM,14758699,309.167,2023,10,1,2023-12-09
2675,CDM,14954868,98.8333,2023,10,1,2023-12-09
2676,CDM,14954876,136.0,2023,10,1,2023-12-09
2677,CDM,14954892,451.833,2023,10,1,2023-12-09
2678,CDM,14989770,140.417,2023,10,1,2023-12-09
2679,CDM,14989788,64.75,2023,10,1,2023-12-09
2680,CDM,14989796,26.0,2023,10,1,2023-12-09
2681,CDM,14989809,77.75,2023,10,1,2023-12-09
2682,CDM,14989825,152.667,2023,10,1,2023-12-09
2683,CDM,14989833,99.3333,2023,10,1,2023-12-09
2684,CDM,15095284,342.583,2023,10,1,2023-12-09
2685,CDM,15168156,515.25,2023,10,1,2023-12-09
2686,CDQ,14001338,26.1667,2023,10,1,2023-12-09
2687,CDQ,14064873,29.8333,2023,10,1,2023-12-09
2688,CDQ,14250123,0.4167,2023,10,1,2023-12-09
2691,CDQ,14545132,47.9167,2023,10,1,2023-12-09
2692,CDQ,14561781,27.75,2023,10,1,2023-12-09
2693,CDQ,14682882,172.667,2023,10,1,2023-12-09
2694,CDQ,14682891,15.4167,2023,10,1,2023-12-09
2695,CDQ,14758699,245.25,2023,10,1,2023-12-09
2697,CDQ,14954868,58.0,2023,10,1,2023-12-09
2698,CDQ,14954876,39.9167,2023,10,1,2023-12-09
2699,CDQ,14954892,57.5,2023,10,1,2023-12-09
2700,CDQ,14989770,78.9167,2023,10,1,2023-12-09
2701,CDQ,14989788,27.5,2023,10,1,2023-12-09
2702,CDQ,14989796,12.75,2023,10,1,2023-12-09
2703,CDQ,14989809,27.6667,2023,10,1,2023-12-09
2704,CDQ,14989825,98.5,2023,10,1,2023-12-09
2705,CDQ,14989833,35.5833,2023,10,1,2023-12-09
2706,CDQ,15095284,134.167,2023,10,1,2023-12-09
2707,CDQ,15168156,157.25,2023,10,1,2023-12-09
2708,CDM,14001338,47.4167,2023,10,2,2023-12-16
2709,CDM,14064873,39.0,2023,10,2,2023-12-16
2712,CDM,14545132,81.6667,2023,10,2,2023-12-16
2715,CDM,14561781,113.917,2023,10,2,2023-12-16
2716,CDM,14682882,408.417,2023,10,2,2023-12-16
2717,CDM,14682891,27.6667,2023,10,2,2023-12-16
2718,CDM,14758699,261.583,2023,10,2,2023-12-16
2720,CDM,14954868,73.9167,2023,10,2,2023-12-16
2721,CDM,14954876,132.0,2023,10,2,2023-12-16
2722,CDM,14954892,384.583,2023,10,2,2023-12-16
2723,CDM,14989770,132.417,2023,10,2,2023-12-16
2724,CDM,14989788,45.25,2023,10,2,2023-12-16
2725,CDM,14989796,25.0,2023,10,2,2023-12-16
2726,CDM,14989809,53.5,2023,10,2,2023-12-16
2727,CDM,14989825,150.417,2023,10,2,2023-12-16
2728,CDM,14989833,95.9167,2023,10,2,2023-12-16
2729,CDM,15095284,298.25,2023,10,2,2023-12-16
2730,CDM,15168156,457.0,2023,10,2,2023-12-16
2731,CDQ,14001338,25.8333,2023,10,2,2023-12-16
2732,CDQ,14064873,19.8333,2023,10,2,2023-12-16
2733,CDQ,14250123,0.4167,2023,10,2,2023-12-16
2736,CDQ,14545132,66.6667,2023,10,2,2023-12-16
2737,CDQ,14561781,26.5833,2023,10,2,2023-12-16
2738,CDQ,14682882,153.75,2023,10,2,2023-12-16
2739,CDQ,14682891,14.4167,2023,10,2,2023-12-16
2740,CDQ,14758699,208.0,2023,10,2,2023-12-16
2742,CDQ,14954868,53.75,2023,10,2,2023-12-16
2743,CDQ,14954876,37.9167,2023,10,2,2023-12-16
2744,CDQ,14954892,42.25,2023,10,2,2023-12-16
2745,CDQ,14989770,75.9167,2023,10,2,2023-12-16
2746,CDQ,14989788,26.4167,2023,10,2,2023-12-16
2747,CDQ,14989796,10.5833,2023,10,2,2023-12-16
2748,CDQ,14989809,19.1667,2023,10,2,2023-12-16
2749,CDQ,14989825,97.5,2023,10,2,2023-12-16
2750,CDQ,14989833,32.5833,2023,10,2,2023-12-16
2751,CDQ,15095284,110.083,2023,10,2,2023-12-16
2752,CDQ,15168156,128.25,2023,10,2,2023-12-16
2753,CDM,14001338,43.9167,2023,10,3,2023-12-23
2754,CDM,14064873,25.6667,2023,10,3,2023-12-23
2757,CDM,14545132,73.0833,2023,10,3,2023-12-23
2760,CDM,14561781,108.5,2023,10,3,2023-12-23
2761,CDM,14682882,221.417,2023,10,3,2023-12-23
2762,CDM,14682891,25.25,2023,10,3,2023-12-23
2763,CDM,14758699,215.667,2023,10,3,2023-12-23
2765,CDM,14954868,60.75,2023,10,3,2023-12-23
2766,CDM,14954876,127.0,2023,10,3,2023-12-23
2767,CDM,14954892,253.833,2023,10,3,2023-12-23
2768,CDM,14989770,124.0,2023,10,3,2023-12-23
2769,CDM,14989788,29.3333,2023,10,3,2023-12-23
2770,CDM,14989796,25.0,2023,10,3,2023-12-23
2771,CDM,14989809,25.75,2023,10,3,2023-12-23
2772,CDM,14989825,149.167,2023,10,3,2023-12-23
2773,CDM,14989833,92.6667,2023,10,3,2023-12-23
2774,CDM,15095284,211.333,2023,10,3,2023-12-23
2775,CDM,15168156,373.5,2023,10,3,2023-12-23
2776,CDQ,14001338,25.75,2023,10,3,2023-12-23
2777,CDQ,14064873,12.8333,2023,10,3,2023-12-23
2778,CDQ,14250123,0.4167,2023,10,3,2023-12-23
2781,CDQ,14545132,43.6667,2023,10,3,2023-12-23
2782,CDQ,14561781,24.5,2023,10,3,2023-12-23
2783,CDQ,14682882,53.0833,2023,10,3,2023-12-23
2784,CDQ,14682891,14.1667,2023,10,3,2023-12-23
2785,CDQ,14758699,150.0,2023,10,3,2023-12-23
2787,CDQ,14954868,48.5833,2023,10,3,2023-12-23
2788,CDQ,14954876,35.75,2023,10,3,2023-12-23
2789,CDQ,14954892,27.25,2023,10,3,2023-12-23
2790,CDQ,14989770,69.8333,2023,10,3,2023-12-23
2791,CDQ,14989788,24.4167,2023,10,3,2023-12-23
2792,CDQ,14989796,10.5833,2023,10,3,2023-12-23
2793,CDQ,14989809,12.8333,2023,10,3,2023-12-23
2794,CDQ,14989825,97.5,2023,10,3,2023-12-23
2795,CDQ,14989833,30.5833,2023,10,3,2023-12-23
2796,CDQ,15095284,123.0,2023,10,3,2023-12-23
2797,CDQ,15168156,90.25,2023,10,3,2023-12-23
2798,CDM,14001338,40.5,2023,10,4,2023-12-30
2799,CDM,14064873,13.0833,2023,10,4,2023-12-30
2802,CDM,14545132,63.0,2023,10,4,2023-12-30
2805,CDM,14561781,101.333,2023,10,4,2023-12-30
2806,CDM,14682882,181.167,2023,10,4,2023-12-30
2807,CDM,14682891,23.25,2023,10,4,2023-12-30
2808,CDM,14758699,179.333,2023,10,4,2023-12-30
2810,CDM,14954868,47.6667,2023,10,4,2023-12-30
2811,CDM,14954876,114.0,2023,10,4,2023-12-30
2812,CDM,14954892,215.25,2023,10,4,2023-12-30
2813,CDM,14989770,108.667,2023,10,4,2023-12-30
2814,CDM,14989788,21.1667,2023,10,4,2023-12-30
2815,CDM,14989796,23.9167,2023,10,4,2023-12-30
2816,CDM,14989809,15.25,2023,10,4,2023-12-30
2817,CDM,14989825,149.083,2023,10,4,2023-12-30
2818,CDM,14989833,82.5833,2023,10,4,2023-12-30
2819,CDM,15095284,195.167,2023,10,4,2023-12-30
2820,CDM,15168156,345.5,2023,10,4,2023-12-30
2821,CDQ,14001338,25.5833,2023,10,4,2023-12-30
2822,CDQ,14064873,5.8333,2023,10,4,2023-12-30
2823,CDQ,14250123,0.3333,2023,10,4,2023-12-30
2826,CDQ,14545132,22.6667,2023,10,4,2023-12-30
2827,CDQ,14561781,21.5,2023,10,4,2023-12-30
2828,CDQ,14682882,36.0833,2023,10,4,2023-12-30
2829,CDQ,14682891,14.0,2023,10,4,2023-12-30
2830,CDQ,14758699,108.75,2023,10,4,2023-12-30
2832,CDQ,14954868,41.5833,2023,10,4,2023-12-30
2833,CDQ,14954876,33.75,2023,10,4,2023-12-30
2834,CDQ,14954892,16.75,2023,10,4,2023-12-30
2835,CDQ,14989770,63.75,2023,10,4,2023-12-30
2836,CDQ,14989788,24.3333,2023,10,4,2023-12-30
2837,CDQ,14989796,9.5833,2023,10,4,2023-12-30
2838,CDQ,14989809,3.5833,2023,10,4,2023-12-30
2839,CDQ,14989825,97.5,2023,10,4,2023-12-30
2840,CDQ,14989833,25.5833,2023,10,4,2023-12-30
2841,CDQ,15095284,107.917,2023,10,4,2023-12-30
2842,CDQ,15168156,78.25,2023,10,4,2023-12-30
2843,CDM,14001338,40.0,2023,11,1,2024-01-06
2844,CDM,14064873,8.3333,2023,11,1,2024-01-06
2847,CDM,14545132,56.0,2023,11,1,2024-01-06
2850,CDM,14561781,97.3333,2023,11,1,2024-01-06
2851,CDM,14682882,145.917,2023,11,1,2024-01-06
2852,CDM,14682891,23.1667,2023,11,1,2024-01-06
2853,CDM,14758699,147.0,2023,11,1,2024-01-06
2855,CDM,14954868,24.6667,2023,11,1,2024-01-06
2856,CDM,14954876,108.917,2023,11,1,2024-01-06
2857,CDM,14954892,146.167,2023,11,1,2024-01-06
2858,CDM,14989770,91.25,2023,11,1,2024-01-06
2859,CDM,14989788,12.8333,2023,11,1,2024-01-06
2860,CDM,14989796,22.9167,2023,11,1,2024-01-06
2861,CDM,14989809,4.25,2023,11,1,2024-01-06
2862,CDM,14989825,149.0,2023,11,1,2024-01-06
2863,CDM,14989833,78.3333,2023,11,1,2024-01-06
2864,CDM,15095284,158.833,2023,11,1,2024-01-06
2865,CDM,15168156,299.0,2023,11,1,2024-01-06
2866,CDQ,14001338,24.5,2023,11,1,2024-01-06
2867,CDQ,14064873,0.8333,2023,11,1,2024-01-06
2868,CDQ,14250123,0.3333,2023,11,1,2024-01-06
2871,CDQ,14545132,9.6667,2023,11,1,2024-01-06
2872,CDQ,14561781,21.5,2023,11,1,2024-01-06
2873,CDQ,14682882,12.75,2023,11,1,2024-01-06
2874,CDQ,14682891,13.0,2023,11,1,2024-01-06
2875,CDQ,14758699,86.75,2023,11,1,2024-01-06
2877,CDQ,14954868,34.5833,2023,11,1,2024-01-06
2878,CDQ,14954876,33.75,2023,11,1,2024-01-06
2879,CDQ,14954892,3.5833,2023,11,1,2024-01-06
2880,CDQ,14989770,54.75,2023,11,1,2024-01-06
2881,CDQ,14989788,23.3333,2023,11,1,2024-01-06
2882,CDQ,14989796,9.5833,2023,11,1,2024-01-06
2883,CDQ,14989809,2.4167,2023,11,1,2024-01-06
2884,CDQ,14989825,96.5,2023,11,1,2024-01-06
2885,CDQ,14989833,20.5833,2023,11,1,2024-01-06
2886,CDQ,15095284,80.5833,2023,11,1,2024-01-06
2887,CDQ,15168156,58.25,2023,11,1,2024-01-06
2888,CDM,14001338,36.1667,2023,11,2,2024-01-13
2889,CDM,14064873,78.75,2023,11,2,2024-01-13
2892,CDM,14545132,149.833,2023,11,2,2024-01-13
2895,CDM,14561781,92.3333,2023,11,2,2024-01-13
2896,CDM,14682882,277.833,2023,11,2,2024-01-13
2897,CDM,14682891,20.1667,2023,11,2,2024-01-13
2898,CDM,14758699,117.25,2023,11,2,2024-01-13
2900,CDM,14954868,132.5,2023,11,2,2024-01-13
2901,CDM,14954876,107.917,2023,11,2,2024-01-13
2902,CDM,14954892,78.8333,2023,11,2,2024-01-13
2903,CDM,14989770,82.25,2023,11,2,2024-01-13
2904,CDM,14989788,4.9167,2023,11,2,2024-01-13
2905,CDM,14989796,22.75,2023,11,2,2024-01-13
2906,CDM,14989809,82.5,2023,11,2,2024-01-13
2907,CDM,14989825,148.833,2023,11,2,2024-01-13
2908,CDM,14989833,72.0833,2023,11,2,2024-01-13
2909,CDM,15095284,140.583,2023,11,2,2024-01-13
2910,CDM,15168156,233.75,2023,11,2,2024-01-13
2911,CDQ,14001338,23.5,2023,11,2,2024-01-13
2912,CDQ,14064873,28.8333,2023,11,2,2024-01-13
2913,CDQ,14250123,0.3333,2023,11,2,2024-01-13
2916,CDQ,14545132,20.6667,2023,11,2,2024-01-13
2917,CDQ,14561781,16.75,2023,11,2,2024-01-13
2918,CDQ,14682882,122.417,2023,11,2,2024-01-13
2919,CDQ,14682891,12.8333,2023,11,2,2024-01-13
2920,CDQ,14758699,55.6667,2023,11,2,2024-01-13
2922,CDQ,14954868,32.5833,2023,11,2,2024-01-13
2923,CDQ,14954876,31.75,2023,11,2,2024-01-13
2924,CDQ,14954892,0.4167,2023,11,2,2024-01-13
2925,CDQ,14989770,47.5833,2023,11,2,2024-01-13
2926,CDQ,14989788,21.3333,2023,11,2,2024-01-13
2927,CDQ,14989796,8.5833,2023,11,2,2024-01-13
2928,CDQ,14989809,40.4167,2023,11,2,2024-01-13
2929,CDQ,14989825,96.3333,2023,11,2,2024-01-13
2930,CDQ,14989833,19.5833,2023,11,2,2024-01-13
2931,CDQ,15095284,58.5833,2023,11,2,2024-01-13
2932,CDQ,15168156,63.25,2023,11,2,2024-01-13
2933,CDM,14001338,31.1667,2023,11,3,2024-01-20
2934,CDM,14064873,35.25,2023,11,3,2024-01-20
2937,CDM,14545132,143.417,2023,11,3,2024-01-20
2940,CDM,14561781,78.1667,2023,11,3,2024-01-20
2941,CDM,14682882,244.417,2023,11,3,2024-01-20
2942,CDM,14682891,18.3333,2023,11,3,2024-01-20
2943,CDM,14758699,151.333,2023,11,3,2024-01-20
2945,CDM,14954868,117.333,2023,11,3,2024-01-20
2946,CDM,14954876,105.333,2023,11,3,2024-01-20
2947,CDM,14954892,244.75,2023,11,3,2024-01-20
2948,CDM,14989770,77.0,2023,11,3,2024-01-20
2949,CDM,14989788,63.75,2023,11,3,2024-01-20
2950,CDM,14989796,12.3333,2023,11,3,2024-01-20
2951,CDM,14989809,73.1667,2023,11,3,2024-01-20
2952,CDM,14989825,147.583,2023,11,3,2024-01-20
2953,CDM,14989833,69.8333,2023,11,3,2024-01-20
2954,CDM,15095284,174.333,2023,11,3,2024-01-20
2955,CDM,15168156,355.0,2023,11,3,2024-01-20
2956,CDQ,14001338,23.3333,2023,11,3,2024-01-20
2957,CDQ,14064873,24.8333,2023,11,3,2024-01-20
2958,CDQ,14250123,0.0833,2023,11,3,2024-01-20
2961,CDQ,14545132,17.6667,2023,11,3,2024-01-20
2962,CDQ,14561781,26.75,2023,11,3,2024-01-20
2963,CDQ,14682882,106.167,2023,11,3,2024-01-20
2964,CDQ,14682891,12.8333,2023,11,3,2024-01-20
2965,CDQ,14758699,45.6667,2023,11,3,2024-01-20
2967,CDQ,14954868,31.5833,2023,11,3,2024-01-20
2968,CDQ,14954876,31.75,2023,11,3,2024-01-20
2969,CDQ,14989770,46.5833,2023,11,3,2024-01-20
2970,CDQ,14989788,20.25,2023,11,3,2024-01-20
2971,CDQ,14989796,18.5833,2023,11,3,2024-01-20
2972,CDQ,14989809,36.25,2023,11,3,2024-01-20
2973,CDQ,14989825,96.3333,2023,11,3,2024-01-20
2974,CDQ,14989833,19.5833,2023,11,3,2024-01-20
2975,CDQ,15095284,51.5833,2023,11,3,2024-01-20
2976,CDQ,15168156,46.25,2023,11,3,2024-01-20
2977,CDM,14001338,30.1667,2023,11,4,2024-01-27
2978,CDM,14064873,116.083,2023,11,4,2024-01-27
2981,CDM,14545132,72.4167,2023,11,4,2024-01-27
2984,CDM,14561781,79.0833,2023,11,4,2024-01-27
2985,CDM,14682882,398.917,2023,11,4,2024-01-27
2986,CDM,14682891,16.6667,2023,11,4,2024-01-27
2987,CDM,14758699,250.583,2023,11,4,2024-01-27
2989,CDM,14954868,106.25,2023,11,4,2024-01-27
2990,CDM,14954876,96.1667,2023,11,4,2024-01-27
2991,CDM,14954892,169.083,2023,11,4,2024-01-27
2992,CDM,14989770,68.0,2023,11,4,2024-01-27
2993,CDM,14989788,57.5833,2023,11,4,2024-01-27
2994,CDM,14989796,11.1667,2023,11,4,2024-01-27
2995,CDM,14989809,65.0833,2023,11,4,2024-01-27
2996,CDM,14989825,147.583,2023,11,4,2024-01-27
2997,CDM,14989833,51.5833,2023,11,4,2024-01-27
2998,CDM,15095284,156.25,2023,11,4,2024-01-27
2999,CDM,15168156,313.0,2023,11,4,2024-01-27
3000,CDM,15303910,240.0,2023,11,4,2024-01-27
3001,CDM,15311581,240.0,2023,11,4,2024-01-27
3002,CDQ,14001338,23.3333,2023,11,4,2024-01-27
3003,CDQ,14064873,18.8333,2023,11,4,2024-01-27
3004,CDQ,14250123,0.0833,2023,11,4,2024-01-27
3007,CDQ,14545132,66.6667,2023,11,4,2024-01-27
3008,CDQ,14561781,26.75,2023,11,4,2024-01-27
3009,CDQ,14682882,88.1667,2023,11,4,2024-01-27
3010,CDQ,14682891,11.6667,2023,11,4,2024-01-27
3011,CDQ,14758699,84.6667,2023,11,4,2024-01-27
3013,CDQ,14954868,23.5833,2023,11,4,2024-01-27
3014,CDQ,14954876,31.75,2023,11,4,2024-01-27
3015,CDQ,14954892,25.0,2023,11,4,2024-01-27
3016,CDQ,14989770,42.5833,2023,11,4,2024-01-27
3017,CDQ,14989788,15.25,2023,11,4,2024-01-27
3018,CDQ,14989796,18.5833,2023,11,4,2024-01-27
3019,CDQ,14989809,26.9167,2023,11,4,2024-01-27
3020,CDQ,14989825,96.3333,2023,11,4,2024-01-27
3021,CDQ,14989833,28.5833,2023,11,4,2024-01-27
3022,CDQ,15095284,91.5833,2023,11,4,2024-01-27
3023,CDQ,15168156,109.25,2023,11,4,2024-01-27
3024,CDM,14001338,28.8333,2023,12,1,2024-02-03
3025,CDM,14064873,87.9167,2023,12,1,2024-02-03
3029,CDM,14545132,68.0,2023,12,1,2024-02-03
3032,CDM,14561781,78.0,2023,12,1,2024-02-03
3033,CDM,14682882,317.167,2023,12,1,2024-02-03
3034,CDM,14682891,16.5,2023,12,1,2024-02-03
3035,CDM,14758699,172.417,2023,12,1,2024-02-03
3037,CDM,14954868,97.9167,2023,12,1,2024-02-03
3038,CDM,14954876,95.0,2023,12,1,2024-02-03
3039,CDM,14954892,289.917,2023,12,1,2024-02-03
3040,CDM,14989770,62.0,2023,12,1,2024-02-03
3041,CDM,14989788,53.25,2023,12,1,2024-02-03
3042,CDM,14989796,10.1667,2023,12,1,2024-02-03
3043,CDM,14989809,62.0833,2023,12,1,2024-02-03
3044,CDM,14989825,147.5,2023,12,1,2024-02-03
3045,CDM,14989833,50.3333,2023,12,1,2024-02-03
3046,CDM,15095284,145.167,2023,12,1,2024-02-03
3047,CDM,15168156,257.75,2023,12,1,2024-02-03
3048,CDM,15303910,240.0,2023,12,1,2024-02-03
3049,CDM,15311581,240.0,2023,12,1,2024-02-03
3050,CDQ,14001338,23.1667,2023,12,1,2024-02-03
3051,CDQ,14064873,27.8333,2023,12,1,2024-02-03
3052,CDQ,14250123,0.0833,2023,12,1,2024-02-03
3055,CDQ,14545132,60.6667,2023,12,1,2024-02-03
3056,CDQ,14561781,25.75,2023,12,1,2024-02-03
3057,CDQ,14682882,139.917,2023,12,1,2024-02-03
3058,CDQ,14682891,11.5,2023,12,1,2024-02-03
3059,CDQ,14758699,132.5,2023,12,1,2024-02-03
3061,CDQ,14954868,21.5833,2023,12,1,2024-02-03
3062,CDQ,14954876,30.75,2023,12,1,2024-02-03
3063,CDQ,14954892,35.5,2023,12,1,2024-02-03
3064,CDQ,14989770,41.5833,2023,12,1,2024-02-03
3065,CDQ,14989788,15.25,2023,12,1,2024-02-03
3066,CDQ,14989796,18.5,2023,12,1,2024-02-03
3067,CDQ,14989809,23.5833,2023,12,1,2024-02-03
3068,CDQ,14989825,96.3333,2023,12,1,2024-02-03
3069,CDQ,14989833,25.5833,2023,12,1,2024-02-03
3070,CDQ,15095284,77.5833,2023,12,1,2024-02-03
3071,CDQ,15168156,105.25,2023,12,1,2024-02-03
3072,CDM,14001338,26.0833,2023,12,2,2024-02-10
3073,CDM,14064873,77.1667,2023,12,2,2024-02-10
3077,CDM,14545132,63.0,2023,12,2,2024-02-10
3080,CDM,14561781,75.8333,2023,12,2,2024-02-10
3081,CDM,14682882,299.75,2023,12,2,2024-02-10
3082,CDM,14682891,14.4167,2023,12,2,2024-02-10
3083,CDM,14758699,274.0,2023,12,2,2024-02-10
3085,CDM,14954868,95.6667,2023,12,2,2024-02-10
3086,CDM,14954876,92.5,2023,12,2,2024-02-10
3087,CDM,14954892,248.667,2023,12,2,2024-02-10
3088,CDM,14989770,63.6667,2023,12,2,2024-02-10
3089,CDM,14989788,49.9167,2023,12,2,2024-02-10
3090,CDM,14989796,8.9167,2023,12,2,2024-02-10
3091,CDM,14989809,57.75,2023,12,2,2024-02-10
3092,CDM,14989825,146.417,2023,12,2,2024-02-10
3093,CDM,14989833,47.9167,2023,12,2,2024-02-10
3094,CDM,15095284,188.833,2023,12,2,2024-02-10
3095,CDM,15168156,1036.42,2023,12,2,2024-02-10
3096,CDM,15303910,240.0,2023,12,2,2024-02-10
3097,CDM,15311581,240.0,2023,12,2,2024-02-10
3098,CDQ,14001338,23.0833,2023,12,2,2024-02-10
3099,CDQ,14064873,26.6667,2023,12,2,2024-02-10
3102,CDQ,14545132,54.5,2023,12,2,2024-02-10
3103,CDQ,14561781,24.3333,2023,12,2,2024-02-10
3104,CDQ,14682882,127.667,2023,12,2,2024-02-10
3105,CDQ,14682891,11.3333,2023,12,2,2024-02-10
3106,CDQ,14758699,121.5,2023,12,2,2024-02-10
3108,CDQ,14954868,18.5833,2023,12,2,2024-02-10
3109,CDQ,14954876,28.75,2023,12,2,2024-02-10
3110,CDQ,14954892,27.0833,2023,12,2,2024-02-10
3111,CDQ,14989770,37.5833,2023,12,2,2024-02-10
3112,CDQ,14989788,15.25,2023,12,2,2024-02-10
3113,CDQ,14989796,17.5,2023,12,2,2024-02-10
3114,CDQ,14989809,19.4167,2023,12,2,2024-02-10
3115,CDQ,14989825,97.3333,2023,12,2,2024-02-10
3116,CDQ,14989833,28.5833,2023,12,2,2024-02-10
3117,CDQ,15095284,134.583,2023,12,2,2024-02-10
3118,CDQ,15168156,279.25,2023,12,2,2024-02-10
3119,CDM,14001338,22.4167,2023,12,3,2024-02-17
3120,CDM,14064873,70.0833,2023,12,3,2024-02-17
3124,CDM,14545132,56.8333,2023,12,3,2024-02-17
3127,CDM,14561781,73.5833,2023,12,3,2024-02-17
3128,CDM,14682882,276.0,2023,12,3,2024-02-17
3129,CDM,14682891,15.4167,2023,12,3,2024-02-17
3130,CDM,14758699,190.333,2023,12,3,2024-02-17
3132,CDM,14954868,83.4167,2023,12,3,2024-02-17
3133,CDM,14954876,90.0833,2023,12,3,2024-02-17
3134,CDM,14954892,213.0,2023,12,3,2024-02-17
3135,CDM,14989770,60.3333,2023,12,3,2024-02-17
3136,CDM,14989788,47.6667,2023,12,3,2024-02-17
3137,CDM,14989796,3.9167,2023,12,3,2024-02-17
3138,CDM,14989809,53.3333,2023,12,3,2024-02-17
3139,CDM,14989825,147.333,2023,12,3,2024-02-17
3140,CDM,14989833,45.4167,2023,12,3,2024-02-17
3141,CDM,15095284,176.833,2023,12,3,2024-02-17
3142,CDM,15168156,890.167,2023,12,3,2024-02-17
3143,CDM,15303910,240.0,2023,12,3,2024-02-17
3144,CDM,15311581,240.0,2023,12,3,2024-02-17
3145,CDQ,14001338,22.0,2023,12,3,2024-02-17
3146,CDQ,14064873,24.4167,2023,12,3,2024-02-17
3149,CDQ,14545132,51.4167,2023,12,3,2024-02-17
3150,CDQ,14561781,24.3333,2023,12,3,2024-02-17
3151,CDQ,14682882,120.5,2023,12,3,2024-02-17
3152,CDQ,14682891,9.1667,2023,12,3,2024-02-17
3153,CDQ,14758699,162.417,2023,12,3,2024-02-17
3155,CDQ,14954868,16.5833,2023,12,3,2024-02-17
3156,CDQ,14954876,27.75,2023,12,3,2024-02-17
3157,CDQ,14954892,19.0833,2023,12,3,2024-02-17
3158,CDQ,14989770,36.5833,2023,12,3,2024-02-17
3159,CDQ,14989788,15.25,2023,12,3,2024-02-17
3160,CDQ,14989796,17.5,2023,12,3,2024-02-17
3161,CDQ,14989809,18.4167,2023,12,3,2024-02-17
3162,CDQ,14989825,97.3333,2023,12,3,2024-02-17
3163,CDQ,14989833,25.5833,2023,12,3,2024-02-17
3164,CDQ,15095284,120.5,2023,12,3,2024-02-17
3165,CDQ,15168156,355.25,2023,12,3,2024-02-17
3166,CDM,14001338,20.9167,2023,12,4,2024-02-24
3167,CDM,14064873,43.9167,2023,12,4,2024-02-24
3171,CDM,14545132,45.5833,2023,12,4,2024-02-24
3174,CDM,14561781,70.5833,2023,12,4,2024-02-24
3175,CDM,14682882,225.417,2023,12,4,2024-02-24
3176,CDM,14682891,15.1667,2023,12,4,2024-02-24
3177,CDM,14758699,153.667,2023,12,4,2024-02-24
3179,CDM,14954868,70.3333,2023,12,4,2024-02-24
3180,CDM,14954876,86.8333,2023,12,4,2024-02-24
3181,CDM,14954892,145.417,2023,12,4,2024-02-24
3182,CDM,14989770,47.9167,2023,12,4,2024-02-24
3183,CDM,14989788,41.1667,2023,12,4,2024-02-24
3184,CDM,14989796,3.5833,2023,12,4,2024-02-24
3185,CDM,14989809,32.1667,2023,12,4,2024-02-24
3186,CDM,14989825,143.25,2023,12,4,2024-02-24
3187,CDM,14989833,40.3333,2023,12,4,2024-02-24
3188,CDM,15095284,159.75,2023,12,4,2024-02-24
3189,CDM,15168156,758.167,2023,12,4,2024-02-24
3190,CDM,15303910,240.0,2023,12,4,2024-02-24
3191,CDM,15311581,238.667,2023,12,4,2024-02-24
3192,CDQ,14001338,21.8333,2023,12,4,2024-02-24
3193,CDQ,14064873,21.25,2023,12,4,2024-02-24
3196,CDQ,14545132,38.25,2023,12,4,2024-02-24
3197,CDQ,14561781,23.75,2023,12,4,2024-02-24
3198,CDQ,14682882,106.167,2023,12,4,2024-02-24
3199,CDQ,14682891,9.0,2023,12,4,2024-02-24
3200,CDQ,14758699,125.333,2023,12,4,2024-02-24
3202,CDQ,14954868,13.5833,2023,12,4,2024-02-24
3203,CDQ,14954876,27.75,2023,12,4,2024-02-24
3204,CDQ,14954892,16.5833,2023,12,4,2024-02-24
3205,CDQ,14989770,32.5,2023,12,4,2024-02-24
3206,CDQ,14989788,15.25,2023,12,4,2024-02-24
3207,CDQ,14989796,17.25,2023,12,4,2024-02-24
3208,CDQ,14989809,25.1667,2023,12,4,2024-02-24
3209,CDQ,14989825,93.25,2023,12,4,2024-02-24
3210,CDQ,14989833,24.5833,2023,12,4,2024-02-24
3211,CDQ,15095284,100.25,2023,12,4,2024-02-24
3212,CDQ,15168156,318.25,2023,12,4,2024-02-24
3213,CDM,14001338,18.9167,2023,13,1,2024-03-02
3214,CDM,14064873,35.6667,2023,13,1,2024-03-02
3218,CDM,14545132,45.5,2023,13,1,2024-03-02
3221,CDM,14561781,69.4167,2023,13,1,2024-03-02
3222,CDM,14682882,197.083,2023,13,1,2024-03-02
3223,CDM,14682891,14.1667,2023,13,1,2024-03-02
3224,CDM,14758699,137.917,2023,13,1,2024-03-02
3226,CDM,14954868,52.0,2023,13,1,2024-03-02
3227,CDM,14954876,82.75,2023,13,1,2024-03-02
3228,CDM,14954892,234.333,2023,13,1,2024-03-02
3229,CDM,14989770,43.6667,2023,13,1,2024-03-02
3230,CDM,14989788,38.0833,2023,13,1,2024-03-02
3231,CDM,14989796,3.3333,2023,13,1,2024-03-02
3232,CDM,14989809,29.5,2023,13,1,2024-03-02
3233,CDM,14989825,143.0,2023,13,1,2024-03-02
3234,CDM,14989833,36.8333,2023,13,1,2024-03-02
3235,CDM,15095284,149.5,2023,13,1,2024-03-02
3236,CDM,15168156,692.667,2023,13,1,2024-03-02
3237,CDM,15303872,240.0,2023,13,1,2024-03-02
3238,CDM,15303910,240.0,2023,13,1,2024-03-02
3239,CDM,15311581,222.167,2023,13,1,2024-03-02
3240,CDQ,14001338,21.75,2023,13,1,2024-03-02
3241,CDQ,14064873,13.25,2023,13,1,2024-03-02
3244,CDQ,14545132,31.25,2023,13,1,2024-03-02
3245,CDQ,14561781,20.5833,2023,13,1,2024-03-02
3246,CDQ,14682882,89.0,2023,13,1,2024-03-02
3247,CDQ,14682891,9.0,2023,13,1,2024-03-02
3248,CDQ,14758699,106.25,2023,13,1,2024-03-02
3250,CDQ,14954868,8.5833,2023,13,1,2024-03-02
3251,CDQ,14954876,25.75,2023,13,1,2024-03-02
3252,CDQ,14954892,14.5,2023,13,1,2024-03-02
3253,CDQ,14989770,32.5,2023,13,1,2024-03-02
3254,CDQ,14989788,14.25,2023,13,1,2024-03-02
3255,CDQ,14989796,17.1667,2023,13,1,2024-03-02
3256,CDQ,14989809,20.5,2023,13,1,2024-03-02
3257,CDQ,14989825,93.25,2023,13,1,2024-03-02
3258,CDQ,14989833,23.5833,2023,13,1,2024-03-02
3259,CDQ,15095284,85.25,2023,13,1,2024-03-02
3260,CDQ,15168156,299.25,2023,13,1,2024-03-02
3261,CDM,14001338,16.75,2023,13,2,2024-03-09
3262,CDM,14064873,27.5833,2023,13,2,2024-03-09
3266,CDM,14545132,38.5,2023,13,2,2024-03-09
3269,CDM,14561781,68.0833,2023,13,2,2024-03-09
3270,CDM,14682882,169.917,2023,13,2,2024-03-09
3271,CDM,14682891,14.1667,2023,13,2,2024-03-09
3272,CDM,14758699,114.583,2023,13,2,2024-03-09
3274,CDM,14954868,46.75,2023,13,2,2024-03-09
3275,CDM,14954876,81.6667,2023,13,2,2024-03-09
3276,CDM,14954892,182.25,2023,13,2,2024-03-09
3277,CDM,14989770,41.5,2023,13,2,2024-03-09
3278,CDM,14989788,36.5833,2023,13,2,2024-03-09
3279,CDM,14989796,3.3333,2023,13,2,2024-03-09
3280,CDM,14989809,23.25,2023,13,2,2024-03-09
3281,CDM,14989825,142.833,2023,13,2,2024-03-09
3282,CDM,14989833,31.4167,2023,13,2,2024-03-09
3283,CDM,15095284,127.5,2023,13,2,2024-03-09
3284,CDM,15168156,586.417,2023,13,2,2024-03-09
3285,CDM,15298014,546.0,2023,13,2,2024-03-09
3286,CDM,15303872,240.0,2023,13,2,2024-03-09
3287,CDM,15303910,240.0,2023,13,2,2024-03-09
3288,CDM,15311581,101.0,2023,13,2,2024-03-09
3289,CDQ,14001338,21.5833,2023,13,2,2024-03-09
3290,CDQ,14064873,9.1667,2023,13,2,2024-03-09
3293,CDQ,14545132,27.25,2023,13,2,2024-03-09
3294,CDQ,14561781,20.0,2023,13,2,2024-03-09
3295,CDQ,14682882,76.0,2023,13,2,2024-03-09
3296,CDQ,14682891,7.8333,2023,13,2,2024-03-09
3297,CDQ,14758699,89.0,2023,13,2,2024-03-09
3299,CDQ,14954868,7.5833,2023,13,2,2024-03-09
3300,CDQ,14954876,23.75,2023,13,2,2024-03-09
3301,CDQ,14954892,28.3333,2023,13,2,2024-03-09
3302,CDQ,14989770,30.3333,2023,13,2,2024-03-09
3303,CDQ,14989788,13.9167,2023,13,2,2024-03-09
3304,CDQ,14989796,17.1667,2023,13,2,2024-03-09
3305,CDQ,14989809,17.0833,2023,13,2,2024-03-09
3306,CDQ,14989825,93.25,2023,13,2,2024-03-09
3307,CDQ,14989833,20.5833,2023,13,2,2024-03-09
3308,CDQ,15095284,83.25,2023,13,2,2024-03-09
3309,CDQ,15168156,262.25,2023,13,2,2024-03-09
3310,CDM,14001338,16.75,2023,13,3,2024-03-16
3311,CDM,14064873,20.25,2023,13,3,2024-03-16
3315,CDM,14545132,25.4167,2023,13,3,2024-03-16
3318,CDM,14561781,66.9167,2023,13,3,2024-03-16
3319,CDM,14682882,158.75,2023,13,3,2024-03-16
3320,CDM,14682891,14.0833,2023,13,3,2024-03-16
3321,CDM,14758699,103.25,2023,13,3,2024-03-16
3323,CDM,14954868,34.5833,2023,13,3,2024-03-16
3324,CDM,14954876,78.4167,2023,13,3,2024-03-16
3325,CDM,14954892,158.917,2023,13,3,2024-03-16
3326,CDM,14989770,39.5,2023,13,3,2024-03-16
3327,CDM,14989788,36.5,2023,13,3,2024-03-16
3328,CDM,14989796,3.1667,2023,13,3,2024-03-16
3329,CDM,14989809,18.0,2023,13,3,2024-03-16
3330,CDM,14989825,142.833,2023,13,3,2024-03-16
3331,CDM,14989833,29.1667,2023,13,3,2024-03-16
3332,CDM,15095284,118.167,2023,13,3,2024-03-16
3333,CDM,15168156,530.417,2023,13,3,2024-03-16
3334,CDM,15298014,455.0,2023,13,3,2024-03-16
3335,CDM,15303872,240.0,2023,13,3,2024-03-16
3336,CDM,15303910,231.75,2023,13,3,2024-03-16
3337,CDM,15311581,40.3333,2023,13,3,2024-03-16
3338,CDQ,14001338,21.5,2023,13,3,2024-03-16
3339,CDQ,14064873,1.1667,2023,13,3,2024-03-16
3342,CDQ,14545132,30.1667,2023,13,3,2024-03-16
3343,CDQ,14561781,19.9167,2023,13,3,2024-03-16
3344,CDQ,14682882,64.9167,2023,13,3,2024-03-16
3345,CDQ,14682891,6.8333,2023,13,3,2024-03-16
3346,CDQ,14758699,70.0,2023,13,3,2024-03-16
3348,CDQ,14954868,10.5,2023,13,3,2024-03-16
3349,CDQ,14954876,21.75,2023,13,3,2024-03-16
3350,CDQ,14954892,17.5833,2023,13,3,2024-03-16
3351,CDQ,14989770,28.3333,2023,13,3,2024-03-16
3352,CDQ,14989788,10.9167,2023,13,3,2024-03-16
3353,CDQ,14989796,17.0,2023,13,3,2024-03-16
3354,CDQ,14989809,10.8333,2023,13,3,2024-03-16
3355,CDQ,14989825,91.25,2023,13,3,2024-03-16
3356,CDQ,14989833,18.5833,2023,13,3,2024-03-16
3357,CDQ,15095284,81.1667,2023,13,3,2024-03-16
3358,CDQ,15168156,232.25,2023,13,3,2024-03-16
3359,CDM,14001338,14.25,2023,13,4,2024-03-23
3360,CDM,14064873,50.4167,2023,13,4,2024-03-23
3363,CDM,14545132,53.25,2023,13,4,2024-03-23
3366,CDM,14561781,64.75,2023,13,4,2024-03-23
3367,CDM,14682882,308.75,2023,13,4,2024-03-23
3368,CDM,14682891,13.0,2023,13,4,2024-03-23
3369,CDM,14758699,127.5,2023,13,4,2024-03-23
3371,CDM,14954868,73.1667,2023,13,4,2024-03-23
3372,CDM,14954876,72.1667,2023,13,4,2024-03-23
3373,CDM,14954892,231.667,2023,13,4,2024-03-23
3374,CDM,14989770,77.25,2023,13,4,2024-03-23
3375,CDM,14989788,30.1667,2023,13,4,2024-03-23
3376,CDM,14989796,3.1667,2023,13,4,2024-03-23
3377,CDM,14989809,60.6667,2023,13,4,2024-03-23
3378,CDM,14989825,142.833,2023,13,4,2024-03-23
3379,CDM,14989833,25.8333,2023,13,4,2024-03-23
3380,CDM,15095284,102.0,2023,13,4,2024-03-23
3381,CDM,15168156,396.667,2023,13,4,2024-03-23
3383,CDM,15298014,242.0,2023,13,4,2024-03-23
3384,CDM,15303872,240.0,2023,13,4,2024-03-23
3385,CDM,15303910,148.583,2023,13,4,2024-03-23
3386,CDM,15311581,7.0,2023,13,4,2024-03-23
3387,CDQ,14001338,21.5,2023,13,4,2024-03-23
3388,CDQ,14064873,14.0,2023,13,4,2024-03-23
3391,CDQ,14545132,24.0,2023,13,4,2024-03-23
3392,CDQ,14561781,18.8333,2023,13,4,2024-03-23
3393,CDQ,14682882,54.75,2023,13,4,2024-03-23
3394,CDQ,14682891,6.6667,2023,13,4,2024-03-23
3395,CDQ,14758699,106.0,2023,13,4,2024-03-23
3397,CDQ,14954868,7.5,2023,13,4,2024-03-23
3398,CDQ,14954876,19.75,2023,13,4,2024-03-23
3399,CDQ,14954892,81.4167,2023,13,4,2024-03-23
3400,CDQ,14989770,46.3333,2023,13,4,2024-03-23
3401,CDQ,14989788,7.9167,2023,13,4,2024-03-23
3402,CDQ,14989796,16.0,2023,13,4,2024-03-23
3403,CDQ,14989809,17.1667,2023,13,4,2024-03-23
3404,CDQ,14989825,88.25,2023,13,4,2024-03-23
3405,CDQ,14989833,17.5833,2023,13,4,2024-03-23
3406,CDQ,15095284,67.0833,2023,13,4,2024-03-23
3407,CDQ,15168156,207.25,2023,13,4,2024-03-23
3457,CDM,14001338,10.6667,2023,13,5,2024-03-30
3458,CDM,14064873,81.5833,2023,13,5,2024-03-30
3461,CDM,14545132,44.1667,2023,13,5,2024-03-30
3464,CDM,14561781,58.4167,2023,13,5,2024-03-30
3465,CDM,14682882,395.333,2023,13,5,2024-03-30
3466,CDM,14682891,11.75,2023,13,5,2024-03-30
3467,CDM,14758699,98.9167,2023,13,5,2024-03-30
3469,CDM,14954868,45.8333,2023,13,5,2024-03-30
3470,CDM,14954876,70.0,2023,13,5,2024-03-30
3471,CDM,14954892,180.583,2023,13,5,2024-03-30
3472,CDM,14989770,73.25,2023,13,5,2024-03-30
3473,CDM,14989788,14.9167,2023,13,5,2024-03-30
3474,CDM,14989796,3.0833,2023,13,5,2024-03-30
3475,CDM,14989809,59.5,2023,13,5,2024-03-30
3476,CDM,14989825,142.75,2023,13,5,2024-03-30
3477,CDM,14989833,84.3333,2023,13,5,2024-03-30
3478,CDM,15095284,78.75,2023,13,5,2024-03-30
3479,CDM,15168156,260.417,2023,13,5,2024-03-30
3481,CDM,15298014,607.667,2023,13,5,2024-03-30
3482,CDM,15303872,239.0,2023,13,5,2024-03-30
3483,CDM,15303910,132.083,2023,13,5,2024-03-30
3484,CDM,15311581,301.75,2023,13,5,2024-03-30
3485,CDQ,14001338,21.5,2023,13,5,2024-03-30
3486,CDQ,14064873,9.0,2023,13,5,2024-03-30
3489,CDQ,14545132,43.75,2023,13,5,2024-03-30
3490,CDQ,14561781,18.1667,2023,13,5,2024-03-30
3491,CDQ,14682882,43.9167,2023,13,5,2024-03-30
3492,CDQ,14682891,6.6667,2023,13,5,2024-03-30
3493,CDQ,14758699,90.0,2023,13,5,2024-03-30
3495,CDQ,14954868,18.5,2023,13,5,2024-03-30
3496,CDQ,14954876,19.75,2023,13,5,2024-03-30
3497,CDQ,14954892,69.4167,2023,13,5,2024-03-30
3498,CDQ,14989770,39.3333,2023,13,5,2024-03-30
3499,CDQ,14989788,9.0,2023,13,5,2024-03-30
3500,CDQ,14989796,14.8333,2023,13,5,2024-03-30
3501,CDQ,14989809,6.1667,2023,13,5,2024-03-30
3502,CDQ,14989825,90.25,2023,13,5,2024-03-30
3503,CDQ,14989833,16.4167,2023,13,5,2024-03-30
3504,CDQ,15095284,57.5833,2023,13,5,2024-03-30
3505,CDQ,15168156,79.25,2023,13,5,2024-03-30
3506,CDM,14001338,9.25,2024,1,1,2024-04-06
3507,CDM,14064873,63.3333,2024,1,1,2024-04-06
3510,CDM,14545132,40.75,2024,1,1,2024-04-06
3513,CDM,14561781,56.0833,2024,1,1,2024-04-06
3514,CDM,14682882,381.0,2024,1,1,2024-04-06
3515,CDM,14682891,10.5,2024,1,1,2024-04-06
3516,CDM,14758699,84.6667,2024,1,1,2024-04-06
3518,CDM,14954868,38.5833,2024,1,1,2024-04-06
3519,CDM,14954876,69.75,2024,1,1,2024-04-06
3520,CDM,14954892,149.75,2024,1,1,2024-04-06
3521,CDM,14989770,67.6667,2024,1,1,2024-04-06
3522,CDM,14989788,12.5,2024,1,1,2024-04-06
3523,CDM,14989796,3.0,2024,1,1,2024-04-06
3524,CDM,14989809,59.1667,2024,1,1,2024-04-06
3525,CDM,14989825,142.333,2024,1,1,2024-04-06
3526,CDM,14989833,83.1667,2024,1,1,2024-04-06
3527,CDM,15095284,66.4167,2024,1,1,2024-04-06
3528,CDM,15168156,310.917,2024,1,1,2024-04-06
3530,CDM,15298014,544.167,2024,1,1,2024-04-06
3531,CDM,15303872,234.833,2024,1,1,2024-04-06
3532,CDM,15303910,125.917,2024,1,1,2024-04-06
3533,CDM,15311581,262.583,2024,1,1,2024-04-06
3534,CDQ,14001338,21.3333,2024,1,1,2024-04-06
3535,CDQ,14064873,18.0,2024,1,1,2024-04-06
3538,CDQ,14545132,36.75,2024,1,1,2024-04-06
3539,CDQ,14561781,18.1667,2024,1,1,2024-04-06
3540,CDQ,14682882,32.9167,2024,1,1,2024-04-06
3541,CDQ,14682891,6.6667,2024,1,1,2024-04-06
3542,CDQ,14758699,73.8333,2024,1,1,2024-04-06
3544,CDQ,14954868,15.5,2024,1,1,2024-04-06
3545,CDQ,14954876,18.75,2024,1,1,2024-04-06
3546,CDQ,14954892,60.3333,2024,1,1,2024-04-06
3547,CDQ,14989770,38.3333,2024,1,1,2024-04-06
3548,CDQ,14989788,9.0,2024,1,1,2024-04-06
3549,CDQ,14989796,14.8333,2024,1,1,2024-04-06
3550,CDQ,14989809,5.0833,2024,1,1,2024-04-06
3551,CDQ,14989825,90.25,2024,1,1,2024-04-06
3552,CDQ,14989833,16.4167,2024,1,1,2024-04-06
3553,CDQ,15095284,47.5833,2024,1,1,2024-04-06
3554,CDQ,15168156,77.25,2024,1,1,2024-04-06
3604,CDM,14001338,8.75,2024,1,2,2024-04-13
3605,CDM,14064873,113.25,2024,1,2,2024-04-13
3608,CDM,14545132,98.6667,2024,1,2,2024-04-13
3611,CDM,14561781,53.0833,2024,1,2,2024-04-13
3612,CDM,14682882,662.583,2024,1,2,2024-04-13
3613,CDM,14682891,9.4167,2024,1,2,2024-04-13
3614,CDM,14758699,366.75,2024,1,2,2024-04-13
3616,CDM,14954868,85.0,2024,1,2,2024-04-13
3617,CDM,14954876,67.6667,2024,1,2,2024-04-13
3618,CDM,14954892,217.75,2024,1,2,2024-04-13
3619,CDM,14989770,124.25,2024,1,2,2024-04-13
3620,CDM,14989788,72.0833,2024,1,2,2024-04-13
3621,CDM,14989796,3.0,2024,1,2,2024-04-13
3622,CDM,14989809,93.9167,2024,1,2,2024-04-13
3623,CDM,14989825,142.167,2024,1,2,2024-04-13
3624,CDM,14989833,59.0,2024,1,2,2024-04-13
3625,CDM,15095284,176.917,2024,1,2,2024-04-13
3626,CDM,15168156,1168.92,2024,1,2,2024-04-13
3628,CDM,15298014,459.333,2024,1,2,2024-04-13
3629,CDM,15303872,178.333,2024,1,2,2024-04-13
3630,CDM,15303910,111.833,2024,1,2,2024-04-13
3631,CDM,15311581,274.75,2024,1,2,2024-04-13
3632,CDQ,14001338,21.3333,2024,1,2,2024-04-13
3633,CDQ,14064873,11.0,2024,1,2,2024-04-13
3636,CDQ,14545132,29.75,2024,1,2,2024-04-13
3637,CDQ,14561781,18.1667,2024,1,2,2024-04-13
3638,CDQ,14682882,79.9167,2024,1,2,2024-04-13
3639,CDQ,14682891,6.1667,2024,1,2,2024-04-13
3640,CDQ,14758699,53.6667,2024,1,2,2024-04-13
3642,CDQ,14954868,11.5,2024,1,2,2024-04-13
3643,CDQ,14954876,18.75,2024,1,2,2024-04-13
3644,CDQ,14954892,50.3333,2024,1,2,2024-04-13
3645,CDQ,14989770,36.3333,2024,1,2,2024-04-13
3646,CDQ,14989788,6.0,2024,1,2,2024-04-13
3647,CDQ,14989796,14.6667,2024,1,2,2024-04-13
3648,CDQ,14989809,20.0833,2024,1,2,2024-04-13
3649,CDQ,14989825,86.1667,2024,1,2,2024-04-13
3650,CDQ,14989833,34.4167,2024,1,2,2024-04-13
3651,CDQ,15095284,34.5,2024,1,2,2024-04-13
3652,CDQ,15168156,51.25,2024,1,2,2024-04-13
3703,CDM,14001338,62.9167,2024,1,3,2024-04-20
3704,CDM,14064873,79.25,2024,1,3,2024-04-20
3707,CDM,14545132,52.4167,2024,1,3,2024-04-20
3710,CDM,14561781,49.9167,2024,1,3,2024-04-20
3711,CDM,14682882,754.25,2024,1,3,2024-04-20
3712,CDM,14682891,7.25,2024,1,3,2024-04-20
3713,CDM,14758699,293.167,2024,1,3,2024-04-20
3715,CDM,14954868,141.0,2024,1,3,2024-04-20
3716,CDM,14954876,64.5833,2024,1,3,2024-04-20
3717,CDM,14954892,498.417,2024,1,3,2024-04-20
3718,CDM,14989770,175.833,2024,1,3,2024-04-20
3719,CDM,14989788,128.667,2024,1,3,2024-04-20
3720,CDM,14989796,2.75,2024,1,3,2024-04-20
3721,CDM,14989809,127.75,2024,1,3,2024-04-20
3722,CDM,14989825,142.167,2024,1,3,2024-04-20
3723,CDM,14989833,57.75,2024,1,3,2024-04-20
3724,CDM,15095284,287.667,2024,1,3,2024-04-20
3725,CDM,15168156,1371.92,2024,1,3,2024-04-20
3727,CDM,15298014,832.667,2024,1,3,2024-04-20
3728,CDM,15303872,165.0,2024,1,3,2024-04-20
3729,CDM,15303910,97.8333,2024,1,3,2024-04-20
3730,CDM,15311581,241.917,2024,1,3,2024-04-20
3731,CDQ,14001338,21.3333,2024,1,3,2024-04-20
3732,CDQ,14064873,36.75,2024,1,3,2024-04-20
3735,CDQ,14545132,60.5,2024,1,3,2024-04-20
3736,CDQ,14561781,18.0833,2024,1,3,2024-04-20
3737,CDQ,14682882,190.833,2024,1,3,2024-04-20
3738,CDQ,14682891,6.1667,2024,1,3,2024-04-20
3739,CDQ,14758699,274.583,2024,1,3,2024-04-20
3741,CDQ,14954868,18.5,2024,1,3,2024-04-20
3742,CDQ,14954876,18.75,2024,1,3,2024-04-20
3743,CDQ,14954892,39.3333,2024,1,3,2024-04-20
3744,CDQ,14989770,33.25,2024,1,3,2024-04-20
3745,CDQ,14989788,3.8333,2024,1,3,2024-04-20
3746,CDQ,14989796,14.6667,2024,1,3,2024-04-20
3747,CDQ,14989809,38.0833,2024,1,3,2024-04-20
3748,CDQ,14989825,85.1667,2024,1,3,2024-04-20
3749,CDQ,14989833,32.4167,2024,1,3,2024-04-20
3750,CDQ,15095284,77.25,2024,1,3,2024-04-20
3751,CDQ,15168156,210.25,2024,1,3,2024-04-20
3752,CDQ,15298014,91.0,2024,1,3,2024-04-20
3753,CDM,14001338,60.6667,2024,1,4,2024-04-27
3754,CDM,14064873,70.1667,2024,1,4,2024-04-27
3757,CDM,14545132,48.25,2024,1,4,2024-04-27
3760,CDM,14561781,42.9167,2024,1,4,2024-04-27
3761,CDM,14682882,665.833,2024,1,4,2024-04-27
3762,CDM,14682891,7.1667,2024,1,4,2024-04-27
3763,CDM,14758699,269.167,2024,1,4,2024-04-27
3765,CDM,14954868,112.5,2024,1,4,2024-04-27
3766,CDM,14954876,61.4167,2024,1,4,2024-04-27
3767,CDM,14954892,398.333,2024,1,4,2024-04-27
3768,CDM,14989770,139.75,2024,1,4,2024-04-27
3769,CDM,14989788,114.417,2024,1,4,2024-04-27
3770,CDM,14989796,2.6667,2024,1,4,2024-04-27
3771,CDM,14989809,121.5,2024,1,4,2024-04-27
3772,CDM,14989825,141.833,2024,1,4,2024-04-27
3773,CDM,14989833,54.6667,2024,1,4,2024-04-27
3774,CDM,15095284,217.417,2024,1,4,2024-04-27
3775,CDM,15168156,1233.42,2024,1,4,2024-04-27
3777,CDM,15298014,760.667,2024,1,4,2024-04-27
3778,CDM,15303872,159.667,2024,1,4,2024-04-27
3779,CDM,15303910,85.75,2024,1,4,2024-04-27
3780,CDM,15311581,205.833,2024,1,4,2024-04-27
3781,CDQ,14001338,21.25,2024,1,4,2024-04-27
3782,CDQ,14064873,36.75,2024,1,4,2024-04-27
3785,CDQ,14545132,54.5,2024,1,4,2024-04-27
3786,CDQ,14561781,18.0,2024,1,4,2024-04-27
3787,CDQ,14682882,182.833,2024,1,4,2024-04-27
3788,CDQ,14682891,6.0,2024,1,4,2024-04-27
3789,CDQ,14758699,259.333,2024,1,4,2024-04-27
3791,CDQ,14954868,37.5,2024,1,4,2024-04-27
3792,CDQ,14954876,17.75,2024,1,4,2024-04-27
3793,CDQ,14954892,92.1667,2024,1,4,2024-04-27
3794,CDQ,14989770,32.25,2024,1,4,2024-04-27
3795,CDQ,14989788,12.8333,2024,1,4,2024-04-27
3796,CDQ,14989796,14.6667,2024,1,4,2024-04-27
3797,CDQ,14989809,38.0833,2024,1,4,2024-04-27
3798,CDQ,14989825,85.1667,2024,1,4,2024-04-27
3799,CDQ,14989833,30.4167,2024,1,4,2024-04-27
3800,CDQ,15095284,127.167,2024,1,4,2024-04-27
3801,CDQ,15168156,368.25,2024,1,4,2024-04-27
3802,CDQ,15298014,86.0,2024,1,4,2024-04-27
3803,CDM,14001338,58.0,2024,2,1,2024-05-04
3804,CDM,14064873,64.0,2024,2,1,2024-05-04
3807,CDM,14545132,46.25,2024,2,1,2024-05-04
3810,CDM,14561781,40.75,2024,2,1,2024-05-04
3811,CDM,14682882,633.75,2024,2,1,2024-05-04
3812,CDM,14682891,2.0,2024,2,1,2024-05-04
3813,CDM,14758699,259.667,2024,2,1,2024-05-04
3815,CDM,14954868,107.333,2024,2,1,2024-05-04
3816,CDM,14954876,58.3333,2024,2,1,2024-05-04
3817,CDM,14954892,358.5,2024,2,1,2024-05-04
3818,CDM,14989770,132.583,2024,2,1,2024-05-04
3819,CDM,14989788,102.167,2024,2,1,2024-05-04
3820,CDM,14989796,2.6667,2024,2,1,2024-05-04
3821,CDM,14989809,96.4167,2024,2,1,2024-05-04
3822,CDM,14989825,141.583,2024,2,1,2024-05-04
3823,CDM,14989833,50.4167,2024,2,1,2024-05-04
3824,CDM,15095284,209.167,2024,2,1,2024-05-04
3825,CDM,15168156,1189.67,2024,2,1,2024-05-04
3827,CDM,15298014,725.667,2024,2,1,2024-05-04
3828,CDM,15303872,153.583,2024,2,1,2024-05-04
3829,CDM,15303910,78.5,2024,2,1,2024-05-04
3830,CDM,15311581,182.667,2024,2,1,2024-05-04
3831,CDQ,14001338,21.0833,2024,2,1,2024-05-04
3832,CDQ,14064873,31.75,2024,2,1,2024-05-04
3835,CDQ,14545132,48.5,2024,2,1,2024-05-04
3836,CDQ,14561781,13.0,2024,2,1,2024-05-04
3837,CDQ,14682882,235.417,2024,2,1,2024-05-04
3838,CDQ,14682891,5.6667,2024,2,1,2024-05-04
3839,CDQ,14758699,246.333,2024,2,1,2024-05-04
3841,CDQ,14954868,37.5,2024,2,1,2024-05-04
3842,CDQ,14954876,15.75,2024,2,1,2024-05-04
3843,CDQ,14954892,81.0,2024,2,1,2024-05-04
3844,CDQ,14989770,60.0,2024,2,1,2024-05-04
3845,CDQ,14989788,22.8333,2024,2,1,2024-05-04
3846,CDQ,14989796,14.6667,2024,2,1,2024-05-04
3847,CDQ,14989809,57.0833,2024,2,1,2024-05-04
3848,CDQ,14989825,84.1667,2024,2,1,2024-05-04
3849,CDQ,14989833,30.4167,2024,2,1,2024-05-04
3850,CDQ,15095284,115.917,2024,2,1,2024-05-04
3851,CDQ,15168156,343.25,2024,2,1,2024-05-04
3852,CDQ,15298014,75.0,2024,2,1,2024-05-04
3853,CDM,14001338,58.75,2024,2,2,2024-05-11
3854,CDM,14064873,59.5,2024,2,2,2024-05-11
3858,CDM,14545132,41.8333,2024,2,2,2024-05-11
3861,CDM,14561781,40.75,2024,2,2,2024-05-11
3862,CDM,14682882,609.75,2024,2,2,2024-05-11
3863,CDM,14682891,2.0,2024,2,2,2024-05-11
3864,CDM,14758699,238.667,2024,2,2,2024-05-11
3866,CDM,14954868,102.167,2024,2,2,2024-05-11
3867,CDM,14954876,55.25,2024,2,2,2024-05-11
3868,CDM,14954892,301.083,2024,2,2,2024-05-11
3869,CDM,14989770,130.333,2024,2,2,2024-05-11
3870,CDM,14989788,98.4167,2024,2,2,2024-05-11
3871,CDM,14989796,2.5833,2024,2,2,2024-05-11
3872,CDM,14989809,92.3333,2024,2,2,2024-05-11
3873,CDM,14989825,139.25,2024,2,2,2024-05-11
3874,CDM,14989833,50.25,2024,2,2,2024-05-11
3875,CDM,15095284,200.917,2024,2,2,2024-05-11
3876,CDM,15168156,1142.17,2024,2,2,2024-05-11
3878,CDM,15298014,641.833,2024,2,2,2024-05-11
3879,CDM,15303872,139.333,2024,2,2,2024-05-11
3880,CDM,15303910,64.5,2024,2,2,2024-05-11
3881,CDM,15311581,138.5,2024,2,2,2024-05-11
3882,CDQ,14001338,20.9167,2024,2,2,2024-05-11
3883,CDQ,14064873,29.5833,2024,2,2,2024-05-11
3886,CDQ,14545132,44.5,2024,2,2,2024-05-11
3887,CDQ,14561781,13.0,2024,2,2,2024-05-11
3888,CDQ,14682882,228.667,2024,2,2,2024-05-11
3889,CDQ,14682891,5.4167,2024,2,2,2024-05-11
3890,CDQ,14758699,234.083,2024,2,2,2024-05-11
3892,CDQ,14954868,34.5,2024,2,2,2024-05-11
3893,CDQ,14954876,13.75,2024,2,2,2024-05-11
3894,CDQ,14954892,72.0833,2024,2,2,2024-05-11
3895,CDQ,14989770,56.0,2024,2,2,2024-05-11
3896,CDQ,14989788,22.8333,2024,2,2,2024-05-11
3897,CDQ,14989796,14.6667,2024,2,2,2024-05-11
3898,CDQ,14989809,54.0,2024,2,2,2024-05-11
3899,CDQ,14989825,84.1667,2024,2,2,2024-05-11
3900,CDQ,14989833,27.4167,2024,2,2,2024-05-11
3901,CDQ,15095284,106.917,2024,2,2,2024-05-11
3902,CDQ,15168156,328.25,2024,2,2,2024-05-11
3903,CDQ,15298014,50.0,2024,2,2,2024-05-11
3904,CDM,14001338,55.4167,2024,2,3,2024-05-18
3905,CDM,14064873,57.1667,2024,2,3,2024-05-18
3909,CDM,14545132,96.75,2024,2,3,2024-05-18
3912,CDM,14561781,93.75,2024,2,3,2024-05-18
3913,CDM,14682882,753.25,2024,2,3,2024-05-18
3914,CDM,14682891,1.8333,2024,2,3,2024-05-18
3915,CDM,14758699,213.75,2024,2,3,2024-05-18
3917,CDM,14954868,99.0833,2024,2,3,2024-05-18
3918,CDM,14954876,53.0833,2024,2,3,2024-05-18
3919,CDM,14954892,230.667,2024,2,3,2024-05-18
3920,CDM,14989770,122.083,2024,2,3,2024-05-18
3921,CDM,14989788,94.4167,2024,2,3,2024-05-18
3922,CDM,14989796,2.5,2024,2,3,2024-05-18
3923,CDM,14989809,89.4167,2024,2,3,2024-05-18
3924,CDM,14989825,138.167,2024,2,3,2024-05-18
3925,CDM,14989833,44.0833,2024,2,3,2024-05-18
3926,CDM,15095284,301.417,2024,2,3,2024-05-18
3927,CDM,15168156,1496.42,2024,2,3,2024-05-18
3929,CDM,15298014,482.0,2024,2,3,2024-05-18
3930,CDM,15303872,126.25,2024,2,3,2024-05-18
3931,CDM,15303910,116.333,2024,2,3,2024-05-18
3932,CDM,15311581,231.167,2024,2,3,2024-05-18
3933,CDQ,14001338,20.8333,2024,2,3,2024-05-18
3934,CDQ,14064873,28.5,2024,2,3,2024-05-18
3936,CDQ,14545132,36.5,2024,2,3,2024-05-18
3937,CDQ,14561781,10.0,2024,2,3,2024-05-18
3938,CDQ,14682882,200.417,2024,2,3,2024-05-18
3939,CDQ,14682891,5.0833,2024,2,3,2024-05-18
3940,CDQ,14758699,205.667,2024,2,3,2024-05-18
3942,CDQ,14954868,33.5,2024,2,3,2024-05-18
3943,CDQ,14954876,10.75,2024,2,3,2024-05-18
3944,CDQ,14954892,57.0,2024,2,3,2024-05-18
3945,CDQ,14989770,45.8333,2024,2,3,2024-05-18
3946,CDQ,14989788,22.8333,2024,2,3,2024-05-18
3947,CDQ,14989796,14.6667,2024,2,3,2024-05-18
3948,CDQ,14989809,53.75,2024,2,3,2024-05-18
3949,CDQ,14989825,84.1667,2024,2,3,2024-05-18
3950,CDQ,14989833,26.3333,2024,2,3,2024-05-18
3951,CDQ,15095284,88.8333,2024,2,3,2024-05-18
3952,CDQ,15168156,280.25,2024,2,3,2024-05-18
3953,CDQ,15298014,94.0,2024,2,3,2024-05-18
3954,CDM,14001338,54.4167,2024,2,4,2024-05-25
3955,CDM,14064873,54.0833,2024,2,4,2024-05-25
3959,CDM,14545132,59.75,2024,2,4,2024-05-25
3962,CDM,14561781,29.75,2024,2,4,2024-05-25
3963,CDM,14682882,650.917,2024,2,4,2024-05-25
3964,CDM,14682891,1.6667,2024,2,4,2024-05-25
3965,CDM,14758699,205.25,2024,2,4,2024-05-25
3967,CDM,14954868,83.75,2024,2,4,2024-05-25
3968,CDM,14954876,42.8333,2024,2,4,2024-05-25
3969,CDM,14954892,179.75,2024,2,4,2024-05-25
3970,CDM,14989770,116.667,2024,2,4,2024-05-25
3971,CDM,14989788,86.0833,2024,2,4,2024-05-25
3972,CDM,14989796,2.3333,2024,2,4,2024-05-25
3973,CDM,14989809,89.0,2024,2,4,2024-05-25
3974,CDM,14989825,137.917,2024,2,4,2024-05-25
3975,CDM,14989833,36.4167,2024,2,4,2024-05-25
3976,CDM,15095284,229.75,2024,2,4,2024-05-25
3977,CDM,15168156,1365.92,2024,2,4,2024-05-25
3979,CDM,15298014,405.333,2024,2,4,2024-05-25
3980,CDM,15303872,119.917,2024,2,4,2024-05-25
3981,CDM,15303910,111.25,2024,2,4,2024-05-25
3982,CDM,15311581,205.0,2024,2,4,2024-05-25
3983,CDQ,14001338,19.6667,2024,2,4,2024-05-25
3984,CDQ,14064873,28.0,2024,2,4,2024-05-25
3986,CDQ,14545132,56.5,2024,2,4,2024-05-25
3987,CDQ,14561781,69.8333,2024,2,4,2024-05-25
3988,CDQ,14682882,185.333,2024,2,4,2024-05-25
3989,CDQ,14682891,5.0833,2024,2,4,2024-05-25
3990,CDQ,14758699,186.417,2024,2,4,2024-05-25
3992,CDQ,14954868,27.5,2024,2,4,2024-05-25
3993,CDQ,14954876,8.75,2024,2,4,2024-05-25
3994,CDQ,14954892,37.0,2024,2,4,2024-05-25
3995,CDQ,14989770,38.8333,2024,2,4,2024-05-25
3996,CDQ,14989788,21.8333,2024,2,4,2024-05-25
3997,CDQ,14989796,13.6667,2024,2,4,2024-05-25
3998,CDQ,14989809,53.75,2024,2,4,2024-05-25
3999,CDQ,14989825,84.1667,2024,2,4,2024-05-25
4000,CDQ,14989833,26.3333,2024,2,4,2024-05-25
4001,CDQ,15095284,131.833,2024,2,4,2024-05-25
4002,CDQ,15168156,234.25,2024,2,4,2024-05-25
4003,CDQ,15298014,86.0,2024,2,4,2024-05-25
4004,CDM,14001338,50.25,2024,3,1,2024-06-01
4005,CDM,14064873,50.5833,2024,3,1,2024-06-01
4009,CDM,14545132,57.5,2024,3,1,2024-06-01
4012,CDM,14561781,29.5833,2024,3,1,2024-06-01
4013,CDM,14682882,554.25,2024,3,1,2024-06-01
4014,CDM,14682891,1.3333,2024,3,1,2024-06-01
4015,CDM,14758699,186.75,2024,3,1,2024-06-01
4017,CDM,14954868,76.4167,2024,3,1,2024-06-01
4018,CDM,14954876,40.8333,2024,3,1,2024-06-01
4019,CDM,14954892,99.6667,2024,3,1,2024-06-01
4020,CDM,14989770,113.167,2024,3,1,2024-06-01
4021,CDM,14989788,82.5833,2024,3,1,2024-06-01
4022,CDM,14989796,2.3333,2024,3,1,2024-06-01
4023,CDM,14989809,82.4167,2024,3,1,2024-06-01
4024,CDM,14989825,137.5,2024,3,1,2024-06-01
4025,CDM,14989833,33.0,2024,3,1,2024-06-01
4026,CDM,15095284,155.417,2024,3,1,2024-06-01
4027,CDM,15168156,1031.42,2024,3,1,2024-06-01
4029,CDM,15298014,272.167,2024,3,1,2024-06-01
4030,CDM,15303872,109.75,2024,3,1,2024-06-01
4031,CDM,15303910,101.833,2024,3,1,2024-06-01
4032,CDM,15311581,164.417,2024,3,1,2024-06-01
4033,CDQ,14001338,19.5833,2024,3,1,2024-06-01
4034,CDQ,14064873,26.0,2024,3,1,2024-06-01
4036,CDQ,14545132,50.5,2024,3,1,2024-06-01
4037,CDQ,14561781,68.5833,2024,3,1,2024-06-01
4038,CDQ,14682882,230.5,2024,3,1,2024-06-01
4039,CDQ,14682891,5.0833,2024,3,1,2024-06-01
4040,CDQ,14758699,168.333,2024,3,1,2024-06-01
4042,CDQ,14954868,25.5,2024,3,1,2024-06-01
4043,CDQ,14954876,14.75,2024,3,1,2024-06-01
4044,CDQ,14954892,19.9167,2024,3,1,2024-06-01
4045,CDQ,14989770,33.8333,2024,3,1,2024-06-01
4046,CDQ,14989788,16.8333,2024,3,1,2024-06-01
4047,CDQ,14989796,13.5833,2024,3,1,2024-06-01
4048,CDQ,14989809,46.6667,2024,3,1,2024-06-01
4049,CDQ,14989825,84.0,2024,3,1,2024-06-01
4050,CDQ,14989833,25.3333,2024,3,1,2024-06-01
4051,CDQ,15095284,172.833,2024,3,1,2024-06-01
4052,CDQ,15168156,373.25,2024,3,1,2024-06-01
4053,CDQ,15298014,58.0,2024,3,1,2024-06-01
4054,CDM,14001338,47.5833,2024,3,2,2024-06-08
4055,CDM,14064873,46.3333,2024,3,2,2024-06-08
4059,CDM,14545132,113.083,2024,3,2,2024-06-08
4062,CDM,14561781,28.5,2024,3,2,2024-06-08
4063,CDM,14682882,702.75,2024,3,2,2024-06-08
4064,CDM,14682891,1.3333,2024,3,2,2024-06-08
4065,CDM,14758699,403.5,2024,3,2,2024-06-08
4067,CDM,14954868,130.333,2024,3,2,2024-06-08
4068,CDM,14954876,38.75,2024,3,2,2024-06-08
4069,CDM,14954892,472.5,2024,3,2,2024-06-08
4070,CDM,14989770,199.917,2024,3,2,2024-06-08
4071,CDM,14989788,80.0833,2024,3,2,2024-06-08
4072,CDM,14989796,2.25,2024,3,2,2024-06-08
4073,CDM,14989809,79.9167,2024,3,2,2024-06-08
4074,CDM,14989825,137.333,2024,3,2,2024-06-08
4075,CDM,14989833,91.0,2024,3,2,2024-06-08
4076,CDM,15095284,199.167,2024,3,2,2024-06-08
4077,CDM,15168156,1847.42,2024,3,2,2024-06-08
4079,CDM,15298014,1148.0,2024,3,2,2024-06-08
4080,CDM,15303872,96.75,2024,3,2,2024-06-08
4081,CDM,15303910,93.75,2024,3,2,2024-06-08
4082,CDM,15311581,125.0,2024,3,2,2024-06-08
4083,CDQ,14001338,14.4167,2024,3,2,2024-06-08
4084,CDQ,14064873,26.0,2024,3,2,2024-06-08
4086,CDQ,14545132,42.5,2024,3,2,2024-06-08
4087,CDQ,14561781,68.4167,2024,3,2,2024-06-08
4088,CDQ,14682882,221.083,2024,3,2,2024-06-08
4089,CDQ,14682891,4.5833,2024,3,2,2024-06-08
4090,CDQ,14758699,148.25,2024,3,2,2024-06-08
4092,CDQ,14954868,21.8333,2024,3,2,2024-06-08
4093,CDQ,14954876,14.75,2024,3,2,2024-06-08
4094,CDQ,14954892,8.1667,2024,3,2,2024-06-08
4095,CDQ,14989770,32.8333,2024,3,2,2024-06-08
4096,CDQ,14989788,16.8333,2024,3,2,2024-06-08
4097,CDQ,14989796,12.4167,2024,3,2,2024-06-08
4098,CDQ,14989809,45.0,2024,3,2,2024-06-08
4099,CDQ,14989825,83.75,2024,3,2,2024-06-08
4100,CDQ,14989833,24.3333,2024,3,2,2024-06-08
4101,CDQ,15095284,163.75,2024,3,2,2024-06-08
4102,CDQ,15168156,339.25,2024,3,2,2024-06-08
4103,CDQ,15298014,10.0,2024,3,2,2024-06-08
4104,CDM,14001338,47.0,2024,3,3,2024-06-15
4105,CDM,14064873,44.0833,2024,3,3,2024-06-15
4109,CDM,14545132,106.0,2024,3,3,2024-06-15
4112,CDM,14561781,27.4167,2024,3,3,2024-06-15
4113,CDM,14682882,663.333,2024,3,3,2024-06-15
4114,CDM,14682891,1.1667,2024,3,3,2024-06-15
4115,CDM,14758699,386.167,2024,3,3,2024-06-15
4117,CDM,14954868,125.167,2024,3,3,2024-06-15
4118,CDM,14954876,38.5833,2024,3,3,2024-06-15
4119,CDM,14954892,328.167,2024,3,3,2024-06-15
4120,CDM,14989770,189.833,2024,3,3,2024-06-15
4121,CDM,14989788,74.9167,2024,3,3,2024-06-15
4122,CDM,14989796,2.0833,2024,3,3,2024-06-15
4123,CDM,14989809,68.1667,2024,3,3,2024-06-15
4124,CDM,14989825,135.25,2024,3,3,2024-06-15
4125,CDM,14989833,82.5,2024,3,3,2024-06-15
4126,CDM,15095284,182.5,2024,3,3,2024-06-15
4127,CDM,15168156,1761.67,2024,3,3,2024-06-15
4129,CDM,15298014,1050.17,2024,3,3,2024-06-15
4130,CDM,15303872,86.6667,2024,3,3,2024-06-15
4131,CDM,15303910,87.75,2024,3,3,2024-06-15
4132,CDM,15311581,101.417,2024,3,3,2024-06-15
4133,CDQ,14001338,12.4167,2024,3,3,2024-06-15
4134,CDQ,14064873,23.5833,2024,3,3,2024-06-15
4136,CDQ,14545132,36.5,2024,3,3,2024-06-15
4137,CDQ,14561781,68.25,2024,3,3,2024-06-15
4138,CDQ,14682882,205.25,2024,3,3,2024-06-15
4139,CDQ,14682891,2.25,2024,3,3,2024-06-15
4140,CDQ,14758699,116.0,2024,3,3,2024-06-15
4142,CDQ,14954868,20.8333,2024,3,3,2024-06-15
4143,CDQ,14954876,12.75,2024,3,3,2024-06-15
4144,CDQ,14954892,62.25,2024,3,3,2024-06-15
4145,CDQ,14989770,59.8333,2024,3,3,2024-06-15
4146,CDQ,14989788,15.8333,2024,3,3,2024-06-15
4147,CDQ,14989796,12.4167,2024,3,3,2024-06-15
4148,CDQ,14989809,44.9167,2024,3,3,2024-06-15
4149,CDQ,14989825,82.75,2024,3,3,2024-06-15
4150,CDQ,14989833,17.6667,2024,3,3,2024-06-15
4151,CDQ,15095284,144.75,2024,3,3,2024-06-15
4152,CDQ,15168156,295.25,2024,3,3,2024-06-15
4153,CDQ,15298014,20.0,2024,3,3,2024-06-15
4154,CDM,14001338,44.9167,2024,3,4,2024-06-22
4155,CDM,14064873,39.8333,2024,3,4,2024-06-22
4159,CDM,14545132,71.6667,2024,3,4,2024-06-22
4162,CDM,14561781,19.4167,2024,3,4,2024-06-22
4163,CDM,14682882,632.75,2024,3,4,2024-06-22
4164,CDM,14682891,1.0,2024,3,4,2024-06-22
4165,CDM,14758699,246.75,2024,3,4,2024-06-22
4167,CDM,14954868,104.75,2024,3,4,2024-06-22
4168,CDM,14954876,37.4167,2024,3,4,2024-06-22
4169,CDM,14954892,751.75,2024,3,4,2024-06-22
4170,CDM,14989770,184.5,2024,3,4,2024-06-22
4171,CDM,14989788,71.6667,2024,3,4,2024-06-22
4172,CDM,14989796,2.0833,2024,3,4,2024-06-22
4173,CDM,14989809,64.8333,2024,3,4,2024-06-22
4174,CDM,14989825,132.167,2024,3,4,2024-06-22
4175,CDM,14989833,61.1667,2024,3,4,2024-06-22
4176,CDM,15095284,342.917,2024,3,4,2024-06-22
4177,CDM,15168156,1382.67,2024,3,4,2024-06-22
4179,CDM,15298014,718.333,2024,3,4,2024-06-22
4180,CDM,15303872,67.25,2024,3,4,2024-06-22
4181,CDM,15303910,74.75,2024,3,4,2024-06-22
4182,CDM,15311581,66.0833,2024,3,4,2024-06-22
4183,CDQ,14001338,12.4167,2024,3,4,2024-06-22
4184,CDQ,14064873,19.3333,2024,3,4,2024-06-22
4186,CDQ,14545132,57.3333,2024,3,4,2024-06-22
4187,CDQ,14561781,65.5,2024,3,4,2024-06-22
4188,CDQ,14682882,191.583,2024,3,4,2024-06-22
4189,CDQ,14682891,0.5833,2024,3,4,2024-06-22
4190,CDQ,14758699,207.917,2024,3,4,2024-06-22
4192,CDQ,14954868,30.8333,2024,3,4,2024-06-22
4193,CDQ,14954876,10.75,2024,3,4,2024-06-22
4194,CDQ,14954892,44.0833,2024,3,4,2024-06-22
4195,CDQ,14989770,50.8333,2024,3,4,2024-06-22
4196,CDQ,14989788,15.6667,2024,3,4,2024-06-22
4197,CDQ,14989796,11.4167,2024,3,4,2024-06-22
4198,CDQ,14989809,43.8333,2024,3,4,2024-06-22
4199,CDQ,14989825,81.75,2024,3,4,2024-06-22
4200,CDQ,14989833,36.6667,2024,3,4,2024-06-22
4201,CDQ,15095284,121.417,2024,3,4,2024-06-22
4202,CDQ,15168156,429.25,2024,3,4,2024-06-22
4203,CDQ,15298014,5.0,2024,3,4,2024-06-22
4204,CDM,14001338,43.5833,2024,4,1,2024-06-29
4205,CDM,14064873,35.9167,2024,4,1,2024-06-29
4209,CDM,14545132,67.3333,2024,4,1,2024-06-29
4212,CDM,14561781,15.1667,2024,4,1,2024-06-29
4213,CDM,14682882,605.5,2024,4,1,2024-06-29
4214,CDM,14682891,1.0,2024,4,1,2024-06-29
4215,CDM,14758699,535.25,2024,4,1,2024-06-29
4217,CDM,14954868,97.5,2024,4,1,2024-06-29
4218,CDM,14954876,35.4167,2024,4,1,2024-06-29
4219,CDM,14954892,688.917,2024,4,1,2024-06-29
4220,CDM,14989770,179.167,2024,4,1,2024-06-29
4221,CDM,14989788,67.4167,2024,4,1,2024-06-29
4222,CDM,14989796,2.0833,2024,4,1,2024-06-29
4223,CDM,14989809,63.5,2024,4,1,2024-06-29
4224,CDM,14989825,131.917,2024,4,1,2024-06-29
4225,CDM,14989833,57.8333,2024,4,1,2024-06-29
4226,CDM,15095284,274.75,2024,4,1,2024-06-29
4227,CDM,15168156,2798.42,2024,4,1,2024-06-29
4229,CDM,15298014,632.292,2024,4,1,2024-06-29
4230,CDM,15303872,60.1667,2024,4,1,2024-06-29
4231,CDM,15303910,63.25,2024,4,1,2024-06-29
4232,CDM,15311581,23.6667,2024,4,1,2024-06-29
4233,CDQ,14001338,10.1667,2024,4,1,2024-06-29
4234,CDQ,14064873,18.0833,2024,4,1,2024-06-29
4236,CDQ,14545132,50.1667,2024,4,1,2024-06-29
4237,CDQ,14561781,65.4167,2024,4,1,2024-06-29
4238,CDQ,14682882,185.0,2024,4,1,2024-06-29
4239,CDQ,14682891,0.5833,2024,4,1,2024-06-29
4240,CDQ,14758699,186.917,2024,4,1,2024-06-29
4242,CDQ,14954868,27.8333,2024,4,1,2024-06-29
4243,CDQ,14954876,7.75,2024,4,1,2024-06-29
4244,CDQ,14954892,85.0833,2024,4,1,2024-06-29
4245,CDQ,14989770,44.8333,2024,4,1,2024-06-29
4246,CDQ,14989788,12.6667,2024,4,1,2024-06-29
4247,CDQ,14989796,11.1667,2024,4,1,2024-06-29
4248,CDQ,14989809,40.8333,2024,4,1,2024-06-29
4249,CDQ,14989825,78.75,2024,4,1,2024-06-29
4250,CDQ,14989833,33.6667,2024,4,1,2024-06-29
4251,CDQ,15095284,167.917,2024,4,1,2024-06-29
4252,CDQ,15168156,395.25,2024,4,1,2024-06-29
4253,CDM,14001338,42.75,2024,4,2,2024-07-06
4254,CDM,14064873,89.0,2024,4,2,2024-07-06
4258,CDM,14545132,57.25,2024,4,2,2024-07-06
4261,CDM,14561781,11.5833,2024,4,2,2024-07-06
4262,CDM,14682882,1239.67,2024,4,2,2024-07-06
4263,CDM,14682891,0.9167,2024,4,2,2024-07-06
4264,CDM,14758699,395.75,2024,4,2,2024-07-06
4266,CDM,14954868,84.1667,2024,4,2,2024-07-06
4267,CDM,14954876,30.8333,2024,4,2,2024-07-06
4268,CDM,14954892,626.25,2024,4,2,2024-07-06
4269,CDM,14989770,112.917,2024,4,2,2024-07-06
4270,CDM,14989788,64.3333,2024,4,2,2024-07-06
4271,CDM,14989796,2.0833,2024,4,2,2024-07-06
4272,CDM,14989809,58.0833,2024,4,2,2024-07-06
4273,CDM,14989825,129.667,2024,4,2,2024-07-06
4274,CDM,14989833,54.8333,2024,4,2,2024-07-06
4275,CDM,15095284,196.083,2024,4,2,2024-07-06
4276,CDM,15168156,2661.17,2024,4,2,2024-07-06
4278,CDM,15298014,533.292,2024,4,2,2024-07-06
4279,CDM,15303872,40.1667,2024,4,2,2024-07-06
4280,CDM,15303910,54.0,2024,4,2,2024-07-06
4281,CDM,15311581,481.25,2024,4,2,2024-07-06
4282,CDQ,14001338,9.9167,2024,4,2,2024-07-06
4283,CDQ,14064873,15.0833,2024,4,2,2024-07-06
4285,CDQ,14545132,40.1667,2024,4,2,2024-07-06
4286,CDQ,14561781,65.4167,2024,4,2,2024-07-06
4287,CDQ,14682882,174.583,2024,4,2,2024-07-06
4288,CDQ,14682891,0.5833,2024,4,2,2024-07-06
4289,CDQ,14758699,282.833,2024,4,2,2024-07-06
4291,CDQ,14954868,27.8333,2024,4,2,2024-07-06
4292,CDQ,14954876,5.75,2024,4,2,2024-07-06
4293,CDQ,14954892,67.75,2024,4,2,2024-07-06
4294,CDQ,14989770,99.75,2024,4,2,2024-07-06
4295,CDQ,14989788,10.6667,2024,4,2,2024-07-06
4296,CDQ,14989796,10.1667,2024,4,2,2024-07-06
4297,CDQ,14989809,35.8333,2024,4,2,2024-07-06
4298,CDQ,14989825,78.75,2024,4,2,2024-07-06
4299,CDQ,14989833,31.3333,2024,4,2,2024-07-06
4300,CDQ,15095284,207.667,2024,4,2,2024-07-06
4301,CDQ,15168156,332.25,2024,4,2,2024-07-06
4302,CDM,14001338,96.5833,2024,4,3,2024-07-13
4303,CDM,14064873,86.1667,2024,4,3,2024-07-13
4307,CDM,14545132,55.1667,2024,4,3,2024-07-13
4310,CDM,14561781,9.5,2024,4,3,2024-07-13
4311,CDM,14682882,1199.0,2024,4,3,2024-07-13
4312,CDM,14682891,0.9167,2024,4,3,2024-07-13
4313,CDM,14758699,307.917,2024,4,3,2024-07-13
4315,CDM,14954868,130.083,2024,4,3,2024-07-13
4316,CDM,14954876,27.5833,2024,4,3,2024-07-13
4317,CDM,14954892,456.917,2024,4,3,2024-07-13
4318,CDM,14989770,104.583,2024,4,3,2024-07-13
4319,CDM,14989788,60.5,2024,4,3,2024-07-13
4320,CDM,14989796,2.0833,2024,4,3,2024-07-13
4321,CDM,14989809,112.667,2024,4,3,2024-07-13
4322,CDM,14989825,129.167,2024,4,3,2024-07-13
4323,CDM,14989833,51.6667,2024,4,3,2024-07-13
4324,CDM,15095284,180.917,2024,4,3,2024-07-13
4325,CDM,15168156,2370.5,2024,4,3,2024-07-13
4327,CDM,15298014,1613.79,2024,4,3,2024-07-13
4328,CDM,15303872,85.0,2024,4,3,2024-07-13
4329,CDM,15303910,166.917,2024,4,3,2024-07-13
4330,CDM,15311581,446.75,2024,4,3,2024-07-13
4331,CDQ,14001338,7.75,2024,4,3,2024-07-13
4332,CDQ,14064873,14.8333,2024,4,3,2024-07-13
4334,CDQ,14545132,86.0,2024,4,3,2024-07-13
4335,CDQ,14561781,61.8333,2024,4,3,2024-07-13
4336,CDQ,14682882,101.917,2024,4,3,2024-07-13
4337,CDQ,14758699,303.75,2024,4,3,2024-07-13
4339,CDQ,14954868,21.8333,2024,4,3,2024-07-13
4340,CDQ,14954876,2.75,2024,4,3,2024-07-13
4341,CDQ,14954892,111.583,2024,4,3,2024-07-13
4342,CDQ,14989770,92.75,2024,4,3,2024-07-13
4343,CDQ,14989788,8.6667,2024,4,3,2024-07-13
4344,CDQ,14989796,9.9167,2024,4,3,2024-07-13
4345,CDQ,14989809,31.75,2024,4,3,2024-07-13
4346,CDQ,14989825,77.75,2024,4,3,2024-07-13
4347,CDQ,14989833,27.3333,2024,4,3,2024-07-13
4348,CDQ,15095284,187.333,2024,4,3,2024-07-13
4349,CDQ,15168156,237.25,2024,4,3,2024-07-13
4350,CDQ,15298014,140.0,2024,4,3,2024-07-13
4351,CDM,14001338,95.3333,2024,4,4,2024-07-20
4352,CDM,14064873,80.75,2024,4,4,2024-07-20
4356,CDM,14545132,54.5833,2024,4,4,2024-07-20
4359,CDM,14561781,48.3333,2024,4,4,2024-07-20
4360,CDM,14682882,916.833,2024,4,4,2024-07-20
4361,CDM,14682891,0.5833,2024,4,4,2024-07-20
4362,CDM,14758699,271.833,2024,4,4,2024-07-20
4364,CDM,14954868,107.0,2024,4,4,2024-07-20
4365,CDM,14954876,26.4167,2024,4,4,2024-07-20
4366,CDM,14954892,283.583,2024,4,4,2024-07-20
4367,CDM,14989770,48.0,2024,4,4,2024-07-20
4368,CDM,14989788,57.6667,2024,4,4,2024-07-20
4369,CDM,14989796,2.0833,2024,4,4,2024-07-20
4370,CDM,14989809,103.167,2024,4,4,2024-07-20
4371,CDM,14989825,129.0,2024,4,4,2024-07-20
4372,CDM,14989833,42.5,2024,4,4,2024-07-20
4373,CDM,15095284,161.75,2024,4,4,2024-07-20
4374,CDM,15168156,1612.25,2024,4,4,2024-07-20
4376,CDM,15298014,468.375,2024,4,4,2024-07-20
4377,CDM,15303872,68.5,2024,4,4,2024-07-20
4378,CDM,15303910,156.75,2024,4,4,2024-07-20
4379,CDM,15311581,422.25,2024,4,4,2024-07-20
4380,CDQ,14001338,7.6667,2024,4,4,2024-07-20
4381,CDQ,14064873,10.8333,2024,4,4,2024-07-20
4383,CDQ,14545132,79.9167,2024,4,4,2024-07-20
4384,CDQ,14561781,19.6667,2024,4,4,2024-07-20
4385,CDQ,14682882,90.0,2024,4,4,2024-07-20
4386,CDQ,14758699,269.25,2024,4,4,2024-07-20
4388,CDQ,14954868,11.8333,2024,4,4,2024-07-20
4389,CDQ,14954876,0.75,2024,4,4,2024-07-20
4390,CDQ,14954892,93.1667,2024,4,4,2024-07-20
4391,CDQ,14989770,86.75,2024,4,4,2024-07-20
4392,CDQ,14989788,6.6667,2024,4,4,2024-07-20
4393,CDQ,14989796,9.8333,2024,4,4,2024-07-20
4394,CDQ,14989809,25.4167,2024,4,4,2024-07-20
4395,CDQ,14989825,75.75,2024,4,4,2024-07-20
4396,CDQ,14989833,22.25,2024,4,4,2024-07-20
4397,CDQ,15095284,158.0,2024,4,4,2024-07-20
4398,CDQ,15168156,352.25,2024,4,4,2024-07-20
4399,CDQ,15298014,232.0,2024,4,4,2024-07-20
4400,CDM,14001338,91.8333,2024,5,1,2024-07-27
4401,CDM,14064873,77.4167,2024,5,1,2024-07-27
4405,CDM,14545132,108.0,2024,5,1,2024-07-27
4408,CDM,14561781,47.1667,2024,5,1,2024-07-27
4409,CDM,14682882,1060.42,2024,5,1,2024-07-27
4410,CDM,14682891,0.5,2024,5,1,2024-07-27
4411,CDM,14758699,364.083,2024,5,1,2024-07-27
4413,CDM,14954868,95.8333,2024,5,1,2024-07-27
4414,CDM,14954876,22.0833,2024,5,1,2024-07-27
4415,CDM,14954892,197.917,2024,5,1,2024-07-27
4416,CDM,14989770,101.583,2024,5,1,2024-07-27
4417,CDM,14989788,54.25,2024,5,1,2024-07-27
4418,CDM,14989796,2.0833,2024,5,1,2024-07-27
4419,CDM,14989809,98.6667,2024,5,1,2024-07-27
4420,CDM,14989825,129.0,2024,5,1,2024-07-27
4421,CDM,14989833,98.3333,2024,5,1,2024-07-27
4422,CDM,15095284,334.583,2024,5,1,2024-07-27
4423,CDM,15168156,1384.0,2024,5,1,2024-07-27
4425,CDM,15298014,183.542,2024,5,1,2024-07-27
4426,CDM,15303872,67.5,2024,5,1,2024-07-27
4427,CDM,15303910,152.667,2024,5,1,2024-07-27
4428,CDM,15311581,628.167,2024,5,1,2024-07-27
4429,CDQ,14001338,7.5,2024,5,1,2024-07-27
4430,CDQ,14064873,8.5833,2024,5,1,2024-07-27
4432,CDQ,14545132,73.6667,2024,5,1,2024-07-27
4433,CDQ,14561781,19.25,2024,5,1,2024-07-27
4434,CDQ,14682882,312.583,2024,5,1,2024-07-27
4435,CDQ,14758699,248.25,2024,5,1,2024-07-27
4437,CDQ,14954868,8.8333,2024,5,1,2024-07-27
4438,CDQ,14954876,0.25,2024,5,1,2024-07-27
4439,CDQ,14954892,72.8333,2024,5,1,2024-07-27
4440,CDQ,14989770,77.6667,2024,5,1,2024-07-27
4441,CDQ,14989788,5.6667,2024,5,1,2024-07-27
4442,CDQ,14989796,9.8333,2024,5,1,2024-07-27
4443,CDQ,14989809,22.8333,2024,5,1,2024-07-27
4444,CDQ,14989825,74.75,2024,5,1,2024-07-27
4445,CDQ,14989833,22.0833,2024,5,1,2024-07-27
4446,CDQ,15095284,137.833,2024,5,1,2024-07-27
4447,CDQ,15168156,567.25,2024,5,1,2024-07-27
4448,CDQ,15298014,11.0,2024,5,1,2024-07-27
4449,CDM,14001338,89.5,2024,5,2,2024-08-03
4450,CDM,14064873,59.3333,2024,5,2,2024-08-03
4454,CDM,14545132,107.75,2024,5,2,2024-08-03
4457,CDM,14561781,46.0833,2024,5,2,2024-08-03
4458,CDM,14682882,1029.83,2024,5,2,2024-08-03
4459,CDM,14682891,0.3333,2024,5,2,2024-08-03
4460,CDM,14758699,354.667,2024,5,2,2024-08-03
4462,CDM,14954868,66.6667,2024,5,2,2024-08-03
4463,CDM,14954876,14.8333,2024,5,2,2024-08-03
4464,CDM,14954892,108.917,2024,5,2,2024-08-03
4465,CDM,14989770,94.3333,2024,5,2,2024-08-03
4466,CDM,14989788,37.0,2024,5,2,2024-08-03
4467,CDM,14989796,1.9167,2024,5,2,2024-08-03
4468,CDM,14989809,76.3333,2024,5,2,2024-08-03
4469,CDM,14989825,128.75,2024,5,2,2024-08-03
4470,CDM,14989833,94.1667,2024,5,2,2024-08-03
4471,CDM,15095284,324.25,2024,5,2,2024-08-03
4472,CDM,15168156,1237.5,2024,5,2,2024-08-03
4474,CDM,15298014,15.2083,2024,5,2,2024-08-03
4475,CDM,15303872,57.1667,2024,5,2,2024-08-03
4476,CDM,15303910,141.583,2024,5,2,2024-08-03
4477,CDM,15311581,465.833,2024,5,2,2024-08-03
4478,CDQ,14001338,7.3333,2024,5,2,2024-08-03
4479,CDQ,14064873,20.5,2024,5,2,2024-08-03
4481,CDQ,14545132,61.6667,2024,5,2,2024-08-03
4482,CDQ,14561781,16.6667,2024,5,2,2024-08-03
4483,CDQ,14682882,298.25,2024,5,2,2024-08-03
4484,CDQ,14758699,225.083,2024,5,2,2024-08-03
4486,CDQ,14954868,25.8333,2024,5,2,2024-08-03
4487,CDQ,14954876,0.25,2024,5,2,2024-08-03
4488,CDQ,14954892,55.0,2024,5,2,2024-08-03
4489,CDQ,14989770,76.6667,2024,5,2,2024-08-03
4490,CDQ,14989788,14.6667,2024,5,2,2024-08-03
4491,CDQ,14989796,9.75,2024,5,2,2024-08-03
4492,CDQ,14989809,38.6667,2024,5,2,2024-08-03
4493,CDQ,14989825,72.75,2024,5,2,2024-08-03
4494,CDQ,14989833,19.4167,2024,5,2,2024-08-03
4495,CDQ,15095284,126.583,2024,5,2,2024-08-03
4496,CDQ,15168156,463.0,2024,5,2,2024-08-03
4497,CDQ,15298014,1.0,2024,5,2,2024-08-03
4498,CDQ,15311581,117.0,2024,5,2,2024-08-03
4499,CDM,14001338,88.4167,2024,5,3,2024-08-10
4500,CDM,14064873,56.9167,2024,5,3,2024-08-10
4504,CDM,14545132,101.583,2024,5,3,2024-08-10
4507,CDM,14561781,44.8333,2024,5,3,2024-08-10
4508,CDM,14682882,988.0,2024,5,3,2024-08-10
4509,CDM,14682891,0.25,2024,5,3,2024-08-10
4510,CDM,14758699,333.25,2024,5,3,2024-08-10
4512,CDM,14954868,112.583,2024,5,3,2024-08-10
4513,CDM,14954876,7.6667,2024,5,3,2024-08-10
4514,CDM,14954892,393.333,2024,5,3,2024-08-10
4515,CDM,14989770,82.1667,2024,5,3,2024-08-10
4516,CDM,14989788,30.4167,2024,5,3,2024-08-10
4517,CDM,14989796,1.5833,2024,5,3,2024-08-10
4518,CDM,14989809,66.6667,2024,5,3,2024-08-10
4519,CDM,14989825,128.583,2024,5,3,2024-08-10
4520,CDM,14989833,92.9167,2024,5,3,2024-08-10
4521,CDM,15095284,306.833,2024,5,3,2024-08-10
4522,CDM,15168156,1644.0,2024,5,3,2024-08-10
4524,CDM,15298014,1278.54,2024,5,3,2024-08-10
4525,CDM,15303872,132.167,2024,5,3,2024-08-10
4526,CDM,15303910,124.333,2024,5,3,2024-08-10
4527,CDM,15311581,360.583,2024,5,3,2024-08-10
4528,CDQ,14001338,2.75,2024,5,3,2024-08-10
4529,CDQ,14064873,20.0,2024,5,3,2024-08-10
4531,CDQ,14545132,44.6667,2024,5,3,2024-08-10
4532,CDQ,14561781,11.1667,2024,5,3,2024-08-10
4533,CDQ,14682882,285.5,2024,5,3,2024-08-10
4534,CDQ,14758699,187.0,2024,5,3,2024-08-10
4536,CDQ,14954868,21.8333,2024,5,3,2024-08-10
4537,CDQ,14954876,0.25,2024,5,3,2024-08-10
4538,CDQ,14954892,32.5,2024,5,3,2024-08-10
4539,CDQ,14989770,68.3333,2024,5,3,2024-08-10
4540,CDQ,14989788,8.6667,2024,5,3,2024-08-10
4541,CDQ,14989796,9.6667,2024,5,3,2024-08-10
4542,CDQ,14989809,32.1667,2024,5,3,2024-08-10
4543,CDQ,14989825,71.5833,2024,5,3,2024-08-10
4544,CDQ,14989833,14.3333,2024,5,3,2024-08-10
4545,CDQ,15095284,103.583,2024,5,3,2024-08-10
4546,CDQ,15168156,664.0,2024,5,3,2024-08-10
4547,CDQ,15311581,127.833,2024,5,3,2024-08-10
4548,CDM,14001338,68.0,2024,5,4,2024-08-17
4549,CDM,14064873,52.5,2024,5,4,2024-08-17
4553,CDM,14545132,35.5833,2024,5,4,2024-08-17
4556,CDM,14561781,40.5833,2024,5,4,2024-08-17
4557,CDM,14682882,956.5,2024,5,4,2024-08-17
4558,CDM,14682891,0.25,2024,5,4,2024-08-17
4559,CDM,14758699,310.25,2024,5,4,2024-08-17
4561,CDM,14954868,88.1667,2024,5,4,2024-08-17
4562,CDM,14954876,5.1667,2024,5,4,2024-08-17
4563,CDM,14954892,242.833,2024,5,4,2024-08-17
4564,CDM,14989770,62.6667,2024,5,4,2024-08-17
4565,CDM,14989788,24.1667,2024,5,4,2024-08-17
4566,CDM,14989796,1.0833,2024,5,4,2024-08-17
4567,CDM,14989809,60.3333,2024,5,4,2024-08-17
4568,CDM,14989825,127.5,2024,5,4,2024-08-17
4569,CDM,14989833,64.8333,2024,5,4,2024-08-17
4570,CDM,15095284,294.167,2024,5,4,2024-08-17
4571,CDM,15168156,606.75,2024,5,4,2024-08-17
4573,CDM,15298014,718.542,2024,5,4,2024-08-17
4574,CDM,15303872,119.0,2024,5,4,2024-08-17
4575,CDM,15303910,90.0833,2024,5,4,2024-08-17
4576,CDM,15311581,305.5,2024,5,4,2024-08-17
4577,CDQ,14001338,15.4167,2024,5,4,2024-08-17
4578,CDQ,14064873,18.9167,2024,5,4,2024-08-17
4580,CDQ,14545132,97.5833,2024,5,4,2024-08-17
4581,CDQ,14561781,9.5,2024,5,4,2024-08-17
4582,CDQ,14682882,281.5,2024,5,4,2024-08-17
4583,CDQ,14758699,150.833,2024,5,4,2024-08-17
4585,CDQ,14954868,23.8333,2024,5,4,2024-08-17
4586,CDQ,14954892,71.0833,2024,5,4,2024-08-17
4587,CDQ,14989770,66.3333,2024,5,4,2024-08-17
4588,CDQ,14989788,4.6667,2024,5,4,2024-08-17
4589,CDQ,14989796,9.6667,2024,5,4,2024-08-17
4590,CDQ,14989809,30.6667,2024,5,4,2024-08-17
4591,CDQ,14989825,70.4167,2024,5,4,2024-08-17
4592,CDQ,14989833,32.3333,2024,5,4,2024-08-17
4593,CDQ,15095284,92.5833,2024,5,4,2024-08-17
4594,CDQ,15168156,299.0,2024,5,4,2024-08-17
4595,CDQ,15298014,175.5,2024,5,4,2024-08-17
4596,CDQ,15311581,96.8333,2024,5,4,2024-08-17
4597,CDM,14001338,59.5,2024,6,1,2024-08-24
4598,CDM,14064873,47.3333,2024,6,1,2024-08-24
4602,CDM,14545132,34.5,2024,6,1,2024-08-24
4605,CDM,14561781,30.5,2024,6,1,2024-08-24
4606,CDM,14682882,946.0,2024,6,1,2024-08-24
4607,CDM,14758699,236.75,2024,6,1,2024-08-24
4609,CDM,14954868,66.0,2024,6,1,2024-08-24
4610,CDM,14954876,1.3333,2024,6,1,2024-08-24
4611,CDM,14954892,129.083,2024,6,1,2024-08-24
4612,CDM,14989770,64.5833,2024,6,1,2024-08-24
4613,CDM,14989788,20.0,2024,6,1,2024-08-24
4614,CDM,14989809,56.3333,2024,6,1,2024-08-24
4615,CDM,14989825,126.083,2024,6,1,2024-08-24
4616,CDM,14989833,63.25,2024,6,1,2024-08-24
4617,CDM,15095284,222.5,2024,6,1,2024-08-24
4618,CDM,15168156,520.5,2024,6,1,2024-08-24
4620,CDM,15298014,630.208,2024,6,1,2024-08-24
4621,CDM,15303872,93.0,2024,6,1,2024-08-24
4622,CDM,15303910,76.0833,2024,6,1,2024-08-24
4623,CDM,15311581,287.417,2024,6,1,2024-08-24
4624,CDQ,14001338,14.9167,2024,6,1,2024-08-24
4625,CDQ,14064873,13.5,2024,6,1,2024-08-24
4627,CDQ,14545132,95.4167,2024,6,1,2024-08-24
4628,CDQ,14561781,17.3333,2024,6,1,2024-08-24
4629,CDQ,14682882,275.833,2024,6,1,2024-08-24
4630,CDQ,14758699,131.75,2024,6,1,2024-08-24
4632,CDQ,14954868,11.6667,2024,6,1,2024-08-24
4633,CDQ,14954892,63.5,2024,6,1,2024-08-24
4634,CDQ,14989770,66.3333,2024,6,1,2024-08-24
4635,CDQ,14989788,0.3333,2024,6,1,2024-08-24
4636,CDQ,14989796,8.6667,2024,6,1,2024-08-24
4637,CDQ,14989809,27.5833,2024,6,1,2024-08-24
4638,CDQ,14989825,69.8333,2024,6,1,2024-08-24
4639,CDQ,14989833,30.3333,2024,6,1,2024-08-24
4640,CDQ,15095284,82.5833,2024,6,1,2024-08-24
4641,CDQ,15168156,243.833,2024,6,1,2024-08-24
4642,CDQ,15298014,93.5,2024,6,1,2024-08-24
4643,CDQ,15311581,79.8333,2024,6,1,2024-08-24
4644,CDM,14001338,55.5833,2024,6,2,2024-08-31
4645,CDM,14064873,73.0833,2024,6,2,2024-08-31
4649,CDM,14545132,31.3333,2024,6,2,2024-08-31
4652,CDM,14561781,29.25,2024,6,2,2024-08-31
4653,CDM,14682882,921.75,2024,6,2,2024-08-31
4654,CDM,14758699,227.5,2024,6,2,2024-08-31
4656,CDM,14954868,62.9167,2024,6,2,2024-08-31
4657,CDM,14954876,0.3333,2024,6,2,2024-08-31
4658,CDM,14954892,406.25,2024,6,2,2024-08-31
4659,CDM,14989770,61.4167,2024,6,2,2024-08-31
4660,CDM,14989788,53.5833,2024,6,2,2024-08-31
4661,CDM,14989809,112.333,2024,6,2,2024-08-31
4662,CDM,14989825,125.917,2024,6,2,2024-08-31
4663,CDM,14989833,65.25,2024,6,2,2024-08-31
4664,CDM,15095284,212.083,2024,6,2,2024-08-31
4665,CDM,15168156,571.75,2024,6,2,2024-08-31
4667,CDM,15298014,468.042,2024,6,2,2024-08-31
4668,CDM,15303872,63.9167,2024,6,2,2024-08-31
4669,CDM,15303910,186.083,2024,6,2,2024-08-31
4670,CDM,15311581,447.417,2024,6,2,2024-08-31
4671,CDQ,14001338,14.9167,2024,6,2,2024-08-31
4672,CDQ,14064873,10.4167,2024,6,2,2024-08-31
4674,CDQ,14545132,86.25,2024,6,2,2024-08-31
4675,CDQ,14561781,16.1667,2024,6,2,2024-08-31
4676,CDQ,14682882,265.5,2024,6,2,2024-08-31
4677,CDQ,14758699,177.417,2024,6,2,2024-08-31
4679,CDQ,14954868,21.6667,2024,6,2,2024-08-31
4680,CDQ,14954892,76.0,2024,6,2,2024-08-31
4681,CDQ,14989770,64.75,2024,6,2,2024-08-31
4682,CDQ,14989788,0.1667,2024,6,2,2024-08-31
4683,CDQ,14989796,8.6667,2024,6,2,2024-08-31
4684,CDQ,14989809,23.4167,2024,6,2,2024-08-31
4685,CDQ,14989825,69.4167,2024,6,2,2024-08-31
4686,CDQ,14989833,30.25,2024,6,2,2024-08-31
4687,CDQ,15095284,135.0,2024,6,2,2024-08-31
4688,CDQ,15168156,127.833,2024,6,2,2024-08-31
4689,CDQ,15298014,74.5,2024,6,2,2024-08-31
4690,CDQ,15311581,75.8333,2024,6,2,2024-08-31
4691,CDM,14001338,52.0833,2024,6,3,2024-09-07
4692,CDM,14064873,63.8333,2024,6,3,2024-09-07
4696,CDM,14545132,27.3333,2024,6,3,2024-09-07
4699,CDM,14561781,24.9167,2024,6,3,2024-09-07
4700,CDM,14682882,827.917,2024,6,3,2024-09-07
4701,CDM,14758699,207.333,2024,6,3,2024-09-07
4703,CDM,14954868,115.833,2024,6,3,2024-09-07
4704,CDM,14954892,345.333,2024,6,3,2024-09-07
4705,CDM,14989770,60.1667,2024,6,3,2024-09-07
4706,CDM,14989788,46.0833,2024,6,3,2024-09-07
4707,CDM,14989809,158.0,2024,6,3,2024-09-07
4708,CDM,14989825,119.5,2024,6,3,2024-09-07
4709,CDM,14989833,63.1667,2024,6,3,2024-09-07
4710,CDM,15095284,206.917,2024,6,3,2024-09-07
4711,CDM,15168156,490.0,2024,6,3,2024-09-07
4713,CDM,15298014,964.042,2024,6,3,2024-09-07
4714,CDM,15303872,154.667,2024,6,3,2024-09-07
4715,CDM,15303910,174.75,2024,6,3,2024-09-07
4716,CDM,15311581,364.25,2024,6,3,2024-09-07
4717,CDQ,14001338,14.8333,2024,6,3,2024-09-07
4718,CDQ,14064873,36.4167,2024,6,3,2024-09-07
4720,CDQ,14545132,80.25,2024,6,3,2024-09-07
4721,CDQ,14561781,15.75,2024,6,3,2024-09-07
4722,CDQ,14682882,259.417,2024,6,3,2024-09-07
4723,CDQ,14758699,154.417,2024,6,3,2024-09-07
4725,CDQ,14954868,17.3333,2024,6,3,2024-09-07
4726,CDQ,14954892,66.75,2024,6,3,2024-09-07
4727,CDQ,14989770,60.75,2024,6,3,2024-09-07
4728,CDQ,14989788,16.0833,2024,6,3,2024-09-07
4729,CDQ,14989796,7.6667,2024,6,3,2024-09-07
4730,CDQ,14989809,27.4167,2024,6,3,2024-09-07
4731,CDQ,14989825,69.1667,2024,6,3,2024-09-07
4732,CDQ,14989833,28.25,2024,6,3,2024-09-07
4733,CDQ,15095284,118.0,2024,6,3,2024-09-07
4734,CDQ,15168156,139.833,2024,6,3,2024-09-07
4735,CDQ,15298014,152.5,2024,6,3,2024-09-07
4736,CDQ,15311581,63.8333,2024,6,3,2024-09-07
4737,CDM,14001338,46.0,2024,6,4,2024-09-14
4738,CDM,14064873,53.6667,2024,6,4,2024-09-14
4742,CDM,14545132,22.0,2024,6,4,2024-09-14
4745,CDM,14561781,15.3333,2024,6,4,2024-09-14
4746,CDM,14682882,791.583,2024,6,4,2024-09-14
4747,CDM,14758699,193.083,2024,6,4,2024-09-14
4749,CDM,14954868,83.8333,2024,6,4,2024-09-14
4750,CDM,14954892,256.5,2024,6,4,2024-09-14
4751,CDM,14989770,102.417,2024,6,4,2024-09-14
4752,CDM,14989788,29.0833,2024,6,4,2024-09-14
4753,CDM,14989809,147.333,2024,6,4,2024-09-14
4754,CDM,14989825,118.0,2024,6,4,2024-09-14
4755,CDM,14989833,61.0,2024,6,4,2024-09-14
4756,CDM,15095284,195.667,2024,6,4,2024-09-14
4757,CDM,15168156,1705.75,2024,6,4,2024-09-14
4759,CDM,15298014,663.042,2024,6,4,2024-09-14
4760,CDM,15303872,66.6667,2024,6,4,2024-09-14
4761,CDM,15303910,152.917,2024,6,4,2024-09-14
4762,CDM,15311581,338.0,2024,6,4,2024-09-14
4763,CDQ,14001338,14.8333,2024,6,4,2024-09-14
4764,CDQ,14064873,30.4167,2024,6,4,2024-09-14
4766,CDQ,14545132,72.25,2024,6,4,2024-09-14
4767,CDQ,14561781,15.75,2024,6,4,2024-09-14
4768,CDQ,14682882,245.417,2024,6,4,2024-09-14
4769,CDQ,14758699,124.333,2024,6,4,2024-09-14
4771,CDQ,14954868,24.3333,2024,6,4,2024-09-14
4772,CDQ,14954892,43.8333,2024,6,4,2024-09-14
4773,CDQ,14989770,54.75,2024,6,4,2024-09-14
4774,CDQ,14989788,10.0833,2024,6,4,2024-09-14
4775,CDQ,14989796,5.5833,2024,6,4,2024-09-14
4776,CDQ,14989809,23.25,2024,6,4,2024-09-14
4777,CDQ,14989825,68.25,2024,6,4,2024-09-14
4778,CDQ,14989833,28.25,2024,6,4,2024-09-14
4779,CDQ,15095284,103.0,2024,6,4,2024-09-14
4780,CDQ,15168156,377.0,2024,6,4,2024-09-14
4781,CDQ,15298014,280.5,2024,6,4,2024-09-14
4782,CDQ,15311581,93.8333,2024,6,4,2024-09-14
4783,CDM,14001338,44.0833,2024,7,1,2024-09-21
4784,CDM,14064873,49.4167,2024,7,1,2024-09-21
4788,CDM,14545132,20.75,2024,7,1,2024-09-21
4791,CDM,14561781,12.8333,2024,7,1,2024-09-21
4792,CDM,14682882,765.583,2024,7,1,2024-09-21
4793,CDM,14758699,126.667,2024,7,1,2024-09-21
4795,CDM,14954868,79.6667,2024,7,1,2024-09-21
4796,CDM,14954892,367.667,2024,7,1,2024-09-21
4797,CDM,14989770,97.3333,2024,7,1,2024-09-21
4798,CDM,14989788,24.75,2024,7,1,2024-09-21
4799,CDM,14989809,82.5833,2024,7,1,2024-09-21
4800,CDM,14989825,116.417,2024,7,1,2024-09-21
4801,CDM,14989833,61.0,2024,7,1,2024-09-21
4802,CDM,15095284,191.5,2024,7,1,2024-09-21
4803,CDM,15168156,1793.5,2024,7,1,2024-09-21
4805,CDM,15298014,653.708,2024,7,1,2024-09-21
4806,CDM,15303872,-50.3333,2024,7,1,2024-09-21
4807,CDM,15303910,148.75,2024,7,1,2024-09-21
4808,CDM,15311581,325.833,2024,7,1,2024-09-21
4809,CDQ,14001338,14.5833,2024,7,1,2024-09-21
4810,CDQ,14064873,28.4167,2024,7,1,2024-09-21
4812,CDQ,14545132,68.25,2024,7,1,2024-09-21
4813,CDQ,14561781,15.75,2024,7,1,2024-09-21
4814,CDQ,14682882,239.417,2024,7,1,2024-09-21
4815,CDQ,14758699,171.25,2024,7,1,2024-09-21
4817,CDQ,14954868,20.3333,2024,7,1,2024-09-21
4818,CDQ,14954892,93.5833,2024,7,1,2024-09-21
4819,CDQ,14989770,52.75,2024,7,1,2024-09-21
4820,CDQ,14989788,10.0833,2024,7,1,2024-09-21
4821,CDQ,14989796,5.5833,2024,7,1,2024-09-21
4822,CDQ,14989809,20.0,2024,7,1,2024-09-21
4823,CDQ,14989825,68.25,2024,7,1,2024-09-21
4824,CDQ,14989833,27.25,2024,7,1,2024-09-21
4825,CDQ,15095284,96.8333,2024,7,1,2024-09-21
4826,CDQ,15168156,356.0,2024,7,1,2024-09-21
4827,CDQ,15298014,251.5,2024,7,1,2024-09-21
4828,CDQ,15303872,60.0,2024,7,1,2024-09-21
4829,CDQ,15311581,82.8333,2024,7,1,2024-09-21
4830,CDM,14001338,40.25,2024,7,2,2024-09-28
4831,CDM,14064873,34.0,2024,7,2,2024-09-28
4835,CDM,14545132,140.667,2024,7,2,2024-09-28
4838,CDM,14561781,72.1667,2024,7,2,2024-09-28
4839,CDM,14682882,748.667,2024,7,2,2024-09-28
4840,CDM,14758699,359.083,2024,7,2,2024-09-28
4842,CDM,14954868,176.333,2024,7,2,2024-09-28
4843,CDM,14954892,312.5,2024,7,2,2024-09-28
4844,CDM,14989770,157.167,2024,7,2,2024-09-28
4845,CDM,14989788,22.3333,2024,7,2,2024-09-28
4846,CDM,14989809,58.0833,2024,7,2,2024-09-28
4847,CDM,14989825,114.75,2024,7,2,2024-09-28
4848,CDM,14989833,119.917,2024,7,2,2024-09-28
4849,CDM,15095284,300.25,2024,7,2,2024-09-28
4850,CDM,15168156,1487.5,2024,7,2,2024-09-28
4852,CDM,15298014,905.542,2024,7,2,2024-09-28
4853,CDM,15303872,-57.5833,2024,7,2,2024-09-28
4854,CDM,15303910,204.583,2024,7,2,2024-09-28
4855,CDM,15311581,317.5,2024,7,2,2024-09-28
4856,CDQ,14001338,14.5,2024,7,2,2024-09-28
4857,CDQ,14064873,21.4167,2024,7,2,2024-09-28
4859,CDQ,14545132,64.25,2024,7,2,2024-09-28
4860,CDQ,14561781,14.75,2024,7,2,2024-09-28
4861,CDQ,14682882,233.417,2024,7,2,2024-09-28
4862,CDQ,14758699,156.0,2024,7,2,2024-09-28
4864,CDQ,14954868,28.3333,2024,7,2,2024-09-28
4865,CDQ,14954892,79.3333,2024,7,2,2024-09-28
4866,CDQ,14989770,50.75,2024,7,2,2024-09-28
4867,CDQ,14989788,8.0833,2024,7,2,2024-09-28
4868,CDQ,14989796,5.5833,2024,7,2,2024-09-28
4869,CDQ,14989809,34.75,2024,7,2,2024-09-28
4870,CDQ,14989825,68.25,2024,7,2,2024-09-28
4871,CDQ,14989833,27.25,2024,7,2,2024-09-28
4872,CDQ,15095284,144.75,2024,7,2,2024-09-28
4873,CDQ,15168156,615.0,2024,7,2,2024-09-28
4874,CDQ,15298014,242.5,2024,7,2,2024-09-28
4875,CDQ,15303872,56.0,2024,7,2,2024-09-28
4876,CDQ,15311581,76.8333,2024,7,2,2024-09-28
4877,CDM,14001338,37.5833,2024,7,3,2024-10-05
4878,CDM,14064873,28.25,2024,7,3,2024-10-05
4882,CDM,14545132,139.333,2024,7,3,2024-10-05
4884,CDM,14561781,71.9167,2024,7,3,2024-10-05
4885,CDM,14682882,725.417,2024,7,3,2024-10-05
4886,CDM,14758699,223.417,2024,7,3,2024-10-05
4888,CDM,14954868,172.0,2024,7,3,2024-10-05
4889,CDM,14954892,246.0,2024,7,3,2024-10-05
4890,CDM,14989770,154.083,2024,7,3,2024-10-05
4891,CDM,14989788,16.0,2024,7,3,2024-10-05
4892,CDM,14989809,49.3333,2024,7,3,2024-10-05
4893,CDM,14989825,113.5,2024,7,3,2024-10-05
4894,CDM,14989833,120.583,2024,7,3,2024-10-05
4895,CDM,15095284,292.167,2024,7,3,2024-10-05
4896,CDM,15168156,2632.25,2024,7,3,2024-10-05
4898,CDM,15298014,874.542,2024,7,3,2024-10-05
4899,CDM,15303872,0.0833,2024,7,3,2024-10-05
4900,CDM,15303910,198.5,2024,7,3,2024-10-05
4901,CDM,15311581,420.25,2024,7,3,2024-10-05
4902,CDQ,14001338,14.4167,2024,7,3,2024-10-05
4903,CDQ,14064873,9.4167,2024,7,3,2024-10-05
4905,CDQ,14545132,56.25,2024,7,3,2024-10-05
4906,CDQ,14561781,13.75,2024,7,3,2024-10-05
4907,CDQ,14682882,219.417,2024,7,3,2024-10-05
4908,CDQ,14758699,139.833,2024,7,3,2024-10-05
4910,CDQ,14954868,17.3333,2024,7,3,2024-10-05
4911,CDQ,14954892,58.0833,2024,7,3,2024-10-05
4912,CDQ,14989770,49.75,2024,7,3,2024-10-05
4913,CDQ,14989788,0.0833,2024,7,3,2024-10-05
4914,CDQ,14989796,5.5833,2024,7,3,2024-10-05
4915,CDQ,14989809,28.5833,2024,7,3,2024-10-05
4916,CDQ,14989825,67.0,2024,7,3,2024-10-05
4917,CDQ,14989833,27.25,2024,7,3,2024-10-05
4918,CDQ,15095284,132.583,2024,7,3,2024-10-05
4919,CDQ,15168156,591.0,2024,7,3,2024-10-05
4920,CDQ,15298014,235.5,2024,7,3,2024-10-05
4921,CDQ,15303872,47.0,2024,7,3,2024-10-05
4922,CDQ,15311581,68.8333,2024,7,3,2024-10-05
4923,CDM,14001338,37.5,2024,7,4,2024-10-12
4924,CDM,14064873,4.6667,2024,7,4,2024-10-12
4928,CDM,14545132,127.917,2024,7,4,2024-10-12
4930,CDM,14561781,69.6667,2024,7,4,2024-10-12
4931,CDM,14682882,320.417,2024,7,4,2024-10-12
4932,CDM,14758699,209.833,2024,7,4,2024-10-12
4934,CDM,14954868,85.8333,2024,7,4,2024-10-12
4935,CDM,14954892,175.583,2024,7,4,2024-10-12
4936,CDM,14989770,146.917,2024,7,4,2024-10-12
4937,CDM,14989788,70.5,2024,7,4,2024-10-12
4938,CDM,14989809,77.75,2024,7,4,2024-10-12
4939,CDM,14989825,112.083,2024,7,4,2024-10-12
4940,CDM,14989833,116.583,2024,7,4,2024-10-12
4941,CDM,15095284,278.833,2024,7,4,2024-10-12
4942,CDM,15168156,2588.75,2024,7,4,2024-10-12
4944,CDM,15298014,845.375,2024,7,4,2024-10-12
4945,CDM,15303872,180.917,2024,7,4,2024-10-12
4946,CDM,15303910,173.167,2024,7,4,2024-10-12
4947,CDM,15311581,326.083,2024,7,4,2024-10-12
4948,CDQ,14001338,14.4167,2024,7,4,2024-10-12
4949,CDQ,14064873,0.4167,2024,7,4,2024-10-12
4951,CDQ,14545132,53.25,2024,7,4,2024-10-12
4952,CDQ,14561781,11.75,2024,7,4,2024-10-12
4953,CDQ,14682882,131.417,2024,7,4,2024-10-12
4954,CDQ,14758699,229.583,2024,7,4,2024-10-12
4956,CDQ,14954868,60.3333,2024,7,4,2024-10-12
4957,CDQ,14954892,36.9167,2024,7,4,2024-10-12
4958,CDQ,14989770,43.5833,2024,7,4,2024-10-12
4959,CDQ,14989788,0.0833,2024,7,4,2024-10-12
4960,CDQ,14989796,4.5833,2024,7,4,2024-10-12
4961,CDQ,14989809,12.3333,2024,7,4,2024-10-12
4962,CDQ,14989825,64.5,2024,7,4,2024-10-12
4963,CDQ,14989833,22.25,2024,7,4,2024-10-12
4964,CDQ,15095284,117.583,2024,7,4,2024-10-12
4965,CDQ,15168156,567.0,2024,7,4,2024-10-12
4966,CDQ,15298014,196.5,2024,7,4,2024-10-12
4967,CDQ,15303872,29.0,2024,7,4,2024-10-12
4968,CDQ,15311581,106.833,2024,7,4,2024-10-12
4969,CDM,14001338,37.0,2024,8,1,2024-10-19
4970,CDM,14064873,3.4167,2024,8,1,2024-10-19
4974,CDM,14545132,120.583,2024,8,1,2024-10-19
4976,CDM,14561781,68.6667,2024,8,1,2024-10-19
4977,CDM,14682882,243.5,2024,8,1,2024-10-19
4978,CDM,14758699,190.417,2024,8,1,2024-10-19
4980,CDM,14954868,83.5,2024,8,1,2024-10-19
4981,CDM,14954892,130.333,2024,8,1,2024-10-19
4982,CDM,14989770,144.583,2024,8,1,2024-10-19
4983,CDM,14989788,49.0,2024,8,1,2024-10-19
4984,CDM,14989809,53.75,2024,8,1,2024-10-19
4985,CDM,14989825,111.833,2024,8,1,2024-10-19
4986,CDM,14989833,111.333,2024,8,1,2024-10-19
4987,CDM,15095284,260.417,2024,8,1,2024-10-19
4988,CDM,15168156,2563.75,2024,8,1,2024-10-19
4990,CDM,15298014,829.542,2024,8,1,2024-10-19
4991,CDM,15303872,74.6667,2024,8,1,2024-10-19
4992,CDM,15303910,166.083,2024,8,1,2024-10-19
4993,CDM,15311581,320.5,2024,8,1,2024-10-19
4994,CDQ,14001338,14.3333,2024,8,1,2024-10-19
4995,CDQ,14064873,1.3333,2024,8,1,2024-10-19
4997,CDQ,14545132,45.25,2024,8,1,2024-10-19
4998,CDQ,14561781,11.75,2024,8,1,2024-10-19
4999,CDQ,14682882,61.4167,2024,8,1,2024-10-19
5000,CDQ,14758699,212.5,2024,8,1,2024-10-19
5002,CDQ,14954868,52.25,2024,8,1,2024-10-19
5003,CDQ,14954892,25.9167,2024,8,1,2024-10-19
5004,CDQ,14989770,40.5833,2024,8,1,2024-10-19
5005,CDQ,14989788,20.0833,2024,8,1,2024-10-19
5006,CDQ,14989796,4.5833,2024,8,1,2024-10-19
5007,CDQ,14989809,33.3333,2024,8,1,2024-10-19
5008,CDQ,14989825,62.5,2024,8,1,2024-10-19
5009,CDQ,14989833,18.25,2024,8,1,2024-10-19
5010,CDQ,15095284,106.5,2024,8,1,2024-10-19
5011,CDQ,15168156,560.0,2024,8,1,2024-10-19
5012,CDQ,15298014,189.5,2024,8,1,2024-10-19
5013,CDQ,15303872,79.0,2024,8,1,2024-10-19
5014,CDQ,15311581,98.75,2024,8,1,2024-10-19
5015,CDM,14001338,91.25,2024,8,2,2024-10-26
5016,CDM,14064873,84.8333,2024,8,2,2024-10-26
5018,CDM,14545132,60.5,2024,8,2,2024-10-26
5019,CDM,14561781,66.6667,2024,8,2,2024-10-26
5020,CDM,14682882,229.333,2024,8,2,2024-10-26
5021,CDM,14758699,181.583,2024,8,2,2024-10-26
5023,CDM,14954868,77.25,2024,8,2,2024-10-26
5024,CDM,14954892,70.5833,2024,8,2,2024-10-26
5025,CDM,14989770,262.417,2024,8,2,2024-10-26
5026,CDM,14989788,44.3333,2024,8,2,2024-10-26
5027,CDM,14989809,49.25,2024,8,2,2024-10-26
5028,CDM,14989825,109.417,2024,8,2,2024-10-26
5029,CDM,14989833,111.083,2024,8,2,2024-10-26
5030,CDM,15095284,493.167,2024,8,2,2024-10-26
5031,CDM,15168156,2546.0,2024,8,2,2024-10-26
5032,CDM,15298014,816.875,2024,8,2,2024-10-26
5033,CDM,15303872,46.6667,2024,8,2,2024-10-26
5034,CDM,15303910,162.083,2024,8,2,2024-10-26
5035,CDM,15311581,491.0,2024,8,2,2024-10-26
5036,CDQ,14001338,13.3333,2024,8,2,2024-10-26
5037,CDQ,14064873,28.3333,2024,8,2,2024-10-26
5039,CDQ,14545132,39.25,2024,8,2,2024-10-26
5040,CDQ,14561781,11.75,2024,8,2,2024-10-26
5041,CDQ,14682882,58.1667,2024,8,2,2024-10-26
5042,CDQ,14758699,193.333,2024,8,2,2024-10-26
5044,CDQ,14954868,47.25,2024,8,2,2024-10-26
5045,CDQ,14954892,14.5,2024,8,2,2024-10-26
5046,CDQ,14989770,37.5833,2024,8,2,2024-10-26
5047,CDQ,14989788,18.0833,2024,8,2,2024-10-26
5048,CDQ,14989796,4.5,2024,8,2,2024-10-26
5049,CDQ,14989809,31.3333,2024,8,2,2024-10-26
5050,CDQ,14989825,62.5,2024,8,2,2024-10-26
5051,CDQ,14989833,17.25,2024,8,2,2024-10-26
5052,CDQ,15095284,101.5,2024,8,2,2024-10-26
5053,CDQ,15168156,553.0,2024,8,2,2024-10-26
5054,CDQ,15298014,183.5,2024,8,2,2024-10-26
5055,CDQ,15303872,67.0,2024,8,2,2024-10-26
5056,CDQ,15311581,98.5833,2024,8,2,2024-10-26
5057,CDM,14001338,89.1667,2024,8,3,2024-11-02
5058,CDM,14064873,285.833,2024,8,3,2024-11-02
5060,CDM,14545132,53.0833,2024,8,3,2024-11-02
5061,CDM,14561781,60.5833,2024,8,3,2024-11-02
5062,CDM,14682882,135.667,2024,8,3,2024-11-02
5063,CDM,14758699,172.25,2024,8,3,2024-11-02
5065,CDM,14954868,242.833,2024,8,3,2024-11-02
5066,CDM,14954892,6.1667,2024,8,3,2024-11-02
5067,CDM,14989770,207.917,2024,8,3,2024-11-02
5068,CDM,14989788,31.75,2024,8,3,2024-11-02
5069,CDM,14989809,28.75,2024,8,3,2024-11-02
5070,CDM,14989825,107.667,2024,8,3,2024-11-02
5071,CDM,14989833,110.583,2024,8,3,2024-11-02
5072,CDM,15095284,479.917,2024,8,3,2024-11-02
5073,CDM,15168156,2530.71,2024,8,3,2024-11-02
5074,CDM,15298014,801.875,2024,8,3,2024-11-02
5075,CDM,15303872,29.5833,2024,8,3,2024-11-02
5076,CDM,15303910,218.0,2024,8,3,2024-11-02
5077,CDM,15311581,484.833,2024,8,3,2024-11-02
5078,CDQ,14001338,13.3333,2024,8,3,2024-11-02
5079,CDQ,14064873,76.3333,2024,8,3,2024-11-02
5081,CDQ,14545132,93.0,2024,8,3,2024-11-02
5082,CDQ,14561781,9.75,2024,8,3,2024-11-02
5083,CDQ,14682882,107.167,2024,8,3,2024-11-02
5084,CDQ,14758699,160.333,2024,8,3,2024-11-02
5086,CDQ,14954868,41.25,2024,8,3,2024-11-02
5087,CDQ,14954892,3.0,2024,8,3,2024-11-02
5088,CDQ,14989770,85.5833,2024,8,3,2024-11-02
5089,CDQ,14989788,12.0833,2024,8,3,2024-11-02
5090,CDQ,14989796,4.5,2024,8,3,2024-11-02
5091,CDQ,14989809,20.3333,2024,8,3,2024-11-02
5092,CDQ,14989825,62.5,2024,8,3,2024-11-02
5093,CDQ,14989833,17.25,2024,8,3,2024-11-02
5094,CDQ,15095284,76.5,2024,8,3,2024-11-02
5095,CDQ,15168156,539.0,2024,8,3,2024-11-02
5096,CDQ,15298014,174.5,2024,8,3,2024-11-02
5097,CDQ,15303872,61.0,2024,8,3,2024-11-02
5098,CDQ,15311581,84.5833,2024,8,3,2024-11-02
5099,CDM,14001338,77.0833,2024,8,4,2024-11-09
5100,CDM,14064873,272.083,2024,8,4,2024-11-09
5102,CDM,14545132,50.1667,2024,8,4,2024-11-09
5103,CDM,14561781,55.0,2024,8,4,2024-11-09
5104,CDM,14682882,102.333,2024,8,4,2024-11-09
5105,CDM,14758699,155.0,2024,8,4,2024-11-09
5107,CDM,14954868,224.917,2024,8,4,2024-11-09
5108,CDM,14954892,3.9167,2024,8,4,2024-11-09
5109,CDM,14989770,207.333,2024,8,4,2024-11-09
5110,CDM,14989788,25.9167,2024,8,4,2024-11-09
5111,CDM,14989809,15.8333,2024,8,4,2024-11-09
5112,CDM,14989825,107.5,2024,8,4,2024-11-09
5113,CDM,14989833,96.6667,2024,8,4,2024-11-09
5114,CDM,15095284,286.333,2024,8,4,2024-11-09
5115,CDM,15168156,2500.71,2024,8,4,2024-11-09
5116,CDM,15298014,785.708,2024,8,4,2024-11-09
5117,CDM,15303872,30.1667,2024,8,4,2024-11-09
5118,CDM,15303910,215.0,2024,8,4,2024-11-09
5119,CDM,15311581,469.667,2024,8,4,2024-11-09
5120,CDQ,14001338,13.0833,2024,8,4,2024-11-09
5121,CDQ,14064873,62.3333,2024,8,4,2024-11-09
5123,CDQ,14545132,78.0,2024,8,4,2024-11-09
5124,CDQ,14561781,8.75,2024,8,4,2024-11-09
5125,CDQ,14682882,94.0,2024,8,4,2024-11-09
5126,CDQ,14758699,132.083,2024,8,4,2024-11-09
5128,CDQ,14954868,35.25,2024,8,4,2024-11-09
5129,CDQ,14954892,3.0,2024,8,4,2024-11-09
5130,CDQ,14989770,83.5833,2024,8,4,2024-11-09
5131,CDQ,14989788,3.0833,2024,8,4,2024-11-09
5132,CDQ,14989796,4.5,2024,8,4,2024-11-09
5133,CDQ,14989809,5.25,2024,8,4,2024-11-09
5134,CDQ,14989825,62.5,2024,8,4,2024-11-09
5135,CDQ,14989833,14.25,2024,8,4,2024-11-09
5136,CDQ,15095284,229.417,2024,8,4,2024-11-09
5137,CDQ,15168156,493.0,2024,8,4,2024-11-09
5138,CDQ,15298014,148.5,2024,8,4,2024-11-09
5139,CDQ,15303872,36.0,2024,8,4,2024-11-09
5140,CDQ,15311581,70.5833,2024,8,4,2024-11-09
5141,CDM,14001338,76.5,2024,9,1,2024-11-16
5142,CDM,14064873,247.75,2024,9,1,2024-11-16
5144,CDM,14545132,40.9167,2024,9,1,2024-11-16
5145,CDM,14561781,49.25,2024,9,1,2024-11-16
5146,CDM,14682882,551.333,2024,9,1,2024-11-16
5147,CDM,14758699,134.167,2024,9,1,2024-11-16
5149,CDM,14954868,151.5,2024,9,1,2024-11-16
5150,CDM,14954892,64.4167,2024,9,1,2024-11-16
5151,CDM,14989770,203.083,2024,9,1,2024-11-16
5152,CDM,14989788,66.4167,2024,9,1,2024-11-16
5153,CDM,14989809,123.167,2024,9,1,2024-11-16
5154,CDM,14989825,105.0,2024,9,1,2024-11-16
5155,CDM,14989833,95.0833,2024,9,1,2024-11-16
5156,CDM,15095284,279.167,2024,9,1,2024-11-16
5157,CDM,15168156,2112.21,2024,9,1,2024-11-16
5158,CDM,15298014,769.042,2024,9,1,2024-11-16
5159,CDM,15303872,253.0,2024,9,1,2024-11-16
5160,CDM,15303910,204.0,2024,9,1,2024-11-16
5161,CDM,15311581,458.167,2024,9,1,2024-11-16
5162,CDQ,14001338,13.0833,2024,9,1,2024-11-16
5163,CDQ,14064873,50.1667,2024,9,1,2024-11-16
5165,CDQ,14545132,66.0,2024,9,1,2024-11-16
5166,CDQ,14561781,8.75,2024,9,1,2024-11-16
5167,CDQ,14682882,86.0,2024,9,1,2024-11-16
5168,CDQ,14758699,116.583,2024,9,1,2024-11-16
5170,CDQ,14954868,25.25,2024,9,1,2024-11-16
5171,CDQ,14954892,2.0,2024,9,1,2024-11-16
5172,CDQ,14989770,82.5833,2024,9,1,2024-11-16
5173,CDQ,14989788,70.0833,2024,9,1,2024-11-16
5174,CDQ,14989796,4.5,2024,9,1,2024-11-16
5175,CDQ,14989809,60.25,2024,9,1,2024-11-16
5176,CDQ,14989825,62.4167,2024,9,1,2024-11-16
5177,CDQ,14989833,13.25,2024,9,1,2024-11-16
5178,CDQ,15095284,216.167,2024,9,1,2024-11-16
5179,CDQ,15168156,479.0,2024,9,1,2024-11-16
5180,CDQ,15298014,122.5,2024,9,1,2024-11-16
5181,CDQ,15303872,29.0,2024,9,1,2024-11-16
5182,CDQ,15311581,64.5833,2024,9,1,2024-11-16
5183,CDM,14001338,74.9167,2024,9,2,2024-11-23
5184,CDM,14064873,181.333,2024,9,2,2024-11-23
5186,CDM,14545132,217.167,2024,9,2,2024-11-23
5187,CDM,14561781,48.5833,2024,9,2,2024-11-23
5188,CDM,14682882,527.75,2024,9,2,2024-11-23
5189,CDM,14758699,542.833,2024,9,2,2024-11-23
5191,CDM,14954868,145.083,2024,9,2,2024-11-23
5192,CDM,14954892,565.833,2024,9,2,2024-11-23
5193,CDM,14989770,197.833,2024,9,2,2024-11-23
5194,CDM,14989788,60.0,2024,9,2,2024-11-23
5195,CDM,14989809,109.0,2024,9,2,2024-11-23
5196,CDM,14989825,105.583,2024,9,2,2024-11-23
5197,CDM,14989833,90.5833,2024,9,2,2024-11-23
5198,CDM,15095284,210.917,2024,9,2,2024-11-23
5199,CDM,15168156,2089.96,2024,9,2,2024-11-23
5200,CDM,15298014,652.375,2024,9,2,2024-11-23
5201,CDM,15303872,247.833,2024,9,2,2024-11-23
5202,CDM,15303910,199.833,2024,9,2,2024-11-23
5203,CDM,15311581,438.75,2024,9,2,2024-11-23
5204,CDQ,14001338,12.0,2024,9,2,2024-11-23
5205,CDQ,14064873,95.0,2024,9,2,2024-11-23
5207,CDQ,14545132,61.0,2024,9,2,2024-11-23
5208,CDQ,14561781,7.75,2024,9,2,2024-11-23
5209,CDQ,14682882,202.833,2024,9,2,2024-11-23
5210,CDQ,14758699,101.583,2024,9,2,2024-11-23
5212,CDQ,14954868,80.25,2024,9,2,2024-11-23
5213,CDQ,14954892,63.0,2024,9,2,2024-11-23
5214,CDQ,14989770,78.5833,2024,9,2,2024-11-23
5215,CDQ,14989788,67.0,2024,9,2,2024-11-23
5216,CDQ,14989796,3.5,2024,9,2,2024-11-23
5217,CDQ,14989809,55.25,2024,9,2,2024-11-23
5218,CDQ,14989825,62.25,2024,9,2,2024-11-23
5219,CDQ,14989833,12.25,2024,9,2,2024-11-23
5220,CDQ,15095284,265.167,2024,9,2,2024-11-23
5221,CDQ,15168156,653.0,2024,9,2,2024-11-23
5222,CDQ,15298014,204.5,2024,9,2,2024-11-23
5223,CDQ,15303872,22.0,2024,9,2,2024-11-23
5224,CDQ,15311581,59.5833,2024,9,2,2024-11-23
5225,CDM,14001338,71.4167,2024,9,3,2024-11-30
5226,CDM,14064873,174.833,2024,9,3,2024-11-30
5228,CDM,14545132,214.167,2024,9,3,2024-11-30
5229,CDM,14561781,47.9167,2024,9,3,2024-11-30
5230,CDM,14682882,513.417,2024,9,3,2024-11-30
5231,CDM,14758699,528.083,2024,9,3,2024-11-30
5233,CDM,14954868,140.5,2024,9,3,2024-11-30
5234,CDM,14954892,338.0,2024,9,3,2024-11-30
5235,CDM,14989770,196.5,2024,9,3,2024-11-30
5236,CDM,14989788,50.1667,2024,9,3,2024-11-30
5237,CDM,14989809,99.5,2024,9,3,2024-11-30
5238,CDM,14989825,104.833,2024,9,3,2024-11-30
5239,CDM,14989833,85.4167,2024,9,3,2024-11-30
5240,CDM,15095284,205.083,2024,9,3,2024-11-30
5241,CDM,15168156,2057.71,2024,9,3,2024-11-30
5242,CDM,15298014,546.875,2024,9,3,2024-11-30
5243,CDM,15303872,239.333,2024,9,3,2024-11-30
5244,CDM,15303910,197.75,2024,9,3,2024-11-30
5245,CDM,15311581,425.5,2024,9,3,2024-11-30
5246,CDM,15384553,646.0,2024,9,3,2024-11-30
5247,CDQ,14001338,11.6667,2024,9,3,2024-11-30
5248,CDQ,14064873,90.0,2024,9,3,2024-11-30
5250,CDQ,14545132,54.0,2024,9,3,2024-11-30
5251,CDQ,14561781,7.6667,2024,9,3,2024-11-30
5252,CDQ,14682882,194.75,2024,9,3,2024-11-30
5253,CDQ,14758699,75.5,2024,9,3,2024-11-30
5255,CDQ,14954868,76.25,2024,9,3,2024-11-30
5256,CDQ,14954892,42.6667,2024,9,3,2024-11-30
5257,CDQ,14989770,78.5833,2024,9,3,2024-11-30
5258,CDQ,14989788,64.0,2024,9,3,2024-11-30
5259,CDQ,14989796,3.5,2024,9,3,2024-11-30
5260,CDQ,14989809,43.1667,2024,9,3,2024-11-30
5261,CDQ,14989825,61.75,2024,9,3,2024-11-30
5262,CDQ,14989833,11.1667,2024,9,3,2024-11-30
5263,CDQ,15095284,254.167,2024,9,3,2024-11-30
5264,CDQ,15168156,639.0,2024,9,3,2024-11-30
5265,CDQ,15298014,181.5,2024,9,3,2024-11-30
5266,CDQ,15303872,11.0,2024,9,3,2024-11-30
5267,CDQ,15311581,52.5833,2024,9,3,2024-11-30
5268,CDM,14001338,68.9167,2024,9,4,2024-12-07
5269,CDM,14064873,154.417,2024,9,4,2024-12-07
5271,CDM,14545132,87.75,2024,9,4,2024-12-07
5272,CDM,14561781,35.3333,2024,9,4,2024-12-07
5273,CDM,14682882,485.25,2024,9,4,2024-12-07
5274,CDM,14758699,270.5,2024,9,4,2024-12-07
5276,CDM,14954868,129.917,2024,9,4,2024-12-07
5277,CDM,14954892,258.75,2024,9,4,2024-12-07
5278,CDM,14989770,193.75,2024,9,4,2024-12-07
5279,CDM,14989788,38.5,2024,9,4,2024-12-07
5280,CDM,14989809,58.4167,2024,9,4,2024-12-07
5281,CDM,14989825,103.833,2024,9,4,2024-12-07
5282,CDM,14989833,65.1667,2024,9,4,2024-12-07
5283,CDM,15095284,189.917,2024,9,4,2024-12-07
5284,CDM,15168156,1984.96,2024,9,4,2024-12-07
5285,CDM,15298014,523.208,2024,9,4,2024-12-07
5286,CDM,15303872,215.417,2024,9,4,2024-12-07
5287,CDM,15303910,179.667,2024,9,4,2024-12-07
5288,CDM,15311581,408.333,2024,9,4,2024-12-07
5289,CDM,15384553,507.0,2024,9,4,2024-12-07
5290,CDQ,14001338,10.6667,2024,9,4,2024-12-07
5291,CDQ,14064873,81.9167,2024,9,4,2024-12-07
5293,CDQ,14545132,159.0,2024,9,4,2024-12-07
5294,CDQ,14561781,17.6667,2024,9,4,2024-12-07
5295,CDQ,14682882,178.75,2024,9,4,2024-12-07
5296,CDQ,14758699,288.417,2024,9,4,2024-12-07
5298,CDQ,14954868,67.25,2024,9,4,2024-12-07
5299,CDQ,14954892,67.0,2024,9,4,2024-12-07
5300,CDQ,14989770,75.5833,2024,9,4,2024-12-07
5301,CDQ,14989788,48.75,2024,9,4,2024-12-07
5302,CDQ,14989796,3.5,2024,9,4,2024-12-07
5303,CDQ,14989809,37.5833,2024,9,4,2024-12-07
5304,CDQ,14989825,59.75,2024,9,4,2024-12-07
5305,CDQ,14989833,31.1667,2024,9,4,2024-12-07
5306,CDQ,15095284,240.167,2024,9,4,2024-12-07
5307,CDQ,15168156,622.0,2024,9,4,2024-12-07
5308,CDQ,15298014,147.5,2024,9,4,2024-12-07
5309,CDQ,15311581,43.5833,2024,9,4,2024-12-07
5310,CDQ,15384553,132.0,2024,9,4,2024-12-07
5311,CDM,14001338,64.6667,2024,10,1,2024-12-14
5312,CDM,14064873,131.583,2024,10,1,2024-12-14
5314,CDM,14545132,80.6667,2024,10,1,2024-12-14
5315,CDM,14561781,88.9167,2024,10,1,2024-12-14
5316,CDM,14682882,392.417,2024,10,1,2024-12-14
5317,CDM,14758699,247.583,2024,10,1,2024-12-14
5319,CDM,14954868,176.25,2024,10,1,2024-12-14
5320,CDM,14954892,499.5,2024,10,1,2024-12-14
5321,CDM,14989770,179.417,2024,10,1,2024-12-14
5322,CDM,14989788,84.0,2024,10,1,2024-12-14
5323,CDM,14989809,88.3333,2024,10,1,2024-12-14
5324,CDM,14989825,99.8333,2024,10,1,2024-12-14
5325,CDM,14989833,120.917,2024,10,1,2024-12-14
5326,CDM,15095284,238.333,2024,10,1,2024-12-14
5327,CDM,15168156,1935.46,2024,10,1,2024-12-14
5328,CDM,15298014,488.583,2024,10,1,2024-12-14
5329,CDM,15303872,173.083,2024,10,1,2024-12-14
5330,CDM,15303910,170.5,2024,10,1,2024-12-14
5331,CDM,15311581,329.917,2024,10,1,2024-12-14
5332,CDM,15384553,125.0,2024,10,1,2024-12-14
5333,CDQ,14001338,8.5,2024,10,1,2024-12-14
5334,CDQ,14064873,68.9167,2024,10,1,2024-12-14
5336,CDQ,14545132,145.0,2024,10,1,2024-12-14
5337,CDQ,14561781,15.6667,2024,10,1,2024-12-14
5338,CDQ,14682882,166.417,2024,10,1,2024-12-14
5339,CDQ,14758699,246.833,2024,10,1,2024-12-14
5341,CDQ,14954868,54.25,2024,10,1,2024-12-14
5342,CDQ,14954892,32.0,2024,10,1,2024-12-14
5343,CDQ,14989770,74.4167,2024,10,1,2024-12-14
5344,CDQ,14989788,40.75,2024,10,1,2024-12-14
5345,CDQ,14989796,3.4167,2024,10,1,2024-12-14
5346,CDQ,14989809,9.5833,2024,10,1,2024-12-14
5347,CDQ,14989825,59.0,2024,10,1,2024-12-14
5348,CDQ,14989833,28.1667,2024,10,1,2024-12-14
5349,CDQ,15095284,218.75,2024,10,1,2024-12-14
5350,CDQ,15168156,603.0,2024,10,1,2024-12-14
5351,CDQ,15298014,135.5,2024,10,1,2024-12-14
5352,CDQ,15311581,35.4167,2024,10,1,2024-12-14
5353,CDQ,15384553,1.0,2024,10,1,2024-12-14
5354,CDM,14001338,60.25,2024,10,2,2024-12-21
5355,CDM,14064873,107.917,2024,10,2,2024-12-21
5357,CDM,14545132,74.0,2024,10,2,2024-12-21
5358,CDM,14561781,83.5,2024,10,2,2024-12-21
5359,CDM,14682882,582.667,2024,10,2,2024-12-21
5360,CDM,14758699,212.75,2024,10,2,2024-12-21
5362,CDM,14954868,158.083,2024,10,2,2024-12-21
5363,CDM,14954892,358.25,2024,10,2,2024-12-21
5364,CDM,14989770,172.667,2024,10,2,2024-12-21
5365,CDM,14989788,69.8333,2024,10,2,2024-12-21
5366,CDM,14989809,37.0833,2024,10,2,2024-12-21
5367,CDM,14989825,97.5,2024,10,2,2024-12-21
5368,CDM,14989833,116.333,2024,10,2,2024-12-21
5369,CDM,15095284,209.5,2024,10,2,2024-12-21
5370,CDM,15168156,1866.46,2024,10,2,2024-12-21
5371,CDM,15298014,433.083,2024,10,2,2024-12-21
5372,CDM,15303872,129.083,2024,10,2,2024-12-21
5373,CDM,15303910,155.333,2024,10,2,2024-12-21
5374,CDM,15311581,304.667,2024,10,2,2024-12-21
5375,CDM,15384553,107.333,2024,10,2,2024-12-21
5376,CDQ,14001338,7.3333,2024,10,2,2024-12-21
5377,CDQ,14064873,60.5,2024,10,2,2024-12-21
5379,CDQ,14545132,121.0,2024,10,2,2024-12-21
5380,CDQ,14561781,14.6667,2024,10,2,2024-12-21
5381,CDQ,14682882,193.083,2024,10,2,2024-12-21
5382,CDQ,14758699,179.667,2024,10,2,2024-12-21
5384,CDQ,14954868,43.25,2024,10,2,2024-12-21
5385,CDQ,14954892,71.0,2024,10,2,2024-12-21
5386,CDQ,14989770,70.4167,2024,10,2,2024-12-21
5387,CDQ,14989788,25.75,2024,10,2,2024-12-21
5388,CDQ,14989796,3.4167,2024,10,2,2024-12-21
5389,CDQ,14989809,13.5,2024,10,2,2024-12-21
5390,CDQ,14989825,55.5833,2024,10,2,2024-12-21
5391,CDQ,14989833,24.1667,2024,10,2,2024-12-21
5392,CDQ,15095284,177.583,2024,10,2,2024-12-21
5393,CDQ,15168156,585.0,2024,10,2,2024-12-21
5394,CDQ,15298014,104.5,2024,10,2,2024-12-21
5395,CDQ,15311581,59.4167,2024,10,2,2024-12-21
5396,CDQ,15384553,1.0,2024,10,2,2024-12-21
5397,CDM,14001338,58.9167,2024,10,3,2024-12-28
5398,CDM,14064873,92.8333,2024,10,3,2024-12-28
5400,CDM,14545132,63.8333,2024,10,3,2024-12-28
5401,CDM,14561781,81.3333,2024,10,3,2024-12-28
5402,CDM,14682882,474.917,2024,10,3,2024-12-28
5403,CDM,14758699,181.25,2024,10,3,2024-12-28
5405,CDM,14954868,143.0,2024,10,3,2024-12-28
5406,CDM,14954892,291.083,2024,10,3,2024-12-28
5407,CDM,14989770,162.417,2024,10,3,2024-12-28
5408,CDM,14989788,58.5,2024,10,3,2024-12-28
5409,CDM,14989809,14.5833,2024,10,3,2024-12-28
5410,CDM,14989825,96.25,2024,10,3,2024-12-28
5411,CDM,14989833,113.083,2024,10,3,2024-12-28
5412,CDM,15095284,195.25,2024,10,3,2024-12-28
5413,CDM,15168156,1839.46,2024,10,3,2024-12-28
5414,CDM,15298014,409.75,2024,10,3,2024-12-28
5415,CDM,15303872,111.583,2024,10,3,2024-12-28
5416,CDM,15303910,149.333,2024,10,3,2024-12-28
5417,CDM,15311581,275.5,2024,10,3,2024-12-28
5418,CDM,15384553,106.333,2024,10,3,2024-12-28
5419,CDQ,14001338,6.25,2024,10,3,2024-12-28
5420,CDQ,14064873,51.5,2024,10,3,2024-12-28
5422,CDQ,14545132,104.0,2024,10,3,2024-12-28
5423,CDQ,14561781,13.6667,2024,10,3,2024-12-28
5424,CDQ,14682882,108.083,2024,10,3,2024-12-28
5425,CDQ,14758699,136.5,2024,10,3,2024-12-28
5427,CDQ,14954868,35.25,2024,10,3,2024-12-28
5428,CDQ,14954892,60.0,2024,10,3,2024-12-28
5429,CDQ,14989770,67.4167,2024,10,3,2024-12-28
5430,CDQ,14989788,20.75,2024,10,3,2024-12-28
5431,CDQ,14989796,3.4167,2024,10,3,2024-12-28
5432,CDQ,14989809,2.5,2024,10,3,2024-12-28
5433,CDQ,14989825,55.5833,2024,10,3,2024-12-28
5434,CDQ,14989833,22.1667,2024,10,3,2024-12-28
5435,CDQ,15095284,144.5,2024,10,3,2024-12-28
5436,CDQ,15168156,576.0,2024,10,3,2024-12-28
5437,CDQ,15298014,78.5,2024,10,3,2024-12-28
5438,CDQ,15311581,43.4167,2024,10,3,2024-12-28
5439,CDQ,15384553,1.0,2024,10,3,2024-12-28
5440,CDM,14001338,53.8333,2024,10,4,2025-01-04
5441,CDM,14064873,79.0,2024,10,4,2025-01-04
5443,CDM,14545132,61.5833,2024,10,4,2025-01-04
5444,CDM,14561781,80.3333,2024,10,4,2025-01-04
5445,CDM,14682882,362.333,2024,10,4,2025-01-04
5446,CDM,14758699,156.917,2024,10,4,2025-01-04
5448,CDM,14954868,139.0,2024,10,4,2025-01-04
5449,CDM,14954892,244.75,2024,10,4,2025-01-04
5450,CDM,14989770,157.167,2024,10,4,2025-01-04
5451,CDM,14989788,45.8333,2024,10,4,2025-01-04
5452,CDM,14989809,9.0833,2024,10,4,2025-01-04
5453,CDM,14989825,95.1667,2024,10,4,2025-01-04
5454,CDM,14989833,111.833,2024,10,4,2025-01-04
5455,CDM,15095284,175.0,2024,10,4,2025-01-04
5456,CDM,15168156,1812.46,2024,10,4,2025-01-04
5457,CDM,15298014,292.583,2024,10,4,2025-01-04
5458,CDM,15303872,102.5,2024,10,4,2025-01-04
5459,CDM,15303910,145.25,2024,10,4,2025-01-04
5460,CDM,15311581,199.25,2024,10,4,2025-01-04
5461,CDM,15384553,105.0,2024,10,4,2025-01-04
5462,CDQ,14001338,5.1667,2024,10,4,2025-01-04
5463,CDQ,14064873,40.5,2024,10,4,2025-01-04
5465,CDQ,14545132,93.0,2024,10,4,2025-01-04
5466,CDQ,14561781,10.6667,2024,10,4,2025-01-04
5467,CDQ,14682882,197.083,2024,10,4,2025-01-04
5468,CDQ,14758699,107.25,2024,10,4,2025-01-04
5470,CDQ,14954868,27.25,2024,10,4,2025-01-04
5471,CDQ,14954892,45.0,2024,10,4,2025-01-04
5472,CDQ,14989770,62.4167,2024,10,4,2025-01-04
5473,CDQ,14989788,18.6667,2024,10,4,2025-01-04
5474,CDQ,14989796,3.4167,2024,10,4,2025-01-04
5475,CDQ,14989809,0.5,2024,10,4,2025-01-04
5476,CDQ,14989825,54.3333,2024,10,4,2025-01-04
5477,CDQ,14989833,21.1667,2024,10,4,2025-01-04
5478,CDQ,15095284,130.417,2024,10,4,2025-01-04
5479,CDQ,15168156,560.0,2024,10,4,2025-01-04
5480,CDQ,15298014,58.5,2024,10,4,2025-01-04
5481,CDQ,15311581,30.4167,2024,10,4,2025-01-04
5482,CDQ,15384553,1.0,2024,10,4,2025-01-04
5483,CDM,14001338,51.4167,2024,11,1,2025-01-11
5484,CDM,14064873,116.417,2024,11,1,2025-01-11
5486,CDM,14545132,54.3333,2024,11,1,2025-01-11
5487,CDM,14561781,55.1667,2024,11,1,2025-01-11
5488,CDM,14682882,277.417,2024,11,1,2025-01-11
5489,CDM,14758699,264.0,2024,11,1,2025-01-11
5491,CDM,14954868,91.5,2024,11,1,2025-01-11
5492,CDM,14954892,123.917,2024,11,1,2025-01-11
5493,CDM,14989770,147.917,2024,11,1,2025-01-11
5494,CDM,14989788,38.5,2024,11,1,2025-01-11
5495,CDM,14989809,244.833,2024,11,1,2025-01-11
5496,CDM,14989825,94.1667,2024,11,1,2025-01-11
5497,CDM,14989833,109.75,2024,11,1,2025-01-11
5498,CDM,15095284,135.75,2024,11,1,2025-01-11
5499,CDM,15168156,1730.21,2024,11,1,2025-01-11
5500,CDM,15298014,520.417,2024,11,1,2025-01-11
5501,CDM,15303872,100.5,2024,11,1,2025-01-11
5502,CDM,15303910,134.25,2024,11,1,2025-01-11
5503,CDM,15311581,181.667,2024,11,1,2025-01-11
5504,CDM,15384553,105.0,2024,11,1,2025-01-11
5505,CDQ,14001338,2.9167,2024,11,1,2025-01-11
5506,CDQ,14064873,28.5,2024,11,1,2025-01-11
5508,CDQ,14545132,73.0,2024,11,1,2025-01-11
5509,CDQ,14561781,22.5833,2024,11,1,2025-01-11
5510,CDQ,14682882,163.083,2024,11,1,2025-01-11
5511,CDQ,14758699,98.25,2024,11,1,2025-01-11
5513,CDQ,14954868,48.25,2024,11,1,2025-01-11
5514,CDQ,14954892,29.8333,2024,11,1,2025-01-11
5515,CDQ,14989770,52.4167,2024,11,1,2025-01-11
5516,CDQ,14989788,5.6667,2024,11,1,2025-01-11
5517,CDQ,14989796,3.3333,2024,11,1,2025-01-11
5518,CDQ,14989809,0.4167,2024,11,1,2025-01-11
5519,CDQ,14989825,53.3333,2024,11,1,2025-01-11
5520,CDQ,14989833,15.1667,2024,11,1,2025-01-11
5521,CDQ,15095284,104.417,2024,11,1,2025-01-11
5522,CDQ,15168156,511.0,2024,11,1,2025-01-11
5523,CDQ,15298014,101.5,2024,11,1,2025-01-11
5524,CDQ,15311581,69.4167,2024,11,1,2025-01-11
5525,CDQ,15384553,1.0,2024,11,1,2025-01-11
5526,CDM,14001338,35.6667,2024,11,2,2025-01-18
5527,CDM,14064873,89.0833,2024,11,2,2025-01-18
5529,CDM,14545132,49.75,2024,11,2,2025-01-18
5530,CDM,14561781,54.1667,2024,11,2,2025-01-18
5531,CDM,14682882,243.583,2024,11,2,2025-01-18
5532,CDM,14758699,182.417,2024,11,2,2025-01-18
5534,CDM,14954868,75.4167,2024,11,2,2025-01-18
5535,CDM,14954892,84.0833,2024,11,2,2025-01-18
5536,CDM,14989770,144.667,2024,11,2,2025-01-18
5537,CDM,14989788,18.25,2024,11,2,2025-01-18
5538,CDM,14989809,171.417,2024,11,2,2025-01-18
5539,CDM,14989825,93.6667,2024,11,2,2025-01-18
5540,CDM,14989833,106.583,2024,11,2,2025-01-18
5541,CDM,15095284,122.5,2024,11,2,2025-01-18
5542,CDM,15168156,1704.96,2024,11,2,2025-01-18
5543,CDM,15298014,394.417,2024,11,2,2025-01-18
5544,CDM,15303872,80.5,2024,11,2,2025-01-18
5545,CDM,15303910,123.167,2024,11,2,2025-01-18
5546,CDM,15311581,170.417,2024,11,2,2025-01-18
5547,CDM,15384553,105.0,2024,11,2,2025-01-18
5548,CDQ,14001338,16.75,2024,11,2,2025-01-18
5549,CDQ,14064873,34.5,2024,11,2,2025-01-18
5551,CDQ,14545132,66.0,2024,11,2,2025-01-18
5552,CDQ,14561781,21.5833,2024,11,2,2025-01-18
5553,CDQ,14682882,151.0,2024,11,2,2025-01-18
5554,CDQ,14758699,141.167,2024,11,2,2025-01-18
5556,CDQ,14954868,39.25,2024,11,2,2025-01-18
5557,CDQ,14954892,17.8333,2024,11,2,2025-01-18
5558,CDQ,14989770,40.4167,2024,11,2,2025-01-18
5559,CDQ,14989788,10.6667,2024,11,2,2025-01-18
5560,CDQ,14989796,3.3333,2024,11,2,2025-01-18
5561,CDQ,14989809,58.3333,2024,11,2,2025-01-18
5562,CDQ,14989825,48.0833,2024,11,2,2025-01-18
5563,CDQ,14989833,14.1667,2024,11,2,2025-01-18
5564,CDQ,15095284,89.4167,2024,11,2,2025-01-18
5565,CDQ,15168156,502.0,2024,11,2,2025-01-18
5566,CDQ,15298014,164.0,2024,11,2,2025-01-18
5567,CDQ,15311581,54.4167,2024,11,2,2025-01-18
5568,CDM,14001338,37.0833,2024,11,3,2025-01-25
5569,CDM,14064873,76.0,2024,11,3,2025-01-25
5571,CDM,14545132,50.5,2024,11,3,2025-01-25
5572,CDM,14561781,52.0833,2024,11,3,2025-01-25
5573,CDM,14682882,395.5,2024,11,3,2025-01-25
5574,CDM,14758699,170.833,2024,11,3,2025-01-25
5576,CDM,14954868,118.25,2024,11,3,2025-01-25
5577,CDM,14954892,215.667,2024,11,3,2025-01-25
5578,CDM,14989770,138.417,2024,11,3,2025-01-25
5579,CDM,14989788,14.6667,2024,11,3,2025-01-25
5580,CDM,14989809,98.9167,2024,11,3,2025-01-25
5581,CDM,14989825,93.0833,2024,11,3,2025-01-25
5582,CDM,14989833,105.5,2024,11,3,2025-01-25
5583,CDM,15095284,113.333,2024,11,3,2025-01-25
5584,CDM,15168156,1683.71,2024,11,3,2025-01-25
5585,CDM,15298014,357.917,2024,11,3,2025-01-25
5586,CDM,15303872,102.25,2024,11,3,2025-01-25
5587,CDM,15303910,179.167,2024,11,3,2025-01-25
5588,CDM,15311581,130.417,2024,11,3,2025-01-25
5589,CDM,15384553,105.0,2024,11,3,2025-01-25
5590,CDQ,14001338,16.75,2024,11,3,2025-01-25
5591,CDQ,14064873,30.25,2024,11,3,2025-01-25
5593,CDQ,14545132,62.75,2024,11,3,2025-01-25
5594,CDQ,14561781,21.5833,2024,11,3,2025-01-25
5595,CDQ,14682882,142.917,2024,11,3,2025-01-25
5596,CDQ,14758699,129.083,2024,11,3,2025-01-25
5598,CDQ,14954868,34.25,2024,11,3,2025-01-25
5599,CDQ,14954892,8.5833,2024,11,3,2025-01-25
5600,CDQ,14989770,40.1667,2024,11,3,2025-01-25
5601,CDQ,14989788,8.6667,2024,11,3,2025-01-25
5602,CDQ,14989796,3.3333,2024,11,3,2025-01-25
5603,CDQ,14989809,92.3333,2024,11,3,2025-01-25
5604,CDQ,14989825,46.0833,2024,11,3,2025-01-25
5605,CDQ,14989833,13.1667,2024,11,3,2025-01-25
5606,CDQ,15095284,80.4167,2024,11,3,2025-01-25
5607,CDQ,15168156,497.0,2024,11,3,2025-01-25
5608,CDQ,15298014,154.0,2024,11,3,2025-01-25
5609,CDQ,15303872,21.0,2024,11,3,2025-01-25
5610,CDQ,15311581,74.4167,2024,11,3,2025-01-25
5611,CDM,14001338,33.0,2024,11,4,2025-02-01
5612,CDM,14064873,92.9167,2024,11,4,2025-02-01
5614,CDM,14545132,106.333,2024,11,4,2025-02-01
5615,CDM,14561781,50.75,2024,11,4,2025-02-01
5616,CDM,14682882,364.917,2024,11,4,2025-02-01
5617,CDM,14758699,161.417,2024,11,4,2025-02-01
5619,CDM,14954868,115.083,2024,11,4,2025-02-01
5620,CDM,14954892,533.167,2024,11,4,2025-02-01
5621,CDM,14989770,95.25,2024,11,4,2025-02-01
5622,CDM,14989788,73.25,2024,11,4,2025-02-01
5623,CDM,14989809,84.75,2024,11,4,2025-02-01
5624,CDM,14989825,92.6667,2024,11,4,2025-02-01
5625,CDM,14989833,105.25,2024,11,4,2025-02-01
5626,CDM,15095284,240.0,2024,11,4,2025-02-01
5627,CDM,15168156,1658.96,2024,11,4,2025-02-01
5628,CDM,15298014,604.917,2024,11,4,2025-02-01
5629,CDM,15303872,87.0833,2024,11,4,2025-02-01
5630,CDM,15303910,168.167,2024,11,4,2025-02-01
5631,CDM,15311581,114.667,2024,11,4,2025-02-01
5632,CDM,15384553,103.667,2024,11,4,2025-02-01
5633,CDQ,14001338,16.75,2024,11,4,2025-02-01
5634,CDQ,14064873,43.25,2024,11,4,2025-02-01
5636,CDQ,14545132,54.75,2024,11,4,2025-02-01
5637,CDQ,14561781,19.5833,2024,11,4,2025-02-01
5638,CDQ,14682882,125.75,2024,11,4,2025-02-01
5639,CDQ,14758699,101.083,2024,11,4,2025-02-01
5641,CDQ,14954868,30.25,2024,11,4,2025-02-01
5642,CDQ,14954892,128.583,2024,11,4,2025-02-01
5643,CDQ,14989770,79.1667,2024,11,4,2025-02-01
5644,CDQ,14989788,0.6667,2024,11,4,2025-02-01
5645,CDQ,14989796,3.3333,2024,11,4,2025-02-01
5646,CDQ,14989809,80.3333,2024,11,4,2025-02-01
5647,CDQ,14989825,43.5833,2024,11,4,2025-02-01
5648,CDQ,14989833,13.0,2024,11,4,2025-02-01
5649,CDQ,15095284,143.417,2024,11,4,2025-02-01
5650,CDQ,15168156,469.208,2024,11,4,2025-02-01
5651,CDQ,15298014,128.0,2024,11,4,2025-02-01
5652,CDQ,15303872,4.0,2024,11,4,2025-02-01
5653,CDQ,15311581,50.4167,2024,11,4,2025-02-01
5654,CDM,14001338,35.4167,2024,12,1,2025-02-08
5655,CDM,14064873,83.6667,2024,12,1,2025-02-08
5657,CDM,14545132,104.167,2024,12,1,2025-02-08
5658,CDM,14561781,50.4167,2024,12,1,2025-02-08
5659,CDM,14682882,320.0,2024,12,1,2025-02-08
5660,CDM,14758699,269.5,2024,12,1,2025-02-08
5662,CDM,14954868,113.417,2024,12,1,2025-02-08
5663,CDM,14954892,492.083,2024,12,1,2025-02-08
5664,CDM,14989770,93.9167,2024,12,1,2025-02-08
5665,CDM,14989788,69.75,2024,12,1,2025-02-08
5666,CDM,14989809,78.0,2024,12,1,2025-02-08
5667,CDM,14989825,92.5833,2024,12,1,2025-02-08
5668,CDM,14989833,103.25,2024,12,1,2025-02-08
5669,CDM,15095284,172.0,2024,12,1,2025-02-08
5670,CDM,15168156,1534.96,2024,12,1,2025-02-08
5671,CDM,15298014,579.75,2024,12,1,2025-02-08
5672,CDM,15303872,60.6667,2024,12,1,2025-02-08
5673,CDM,15303910,163.167,2024,12,1,2025-02-08
5674,CDM,15311581,285.5,2024,12,1,2025-02-08
5675,CDM,15384553,103.667,2024,12,1,2025-02-08
5676,CDQ,14001338,16.6667,2024,12,1,2025-02-08
5677,CDQ,14064873,25.25,2024,12,1,2025-02-08
5679,CDQ,14545132,42.75,2024,12,1,2025-02-08
5680,CDQ,14561781,19.5833,2024,12,1,2025-02-08
5681,CDQ,14682882,138.75,2024,12,1,2025-02-08
5682,CDQ,14758699,148.833,2024,12,1,2025-02-08
5684,CDQ,14954868,25.25,2024,12,1,2025-02-08
5685,CDQ,14954892,105.417,2024,12,1,2025-02-08
5686,CDQ,14989770,76.1667,2024,12,1,2025-02-08
5687,CDQ,14989788,0.6667,2024,12,1,2025-02-08
5688,CDQ,14989796,3.1667,2024,12,1,2025-02-08
5689,CDQ,14989809,68.3333,2024,12,1,2025-02-08
5690,CDQ,14989825,41.4167,2024,12,1,2025-02-08
5691,CDQ,14989833,11.0,2024,12,1,2025-02-08
5692,CDQ,15095284,132.417,2024,12,1,2025-02-08
5693,CDQ,15168156,453.208,2024,12,1,2025-02-08
5694,CDQ,15298014,99.0,2024,12,1,2025-02-08
5695,CDQ,15303872,22.0,2024,12,1,2025-02-08
5696,CDQ,15311581,29.4167,2024,12,1,2025-02-08
5697,CDM,14001338,33.0,2024,12,2,2025-02-15
5698,CDM,14064873,66.3333,2024,12,2,2025-02-15
5700,CDM,14545132,53.0,2024,12,2,2025-02-15
5701,CDM,14561781,50.3333,2024,12,2,2025-02-15
5702,CDM,14682882,297.167,2024,12,2,2025-02-15
5703,CDM,14758699,196.583,2024,12,2,2025-02-15
5705,CDM,14954868,85.8333,2024,12,2,2025-02-15
5706,CDM,14954892,447.5,2024,12,2,2025-02-15
5707,CDM,14989770,91.8333,2024,12,2,2025-02-15
5708,CDM,14989788,66.1667,2024,12,2,2025-02-15
5709,CDM,14989809,68.5,2024,12,2,2025-02-15
5710,CDM,14989825,91.8333,2024,12,2,2025-02-15
5711,CDM,14989833,72.75,2024,12,2,2025-02-15
5712,CDM,15095284,161.0,2024,12,2,2025-02-15
5713,CDM,15168156,1490.96,2024,12,2,2025-02-15
5714,CDM,15298014,436.917,2024,12,2,2025-02-15
5715,CDM,15303872,56.5,2024,12,2,2025-02-15
5716,CDM,15303910,157.083,2024,12,2,2025-02-15
5717,CDM,15311581,215.417,2024,12,2,2025-02-15
5718,CDM,15384553,102.0,2024,12,2,2025-02-15
5719,CDQ,14001338,18.1667,2024,12,2,2025-02-15
5720,CDQ,14064873,36.25,2024,12,2,2025-02-15
5722,CDQ,14545132,89.75,2024,12,2,2025-02-15
5723,CDQ,14561781,19.5833,2024,12,2,2025-02-15
5724,CDQ,14682882,131.583,2024,12,2,2025-02-15
5725,CDQ,14758699,196.833,2024,12,2,2025-02-15
5727,CDQ,14954868,42.0833,2024,12,2,2025-02-15
5728,CDQ,14954892,97.0,2024,12,2,2025-02-15
5729,CDQ,14989770,72.1667,2024,12,2,2025-02-15
5730,CDQ,14989788,0.6667,2024,12,2,2025-02-15
5731,CDQ,14989796,3.1667,2024,12,2,2025-02-15
5732,CDQ,14989809,59.3333,2024,12,2,2025-02-15
5733,CDQ,14989825,38.0833,2024,12,2,2025-02-15
5734,CDQ,14989833,39.0,2024,12,2,2025-02-15
5735,CDQ,15095284,180.417,2024,12,2,2025-02-15
5736,CDQ,15168156,534.458,2024,12,2,2025-02-15
5737,CDQ,15298014,171.0,2024,12,2,2025-02-15
5738,CDQ,15303872,19.0,2024,12,2,2025-02-15
5739,CDQ,15311581,79.4167,2024,12,2,2025-02-15
5740,CDM,14001338,32.9167,2024,12,3,2025-02-22
5741,CDM,14064873,59.0,2024,12,3,2025-02-22
5742,CDM,14545132,50.4167,2024,12,3,2025-02-22
5743,CDM,14561781,47.0833,2024,12,3,2025-02-22
5744,CDM,14682882,262.167,2024,12,3,2025-02-22
5745,CDM,14758699,185.083,2024,12,3,2025-02-22
5746,CDM,14954868,80.6667,2024,12,3,2025-02-22
5747,CDM,14954892,412.833,2024,12,3,2025-02-22
5748,CDM,14989770,90.0,2024,12,3,2025-02-22
5749,CDM,14989788,42.8333,2024,12,3,2025-02-22
5750,CDM,14989809,60.25,2024,12,3,2025-02-22
5751,CDM,14989825,90.1667,2024,12,3,2025-02-22
5752,CDM,14989833,71.6667,2024,12,3,2025-02-22
5753,CDM,15095284,145.667,2024,12,3,2025-02-22
5754,CDM,15168156,1473.71,2024,12,3,2025-02-22
5755,CDM,15298014,398.25,2024,12,3,2025-02-22
5756,CDM,15303872,50.1667,2024,12,3,2025-02-22
5757,CDM,15303910,152.083,2024,12,3,2025-02-22
5758,CDM,15311581,186.167,2024,12,3,2025-02-22
5759,CDM,15384553,102.0,2024,12,3,2025-02-22
5760,CDQ,14001338,18.0833,2024,12,3,2025-02-22
5761,CDQ,14064873,33.25,2024,12,3,2025-02-22
5762,CDQ,14545132,79.75,2024,12,3,2025-02-22
5763,CDQ,14561781,17.5833,2024,12,3,2025-02-22
5764,CDQ,14682882,120.583,2024,12,3,2025-02-22
5765,CDQ,14758699,182.583,2024,12,3,2025-02-22
5766,CDQ,14954868,36.9167,2024,12,3,2025-02-22
5767,CDQ,14954892,92.0,2024,12,3,2025-02-22
5768,CDQ,14989770,70.1667,2024,12,3,2025-02-22
5769,CDQ,14989788,20.6667,2024,12,3,2025-02-22
5770,CDQ,14989796,3.1667,2024,12,3,2025-02-22
5771,CDQ,14989809,49.25,2024,12,3,2025-02-22
5772,CDQ,14989825,37.75,2024,12,3,2025-02-22
5773,CDQ,14989833,39.0,2024,12,3,2025-02-22
5774,CDQ,15095284,174.167,2024,12,3,2025-02-22
5775,CDQ,15168156,502.458,2024,12,3,2025-02-22
5776,CDQ,15298014,146.417,2024,12,3,2025-02-22
5777,CDQ,15303872,14.0,2024,12,3,2025-02-22
5778,CDQ,15311581,88.4167,2024,12,3,2025-02-22
5779,CDM,14001338,31.6667,2024,12,4,2025-03-01
5780,CDM,14064873,39.4167,2024,12,4,2025-03-01
5781,CDM,14545132,109.25,2024,12,4,2025-03-01
5782,CDM,14561781,46.0833,2024,12,4,2025-03-01
5783,CDM,14682882,222.083,2024,12,4,2025-03-01
5784,CDM,14758699,225.667,2024,12,4,2025-03-01
5785,CDM,14954868,126.5,2024,12,4,2025-03-01
5786,CDM,14954892,632.833,2024,12,4,2025-03-01
5787,CDM,14989770,87.6667,2024,12,4,2025-03-01
5788,CDM,14989788,98.3333,2024,12,4,2025-03-01
5789,CDM,14989809,108.667,2024,12,4,2025-03-01
5790,CDM,14989825,89.5,2024,12,4,2025-03-01
5791,CDM,14989833,70.4167,2024,12,4,2025-03-01
5792,CDM,15095284,167.167,2024,12,4,2025-03-01
5793,CDM,15168156,1366.96,2024,12,4,2025-03-01
5794,CDM,15298014,257.75,2024,12,4,2025-03-01
5795,CDM,15303872,100.75,2024,12,4,2025-03-01
5796,CDM,15303910,139.583,2024,12,4,2025-03-01
5797,CDM,15311581,250.833,2024,12,4,2025-03-01
5798,CDM,15384553,102.0,2024,12,4,2025-03-01
5799,CDQ,14001338,17.0,2024,12,4,2025-03-01
5800,CDQ,14064873,17.25,2024,12,4,2025-03-01
5801,CDQ,14545132,75.75,2024,12,4,2025-03-01
5802,CDQ,14561781,16.5833,2024,12,4,2025-03-01
5803,CDQ,14682882,88.5833,2024,12,4,2025-03-01
5804,CDQ,14758699,157.583,2024,12,4,2025-03-01
5805,CDQ,14954868,31.9167,2024,12,4,2025-03-01
5806,CDQ,14954892,80.9167,2024,12,4,2025-03-01
5807,CDQ,14989770,62.1667,2024,12,4,2025-03-01
5808,CDQ,14989788,15.6667,2024,12,4,2025-03-01
5809,CDQ,14989796,3.1667,2024,12,4,2025-03-01
5810,CDQ,14989809,43.25,2024,12,4,2025-03-01
5811,CDQ,14989825,36.5,2024,12,4,2025-03-01
5812,CDQ,14989833,37.0,2024,12,4,2025-03-01
5813,CDQ,15095284,160.167,2024,12,4,2025-03-01
5814,CDQ,15168156,431.458,2024,12,4,2025-03-01
5815,CDQ,15298014,94.4167,2024,12,4,2025-03-01
5816,CDQ,15303872,5.0,2024,12,4,2025-03-01
5817,CDQ,15311581,63.3333,2024,12,4,2025-03-01
5818,CDM,14001338,27.9167,2024,13,1,2025-03-08
5819,CDM,14064873,84.5,2024,13,1,2025-03-08
5820,CDM,14545132,104.667,2024,13,1,2025-03-08
5821,CDM,14561781,44.5833,2024,13,1,2025-03-08
5822,CDM,14682882,375.25,2024,13,1,2025-03-08
5823,CDM,14758699,157.333,2024,13,1,2025-03-08
5824,CDM,14954868,103.5,2024,13,1,2025-03-08
5825,CDM,14954892,526.75,2024,13,1,2025-03-08
5826,CDM,14989770,84.5,2024,13,1,2025-03-08
5827,CDM,14989788,74.0,2024,13,1,2025-03-08
5828,CDM,14989809,82.0833,2024,13,1,2025-03-08
5829,CDM,14989825,89.25,2024,13,1,2025-03-08
5830,CDM,14989833,68.25,2024,13,1,2025-03-08
5831,CDM,15095284,166.917,2024,13,1,2025-03-08
5832,CDM,15168156,1333.46,2024,13,1,2025-03-08
5833,CDM,15298014,367.417,2024,13,1,2025-03-08
5834,CDM,15303872,70.5833,2024,13,1,2025-03-08
5835,CDM,15303910,129.583,2024,13,1,2025-03-08
5836,CDM,15311581,246.583,2024,13,1,2025-03-08
5837,CDM,15384553,102.0,2024,13,1,2025-03-08
5838,CDQ,14001338,17.0,2024,13,1,2025-03-08
5839,CDQ,14064873,66.25,2024,13,1,2025-03-08
5840,CDQ,14545132,72.5,2024,13,1,2025-03-08
5841,CDQ,14561781,16.5833,2024,13,1,2025-03-08
5842,CDQ,14682882,77.5833,2024,13,1,2025-03-08
5843,CDQ,14758699,201.583,2024,13,1,2025-03-08
5844,CDQ,14954868,49.9167,2024,13,1,2025-03-08
5845,CDQ,14954892,136.75,2024,13,1,2025-03-08
5846,CDQ,14989770,62.1667,2024,13,1,2025-03-08
5847,CDQ,14989788,34.6667,2024,13,1,2025-03-08
5848,CDQ,14989796,3.1667,2024,13,1,2025-03-08
5849,CDQ,14989809,58.25,2024,13,1,2025-03-08
5850,CDQ,14989825,35.9167,2024,13,1,2025-03-08
5851,CDQ,14989833,36.0,2024,13,1,2025-03-08
5852,CDQ,15095284,151.167,2024,13,1,2025-03-08
5853,CDQ,15168156,418.458,2024,13,1,2025-03-08
5854,CDQ,15298014,172.417,2024,13,1,2025-03-08
5855,CDQ,15303872,10.0,2024,13,1,2025-03-08
5856,CDQ,15311581,89.3333,2024,13,1,2025-03-08
5857,CDM,14001338,26.5833,2024,13,2,2025-03-15
5858,CDM,14064873,66.9167,2024,13,2,2025-03-15
5859,CDM,14545132,101.167,2024,13,2,2025-03-15
5860,CDM,14561781,43.6667,2024,13,2,2025-03-15
5861,CDM,14682882,283.333,2024,13,2,2025-03-15
5862,CDM,14758699,141.167,2024,13,2,2025-03-15
5863,CDM,14954868,93.0833,2024,13,2,2025-03-15
5864,CDM,14954892,476.833,2024,13,2,2025-03-15
5865,CDM,14989770,82.1667,2024,13,2,2025-03-15
5866,CDM,14989788,65.6667,2024,13,2,2025-03-15
5867,CDM,14989809,74.5,2024,13,2,2025-03-15
5868,CDM,14989825,88.9167,2024,13,2,2025-03-15
5869,CDM,14989833,68.0,2024,13,2,2025-03-15
5870,CDM,15095284,158.667,2024,13,2,2025-03-15
5871,CDM,15168156,1183.71,2024,13,2,2025-03-15
5872,CDM,15298014,316.75,2024,13,2,2025-03-15
5873,CDM,15303872,62.3333,2024,13,2,2025-03-15
5874,CDM,15303910,125.583,2024,13,2,2025-03-15
5875,CDM,15311581,236.167,2024,13,2,2025-03-15
5876,CDM,15384553,101.0,2024,13,2,2025-03-15
5877,CDQ,14001338,16.8333,2024,13,2,2025-03-15
5878,CDQ,14064873,57.1667,2024,13,2,2025-03-15
5879,CDQ,14545132,66.5,2024,13,2,2025-03-15
5880,CDQ,14561781,15.5833,2024,13,2,2025-03-15
5881,CDQ,14682882,128.417,2024,13,2,2025-03-15
5882,CDQ,14758699,187.583,2024,13,2,2025-03-15
5883,CDQ,14954868,41.8333,2024,13,2,2025-03-15
5884,CDQ,14954892,125.333,2024,13,2,2025-03-15
5885,CDQ,14989770,61.1667,2024,13,2,2025-03-15
5886,CDQ,14989788,25.6667,2024,13,2,2025-03-15
5887,CDQ,14989796,2.9167,2024,13,2,2025-03-15
5888,CDQ,14989809,49.25,2024,13,2,2025-03-15
5889,CDQ,14989825,35.75,2024,13,2,2025-03-15
5890,CDQ,14989833,34.0,2024,13,2,2025-03-15
5891,CDQ,15095284,145.083,2024,13,2,2025-03-15
5892,CDQ,15168156,476.458,2024,13,2,2025-03-15
5893,CDQ,15298014,128.417,2024,13,2,2025-03-15
5894,CDQ,15303872,13.0,2024,13,2,2025-03-15
5895,CDQ,15311581,78.3333,2024,13,2,2025-03-15
5896,CDM,14001338,25.25,2024,13,3,2025-03-22
5897,CDM,14064873,53.5,2024,13,3,2025-03-22
5898,CDM,14545132,80.5833,2024,13,3,2025-03-22
5899,CDM,14561781,41.0,2024,13,3,2025-03-22
5900,CDM,14682882,254.417,2024,13,3,2025-03-22
5901,CDM,14758699,128.0,2024,13,3,2025-03-22
5902,CDM,14954868,72.0,2024,13,3,2025-03-22
5903,CDM,14954892,431.333,2024,13,3,2025-03-22
5904,CDM,14989770,79.8333,2024,13,3,2025-03-22
5905,CDM,14989788,53.4167,2024,13,3,2025-03-22
5906,CDM,14989809,62.75,2024,13,3,2025-03-22
5907,CDM,14989825,87.9167,2024,13,3,2025-03-22
5908,CDM,14989833,67.0,2024,13,3,2025-03-22
5909,CDM,15095284,150.25,2024,13,3,2025-03-22
5910,CDM,15168156,1117.21,2024,13,3,2025-03-22
5911,CDM,15298014,264.417,2024,13,3,2025-03-22
5912,CDM,15303872,32.3333,2024,13,3,2025-03-22
5913,CDM,15303910,108.583,2024,13,3,2025-03-22
5914,CDM,15311581,225.833,2024,13,3,2025-03-22
5915,CDM,15384553,100.333,2024,13,3,2025-03-22
5916,CDQ,14001338,16.8333,2024,13,3,2025-03-22
5917,CDQ,14064873,41.1667,2024,13,3,2025-03-22
5918,CDQ,14545132,78.5,2024,13,3,2025-03-22
5919,CDQ,14561781,15.5833,2024,13,3,2025-03-22
5920,CDQ,14682882,108.417,2024,13,3,2025-03-22
5921,CDQ,14758699,168.5,2024,13,3,2025-03-22
5922,CDQ,14954868,46.8333,2024,13,3,2025-03-22
5923,CDQ,14954892,117.917,2024,13,3,2025-03-22
5924,CDQ,14989770,57.1667,2024,13,3,2025-03-22
5925,CDQ,14989788,29.6667,2024,13,3,2025-03-22
5926,CDQ,14989796,2.9167,2024,13,3,2025-03-22
5927,CDQ,14989809,45.25,2024,13,3,2025-03-22
5928,CDQ,14989825,32.4167,2024,13,3,2025-03-22
5929,CDQ,14989833,32.0,2024,13,3,2025-03-22
5930,CDQ,15095284,132.083,2024,13,3,2025-03-22
5931,CDQ,15168156,442.0,2024,13,3,2025-03-22
5932,CDQ,15298014,81.1667,2024,13,3,2025-03-22
5933,CDQ,15303872,5.0,2024,13,3,2025-03-22
5934,CDQ,15311581,67.25,2024,13,3,2025-03-22
5935,CDM,14001338,22.25,2024,13,4,2025-03-29
5936,CDM,14064873,36.6667,2024,13,4,2025-03-29
5937,CDM,14545132,77.4167,2024,13,4,2025-03-29
5938,CDM,14561781,39.5,2024,13,4,2025-03-29
5939,CDM,14682882,222.75,2024,13,4,2025-03-29
5940,CDM,14758699,287.75,2024,13,4,2025-03-29
5941,CDM,14954868,119.917,2024,13,4,2025-03-29
5942,CDM,14954892,184.25,2024,13,4,2025-03-29
5943,CDM,14989770,75.75,2024,13,4,2025-03-29
5944,CDM,14989788,53.3333,2024,13,4,2025-03-29
5945,CDM,14989809,42.5833,2024,13,4,2025-03-29
5946,CDM,14989825,87.5833,2024,13,4,2025-03-29
5947,CDM,14989833,63.0,2024,13,4,2025-03-29
5948,CDM,15095284,135.167,2024,13,4,2025-03-29
5949,CDM,15168156,846.958,2024,13,4,2025-03-29
5950,CDM,15298014,87.4167,2024,13,4,2025-03-29
5951,CDM,15303872,198.917,2024,13,4,2025-03-29
5952,CDM,15303910,153.583,2024,13,4,2025-03-29
5953,CDM,15311581,330.333,2024,13,4,2025-03-29
5954,CDM,15384553,98.3333,2024,13,4,2025-03-29
5955,CDQ,14001338,15.75,2024,13,4,2025-03-29
5956,CDQ,14064873,31.9167,2024,13,4,2025-03-29
5957,CDQ,14545132,66.5,2024,13,4,2025-03-29
5958,CDQ,14561781,14.5833,2024,13,4,2025-03-29
5959,CDQ,14682882,95.3333,2024,13,4,2025-03-29
5960,CDQ,14758699,139.25,2024,13,4,2025-03-29
5961,CDQ,14954868,32.8333,2024,13,4,2025-03-29
5962,CDQ,14954892,98.5833,2024,13,4,2025-03-29
5963,CDQ,14989770,52.1667,2024,13,4,2025-03-29
5964,CDQ,14989788,25.6667,2024,13,4,2025-03-29
5965,CDQ,14989796,2.9167,2024,13,4,2025-03-29
5966,CDQ,14989809,35.1667,2024,13,4,2025-03-29
5967,CDQ,14989825,30.25,2024,13,4,2025-03-29
5968,CDQ,14989833,29.0,2024,13,4,2025-03-29
5969,CDQ,15095284,113.0,2024,13,4,2025-03-29
5970,CDQ,15168156,565.0,2024,13,4,2025-03-29
5971,CDQ,15298014,97.1667,2024,13,4,2025-03-29
5972,CDQ,15311581,53.25,2024,13,4,2025-03-29
5973,CDM,14001338,20.6667,2025,1,1,2025-04-05
5974,CDM,14064873,184.333,2025,1,1,2025-04-05
5975,CDM,14545132,74.25,2025,1,1,2025-04-05
5976,CDM,14561781,39.4167,2025,1,1,2025-04-05
5977,CDM,14682882,509.333,2025,1,1,2025-04-05
5978,CDM,14758699,152.75,2025,1,1,2025-04-05
5979,CDM,14954868,81.8333,2025,1,1,2025-04-05
5980,CDM,14954892,515.917,2025,1,1,2025-04-05
5981,CDM,14989770,68.5833,2025,1,1,2025-04-05
5982,CDM,14989788,52.75,2025,1,1,2025-04-05
5983,CDM,14989796,2.0,2025,1,1,2025-04-05
5984,CDM,14989809,33.0833,2025,1,1,2025-04-05
5985,CDM,14989825,87.0,2025,1,1,2025-04-05
5986,CDM,14989833,63.0,2025,1,1,2025-04-05
5987,CDM,15095284,130.833,2025,1,1,2025-04-05
5988,CDM,15168156,798.208,2025,1,1,2025-04-05
5989,CDM,15298014,96.9167,2025,1,1,2025-04-05
5990,CDM,15303872,134.5,2025,1,1,2025-04-05
5991,CDM,15303910,147.417,2025,1,1,2025-04-05
5992,CDM,15311581,264.75,2025,1,1,2025-04-05
5993,CDM,15384553,97.3333,2025,1,1,2025-04-05
5994,CDM,15474217,15.8333,2025,1,1,2025-04-05
5995,CDQ,14001338,15.75,2025,1,1,2025-04-05
5996,CDQ,14064873,22.75,2025,1,1,2025-04-05
5997,CDQ,14545132,61.5,2025,1,1,2025-04-05
5998,CDQ,14561781,12.5833,2025,1,1,2025-04-05
5999,CDQ,14682882,82.25,2025,1,1,2025-04-05
6000,CDQ,14758699,247.25,2025,1,1,2025-04-05
6001,CDQ,14954868,56.8333,2025,1,1,2025-04-05
6002,CDQ,14954892,81.0833,2025,1,1,2025-04-05
6003,CDQ,14989770,47.1667,2025,1,1,2025-04-05
6004,CDQ,14989788,22.5833,2025,1,1,2025-04-05
6005,CDQ,14989796,0.9167,2025,1,1,2025-04-05
6006,CDQ,14989809,25.1667,2025,1,1,2025-04-05
6007,CDQ,14989825,28.9167,2025,1,1,2025-04-05
6008,CDQ,14989833,29.0,2025,1,1,2025-04-05
6009,CDQ,15095284,106.0,2025,1,1,2025-04-05
6010,CDQ,15168156,532.0,2025,1,1,2025-04-05
6011,CDQ,15298014,25.1667,2025,1,1,2025-04-05
6012,CDQ,15303872,54.0,2025,1,1,2025-04-05
6013,CDQ,15311581,108.25,2025,1,1,2025-04-05
6014,CDM,14001338,18.0,2025,1,2,2025-04-12
6015,CDM,14064873,117.583,2025,1,2,2025-04-12
6016,CDM,14545132,75.0,2025,1,2,2025-04-12
6017,CDM,14561781,36.75,2025,1,2,2025-04-12
6018,CDM,14682882,413.833,2025,1,2,2025-04-12
6019,CDM,14758699,146.083,2025,1,2,2025-04-12
6020,CDM,14954868,70.3333,2025,1,2,2025-04-12
6021,CDM,14954892,449.333,2025,1,2,2025-04-12
6022,CDM,14989770,64.9167,2025,1,2,2025-04-12
6023,CDM,14989788,55.3333,2025,1,2,2025-04-12
6024,CDM,14989796,1.75,2025,1,2,2025-04-12
6025,CDM,14989809,29.8333,2025,1,2,2025-04-12
6026,CDM,14989825,85.1667,2025,1,2,2025-04-12
6027,CDM,14989833,61.5,2025,1,2,2025-04-12
6028,CDM,15095284,123.333,2025,1,2,2025-04-12
6029,CDM,15168156,711.458,2025,1,2,2025-04-12
6030,CDM,15298014,51.25,2025,1,2,2025-04-12
6031,CDM,15303872,130.083,2025,1,2,2025-04-12
6032,CDM,15303910,135.0,2025,1,2,2025-04-12
6033,CDM,15311581,256.333,2025,1,2,2025-04-12
6034,CDM,15384553,97.0,2025,1,2,2025-04-12
6035,CDM,15474217,455.333,2025,1,2,2025-04-12
6036,CDQ,14001338,13.6667,2025,1,2,2025-04-12
6037,CDQ,14064873,61.3333,2025,1,2,2025-04-12
6038,CDQ,14545132,53.5,2025,1,2,2025-04-12
6039,CDQ,14561781,12.5,2025,1,2,2025-04-12
6040,CDQ,14682882,135.083,2025,1,2,2025-04-12
6041,CDQ,14758699,234.167,2025,1,2,2025-04-12
6042,CDQ,14954868,49.8333,2025,1,2,2025-04-12
6043,CDQ,14954892,70.0833,2025,1,2,2025-04-12
6044,CDQ,14989770,45.1667,2025,1,2,2025-04-12
6045,CDQ,14989788,16.5,2025,1,2,2025-04-12
6046,CDQ,14989796,0.9167,2025,1,2,2025-04-12
6047,CDQ,14989809,16.1667,2025,1,2,2025-04-12
6048,CDQ,14989825,28.9167,2025,1,2,2025-04-12
6049,CDQ,14989833,29.0,2025,1,2,2025-04-12
6050,CDQ,15095284,94.4167,2025,1,2,2025-04-12
6051,CDQ,15168156,482.0,2025,1,2,2025-04-12
6052,CDQ,15298014,0.1667,2025,1,2,2025-04-12
6053,CDQ,15303872,46.0,2025,1,2,2025-04-12
6054,CDQ,15311581,106.25,2025,1,2,2025-04-12
6055,CDM,14001338,16.8333,2025,1,3,2025-04-19
6056,CDM,14064873,105.417,2025,1,3,2025-04-19
6057,CDM,14545132,73.5833,2025,1,3,2025-04-19
6058,CDM,14561781,35.1667,2025,1,3,2025-04-19
6059,CDM,14682882,380.667,2025,1,3,2025-04-19
6060,CDM,14758699,134.5,2025,1,3,2025-04-19
6061,CDM,14954868,66.0,2025,1,3,2025-04-19
6062,CDM,14954892,405.083,2025,1,3,2025-04-19
6063,CDM,14989770,59.75,2025,1,3,2025-04-19
6064,CDM,14989788,44.8333,2025,1,3,2025-04-19
6065,CDM,14989796,1.1667,2025,1,3,2025-04-19
6066,CDM,14989809,75.0,2025,1,3,2025-04-19
6067,CDM,14989825,85.0,2025,1,3,2025-04-19
6068,CDM,14989833,61.5,2025,1,3,2025-04-19
6069,CDM,15095284,117.917,2025,1,3,2025-04-19
6070,CDM,15168156,578.708,2025,1,3,2025-04-19
6071,CDM,15298014,459.083,2025,1,3,2025-04-19
6072,CDM,15303872,126.917,2025,1,3,2025-04-19
6073,CDM,15303910,125.75,2025,1,3,2025-04-19
6074,CDM,15311581,250.083,2025,1,3,2025-04-19
6075,CDM,15384553,96.6667,2025,1,3,2025-04-19
6076,CDM,15474217,368.333,2025,1,3,2025-04-19
6077,CDQ,14001338,13.4167,2025,1,3,2025-04-19
6078,CDQ,14064873,43.0833,2025,1,3,2025-04-19
6079,CDQ,14545132,47.5,2025,1,3,2025-04-19
6080,CDQ,14561781,12.25,2025,1,3,2025-04-19
6081,CDQ,14682882,115.083,2025,1,3,2025-04-19
6082,CDQ,14758699,217.083,2025,1,3,2025-04-19
6083,CDQ,14954868,46.5,2025,1,3,2025-04-19
6084,CDQ,14954892,57.75,2025,1,3,2025-04-19
6085,CDQ,14989770,37.1667,2025,1,3,2025-04-19
6086,CDQ,14989788,12.5,2025,1,3,2025-04-19
6087,CDQ,14989796,0.9167,2025,1,3,2025-04-19
6088,CDQ,14989809,15.9167,2025,1,3,2025-04-19
6089,CDQ,14989825,28.75,2025,1,3,2025-04-19
6090,CDQ,14989833,28.9167,2025,1,3,2025-04-19
6091,CDQ,15095284,82.4167,2025,1,3,2025-04-19
6092,CDQ,15168156,436.0,2025,1,3,2025-04-19
6093,CDQ,15298014,0.1667,2025,1,3,2025-04-19
6094,CDQ,15303872,38.0,2025,1,3,2025-04-19
6095,CDQ,15311581,100.25,2025,1,3,2025-04-19
6096,CDM,14001338,9.5,2025,1,4,2025-04-26
6097,CDM,14064873,97.0833,2025,1,4,2025-04-26
6098,CDM,14545132,133.417,2025,1,4,2025-04-26
6099,CDM,14561781,95.1667,2025,1,4,2025-04-26
6100,CDM,14682882,357.083,2025,1,4,2025-04-26
6101,CDM,14758699,123.25,2025,1,4,2025-04-26
6102,CDM,14954868,118.75,2025,1,4,2025-04-26
6103,CDM,14954892,589.75,2025,1,4,2025-04-26
6104,CDM,14989770,59.1667,2025,1,4,2025-04-26
6105,CDM,14989788,40.4167,2025,1,4,2025-04-26
6106,CDM,14989796,1.0,2025,1,4,2025-04-26
6107,CDM,14989809,126.417,2025,1,4,2025-04-26
6108,CDM,14989825,84.4167,2025,1,4,2025-04-26
6109,CDM,14989833,60.25,2025,1,4,2025-04-26
6110,CDM,15095284,108.333,2025,1,4,2025-04-26
6111,CDM,15168156,402.458,2025,1,4,2025-04-26
6112,CDM,15298014,335.75,2025,1,4,2025-04-26
6113,CDM,15303872,101.75,2025,1,4,2025-04-26
6114,CDM,15303910,111.583,2025,1,4,2025-04-26
6115,CDM,15311581,236.75,2025,1,4,2025-04-26
6116,CDM,15384553,96.6667,2025,1,4,2025-04-26
6117,CDM,15474217,800.0,2025,1,4,2025-04-26
6118,CDQ,14001338,12.3333,2025,1,4,2025-04-26
6119,CDQ,14064873,33.0833,2025,1,4,2025-04-26
6120,CDQ,14545132,33.5,2025,1,4,2025-04-26
6121,CDQ,14561781,11.25,2025,1,4,2025-04-26
6122,CDQ,14682882,96.0833,2025,1,4,2025-04-26
6123,CDQ,14758699,195.75,2025,1,4,2025-04-26
6124,CDQ,14954868,37.5,2025,1,4,2025-04-26
6125,CDQ,14954892,41.75,2025,1,4,2025-04-26
6126,CDQ,14989770,31.1667,2025,1,4,2025-04-26
6127,CDQ,14989788,19.5,2025,1,4,2025-04-26
6128,CDQ,14989796,0.9167,2025,1,4,2025-04-26
6129,CDQ,14989809,12.9167,2025,1,4,2025-04-26
6130,CDQ,14989825,27.75,2025,1,4,2025-04-26
6131,CDQ,14989833,26.9167,2025,1,4,2025-04-26
6132,CDQ,15095284,63.4167,2025,1,4,2025-04-26
6133,CDQ,15168156,403.0,2025,1,4,2025-04-26
6134,CDQ,15298014,172.167,2025,1,4,2025-04-26
6135,CDQ,15303872,39.0,2025,1,4,2025-04-26
6136,CDQ,15311581,91.1667,2025,1,4,2025-04-26
6137,CDM,14001338,5.5,2025,2,1,2025-05-03
6138,CDM,14064873,74.75,2025,2,1,2025-05-03
6139,CDM,14545132,69.1667,2025,2,1,2025-05-03
6140,CDM,14561781,92.6667,2025,2,1,2025-05-03
6141,CDM,14682882,388.667,2025,2,1,2025-05-03
6142,CDM,14758699,233.917,2025,2,1,2025-05-03
6143,CDM,14954868,91.1667,2025,2,1,2025-05-03
6144,CDM,14954892,528.167,2025,2,1,2025-05-03
6145,CDM,14989770,54.75,2025,2,1,2025-05-03
6146,CDM,14989788,68.0833,2025,2,1,2025-05-03
6147,CDM,14989796,1.0,2025,2,1,2025-05-03
6148,CDM,14989809,58.3333,2025,2,1,2025-05-03
6149,CDM,14989825,82.25,2025,2,1,2025-05-03
6150,CDM,14989833,58.25,2025,2,1,2025-05-03
6151,CDM,15095284,127.833,2025,2,1,2025-05-03
6152,CDM,15168156,882.708,2025,2,1,2025-05-03
6153,CDM,15298014,300.083,2025,2,1,2025-05-03
6154,CDM,15303872,81.1667,2025,2,1,2025-05-03
6155,CDM,15303910,164.417,2025,2,1,2025-05-03
6156,CDM,15311581,344.167,2025,2,1,2025-05-03
6157,CDM,15384553,96.6667,2025,2,1,2025-05-03
6158,CDM,15474217,622.167,2025,2,1,2025-05-03
6159,CDQ,14001338,10.25,2025,2,1,2025-05-03
6160,CDQ,14064873,43.0,2025,2,1,2025-05-03
6161,CDQ,14545132,83.5,2025,2,1,2025-05-03
6162,CDQ,14561781,9.25,2025,2,1,2025-05-03
6163,CDQ,14682882,143.167,2025,2,1,2025-05-03
6164,CDQ,14758699,177.75,2025,2,1,2025-05-03
6165,CDQ,14954868,52.4167,2025,2,1,2025-05-03
6166,CDQ,14954892,86.5833,2025,2,1,2025-05-03
6167,CDQ,14989770,27.1667,2025,2,1,2025-05-03
6168,CDQ,14989788,45.5,2025,2,1,2025-05-03
6169,CDQ,14989796,0.9167,2025,2,1,2025-05-03
6170,CDQ,14989809,61.5833,2025,2,1,2025-05-03
6171,CDQ,14989825,26.75,2025,2,1,2025-05-03
6172,CDQ,14989833,22.8333,2025,2,1,2025-05-03
6173,CDQ,15095284,83.3333,2025,2,1,2025-05-03
6174,CDQ,15168156,381.0,2025,2,1,2025-05-03
6175,CDQ,15298014,83.1667,2025,2,1,2025-05-03
6176,CDQ,15303872,33.0,2025,2,1,2025-05-03
6177,CDQ,15311581,84.1667,2025,2,1,2025-05-03
6178,CDM,14001338,2.0,2025,2,2,2025-05-10
6179,CDM,14064873,66.1667,2025,2,2,2025-05-10
6180,CDM,14545132,68.75,2025,2,2,2025-05-10
6181,CDM,14561781,89.0,2025,2,2,2025-05-10
6182,CDM,14682882,359.833,2025,2,2,2025-05-10
6183,CDM,14758699,224.417,2025,2,2,2025-05-10
6184,CDM,14954868,84.75,2025,2,2,2025-05-10
6185,CDM,14954892,474.0,2025,2,2,2025-05-10
6186,CDM,14989770,40.5833,2025,2,2,2025-05-10
6187,CDM,14989788,66.5834,2025,2,2,2025-05-10
6188,CDM,14989796,1.0,2025,2,2,2025-05-10
6189,CDM,14989809,51.6667,2025,2,2,2025-05-10
6190,CDM,14989825,80.25,2025,2,2,2025-05-10
6191,CDM,14989833,58.1667,2025,2,2,2025-05-10
6192,CDM,15095284,123.417,2025,2,2,2025-05-10
6193,CDM,15168156,831.458,2025,2,2,2025-05-10
6194,CDM,15298014,199.417,2025,2,2,2025-05-10
6195,CDM,15303872,77.9167,2025,2,2,2025-05-10
6196,CDM,15303910,160.25,2025,2,2,2025-05-10
6197,CDM,15311581,334.75,2025,2,2,2025-05-10
6198,CDM,15384553,95.6667,2025,2,2,2025-05-10
6199,CDM,15474217,976.833,2025,2,2,2025-05-10
6200,CDM,15489099,112.0,2025,2,2,2025-05-10
6201,CDQ,14001338,10.0833,2025,2,2,2025-05-10
6202,CDQ,14064873,37.75,2025,2,2,2025-05-10
6203,CDQ,14545132,79.5,2025,2,2,2025-05-10
6204,CDQ,14561781,9.25,2025,2,2,2025-05-10
6205,CDQ,14682882,132.167,2025,2,2,2025-05-10
6206,CDQ,14758699,168.75,2025,2,2,2025-05-10
6207,CDQ,14954868,48.25,2025,2,2,2025-05-10
6208,CDQ,14954892,73.3333,2025,2,2,2025-05-10
6209,CDQ,14989770,33.1667,2025,2,2,2025-05-10
6210,CDQ,14989788,40.4167,2025,2,2,2025-05-10
6211,CDQ,14989796,0.9167,2025,2,2,2025-05-10
6212,CDQ,14989809,56.3333,2025,2,2,2025-05-10
6213,CDQ,14989825,25.5,2025,2,2,2025-05-10
6214,CDQ,14989833,20.8333,2025,2,2,2025-05-10
6215,CDQ,15095284,130.333,2025,2,2,2025-05-10
6216,CDQ,15168156,335.0,2025,2,2,2025-05-10
6217,CDQ,15298014,51.1667,2025,2,2,2025-05-10
6218,CDQ,15303872,30.0,2025,2,2,2025-05-10
6219,CDQ,15311581,80.1667,2025,2,2,2025-05-10
6220,CDM,14001338,2.0,2025,2,3,2025-05-17
6221,CDM,14064873,113.583,2025,2,3,2025-05-17
6222,CDM,14545132,65.5833,2025,2,3,2025-05-17
6223,CDM,14561781,86.5,2025,2,3,2025-05-17
6224,CDM,14682882,311.083,2025,2,3,2025-05-17
6225,CDM,14758699,204.75,2025,2,3,2025-05-17
6226,CDM,14954868,83.25,2025,2,3,2025-05-17
6227,CDM,14954892,327.0,2025,2,3,2025-05-17
6228,CDM,14989770,37.25,2025,2,3,2025-05-17
6229,CDM,14989788,61.4167,2025,2,3,2025-05-17
6230,CDM,14989809,44.25,2025,2,3,2025-05-17
6231,CDM,14989825,75.9167,2025,2,3,2025-05-17
6232,CDM,14989833,56.0833,2025,2,3,2025-05-17
6233,CDM,15095284,114.167,2025,2,3,2025-05-17
6234,CDM,15168156,592.708,2025,2,3,2025-05-17
6235,CDM,15298014,635.0,2025,2,3,2025-05-17
6236,CDM,15303872,74.5833,2025,2,3,2025-05-17
6237,CDM,15303910,157.167,2025,2,3,2025-05-17
6238,CDM,15311581,317.0,2025,2,3,2025-05-17
6239,CDM,15384553,95.3333,2025,2,3,2025-05-17
6240,CDM,15474217,688.917,2025,2,3,2025-05-17
6241,CDM,15489099,112.0,2025,2,3,2025-05-17
6242,CDQ,14001338,10.0833,2025,2,3,2025-05-17
6243,CDQ,14064873,33.75,2025,2,3,2025-05-17
6244,CDQ,14545132,65.5,2025,2,3,2025-05-17
6245,CDQ,14561781,9.25,2025,2,3,2025-05-17
6246,CDQ,14682882,108.083,2025,2,3,2025-05-17
6247,CDQ,14758699,151.333,2025,2,3,2025-05-17
6248,CDQ,14954868,45.25,2025,2,3,2025-05-17
6249,CDQ,14954892,118.667,2025,2,3,2025-05-17
6250,CDQ,14989770,31.1667,2025,2,3,2025-05-17
6251,CDQ,14989788,40.4167,2025,2,3,2025-05-17
6252,CDQ,14989796,0.8333,2025,2,3,2025-05-17
6253,CDQ,14989809,50.25,2025,2,3,2025-05-17
6254,CDQ,14989825,23.5,2025,2,3,2025-05-17
6255,CDQ,14989833,20.5,2025,2,3,2025-05-17
6256,CDQ,15095284,121.333,2025,2,3,2025-05-17
6257,CDQ,15168156,403.0,2025,2,3,2025-05-17
6258,CDQ,15298014,12.1667,2025,2,3,2025-05-17
6259,CDQ,15303872,29.0,2025,2,3,2025-05-17
6260,CDQ,15311581,68.8333,2025,2,3,2025-05-17
6261,CDM,14001338,1.6667,2025,2,4,2025-05-24
6262,CDM,14064873,82.0833,2025,2,4,2025-05-24
6263,CDM,14545132,59.5,2025,2,4,2025-05-24
6264,CDM,14561781,81.5,2025,2,4,2025-05-24
6265,CDM,14682882,396.333,2025,2,4,2025-05-24
6266,CDM,14758699,188.667,2025,2,4,2025-05-24
6267,CDM,14954868,76.1667,2025,2,4,2025-05-24
6268,CDM,14954892,266.417,2025,2,4,2025-05-24
6269,CDM,14989770,35.9167,2025,2,4,2025-05-24
6270,CDM,14989788,61.0833,2025,2,4,2025-05-24
6271,CDM,14989809,34.6667,2025,2,4,2025-05-24
6272,CDM,14989825,73.4167,2025,2,4,2025-05-24
6273,CDM,14989833,55.0833,2025,2,4,2025-05-24
6274,CDM,15095284,108.583,2025,2,4,2025-05-24
6275,CDM,15168156,399.708,2025,2,4,2025-05-24
6276,CDM,15298014,542.5,2025,2,4,2025-05-24
6277,CDM,15303872,68.4167,2025,2,4,2025-05-24
6278,CDM,15303910,150.083,2025,2,4,2025-05-24
6279,CDM,15311581,238.667,2025,2,4,2025-05-24
6280,CDM,15384553,94.6667,2025,2,4,2025-05-24
6281,CDM,15474217,172.417,2025,2,4,2025-05-24
6282,CDM,15489099,112.0,2025,2,4,2025-05-24
6283,CDQ,14001338,8.9167,2025,2,4,2025-05-24
6284,CDQ,14064873,53.6667,2025,2,4,2025-05-24
6285,CDQ,14545132,59.4167,2025,2,4,2025-05-24
6286,CDQ,14561781,8.1667,2025,2,4,2025-05-24
6287,CDQ,14682882,86.9167,2025,2,4,2025-05-24
6288,CDQ,14758699,137.25,2025,2,4,2025-05-24
6289,CDQ,14954868,38.25,2025,2,4,2025-05-24
6290,CDQ,14954892,93.0833,2025,2,4,2025-05-24
6291,CDQ,14989770,27.0833,2025,2,4,2025-05-24
6292,CDQ,14989788,30.0,2025,2,4,2025-05-24
6293,CDQ,14989796,0.8333,2025,2,4,2025-05-24
6294,CDQ,14989809,43.0833,2025,2,4,2025-05-24
6295,CDQ,14989825,22.3333,2025,2,4,2025-05-24
6296,CDQ,14989833,16.5,2025,2,4,2025-05-24
6297,CDQ,15095284,107.25,2025,2,4,2025-05-24
6298,CDQ,15168156,276.0,2025,2,4,2025-05-24
6299,CDQ,15303872,27.0,2025,2,4,2025-05-24
6300,CDQ,15311581,119.5,2025,2,4,2025-05-24
6301,CDM,14001338,1.0,2025,3,1,2025-05-31
6302,CDM,14064873,79.1667,2025,3,1,2025-05-31
6303,CDM,14545132,55.25,2025,3,1,2025-05-31
6304,CDM,14561781,61.5,2025,3,1,2025-05-31
6305,CDM,14682882,362.25,2025,3,1,2025-05-31
6306,CDM,14758699,116.0,2025,3,1,2025-05-31
6307,CDM,14954868,59.1667,2025,3,1,2025-05-31
6308,CDM,14954892,558.0,2025,3,1,2025-05-31
6309,CDM,14989770,31.5,2025,3,1,2025-05-31
6310,CDM,14989788,58.5833,2025,3,1,2025-05-31
6311,CDM,14989809,30.0833,2025,3,1,2025-05-31
6312,CDM,14989825,72.5833,2025,3,1,2025-05-31
6313,CDM,14989833,52.5,2025,3,1,2025-05-31
6314,CDM,15095284,107.167,2025,3,1,2025-05-31
6315,CDM,15168156,967.208,2025,3,1,2025-05-31
6316,CDM,15298014,875.167,2025,3,1,2025-05-31
6317,CDM,15303872,51.3333,2025,3,1,2025-05-31
6318,CDM,15303910,119.917,2025,3,1,2025-05-31
6319,CDM,15311581,226.083,2025,3,1,2025-05-31
6320,CDM,15384553,92.3333,2025,3,1,2025-05-31
6321,CDM,15474217,6.0833,2025,3,1,2025-05-31
6322,CDM,15489099,112.0,2025,3,1,2025-05-31
6323,CDQ,14001338,6.9167,2025,3,1,2025-05-31
6324,CDQ,14064873,53.5833,2025,3,1,2025-05-31
6325,CDQ,14545132,56.4167,2025,3,1,2025-05-31
6326,CDQ,14561781,25.0,2025,3,1,2025-05-31
6327,CDQ,14682882,193.667,2025,3,1,2025-05-31
6328,CDQ,14758699,180.75,2025,3,1,2025-05-31
6329,CDQ,14954868,44.25,2025,3,1,2025-05-31
6330,CDQ,14954892,74.5833,2025,3,1,2025-05-31
6331,CDQ,14989770,23.9167,2025,3,1,2025-05-31
6332,CDQ,14989788,27.8333,2025,3,1,2025-05-31
6333,CDQ,14989796,0.8333,2025,3,1,2025-05-31
6334,CDQ,14989809,33.0833,2025,3,1,2025-05-31
6335,CDQ,14989825,21.0,2025,3,1,2025-05-31
6336,CDQ,14989833,13.5,2025,3,1,2025-05-31
6337,CDQ,15095284,92.8333,2025,3,1,2025-05-31
6338,CDQ,15168156,348.0,2025,3,1,2025-05-31
6339,CDQ,15298014,90.8333,2025,3,1,2025-05-31
6340,CDQ,15303872,25.0,2025,3,1,2025-05-31
6341,CDQ,15303910,20.0,2025,3,1,2025-05-31
6342,CDQ,15311581,106.25,2025,3,1,2025-05-31
6343,CDM,14001338,1.0,2025,3,2,2025-06-07
6344,CDM,14064873,72.3333,2025,3,2,2025-06-07
6345,CDM,14545132,52.1667,2025,3,2,2025-06-07
6346,CDM,14561781,60.5,2025,3,2,2025-06-07
6347,CDM,14682882,319.167,2025,3,2,2025-06-07
6348,CDM,14758699,98.3333,2025,3,2,2025-06-07
6349,CDM,14954868,51.0,2025,3,2,2025-06-07
6350,CDM,14954892,352.417,2025,3,2,2025-06-07
6351,CDM,14989770,88.1667,2025,3,2,2025-06-07
6352,CDM,14989788,59.3333,2025,3,2,2025-06-07
6353,CDM,14989809,63.75,2025,3,2,2025-06-07
6354,CDM,14989825,68.5833,2025,3,2,2025-06-07
6355,CDM,14989833,52.4167,2025,3,2,2025-06-07
6356,CDM,15095284,101.667,2025,3,2,2025-06-07
6357,CDM,15168156,914.208,2025,3,2,2025-06-07
6358,CDM,15298014,705.333,2025,3,2,2025-06-07
6359,CDM,15303872,103.167,2025,3,2,2025-06-07
6360,CDM,15303910,104.917,2025,3,2,2025-06-07
6361,CDM,15311581,216.75,2025,3,2,2025-06-07
6362,CDM,15384553,92.0,2025,3,2,2025-06-07
6363,CDM,15474217,1091.67,2025,3,2,2025-06-07
6364,CDM,15489099,112.0,2025,3,2,2025-06-07
6365,CDQ,14001338,6.4167,2025,3,2,2025-06-07
6366,CDQ,14064873,49.1667,2025,3,2,2025-06-07
6367,CDQ,14545132,52.25,2025,3,2,2025-06-07
6368,CDQ,14561781,24.75,2025,3,2,2025-06-07
6369,CDQ,14682882,176.083,2025,3,2,2025-06-07
6370,CDQ,14758699,170.167,2025,3,2,2025-06-07
6371,CDQ,14954868,41.25,2025,3,2,2025-06-07
6372,CDQ,14954892,59.25,2025,3,2,2025-06-07
6373,CDQ,14989770,16.75,2025,3,2,2025-06-07
6374,CDQ,14989788,26.8333,2025,3,2,2025-06-07
6375,CDQ,14989796,0.75,2025,3,2,2025-06-07
6376,CDQ,14989809,28.75,2025,3,2,2025-06-07
6377,CDQ,14989825,20.5,2025,3,2,2025-06-07
6378,CDQ,14989833,13.5,2025,3,2,2025-06-07
6379,CDQ,15095284,82.5833,2025,3,2,2025-06-07
6380,CDQ,15168156,414.0,2025,3,2,2025-06-07
6381,CDQ,15298014,120.833,2025,3,2,2025-06-07
6382,CDQ,15303872,25.0,2025,3,2,2025-06-07
6383,CDQ,15303910,18.5,2025,3,2,2025-06-07
6384,CDQ,15311581,99.0,2025,3,2,2025-06-07
6385,CDM,14001338,0.9167,2025,3,3,2025-06-14
6386,CDM,14064873,72.9167,2025,3,3,2025-06-14
6387,CDM,14545132,48.0833,2025,3,3,2025-06-14
6388,CDM,14561781,57.0833,2025,3,3,2025-06-14
6389,CDM,14682882,257.167,2025,3,3,2025-06-14
6390,CDM,14758699,84.4167,2025,3,3,2025-06-14
6391,CDM,14954868,44.5833,2025,3,3,2025-06-14
6392,CDM,14954892,198.25,2025,3,3,2025-06-14
6393,CDM,14989770,84.9167,2025,3,3,2025-06-14
6394,CDM,14989788,57.1667,2025,3,3,2025-06-14
6395,CDM,14989809,58.4167,2025,3,3,2025-06-14
6396,CDM,14989825,66.4167,2025,3,3,2025-06-14
6397,CDM,14989833,50.75,2025,3,3,2025-06-14
6398,CDM,15095284,107.417,2025,3,3,2025-06-14
6399,CDM,15168156,709.458,2025,3,3,2025-06-14
6400,CDM,15298014,489.0,2025,3,3,2025-06-14
6401,CDM,15303872,89.0833,2025,3,3,2025-06-14
6402,CDM,15303910,103.833,2025,3,3,2025-06-14
6403,CDM,15311581,205.667,2025,3,3,2025-06-14
6404,CDM,15384553,91.3333,2025,3,3,2025-06-14
6405,CDM,15474217,424.625,2025,3,3,2025-06-14
6406,CDM,15489099,104.0,2025,3,3,2025-06-14
6407,CDQ,14001338,1.1667,2025,3,3,2025-06-14
6408,CDQ,14064873,46.75,2025,3,3,2025-06-14
6409,CDQ,14545132,41.0,2025,3,3,2025-06-14
6410,CDQ,14561781,23.3333,2025,3,3,2025-06-14
6411,CDQ,14682882,156.667,2025,3,3,2025-06-14
6412,CDQ,14758699,145.167,2025,3,3,2025-06-14
6413,CDQ,14954868,37.25,2025,3,3,2025-06-14
6414,CDQ,14954892,103.167,2025,3,3,2025-06-14
6415,CDQ,14989770,11.5833,2025,3,3,2025-06-14
6416,CDQ,14989788,21.6667,2025,3,3,2025-06-14
6417,CDQ,14989796,0.75,2025,3,3,2025-06-14
6418,CDQ,14989809,42.3333,2025,3,3,2025-06-14
6419,CDQ,14989825,17.5,2025,3,3,2025-06-14
6420,CDQ,14989833,8.5,2025,3,3,2025-06-14
6421,CDQ,15095284,63.5,2025,3,3,2025-06-14
6422,CDQ,15168156,343.0,2025,3,3,2025-06-14
6423,CDQ,15298014,128.833,2025,3,3,2025-06-14
6424,CDQ,15303872,23.9167,2025,3,3,2025-06-14
6425,CDQ,15303910,21.5,2025,3,3,2025-06-14
6426,CDQ,15311581,83.6667,2025,3,3,2025-06-14
6427,CDQ,15474217,268.0,2025,3,3,2025-06-14
6428,CDM,14001338,0.25,2025,3,4,2025-06-21
6429,CDM,14064873,72.75,2025,3,4,2025-06-21
6430,CDM,14545132,43.9167,2025,3,4,2025-06-21
6431,CDM,14561781,53.9167,2025,3,4,2025-06-21
6432,CDM,14682882,194.333,2025,3,4,2025-06-21
6433,CDM,14758699,187.333,2025,3,4,2025-06-21
6434,CDM,14954868,35.25,2025,3,4,2025-06-21
6435,CDM,14954892,473.917,2025,3,4,2025-06-21
6436,CDM,14989770,74.8333,2025,3,4,2025-06-21
6437,CDM,14989788,48.6667,2025,3,4,2025-06-21
6438,CDM,14989809,45.3333,2025,3,4,2025-06-21
6439,CDM,14989825,66.0,2025,3,4,2025-06-21
6440,CDM,14989833,25.6667,2025,3,4,2025-06-21
6441,CDM,15095284,68.3333,2025,3,4,2025-06-21
6442,CDM,15168156,453.958,2025,3,4,2025-06-21
6443,CDM,15298014,275.333,2025,3,4,2025-06-21
6444,CDM,15303872,76.6667,2025,3,4,2025-06-21
6445,CDM,15303910,97.8333,2025,3,4,2025-06-21
6446,CDM,15311581,175.417,2025,3,4,2025-06-21
6447,CDM,15384553,90.3333,2025,3,4,2025-06-21
6448,CDM,15474217,400.958,2025,3,4,2025-06-21
6449,CDM,15489099,100.0,2025,3,4,2025-06-21
6450,CDQ,14064873,40.0833,2025,3,4,2025-06-21
6451,CDQ,14545132,27.8333,2025,3,4,2025-06-21
6452,CDQ,14561781,21.1667,2025,3,4,2025-06-21
6453,CDQ,14682882,106.5,2025,3,4,2025-06-21
6454,CDQ,14758699,120.167,2025,3,4,2025-06-21
6455,CDQ,14954868,32.25,2025,3,4,2025-06-21
6456,CDQ,14954892,75.4167,2025,3,4,2025-06-21
6457,CDQ,14989770,9.25,2025,3,4,2025-06-21
6458,CDQ,14989788,12.5,2025,3,4,2025-06-21
6459,CDQ,14989809,39.1667,2025,3,4,2025-06-21
6460,CDQ,14989825,16.9167,2025,3,4,2025-06-21
6461,CDQ,14989833,27.25,2025,3,4,2025-06-21
6462,CDQ,15095284,85.3333,2025,3,4,2025-06-21
6463,CDQ,15168156,258.0,2025,3,4,2025-06-21
6464,CDQ,15298014,18.8333,2025,3,4,2025-06-21
6465,CDQ,15303872,19.9167,2025,3,4,2025-06-21
6466,CDQ,15303910,19.25,2025,3,4,2025-06-21
6467,CDQ,15311581,70.1667,2025,3,4,2025-06-21
6468,CDQ,15474217,7.0,2025,3,4,2025-06-21
6469,CDM,14001338,0.0833,2025,4,1,2025-06-28
6470,CDM,14064873,69.5,2025,4,1,2025-06-28
6471,CDM,14545132,39.8333,2025,4,1,2025-06-28
6472,CDM,14561781,53.5,2025,4,1,2025-06-28
6473,CDM,14682882,382.167,2025,4,1,2025-06-28
6474,CDM,14758699,116.583,2025,4,1,2025-06-28
6475,CDM,14954868,25.0,2025,4,1,2025-06-28
6476,CDM,14954892,400.75,2025,4,1,2025-06-28
6477,CDM,14989770,52.25,2025,4,1,2025-06-28
6478,CDM,14989788,47.9167,2025,4,1,2025-06-28
6479,CDM,14989809,43.75,2025,4,1,2025-06-28
6480,CDM,14989825,65.75,2025,4,1,2025-06-28
6481,CDM,14989833,24.0833,2025,4,1,2025-06-28
6482,CDM,15095284,59.75,2025,4,1,2025-06-28
6483,CDM,15168156,914.708,2025,4,1,2025-06-28
6484,CDM,15298014,736.333,2025,4,1,2025-06-28
6485,CDM,15303872,58.6667,2025,4,1,2025-06-28
6486,CDM,15303910,89.8333,2025,4,1,2025-06-28
6487,CDM,15311581,161.0,2025,4,1,2025-06-28
6488,CDM,15384553,90.3333,2025,4,1,2025-06-28
6489,CDM,15474217,572.292,2025,4,1,2025-06-28
6490,CDM,15489099,99.0,2025,4,1,2025-06-28
6491,CDQ,14064873,38.9167,2025,4,1,2025-06-28
6492,CDQ,14545132,20.8333,2025,4,1,2025-06-28
6493,CDQ,14561781,21.1667,2025,4,1,2025-06-28
6494,CDQ,14682882,73.0,2025,4,1,2025-06-28
6495,CDQ,14758699,98.0833,2025,4,1,2025-06-28
6496,CDQ,14954868,29.25,2025,4,1,2025-06-28
6497,CDQ,14954892,1.0,2025,4,1,2025-06-28
6498,CDQ,14989770,4.1667,2025,4,1,2025-06-28
6499,CDQ,14989788,11.5,2025,4,1,2025-06-28
6500,CDQ,14989809,34.0833,2025,4,1,2025-06-28
6501,CDQ,14989825,14.75,2025,4,1,2025-06-28
6502,CDQ,14989833,25.0833,2025,4,1,2025-06-28
6503,CDQ,15095284,72.0833,2025,4,1,2025-06-28
6504,CDQ,15168156,188.0,2025,4,1,2025-06-28
6505,CDQ,15298014,36.8333,2025,4,1,2025-06-28
6506,CDQ,15303872,16.8333,2025,4,1,2025-06-28
6507,CDQ,15303910,17.25,2025,4,1,2025-06-28
6508,CDQ,15311581,57.75,2025,4,1,2025-06-28
6509,CDQ,15474217,90.0,2025,4,1,2025-06-28
6510,CDM,14064873,58.3333,2025,4,2,2025-07-05
6511,CDM,14545132,36.75,2025,4,2,2025-07-05
6512,CDM,14561781,52.5,2025,4,2,2025-07-05
6513,CDM,14682882,208.5,2025,4,2,2025-07-05
6514,CDM,14758699,98.3333,2025,4,2,2025-07-05
6515,CDM,14954868,16.8333,2025,4,2,2025-07-05
6516,CDM,14954892,186.833,2025,4,2,2025-07-05
6517,CDM,14989770,46.6667,2025,4,2,2025-07-05
6518,CDM,14989788,43.6667,2025,4,2,2025-07-05
6519,CDM,14989809,40.1667,2025,4,2,2025-07-05
6520,CDM,14989825,64.75,2025,4,2,2025-07-05
6521,CDM,14989833,22.0,2025,4,2,2025-07-05
6522,CDM,15095284,47.4167,2025,4,2,2025-07-05
6523,CDM,15168156,902.708,2025,4,2,2025-07-05
6524,CDM,15298014,376.5,2025,4,2,2025-07-05
6525,CDM,15303872,36.25,2025,4,2,2025-07-05
6526,CDM,15303910,84.6667,2025,4,2,2025-07-05
6527,CDM,15311581,148.917,2025,4,2,2025-07-05
6528,CDM,15384553,89.3333,2025,4,2,2025-07-05
6529,CDM,15474217,328.792,2025,4,2,2025-07-05
6530,CDM,15489099,91.75,2025,4,2,2025-07-05
6531,CDQ,14064873,34.4167,2025,4,2,2025-07-05
6532,CDQ,14545132,17.8333,2025,4,2,2025-07-05
6533,CDQ,14561781,21.0833,2025,4,2,2025-07-05
6534,CDQ,14682882,107.833,2025,4,2,2025-07-05
6535,CDQ,14758699,141.0,2025,4,2,2025-07-05
6536,CDQ,14954868,23.25,2025,4,2,2025-07-05
6537,CDQ,14954892,58.8333,2025,4,2,2025-07-05
6538,CDQ,14989770,22.0,2025,4,2,2025-07-05
6539,CDQ,14989788,11.5,2025,4,2,2025-07-05
6540,CDQ,14989809,26.5833,2025,4,2,2025-07-05
6541,CDQ,14989825,11.5,2025,4,2,2025-07-05
6542,CDQ,14989833,24.9167,2025,4,2,2025-07-05
6543,CDQ,15095284,62.9167,2025,4,2,2025-07-05
6544,CDQ,15168156,128.0,2025,4,2,2025-07-05
6545,CDQ,15298014,276.833,2025,4,2,2025-07-05
6546,CDQ,15303872,15.8333,2025,4,2,2025-07-05
6547,CDQ,15303910,13.25,2025,4,2,2025-07-05
6548,CDQ,15311581,47.3333,2025,4,2,2025-07-05
6549,CDQ,15474217,93.0,2025,4,2,2025-07-05
6550,CDM,14064873,54.1667,2025,4,3,2025-07-12
6551,CDM,14545132,75.75,2025,4,3,2025-07-12
6552,CDM,14561781,52.5,2025,4,3,2025-07-12
6553,CDM,14682882,343.917,2025,4,3,2025-07-12
6554,CDM,14758699,139.833,2025,4,3,2025-07-12
6555,CDM,14954868,10.8333,2025,4,3,2025-07-12
6556,CDM,14954892,226.167,2025,4,3,2025-07-12
6557,CDM,14989770,43.25,2025,4,3,2025-07-12
6558,CDM,14989788,40.5,2025,4,3,2025-07-12
6559,CDM,14989809,30.8333,2025,4,3,2025-07-12
6560,CDM,14989825,43.6667,2025,4,3,2025-07-12
6561,CDM,14989833,22.0,2025,4,3,2025-07-12
6562,CDM,15095284,95.3333,2025,4,3,2025-07-12
6563,CDM,15168156,494.5,2025,4,3,2025-07-12
6564,CDM,15298014,280.667,2025,4,3,2025-07-12
6565,CDM,15303872,147.25,2025,4,3,2025-07-12
6566,CDM,15303910,75.6667,2025,4,3,2025-07-12
6567,CDM,15311581,105.833,2025,4,3,2025-07-12
6568,CDM,15384553,89.3333,2025,4,3,2025-07-12
6569,CDM,15474217,39.7917,2025,4,3,2025-07-12
6570,CDM,15489099,84.75,2025,4,3,2025-07-12
6571,CDQ,14064873,27.8333,2025,4,3,2025-07-12
6572,CDQ,14545132,22.75,2025,4,3,2025-07-12
6573,CDQ,14561781,19.6667,2025,4,3,2025-07-12
6574,CDQ,14682882,131.5,2025,4,3,2025-07-12
6575,CDQ,14758699,118.75,2025,4,3,2025-07-12
6576,CDQ,14954868,11.25,2025,4,3,2025-07-12
6577,CDQ,14954892,92.25,2025,4,3,2025-07-12
6578,CDQ,14989770,17.0,2025,4,3,2025-07-12
6579,CDQ,14989788,7.3333,2025,4,3,2025-07-12
6580,CDQ,14989809,20.3333,2025,4,3,2025-07-12
6581,CDQ,14989825,28.1667,2025,4,3,2025-07-12
6582,CDQ,14989833,21.6667,2025,4,3,2025-07-12
6583,CDQ,15095284,47.9167,2025,4,3,2025-07-12
6584,CDQ,15168156,58.0,2025,4,3,2025-07-12
6585,CDQ,15298014,157.0,2025,4,3,2025-07-12
6586,CDQ,15303872,10.8333,2025,4,3,2025-07-12
6587,CDQ,15303910,7.25,2025,4,3,2025-07-12
6588,CDQ,15311581,59.9167,2025,4,3,2025-07-12
6589,CDQ,15474217,76.0,2025,4,3,2025-07-12
6590,CDM,14064873,51.4167,2025,4,4,2025-07-19
6591,CDM,14545132,35.6667,2025,4,4,2025-07-19
6592,CDM,14561781,51.4167,2025,4,4,2025-07-19
6593,CDM,14682882,287.917,2025,4,4,2025-07-19
6594,CDM,14758699,111.833,2025,4,4,2025-07-19
6595,CDM,14954868,3.5,2025,4,4,2025-07-19
6596,CDM,14954892,102.083,2025,4,4,2025-07-19
6597,CDM,14989770,42.1667,2025,4,4,2025-07-19
6598,CDM,14989788,32.3333,2025,4,4,2025-07-19
6599,CDM,14989809,24.9167,2025,4,4,2025-07-19
6600,CDM,14989825,41.0833,2025,4,4,2025-07-19
6601,CDM,14989833,18.75,2025,4,4,2025-07-19
6602,CDM,15095284,79.8333,2025,4,4,2025-07-19
6603,CDM,15168156,296.5,2025,4,4,2025-07-19
6604,CDM,15298014,484.667,2025,4,4,2025-07-19
6605,CDM,15303872,115.0,2025,4,4,2025-07-19
6606,CDM,15303910,67.5833,2025,4,4,2025-07-19
6607,CDM,15311581,80.3333,2025,4,4,2025-07-19
6608,CDM,15384553,89.0,2025,4,4,2025-07-19
6609,CDM,15474217,826.292,2025,4,4,2025-07-19
6610,CDM,15489099,73.3333,2025,4,4,2025-07-19
6611,CDQ,14064873,25.8333,2025,4,4,2025-07-19
6612,CDQ,14545132,45.75,2025,4,4,2025-07-19
6613,CDQ,14561781,18.4167,2025,4,4,2025-07-19
6614,CDQ,14682882,166.75,2025,4,4,2025-07-19
6615,CDQ,14758699,148.75,2025,4,4,2025-07-19
6616,CDQ,14954868,10.25,2025,4,4,2025-07-19
6617,CDQ,14954892,51.9167,2025,4,4,2025-07-19
6618,CDQ,14989770,8.0,2025,4,4,2025-07-19
6619,CDQ,14989788,1.3333,2025,4,4,2025-07-19
6620,CDQ,14989809,3.25,2025,4,4,2025-07-19
6621,CDQ,14989825,22.75,2025,4,4,2025-07-19
6622,CDQ,14989833,19.6667,2025,4,4,2025-07-19
6623,CDQ,15095284,24.9167,2025,4,4,2025-07-19
6624,CDQ,15168156,253.0,2025,4,4,2025-07-19
6625,CDQ,15298014,217.0,2025,4,4,2025-07-19
6626,CDQ,15303872,28.6667,2025,4,4,2025-07-19
6627,CDQ,15303910,4.9167,2025,4,4,2025-07-19
6628,CDQ,15311581,43.6667,2025,4,4,2025-07-19
6629,CDQ,15474217,370.0,2025,4,4,2025-07-19
6630,CDM,14064873,98.6667,2025,5,1,2025-07-26
6631,CDM,14545132,32.25,2025,5,1,2025-07-26
6632,CDM,14561781,49.25,2025,5,1,2025-07-26
6633,CDM,14682882,238.083,2025,5,1,2025-07-26
6634,CDM,14758699,96.6667,2025,5,1,2025-07-26
6635,CDM,14954868,59.4167,2025,5,1,2025-07-26
6636,CDM,14954892,190.667,2025,5,1,2025-07-26
6637,CDM,14989770,28.8333,2025,5,1,2025-07-26
6638,CDM,14989788,19.0,2025,5,1,2025-07-26
6639,CDM,14989809,80.75,2025,5,1,2025-07-26
6640,CDM,14989825,37.1667,2025,5,1,2025-07-26
6641,CDM,14989833,17.5,2025,5,1,2025-07-26
6642,CDM,15095284,41.4167,2025,5,1,2025-07-26
6643,CDM,15168156,509.5,2025,5,1,2025-07-26
6644,CDM,15298014,352.833,2025,5,1,2025-07-26
6645,CDM,15303872,112.667,2025,5,1,2025-07-26
6646,CDM,15303910,63.4167,2025,5,1,2025-07-26
6647,CDM,15311581,67.75,2025,5,1,2025-07-26
6648,CDM,15384553,86.6667,2025,5,1,2025-07-26
6649,CDM,15474217,1215.75,2025,5,1,2025-07-26
6650,CDM,15489099,55.25,2025,5,1,2025-07-26
6651,CDQ,14064873,24.75,2025,5,1,2025-07-26
6652,CDQ,14545132,37.6667,2025,5,1,2025-07-26
6653,CDQ,14561781,18.4167,2025,5,1,2025-07-26
6654,CDQ,14682882,145.083,2025,5,1,2025-07-26
6655,CDQ,14758699,130.667,2025,5,1,2025-07-26
6656,CDQ,14954868,1.25,2025,5,1,2025-07-26
6657,CDQ,14954892,31.0833,2025,5,1,2025-07-26
6658,CDQ,14989770,13.0,2025,5,1,2025-07-26
6659,CDQ,14989809,0.1667,2025,5,1,2025-07-26
6660,CDQ,14989825,17.6667,2025,5,1,2025-07-26
6661,CDQ,14989833,16.6667,2025,5,1,2025-07-26
6662,CDQ,15095284,38.3333,2025,5,1,2025-07-26
6663,CDQ,15168156,168.0,2025,5,1,2025-07-26
6664,CDQ,15298014,132.0,2025,5,1,2025-07-26
6665,CDQ,15303872,23.6667,2025,5,1,2025-07-26
6666,CDQ,15303910,2.9167,2025,5,1,2025-07-26
6667,CDQ,15311581,35.4167,2025,5,1,2025-07-26
6668,CDQ,15474217,137.5,2025,5,1,2025-07-26
6669,CDM,14064873,150.5,2025,5,2,2025-08-02
6670,CDM,14545132,87.0833,2025,5,2,2025-08-02
6671,CDM,14561781,47.0,2025,5,2,2025-08-02
6672,CDM,14682882,566.917,2025,5,2,2025-08-02
6673,CDM,14758699,201.25,2025,5,2,2025-08-02
6674,CDM,14954868,83.0833,2025,5,2,2025-08-02
6675,CDM,14954892,116.417,2025,5,2,2025-08-02
6676,CDM,14989770,77.5833,2025,5,2,2025-08-02
6677,CDM,14989788,16.4167,2025,5,2,2025-08-02
6678,CDM,14989809,41.8333,2025,5,2,2025-08-02
6679,CDM,14989825,34.6667,2025,5,2,2025-08-02
6680,CDM,14989833,76.5,2025,5,2,2025-08-02
6681,CDM,15095284,93.0,2025,5,2,2025-08-02
6682,CDM,15168156,286.0,2025,5,2,2025-08-02
6683,CDM,15298014,128.833,2025,5,2,2025-08-02
6684,CDM,15303872,230.083,2025,5,2,2025-08-02
6685,CDM,15303910,50.3333,2025,5,2,2025-08-02
6686,CDM,15311581,182.667,2025,5,2,2025-08-02
6687,CDM,15384553,86.6667,2025,5,2,2025-08-02
6688,CDM,15474217,665.917,2025,5,2,2025-08-02
6689,CDM,15489099,143.833,2025,5,2,2025-08-02
6690,CDQ,14064873,16.5833,2025,5,2,2025-08-02
6691,CDQ,14545132,33.6667,2025,5,2,2025-08-02
6692,CDQ,14561781,16.4167,2025,5,2,2025-08-02
6693,CDQ,14682882,120.833,2025,5,2,2025-08-02
6694,CDQ,14758699,105.5,2025,5,2,2025-08-02
6695,CDQ,14954868,19.25,2025,5,2,2025-08-02
6696,CDQ,14954892,5.4167,2025,5,2,2025-08-02
6697,CDQ,14989770,18.0,2025,5,2,2025-08-02
6698,CDQ,14989788,10.0,2025,5,2,2025-08-02
6699,CDQ,14989809,30.0,2025,5,2,2025-08-02
6700,CDQ,14989825,16.3333,2025,5,2,2025-08-02
6701,CDQ,14989833,16.6667,2025,5,2,2025-08-02
6702,CDQ,15095284,23.4167,2025,5,2,2025-08-02
6703,CDQ,15168156,207.0,2025,5,2,2025-08-02
6704,CDQ,15298014,139.0,2025,5,2,2025-08-02
6705,CDQ,15303872,22.6667,2025,5,2,2025-08-02
6706,CDQ,15303910,0.9167,2025,5,2,2025-08-02
6707,CDQ,15311581,19.5833,2025,5,2,2025-08-02
6708,CDQ,15474217,266.75,2025,5,2,2025-08-02
6709,CDM,14064873,87.6667,2025,5,3,2025-08-09
6710,CDM,14545132,54.0,2025,5,3,2025-08-09
6711,CDM,14561781,46.0,2025,5,3,2025-08-09
6712,CDM,14682882,473.5,2025,5,3,2025-08-09
6713,CDM,14758699,126.5,2025,5,3,2025-08-09
6714,CDM,14954868,49.9167,2025,5,3,2025-08-09
6715,CDM,14954892,535.75,2025,5,3,2025-08-09
6716,CDM,14989770,75.5,2025,5,3,2025-08-09
6717,CDM,14989788,11.25,2025,5,3,2025-08-09
6718,CDM,14989809,34.0,2025,5,3,2025-08-09
6719,CDM,14989825,33.25,2025,5,3,2025-08-09
6720,CDM,14989833,74.0833,2025,5,3,2025-08-09
6721,CDM,15095284,77.8333,2025,5,3,2025-08-09
6722,CDM,15168156,815.0,2025,5,3,2025-08-09
6723,CDM,15298014,1399.96,2025,5,3,2025-08-09
6724,CDM,15303872,156.417,2025,5,3,2025-08-09
6725,CDM,15303910,45.25,2025,5,3,2025-08-09
6726,CDM,15311581,161.667,2025,5,3,2025-08-09
6727,CDM,15384553,85.6667,2025,5,3,2025-08-09
6728,CDM,15474217,1430.42,2025,5,3,2025-08-09
6729,CDM,15489099,127.667,2025,5,3,2025-08-09
6730,CDQ,14064873,67.5833,2025,5,3,2025-08-09
6731,CDQ,14545132,57.6667,2025,5,3,2025-08-09
6732,CDQ,14561781,14.4167,2025,5,3,2025-08-09
6733,CDQ,14682882,167.917,2025,5,3,2025-08-09
6734,CDQ,14758699,149.333,2025,5,3,2025-08-09
6735,CDQ,14954868,28.25,2025,5,3,2025-08-09
6736,CDQ,14954892,63.0,2025,5,3,2025-08-09
6737,CDQ,14989770,13.0,2025,5,3,2025-08-09
6738,CDQ,14989788,7.9167,2025,5,3,2025-08-09
6739,CDQ,14989809,24.0,2025,5,3,2025-08-09
6740,CDQ,14989825,13.6667,2025,5,3,2025-08-09
6741,CDQ,14989833,16.6667,2025,5,3,2025-08-09
6742,CDQ,15095284,134.917,2025,5,3,2025-08-09
6743,CDQ,15168156,134.0,2025,5,3,2025-08-09
6744,CDQ,15298014,56.1667,2025,5,3,2025-08-09
6745,CDQ,15303872,74.6667,2025,5,3,2025-08-09
6746,CDQ,15303910,8.4167,2025,5,3,2025-08-09
6747,CDQ,15311581,121.083,2025,5,3,2025-08-09
6748,CDQ,15474217,143.0,2025,5,3,2025-08-09
6749,CDM,14064873,78.5,2025,5,4,2025-08-16
6750,CDM,14545132,49.9167,2025,5,4,2025-08-16
6751,CDM,14561781,71.8333,2025,5,4,2025-08-16
6752,CDM,14682882,444.25,2025,5,4,2025-08-16
6753,CDM,14758699,101.75,2025,5,4,2025-08-16
6754,CDM,14954868,140.75,2025,5,4,2025-08-16
6755,CDM,14954892,365.917,2025,5,4,2025-08-16
6756,CDM,14989770,50.9167,2025,5,4,2025-08-16
6757,CDM,14989788,3.1667,2025,5,4,2025-08-16
6758,CDM,14989809,22.4167,2025,5,4,2025-08-16
6759,CDM,14989825,32.8333,2025,5,4,2025-08-16
6760,CDM,14989833,73.0833,2025,5,4,2025-08-16
6761,CDM,15095284,184.667,2025,5,4,2025-08-16
6762,CDM,15168156,1284.0,2025,5,4,2025-08-16
6763,CDM,15298014,834.792,2025,5,4,2025-08-16
6764,CDM,15303872,145.167,2025,5,4,2025-08-16
6765,CDM,15303910,40.1667,2025,5,4,2025-08-16
6766,CDM,15311581,139.583,2025,5,4,2025-08-16
6767,CDM,15384553,85.3333,2025,5,4,2025-08-16
6768,CDM,15474217,1082.75,2025,5,4,2025-08-16
6769,CDM,15489099,104.0,2025,5,4,2025-08-16
6770,CDQ,14064873,62.5833,2025,5,4,2025-08-16
6771,CDQ,14545132,46.6667,2025,5,4,2025-08-16
6772,CDQ,14561781,11.4167,2025,5,4,2025-08-16
6773,CDQ,14682882,147.667,2025,5,4,2025-08-16
6774,CDQ,14758699,120.25,2025,5,4,2025-08-16
6775,CDQ,14954868,38.25,2025,5,4,2025-08-16
6776,CDQ,14954892,77.6667,2025,5,4,2025-08-16
6777,CDQ,14989770,13.0,2025,5,4,2025-08-16
6778,CDQ,14989788,4.9167,2025,5,4,2025-08-16
6779,CDQ,14989809,16.5,2025,5,4,2025-08-16
6780,CDQ,14989825,11.25,2025,5,4,2025-08-16
6781,CDQ,14989833,14.6667,2025,5,4,2025-08-16
6782,CDQ,15095284,109.833,2025,5,4,2025-08-16
6783,CDQ,15168156,153.0,2025,5,4,2025-08-16
6784,CDQ,15298014,359.708,2025,5,4,2025-08-16
6785,CDQ,15303872,66.6667,2025,5,4,2025-08-16
6786,CDQ,15303910,1.8333,2025,5,4,2025-08-16
6787,CDQ,15311581,111.833,2025,5,4,2025-08-16
6788,CDQ,15474217,138.0,2025,5,4,2025-08-16
6789,CDM,14001338,0.1667,2025,6,1,2025-08-23
6790,CDM,14064873,131.083,2025,6,1,2025-08-23
6791,CDM,14545132,47.9167,2025,6,1,2025-08-23
6792,CDM,14561781,59.75,2025,6,1,2025-08-23
6793,CDM,14682882,344.0,2025,6,1,2025-08-23
6794,CDM,14758699,88.0833,2025,6,1,2025-08-23
6795,CDM,14954868,103.417,2025,6,1,2025-08-23
6796,CDM,14954892,587.083,2025,6,1,2025-08-23
6797,CDM,14989770,97.9167,2025,6,1,2025-08-23
6798,CDM,14989788,56.0833,2025,6,1,2025-08-23
6799,CDM,14989809,73.9167,2025,6,1,2025-08-23
6800,CDM,14989825,18.4167,2025,6,1,2025-08-23
6801,CDM,14989833,52.0,2025,6,1,2025-08-23
6802,CDM,15095284,120.667,2025,6,1,2025-08-23
6803,CDM,15168156,917.5,2025,6,1,2025-08-23
6804,CDM,15298014,650.792,2025,6,1,2025-08-23
6805,CDM,15303872,141.083,2025,6,1,2025-08-23
6806,CDM,15303910,24.1667,2025,6,1,2025-08-23
6807,CDM,15311581,130.417,2025,6,1,2025-08-23
6808,CDM,15384553,83.3333,2025,6,1,2025-08-23
6809,CDM,15474217,1216.42,2025,6,1,2025-08-23
6810,CDM,15489099,93.6667,2025,6,1,2025-08-23
6811,CDQ,14064873,59.4167,2025,6,1,2025-08-23
6812,CDQ,14545132,102.667,2025,6,1,2025-08-23
6813,CDQ,14561781,20.4167,2025,6,1,2025-08-23
6814,CDQ,14682882,188.167,2025,6,1,2025-08-23
6815,CDQ,14758699,107.25,2025,6,1,2025-08-23
6816,CDQ,14954868,61.25,2025,6,1,2025-08-23
6817,CDQ,14954892,54.3333,2025,6,1,2025-08-23
6818,CDQ,14989770,22.0,2025,6,1,2025-08-23
6819,CDQ,14989788,1.3333,2025,6,1,2025-08-23
6820,CDQ,14989809,5.25,2025,6,1,2025-08-23
6821,CDQ,14989825,21.0833,2025,6,1,2025-08-23
6822,CDQ,14989833,33.4167,2025,6,1,2025-08-23
6823,CDQ,15095284,160.833,2025,6,1,2025-08-23
6824,CDQ,15168156,388.0,2025,6,1,2025-08-23
6825,CDQ,15298014,381.708,2025,6,1,2025-08-23
6826,CDQ,15303872,61.6667,2025,6,1,2025-08-23
6827,CDQ,15303910,9.8333,2025,6,1,2025-08-23
6828,CDQ,15311581,100.833,2025,6,1,2025-08-23
6829,CDQ,15474217,317.0,2025,6,1,2025-08-23
6870,CDM,14064873,127.0,2025,6,2,2025-08-30
6871,CDM,14545132,46.6667,2025,6,2,2025-08-30
6872,CDM,14561781,59.6667,2025,6,2,2025-08-30
6873,CDM,14682882,318.667,2025,6,2,2025-08-30
6874,CDM,14758699,74.5833,2025,6,2,2025-08-30
6875,CDM,14954868,96.1667,2025,6,2,2025-08-30
6876,CDM,14954892,514.583,2025,6,2,2025-08-30
6877,CDM,14989770,96.75,2025,6,2,2025-08-30
6878,CDM,14989788,55.9167,2025,6,2,2025-08-30
6879,CDM,14989809,97.9167,2025,6,2,2025-08-30
6880,CDM,14989825,16.0833,2025,6,2,2025-08-30
6881,CDM,14989833,51.9167,2025,6,2,2025-08-30
6882,CDM,15095284,114.333,2025,6,2,2025-08-30
6883,CDM,15168156,853.75,2025,6,2,2025-08-30
6884,CDM,15298014,567.333,2025,6,2,2025-08-30
6885,CDM,15303872,139.083,2025,6,2,2025-08-30
6886,CDM,15303910,16.0,2025,6,2,2025-08-30
6887,CDM,15311581,124.167,2025,6,2,2025-08-30
6888,CDM,15384553,79.3333,2025,6,2,2025-08-30
6889,CDM,15474217,1080.08,2025,6,2,2025-08-30
6890,CDM,15489099,74.6667,2025,6,2,2025-08-30
6891,CDQ,14064873,58.4167,2025,6,2,2025-08-30
6892,CDQ,14545132,97.6667,2025,6,2,2025-08-30
6893,CDQ,14561781,18.4167,2025,6,2,2025-08-30
6894,CDQ,14682882,168.833,2025,6,2,2025-08-30
6895,CDQ,14758699,91.9167,2025,6,2,2025-08-30
6896,CDQ,14954868,54.25,2025,6,2,2025-08-30
6897,CDQ,14954892,37.3333,2025,6,2,2025-08-30
6898,CDQ,14989770,17.0,2025,6,2,2025-08-30
6899,CDQ,14989788,30.1667,2025,6,2,2025-08-30
6900,CDQ,14989809,30.8333,2025,6,2,2025-08-30
6901,CDQ,14989825,19.8333,2025,6,2,2025-08-30
6902,CDQ,14989833,29.4167,2025,6,2,2025-08-30
6903,CDQ,15095284,152.583,2025,6,2,2025-08-30
6904,CDQ,15168156,356.0,2025,6,2,2025-08-30
6905,CDQ,15298014,336.708,2025,6,2,2025-08-30
6906,CDQ,15303872,60.5833,2025,6,2,2025-08-30
6907,CDQ,15303910,4.75,2025,6,2,2025-08-30
6908,CDQ,15311581,98.5,2025,6,2,2025-08-30
6909,CDQ,15474217,247.0,2025,6,2,2025-08-30
6910,CDM,14064873,119.417,2025,6,3,2025-09-06
6911,CDM,14545132,43.3333,2025,6,3,2025-09-06
6912,CDM,14561781,58.5833,2025,6,3,2025-09-06
6913,CDM,14682882,303.5,2025,6,3,2025-09-06
6914,CDM,14758699,63.3333,2025,6,3,2025-09-06
6915,CDM,14954868,89.9167,2025,6,3,2025-09-06
6916,CDM,14954892,397.083,2025,6,3,2025-09-06
6917,CDM,14989770,76.75,2025,6,3,2025-09-06
6918,CDM,14989788,46.6667,2025,6,3,2025-09-06
6919,CDM,14989809,83.25,2025,6,3,2025-09-06
6920,CDM,14989825,6.75,2025,6,3,2025-09-06
6921,CDM,14989833,50.8333,2025,6,3,2025-09-06
6922,CDM,15095284,108.333,2025,6,3,2025-09-06
6923,CDM,15168156,724.5,2025,6,3,2025-09-06
6924,CDM,15298014,525.333,2025,6,3,2025-09-06
6925,CDM,15303872,122.583,2025,6,3,2025-09-06
6926,CDM,15303910,8.8333,2025,6,3,2025-09-06
6927,CDM,15311581,115.083,2025,6,3,2025-09-06
6928,CDM,15384553,79.0,2025,6,3,2025-09-06
6929,CDM,15474217,830.417,2025,6,3,2025-09-06
6930,CDM,15489099,58.5,2025,6,3,2025-09-06
6931,CDQ,14064873,53.1667,2025,6,3,2025-09-06
6932,CDQ,14545132,95.6667,2025,6,3,2025-09-06
6933,CDQ,14561781,17.4167,2025,6,3,2025-09-06
6934,CDQ,14682882,163.833,2025,6,3,2025-09-06
6935,CDQ,14758699,75.8333,2025,6,3,2025-09-06
6936,CDQ,14954868,52.25,2025,6,3,2025-09-06
6937,CDQ,14954892,28.0833,2025,6,3,2025-09-06
6938,CDQ,14989770,13.0,2025,6,3,2025-09-06
6939,CDQ,14989788,29.75,2025,6,3,2025-09-06
6940,CDQ,14989809,29.6667,2025,6,3,2025-09-06
6941,CDQ,14989825,11.0833,2025,6,3,2025-09-06
6942,CDQ,14989833,29.4167,2025,6,3,2025-09-06
6943,CDQ,15095284,141.5,2025,6,3,2025-09-06
6944,CDQ,15168156,344.0,2025,6,3,2025-09-06
6945,CDQ,15298014,299.708,2025,6,3,2025-09-06
6946,CDQ,15303872,58.5833,2025,6,3,2025-09-06
6947,CDQ,15303910,0.75,2025,6,3,2025-09-06
6948,CDQ,15311581,89.5,2025,6,3,2025-09-06
6949,CDQ,15474217,207.958,2025,6,3,2025-09-06
6950,CDM,14064873,112.333,2025,6,4,2025-09-13
6951,CDM,14545132,44.3333,2025,6,4,2025-09-13
6952,CDM,14561781,51.6667,2025,6,4,2025-09-13
6953,CDM,14682882,162.25,2025,6,4,2025-09-13
6954,CDM,14758699,47.3333,2025,6,4,2025-09-13
6955,CDM,14954868,78.6667,2025,6,4,2025-09-13
6956,CDM,14954892,302.583,2025,6,4,2025-09-13
6957,CDM,14989770,72.5833,2025,6,4,2025-09-13
6958,CDM,14989788,38.5833,2025,6,4,2025-09-13
6959,CDM,14989809,75.5833,2025,6,4,2025-09-13
6960,CDM,14989825,1.1667,2025,6,4,2025-09-13
6961,CDM,14989833,47.75,2025,6,4,2025-09-13
6962,CDM,15095284,101.083,2025,6,4,2025-09-13
6963,CDM,15168156,626.5,2025,6,4,2025-09-13
6964,CDM,15298014,440.0,2025,6,4,2025-09-13
6965,CDM,15303872,120.5,2025,6,4,2025-09-13
6966,CDM,15303910,3.8333,2025,6,4,2025-09-13
6967,CDM,15311581,101.917,2025,6,4,2025-09-13
6968,CDM,15384553,79.0,2025,6,4,2025-09-13
6969,CDM,15474217,720.75,2025,6,4,2025-09-13
6970,CDM,15489099,37.5,2025,6,4,2025-09-13
6971,CDQ,14064873,47.1667,2025,6,4,2025-09-13
6972,CDQ,14545132,89.5,2025,6,4,2025-09-13
6973,CDQ,14561781,11.4167,2025,6,4,2025-09-13
6974,CDQ,14682882,149.833,2025,6,4,2025-09-13
6975,CDQ,14758699,47.5,2025,6,4,2025-09-13
6976,CDQ,14954868,46.25,2025,6,4,2025-09-13
6977,CDQ,14954892,67.1667,2025,6,4,2025-09-13
6978,CDQ,14989770,26.0,2025,6,4,2025-09-13
6979,CDQ,14989788,22.1667,2025,6,4,2025-09-13
6980,CDQ,14989809,16.5833,2025,6,4,2025-09-13
6981,CDQ,14989825,3.9167,2025,6,4,2025-09-13
6982,CDQ,14989833,28.0833,2025,6,4,2025-09-13
6983,CDQ,15095284,129.083,2025,6,4,2025-09-13
6984,CDQ,15168156,287.0,2025,6,4,2025-09-13
6985,CDQ,15298014,237.708,2025,6,4,2025-09-13
6986,CDQ,15303872,54.5833,2025,6,4,2025-09-13
6987,CDQ,15303910,0.5833,2025,6,4,2025-09-13
6988,CDQ,15311581,82.5,2025,6,4,2025-09-13
6989,CDQ,15474217,331.958,2025,6,4,2025-09-13
6990,CDM,14064873,91.9167,2025,7,1,2025-09-20
6991,CDM,14545132,42.3333,2025,7,1,2025-09-20
6992,CDM,14561781,50.0833,2025,7,1,2025-09-20
6993,CDM,14682882,493.75,2025,7,1,2025-09-20
6994,CDM,14758699,151.833,2025,7,1,2025-09-20
6995,CDM,14954868,72.8333,2025,7,1,2025-09-20
6996,CDM,14954892,244.583,2025,7,1,2025-09-20
6997,CDM,14989770,72.4167,2025,7,1,2025-09-20
6998,CDM,14989788,37.4167,2025,7,1,2025-09-20
6999,CDM,14989809,49.6667,2025,7,1,2025-09-20
7000,CDM,14989833,47.3333,2025,7,1,2025-09-20
7001,CDM,15095284,98.8333,2025,7,1,2025-09-20
7002,CDM,15168156,1101.25,2025,7,1,2025-09-20
7003,CDM,15298014,376.0,2025,7,1,2025-09-20
7004,CDM,15303872,100.417,2025,7,1,2025-09-20
7005,CDM,15303910,62.6667,2025,7,1,2025-09-20
7006,CDM,15311581,274.417,2025,7,1,2025-09-20
7007,CDM,15384553,76.0,2025,7,1,2025-09-20
7008,CDM,15474217,629.75,2025,7,1,2025-09-20
7009,CDM,15489099,16.75,2025,7,1,2025-09-20
7010,CDQ,14064873,53.0833,2025,7,1,2025-09-20
7011,CDQ,14545132,83.5,2025,7,1,2025-09-20
7012,CDQ,14561781,11.4167,2025,7,1,2025-09-20
7013,CDQ,14682882,138.833,2025,7,1,2025-09-20
7014,CDQ,14758699,36.3333,2025,7,1,2025-09-20
7015,CDQ,14954868,37.25,2025,7,1,2025-09-20
7016,CDQ,14954892,53.9167,2025,7,1,2025-09-20
7017,CDQ,14989770,23.0,2025,7,1,2025-09-20
7018,CDQ,14989788,16.9167,2025,7,1,2025-09-20
7019,CDQ,14989809,29.3333,2025,7,1,2025-09-20
7020,CDQ,14989833,28.0833,2025,7,1,2025-09-20
7021,CDQ,15095284,119.083,2025,7,1,2025-09-20
7022,CDQ,15168156,266.0,2025,7,1,2025-09-20
7023,CDQ,15298014,209.708,2025,7,1,2025-09-20
7024,CDQ,15303872,52.5833,2025,7,1,2025-09-20
7025,CDQ,15303910,0.5833,2025,7,1,2025-09-20
7026,CDQ,15311581,76.5,2025,7,1,2025-09-20
7027,CDQ,15474217,294.958,2025,7,1,2025-09-20
7028,CDM,14064873,142.083,2025,7,2,2025-09-27
7029,CDM,14545132,40.3333,2025,7,2,2025-09-27
7030,CDM,14561781,49.25,2025,7,2,2025-09-27
7031,CDM,14682882,465.25,2025,7,2,2025-09-27
7032,CDM,14758699,71.0833,2025,7,2,2025-09-27
7033,CDM,14954868,63.8333,2025,7,2,2025-09-27
7034,CDM,14954892,191.333,2025,7,2,2025-09-27
7035,CDM,14989770,100.417,2025,7,2,2025-09-27
7036,CDM,14989788,36.25,2025,7,2,2025-09-27
7037,CDM,14989809,45.4167,2025,7,2,2025-09-27
7038,CDM,14989825,120.0,2025,7,2,2025-09-27
7039,CDM,14989833,47.3333,2025,7,2,2025-09-27
7040,CDM,15095284,91.75,2025,7,2,2025-09-27
7041,CDM,15168156,1068.25,2025,7,2,2025-09-27
7042,CDM,15298014,704.667,2025,7,2,2025-09-27
7043,CDM,15303872,86.25,2025,7,2,2025-09-27
7044,CDM,15303910,56.5833,2025,7,2,2025-09-27
7045,CDM,15311581,264.167,2025,7,2,2025-09-27
7046,CDM,15384553,74.0,2025,7,2,2025-09-27
7047,CDM,15474217,543.417,2025,7,2,2025-09-27
7048,CDM,15489099,3.25,2025,7,2,2025-09-27
7049,CDQ,14064873,45.75,2025,7,2,2025-09-27
7050,CDQ,14545132,78.5,2025,7,2,2025-09-27
7051,CDQ,14561781,9.4167,2025,7,2,2025-09-27
7052,CDQ,14682882,127.25,2025,7,2,2025-09-27
7053,CDQ,14758699,86.8333,2025,7,2,2025-09-27
7054,CDQ,14954868,32.25,2025,7,2,2025-09-27
7055,CDQ,14954892,48.6667,2025,7,2,2025-09-27
7056,CDQ,14989770,23.0,2025,7,2,2025-09-27
7057,CDQ,14989788,12.5,2025,7,2,2025-09-27
7058,CDQ,14989809,26.25,2025,7,2,2025-09-27
7059,CDQ,14989833,26.75,2025,7,2,2025-09-27
7060,CDQ,15095284,107.667,2025,7,2,2025-09-27
7061,CDQ,15168156,253.0,2025,7,2,2025-09-27
7062,CDQ,15298014,180.708,2025,7,2,2025-09-27
7063,CDQ,15303872,50.5833,2025,7,2,2025-09-27
7064,CDQ,15303910,0.5833,2025,7,2,2025-09-27
7065,CDQ,15311581,71.0,2025,7,2,2025-09-27
7066,CDQ,15474217,248.958,2025,7,2,2025-09-27
7067,CDM,14064873,131.333,2025,7,3,2025-10-04
7068,CDM,14545132,38.1667,2025,7,3,2025-10-04
7069,CDM,14561781,45.75,2025,7,3,2025-10-04
7070,CDM,14682882,411.667,2025,7,3,2025-10-04
7071,CDM,14758699,58.25,2025,7,3,2025-10-04
7072,CDM,14954868,57.8333,2025,7,3,2025-10-04
7073,CDM,14954892,138.667,2025,7,3,2025-10-04
7074,CDM,14989770,101.167,2025,7,3,2025-10-04
7075,CDM,14989788,34.9167,2025,7,3,2025-10-04
7076,CDM,14989809,37.75,2025,7,3,2025-10-04
7077,CDM,14989825,115.917,2025,7,3,2025-10-04
7078,CDM,14989833,47.1667,2025,7,3,2025-10-04
7079,CDM,15095284,92.5833,2025,7,3,2025-10-04
7080,CDM,15168156,1033.75,2025,7,3,2025-10-04
7081,CDM,15298014,561.167,2025,7,3,2025-10-04
7082,CDM,15303872,78.0833,2025,7,3,2025-10-04
7083,CDM,15303910,42.5,2025,7,3,2025-10-04
7084,CDM,15311581,200.667,2025,7,3,2025-10-04
7085,CDM,15384553,74.0,2025,7,3,2025-10-04
7086,CDM,15474217,493.083,2025,7,3,2025-10-04
7087,CDM,15489099,56.4167,2025,7,3,2025-10-04
7088,CDQ,14064873,41.5833,2025,7,3,2025-10-04
7089,CDQ,14545132,71.5,2025,7,3,2025-10-04
7090,CDQ,14561781,9.4167,2025,7,3,2025-10-04
7091,CDQ,14682882,98.1667,2025,7,3,2025-10-04
7092,CDQ,14758699,76.75,2025,7,3,2025-10-04
7093,CDQ,14954868,27.25,2025,7,3,2025-10-04
7094,CDQ,14954892,35.3333,2025,7,3,2025-10-04
7095,CDQ,14989770,21.0,2025,7,3,2025-10-04
7096,CDQ,14989788,12.25,2025,7,3,2025-10-04
7097,CDQ,14989809,20.25,2025,7,3,2025-10-04
7098,CDQ,14989833,26.75,2025,7,3,2025-10-04
7099,CDQ,15095284,103.583,2025,7,3,2025-10-04
7100,CDQ,15168156,245.0,2025,7,3,2025-10-04
7101,CDQ,15298014,159.0,2025,7,3,2025-10-04
7102,CDQ,15303872,42.5833,2025,7,3,2025-10-04
7103,CDQ,15303910,10.5833,2025,7,3,2025-10-04
7104,CDQ,15311581,67.0,2025,7,3,2025-10-04
7105,CDQ,15474217,207.458,2025,7,3,2025-10-04
7106,CDM,14064873,85.0833,2025,7,4,2025-10-11
7107,CDM,14545132,37.9167,2025,7,4,2025-10-11
7108,CDM,14561781,43.6667,2025,7,4,2025-10-11
7109,CDM,14682882,270.917,2025,7,4,2025-10-11
7110,CDM,14758699,51.9167,2025,7,4,2025-10-11
7111,CDM,14954868,55.25,2025,7,4,2025-10-11
7112,CDM,14954892,101.5,2025,7,4,2025-10-11
7113,CDM,14989770,68.5833,2025,7,4,2025-10-11
7114,CDM,14989788,24.3333,2025,7,4,2025-10-11
7115,CDM,14989809,31.0833,2025,7,4,2025-10-11
7116,CDM,14989825,85.0,2025,7,4,2025-10-11
7117,CDM,14989833,47.1667,2025,7,4,2025-10-11
7118,CDM,15095284,87.4167,2025,7,4,2025-10-11
7119,CDM,15168156,1283.25,2025,7,4,2025-10-11
7120,CDM,15298014,817.333,2025,7,4,2025-10-11
7121,CDM,15303872,65.8333,2025,7,4,2025-10-11
7122,CDM,15303910,38.5,2025,7,4,2025-10-11
7123,CDM,15311581,196.583,2025,7,4,2025-10-11
7124,CDM,15384553,66.0,2025,7,4,2025-10-11
7125,CDM,15474217,877.417,2025,7,4,2025-10-11
7126,CDM,15489099,56.0,2025,7,4,2025-10-11
7127,CDQ,14064873,80.5833,2025,7,4,2025-10-11
7128,CDQ,14545132,67.3333,2025,7,4,2025-10-11
7129,CDQ,14561781,8.4167,2025,7,4,2025-10-11
7130,CDQ,14682882,131.167,2025,7,4,2025-10-11
7131,CDQ,14758699,71.3333,2025,7,4,2025-10-11
7132,CDQ,14954868,26.25,2025,7,4,2025-10-11
7133,CDQ,14954892,26.0,2025,7,4,2025-10-11
7134,CDQ,14989770,50.0,2025,7,4,2025-10-11
7135,CDQ,14989788,18.25,2025,7,4,2025-10-11
7136,CDQ,14989809,12.0833,2025,7,4,2025-10-11
7137,CDQ,14989825,54.8333,2025,7,4,2025-10-11
7138,CDQ,14989833,26.3333,2025,7,4,2025-10-11
7139,CDQ,15095284,100.25,2025,7,4,2025-10-11
7140,CDQ,15168156,220.0,2025,7,4,2025-10-11
7141,CDQ,15298014,309.0,2025,7,4,2025-10-11
7142,CDQ,15303872,39.5833,2025,7,4,2025-10-11
7143,CDQ,15303910,6.5833,2025,7,4,2025-10-11
7144,CDQ,15311581,119.583,2025,7,4,2025-10-11
7145,CDQ,15474217,152.208,2025,7,4,2025-10-11
7146,CDM,14064873,81.6667,2025,8,1,2025-10-18
7147,CDM,14545132,31.5833,2025,8,1,2025-10-18
7148,CDM,14561781,43.25,2025,8,1,2025-10-18
7149,CDM,14682882,248.5,2025,8,1,2025-10-18
7150,CDM,14758699,44.3333,2025,8,1,2025-10-18
7151,CDM,14954868,49.5833,2025,8,1,2025-10-18
7152,CDM,14954892,60.4167,2025,8,1,2025-10-18
7153,CDM,14989770,68.5833,2025,8,1,2025-10-18
7154,CDM,14989788,24.0,2025,8,1,2025-10-18
7155,CDM,14989809,16.1667,2025,8,1,2025-10-18
7156,CDM,14989825,22.0,2025,8,1,2025-10-18
7157,CDM,14989833,46.1667,2025,8,1,2025-10-18
7158,CDM,15095284,81.4167,2025,8,1,2025-10-18
7159,CDM,15168156,1256.75,2025,8,1,2025-10-18
7160,CDM,15298014,791.167,2025,8,1,2025-10-18
7161,CDM,15303872,64.75,2025,8,1,2025-10-18
7162,CDM,15303910,37.0833,2025,8,1,2025-10-18
7163,CDM,15311581,193.583,2025,8,1,2025-10-18
7164,CDM,15384553,62.0,2025,8,1,2025-10-18
7165,CDM,15474217,718.917,2025,8,1,2025-10-18
7166,CDM,15489099,56.0,2025,8,1,2025-10-18
7167,CDQ,14064873,74.0833,2025,8,1,2025-10-18
7168,CDQ,14545132,59.3333,2025,8,1,2025-10-18
7169,CDQ,14561781,7.4167,2025,8,1,2025-10-18
7170,CDQ,14682882,123.083,2025,8,1,2025-10-18
7171,CDQ,14758699,60.25,2025,8,1,2025-10-18
7172,CDQ,14954868,25.25,2025,8,1,2025-10-18
7173,CDQ,14954892,16.25,2025,8,1,2025-10-18
7174,CDQ,14989770,48.0,2025,8,1,2025-10-18
7175,CDQ,14989788,12.25,2025,8,1,2025-10-18
7176,CDQ,14989809,10.9167,2025,8,1,2025-10-18
7177,CDQ,14989825,6.5,2025,8,1,2025-10-18
7178,CDQ,14989833,24.3333,2025,8,1,2025-10-18
7179,CDQ,15095284,86.25,2025,8,1,2025-10-18
7180,CDQ,15168156,214.0,2025,8,1,2025-10-18
7181,CDQ,15298014,299.0,2025,8,1,2025-10-18
7182,CDQ,15303872,37.5833,2025,8,1,2025-10-18
7183,CDQ,15303910,1.5833,2025,8,1,2025-10-18
7184,CDQ,15311581,111.583,2025,8,1,2025-10-18
7185,CDQ,15474217,213.917,2025,8,1,2025-10-18
7186,CDM,14064873,77.3333,2025,8,2,2025-10-25
7187,CDM,14545132,28.1667,2025,8,2,2025-10-25
7188,CDM,14561781,33.1667,2025,8,2,2025-10-25
7189,CDM,14682882,223.5,2025,8,2,2025-10-25
7190,CDM,14758699,35.8333,2025,8,2,2025-10-25
7191,CDM,14954868,44.1667,2025,8,2,2025-10-25
7192,CDM,14954892,380.0,2025,8,2,2025-10-25
7193,CDM,14989770,65.9167,2025,8,2,2025-10-25
7194,CDM,14989788,22.3333,2025,8,2,2025-10-25
7195,CDM,14989809,8.6667,2025,8,2,2025-10-25
7196,CDM,14989825,127.75,2025,8,2,2025-10-25
7197,CDM,14989833,44.8333,2025,8,2,2025-10-25
7198,CDM,15095284,69.0,2025,8,2,2025-10-25
7199,CDM,15168156,952.75,2025,8,2,2025-10-25
7200,CDM,15298014,764.833,2025,8,2,2025-10-25
7201,CDM,15303872,50.0,2025,8,2,2025-10-25
7202,CDM,15303910,22.0,2025,8,2,2025-10-25
7203,CDM,15311581,192.0,2025,8,2,2025-10-25
7204,CDM,15384553,57.6667,2025,8,2,2025-10-25
7205,CDM,15474217,548.25,2025,8,2,2025-10-25
7206,CDM,15489099,50.0,2025,8,2,2025-10-25
7207,CDM,15546410,200.0,2025,8,2,2025-10-25
7208,CDQ,14064873,64.9167,2025,8,2,2025-10-25
7209,CDQ,14545132,57.3333,2025,8,2,2025-10-25
7210,CDQ,14561781,14.9167,2025,8,2,2025-10-25
7211,CDQ,14682882,106.083,2025,8,2,2025-10-25
7212,CDQ,14758699,49.25,2025,8,2,2025-10-25
7213,CDQ,14954868,20.25,2025,8,2,2025-10-25
7214,CDQ,14954892,132.583,2025,8,2,2025-10-25
7215,CDQ,14989770,46.0,2025,8,2,2025-10-25
7216,CDQ,14989788,9.5833,2025,8,2,2025-10-25
7217,CDQ,14989809,2.8333,2025,8,2,2025-10-25
7218,CDQ,14989825,60.5,2025,8,2,2025-10-25
7219,CDQ,14989833,23.3333,2025,8,2,2025-10-25
7220,CDQ,15095284,79.25,2025,8,2,2025-10-25
7221,CDQ,15168156,468.0,2025,8,2,2025-10-25
7222,CDQ,15298014,276.0,2025,8,2,2025-10-25
7223,CDQ,15303872,29.5833,2025,8,2,2025-10-25
7224,CDQ,15303910,10.5833,2025,8,2,2025-10-25
7225,CDQ,15311581,104.333,2025,8,2,2025-10-25
7226,CDQ,15474217,156.917,2025,8,2,2025-10-25
7227,CDM,14064873,67.0833,2025,8,3,2025-11-01
7228,CDM,14545132,26.6667,2025,8,3,2025-11-01
7229,CDM,14561781,62.3333,2025,8,3,2025-11-01
7230,CDM,14682882,193.917,2025,8,3,2025-11-01
7231,CDM,14758699,147.917,2025,8,3,2025-11-01
7232,CDM,14954868,71.0,2025,8,3,2025-11-01
7233,CDM,14954892,262.333,2025,8,3,2025-11-01
7234,CDM,14989770,65.5833,2025,8,3,2025-11-01
7235,CDM,14989788,65.9167,2025,8,3,2025-11-01
7236,CDM,14989809,61.25,2025,8,3,2025-11-01
7237,CDM,14989825,79.4167,2025,8,3,2025-11-01
7238,CDM,14989833,44.5,2025,8,3,2025-11-01
7239,CDM,15095284,124.5,2025,8,3,2025-11-01
7240,CDM,15168156,916.0,2025,8,3,2025-11-01
7241,CDM,15298014,651.167,2025,8,3,2025-11-01
7242,CDM,15303872,47.5833,2025,8,3,2025-11-01
7243,CDM,15303910,136.75,2025,8,3,2025-11-01
7244,CDM,15311581,247.833,2025,8,3,2025-11-01
7245,CDM,15384553,49.6667,2025,8,3,2025-11-01
7246,CDM,15474217,478.083,2025,8,3,2025-11-01
7247,CDM,15489099,15.0,2025,8,3,2025-11-01
7248,CDM,15546410,200.0,2025,8,3,2025-11-01
7249,CDQ,14064873,56.8333,2025,8,3,2025-11-01
7250,CDQ,14545132,52.3333,2025,8,3,2025-11-01
7251,CDQ,14561781,14.9167,2025,8,3,2025-11-01
7252,CDQ,14682882,84.0,2025,8,3,2025-11-01
7253,CDQ,14758699,33.8333,2025,8,3,2025-11-01
7254,CDQ,14954868,8.0833,2025,8,3,2025-11-01
7255,CDQ,14954892,117.417,2025,8,3,2025-11-01
7256,CDQ,14989770,45.0,2025,8,3,2025-11-01
7257,CDQ,14989788,8.5833,2025,8,3,2025-11-01
7258,CDQ,14989809,1.75,2025,8,3,2025-11-01
7259,CDQ,14989825,24.25,2025,8,3,2025-11-01
7260,CDQ,14989833,20.0,2025,8,3,2025-11-01
7261,CDQ,15095284,71.9167,2025,8,3,2025-11-01
7262,CDQ,15168156,440.0,2025,8,3,2025-11-01
7263,CDQ,15298014,337.0,2025,8,3,2025-11-01
7264,CDQ,15303872,20.5833,2025,8,3,2025-11-01
7265,CDQ,15303910,10.5833,2025,8,3,2025-11-01
7266,CDQ,15311581,95.3333,2025,8,3,2025-11-01
7267,CDQ,15474217,210.25,2025,8,3,2025-11-01
7268,CDQ,15489099,13.0,2025,8,3,2025-11-01
7269,CDM,14064873,214.75,2025,8,4,2025-11-08
7270,CDM,14545132,26.6667,2025,8,4,2025-11-08
7271,CDM,14561781,62.25,2025,8,4,2025-11-08
7272,CDM,14682882,150.5,2025,8,4,2025-11-08
7273,CDM,14758699,496.583,2025,8,4,2025-11-08
7274,CDM,14954868,67.0,2025,8,4,2025-11-08
7275,CDM,14954892,197.417,2025,8,4,2025-11-08
7276,CDM,14989770,121.333,2025,8,4,2025-11-08
7277,CDM,14989788,44.6667,2025,8,4,2025-11-08
7278,CDM,14989809,42.1667,2025,8,4,2025-11-08
7279,CDM,14989825,57.1667,2025,8,4,2025-11-08
7280,CDM,14989833,103.083,2025,8,4,2025-11-08
7281,CDM,15095284,243.417,2025,8,4,2025-11-08
7282,CDM,15168156,875.0,2025,8,4,2025-11-08
7283,CDM,15298014,626.833,2025,8,4,2025-11-08
7284,CDM,15303872,39.5,2025,8,4,2025-11-08
7285,CDM,15303910,193.75,2025,8,4,2025-11-08
7286,CDM,15311581,418.833,2025,8,4,2025-11-08
7287,CDM,15384553,23.6667,2025,8,4,2025-11-08
7288,CDM,15474217,400.083,2025,8,4,2025-11-08
7289,CDM,15489099,225.917,2025,8,4,2025-11-08
7290,CDM,15521562,200.0,2025,8,4,2025-11-08
7291,CDM,15546410,160.0,2025,8,4,2025-11-08
7292,CDQ,14064873,52.75,2025,8,4,2025-11-08
7293,CDQ,14545132,45.3333,2025,8,4,2025-11-08
7294,CDQ,14561781,13.25,2025,8,4,2025-11-08
7295,CDQ,14682882,71.0,2025,8,4,2025-11-08
7296,CDQ,14758699,134.167,2025,8,4,2025-11-08
7297,CDQ,14954868,32.0833,2025,8,4,2025-11-08
7298,CDQ,14954892,105.417,2025,8,4,2025-11-08
7299,CDQ,14989770,43.0,2025,8,4,2025-11-08
7300,CDQ,14989788,21.0,2025,8,4,2025-11-08
7301,CDQ,14989809,0.75,2025,8,4,2025-11-08
7302,CDQ,14989825,5.6667,2025,8,4,2025-11-08
7303,CDQ,14989833,20.0,2025,8,4,2025-11-08
7304,CDQ,15095284,65.25,2025,8,4,2025-11-08
7305,CDQ,15168156,402.0,2025,8,4,2025-11-08
7306,CDQ,15298014,315.0,2025,8,4,2025-11-08
7307,CDQ,15303872,17.5833,2025,8,4,2025-11-08
7308,CDQ,15303910,7.5,2025,8,4,2025-11-08
7309,CDQ,15311581,90.3333,2025,8,4,2025-11-08
7310,CDQ,15474217,119.25,2025,8,4,2025-11-08
7311,CDQ,15489099,1.9167,2025,8,4,2025-11-08
7312,CDM,14064873,146.667,2025,9,2,2025-11-22
7313,CDM,14545132,22.5,2025,9,2,2025-11-22
7314,CDM,14561781,56.4167,2025,9,2,2025-11-22
7315,CDM,14682882,98.25,2025,9,2,2025-11-22
7316,CDM,14758699,232.917,2025,9,2,2025-11-22
7317,CDM,14954868,54.4167,2025,9,2,2025-11-22
7318,CDM,14954892,745.0,2025,9,2,2025-11-22
7319,CDM,14989770,60.5833,2025,9,2,2025-11-22
7320,CDM,14989788,153.667,2025,9,2,2025-11-22
7321,CDM,14989809,371.333,2025,9,2,2025-11-22
7322,CDM,14989825,245.583,2025,9,2,2025-11-22
7323,CDM,14989833,37.8333,2025,9,2,2025-11-22
7324,CDM,15095284,110.917,2025,9,2,2025-11-22
7325,CDM,15168156,784.5,2025,9,2,2025-11-22
7326,CDM,15298014,472.667,2025,9,2,2025-11-22
7327,CDM,15303872,18.5,2025,9,2,2025-11-22
7328,CDM,15303910,121.5,2025,9,2,2025-11-22
7329,CDM,15311581,286.25,2025,9,2,2025-11-22
7330,CDM,15384553,402.667,2025,9,2,2025-11-22
7331,CDM,15474217,974.083,2025,9,2,2025-11-22
7332,CDM,15489099,224.0,2025,9,2,2025-11-22
7333,CDM,15521562,200.0,2025,9,2,2025-11-22
7334,CDM,15546410,159.917,2025,9,2,2025-11-22
7335,CDQ,14064873,105.333,2025,9,2,2025-11-22
7336,CDQ,14545132,29.3333,2025,9,2,2025-11-22
7337,CDQ,14561781,12.25,2025,9,2,2025-11-22
7338,CDQ,14682882,36.4167,2025,9,2,2025-11-22
7339,CDQ,14758699,104.0,2025,9,2,2025-11-22
7340,CDQ,14954868,23.25,2025,9,2,2025-11-22
7341,CDQ,14954892,86.3333,2025,9,2,2025-11-22
7342,CDQ,14989770,38.0,2025,9,2,2025-11-22
7343,CDQ,14989788,15.3333,2025,9,2,2025-11-22
7344,CDQ,14989809,4.75,2025,9,2,2025-11-22
7345,CDQ,14989825,-0.9167,2025,9,2,2025-11-22
7346,CDQ,14989833,17.1667,2025,9,2,2025-11-22
7347,CDQ,15095284,174.25,2025,9,2,2025-11-22
7348,CDQ,15168156,375.0,2025,9,2,2025-11-22
7349,CDQ,15298014,274.0,2025,9,2,2025-11-22
7350,CDQ,15303872,9.5833,2025,9,2,2025-11-22
7351,CDQ,15303910,64.5833,2025,9,2,2025-11-22
7352,CDQ,15311581,78.3333,2025,9,2,2025-11-22
7353,CDQ,15474217,43.25,2025,9,2,2025-11-22
7354,CDQ,15489099,0.9167,2025,9,2,2025-11-22
7355,CDQ,15546410,40.0,2025,9,2,2025-11-22
7356,CDM,14064873,136.0,2025,9,3,2025-11-29
7357,CDM,14545132,198.167,2025,9,3,2025-11-29
7358,CDM,14561781,54.8333,2025,9,3,2025-11-29
7359,CDM,14682882,543.0,2025,9,3,2025-11-29
7360,CDM,14758699,220.917,2025,9,3,2025-11-29
7361,CDM,14954868,226.25,2025,9,3,2025-11-29
7362,CDM,14954892,623.25,2025,9,3,2025-11-29
7363,CDM,14989770,58.25,2025,9,3,2025-11-29
7364,CDM,14989788,89.8333,2025,9,3,2025-11-29
7365,CDM,14989809,298.333,2025,9,3,2025-11-29
7366,CDM,14989825,130.833,2025,9,3,2025-11-29
7367,CDM,14989833,36.6667,2025,9,3,2025-11-29
7368,CDM,15095284,103.417,2025,9,3,2025-11-29
7369,CDM,15168156,745.75,2025,9,3,2025-11-29
7370,CDM,15298014,423.5,2025,9,3,2025-11-29
7371,CDM,15303872,313.833,2025,9,3,2025-11-29
7372,CDM,15303910,120.917,2025,9,3,2025-11-29
7373,CDM,15311581,280.083,2025,9,3,2025-11-29
7374,CDM,15384553,392.333,2025,9,3,2025-11-29
7375,CDM,15474217,733.583,2025,9,3,2025-11-29
7376,CDM,15489099,146.0,2025,9,3,2025-11-29
7377,CDM,15521562,200.0,2025,9,3,2025-11-29
7378,CDM,15546410,159.417,2025,9,3,2025-11-29
7379,CDQ,14064873,98.3333,2025,9,3,2025-11-29
7380,CDQ,14545132,20.3333,2025,9,3,2025-11-29
7381,CDQ,14561781,9.25,2025,9,3,2025-11-29
7382,CDQ,14682882,24.4167,2025,9,3,2025-11-29
7383,CDQ,14758699,327.917,2025,9,3,2025-11-29
7384,CDQ,14954868,14.25,2025,9,3,2025-11-29
7385,CDQ,14954892,136.25,2025,9,3,2025-11-29
7386,CDQ,14989770,92.0,2025,9,3,2025-11-29
7387,CDQ,14989788,67.5,2025,9,3,2025-11-29
7388,CDQ,14989809,60.75,2025,9,3,2025-11-29
7389,CDQ,14989825,59.0,2025,9,3,2025-11-29
7390,CDQ,14989833,76.1667,2025,9,3,2025-11-29
7391,CDQ,15095284,159.167,2025,9,3,2025-11-29
7392,CDQ,15168156,358.0,2025,9,3,2025-11-29
7393,CDQ,15298014,342.0,2025,9,3,2025-11-29
7394,CDQ,15303872,1.5,2025,9,3,2025-11-29
7395,CDQ,15303910,62.5833,2025,9,3,2025-11-29
7396,CDQ,15311581,191.333,2025,9,3,2025-11-29
7397,CDQ,15474217,183.25,2025,9,3,2025-11-29
7398,CDQ,15489099,56.9167,2025,9,3,2025-11-29
7399,CDQ,15546410,40.0,2025,9,3,2025-11-29
7400,CDM,14064873,108.417,2025,9,4,2025-12-06
7401,CDM,14545132,131.833,2025,9,4,2025-12-06
7402,CDM,14561781,54.25,2025,9,4,2025-12-06
7403,CDM,14682882,320.5,2025,9,4,2025-12-06
7404,CDM,14758699,204.25,2025,9,4,2025-12-06
7405,CDM,14954868,153.083,2025,9,4,2025-12-06
7406,CDM,14954892,508.417,2025,9,4,2025-12-06
7407,CDM,14989770,57.1667,2025,9,4,2025-12-06
7408,CDM,14989788,85.5833,2025,9,4,2025-12-06
7409,CDM,14989809,219.0,2025,9,4,2025-12-06
7410,CDM,14989825,115.5,2025,9,4,2025-12-06
7411,CDM,14989833,36.4167,2025,9,4,2025-12-06
7412,CDM,15095284,99.75,2025,9,4,2025-12-06
7413,CDM,15168156,715.5,2025,9,4,2025-12-06
7414,CDM,15298014,400.167,2025,9,4,2025-12-06
7415,CDM,15303872,310.833,2025,9,4,2025-12-06
7416,CDM,15303910,117.5,2025,9,4,2025-12-06
7417,CDM,15311581,267.833,2025,9,4,2025-12-06
7418,CDM,15384553,2.3333,2025,9,4,2025-12-06
7419,CDM,15474217,563.917,2025,9,4,2025-12-06
7420,CDM,15489099,131.0,2025,9,4,2025-12-06
7421,CDM,15521562,341.167,2025,9,4,2025-12-06
7422,CDM,15525563,10.8333,2025,9,4,2025-12-06
7423,CDM,15546410,159.417,2025,9,4,2025-12-06
7424,CDQ,14064873,90.3333,2025,9,4,2025-12-06
7425,CDQ,14545132,74.3333,2025,9,4,2025-12-06
7426,CDQ,14561781,9.25,2025,9,4,2025-12-06
7427,CDQ,14682882,182.417,2025,9,4,2025-12-06
7428,CDQ,14758699,313.667,2025,9,4,2025-12-06
7429,CDQ,14954868,8.25,2025,9,4,2025-12-06
7430,CDQ,14954892,120.083,2025,9,4,2025-12-06
7431,CDQ,14989770,90.0,2025,9,4,2025-12-06
7432,CDQ,14989788,62.3333,2025,9,4,2025-12-06
7433,CDQ,14989809,38.5833,2025,9,4,2025-12-06
7434,CDQ,14989825,20.5,2025,9,4,2025-12-06
7435,CDQ,14989833,75.0833,2025,9,4,2025-12-06
7436,CDQ,15095284,147.167,2025,9,4,2025-12-06
7437,CDQ,15168156,336.0,2025,9,4,2025-12-06
7438,CDQ,15298014,305.0,2025,9,4,2025-12-06
7439,CDQ,15303872,0.5,2025,9,4,2025-12-06
7440,CDQ,15303910,60.5833,2025,9,4,2025-12-06
7441,CDQ,15311581,185.333,2025,9,4,2025-12-06
7442,CDQ,15384553,120.0,2025,9,4,2025-12-06
7443,CDQ,15474217,211.75,2025,9,4,2025-12-06
7444,CDQ,15489099,48.9167,2025,9,4,2025-12-06
7445,CDQ,15525563,90.0,2025,9,4,2025-12-06
7446,CDQ,15546410,40.0,2025,9,4,2025-12-06
7447,CDM,14064873,89.5833,2025,10,1,2025-12-13
7448,CDM,14545132,124.167,2025,10,1,2025-12-13
7449,CDM,14561781,30.25,2025,10,1,2025-12-13
7450,CDM,14682882,269.167,2025,10,1,2025-12-13
7451,CDM,14758699,238.75,2025,10,1,2025-12-13
7452,CDM,14954868,117.083,2025,10,1,2025-12-13
7453,CDM,14954892,384.25,2025,10,1,2025-12-13
7454,CDM,14989770,51.5833,2025,10,1,2025-12-13
7455,CDM,14989788,76.6667,2025,10,1,2025-12-13
7456,CDM,14989809,137.417,2025,10,1,2025-12-13
7457,CDM,14989825,70.0,2025,10,1,2025-12-13
7458,CDM,14989833,36.3333,2025,10,1,2025-12-13
7459,CDM,15095284,88.5,2025,10,1,2025-12-13
7460,CDM,15168156,684.0,2025,10,1,2025-12-13
7461,CDM,15298014,355.667,2025,10,1,2025-12-13
7462,CDM,15303872,300.5,2025,10,1,2025-12-13
7463,CDM,15303910,114.167,2025,10,1,2025-12-13
7464,CDM,15311581,258.083,2025,10,1,2025-12-13
7465,CDM,15474217,386.75,2025,10,1,2025-12-13
7466,CDM,15489099,118.0,2025,10,1,2025-12-13
7467,CDM,15521562,38.9167,2025,10,1,2025-12-13
7468,CDM,15525563,2.3333,2025,10,1,2025-12-13
7469,CDM,15546410,159.417,2025,10,1,2025-12-13
7470,CDQ,14064873,78.9167,2025,10,1,2025-12-13
7471,CDQ,14545132,66.3333,2025,10,1,2025-12-13
7472,CDQ,14561781,26.25,2025,10,1,2025-12-13
7473,CDQ,14682882,158.417,2025,10,1,2025-12-13
7474,CDQ,14758699,226.083,2025,10,1,2025-12-13
7475,CDQ,14954868,94.25,2025,10,1,2025-12-13
7476,CDQ,14954892,104.75,2025,10,1,2025-12-13
7477,CDQ,14989770,89.0,2025,10,1,2025-12-13
7478,CDQ,14989788,55.1667,2025,10,1,2025-12-13
7479,CDQ,14989809,130.5,2025,10,1,2025-12-13
7480,CDQ,14989825,5.5,2025,10,1,2025-12-13
7481,CDQ,14989833,74.0833,2025,10,1,2025-12-13
7482,CDQ,15095284,130.0,2025,10,1,2025-12-13
7483,CDQ,15168156,312.0,2025,10,1,2025-12-13
7484,CDQ,15298014,260.0,2025,10,1,2025-12-13
7485,CDQ,15303872,0.5,2025,10,1,2025-12-13
7486,CDQ,15303910,57.5,2025,10,1,2025-12-13
7487,CDQ,15311581,178.333,2025,10,1,2025-12-13
7488,CDQ,15384553,9.0,2025,10,1,2025-12-13
7489,CDQ,15474217,251.75,2025,10,1,2025-12-13
7490,CDQ,15489099,42.8333,2025,10,1,2025-12-13
7491,CDQ,15525563,1.0,2025,10,1,2025-12-13
7492,CDQ,15546410,40.0,2025,10,1,2025-12-13
7493,CDM,14064873,68.0833,2025,10,2,2025-12-20
7494,CDM,14545132,85.8333,2025,10,2,2025-12-20
7495,CDM,14561781,21.0,2025,10,2,2025-12-20
7496,CDM,14682882,225.5,2025,10,2,2025-12-20
7497,CDM,14758699,203.833,2025,10,2,2025-12-20
7498,CDM,14954868,93.25,2025,10,2,2025-12-20
7499,CDM,14954892,282.0,2025,10,2,2025-12-20
7500,CDM,14989770,48.3333,2025,10,2,2025-12-20
7501,CDM,14989788,59.9167,2025,10,2,2025-12-20
7502,CDM,14989809,107.417,2025,10,2,2025-12-20
7503,CDM,14989825,42.25,2025,10,2,2025-12-20
7504,CDM,14989833,34.9167,2025,10,2,2025-12-20
7505,CDM,15095284,69.9167,2025,10,2,2025-12-20
7506,CDM,15168156,585.0,2025,10,2,2025-12-20
7507,CDM,15298014,257.833,2025,10,2,2025-12-20
7508,CDM,15303872,206.833,2025,10,2,2025-12-20
7509,CDM,15303910,100.583,2025,10,2,2025-12-20
7510,CDM,15311581,238.917,2025,10,2,2025-12-20
7511,CDM,15474217,208.583,2025,10,2,2025-12-20
7512,CDM,15489099,251.917,2025,10,2,2025-12-20
7513,CDM,15521562,91.4167,2025,10,2,2025-12-20
7514,CDM,15525563,0.3333,2025,10,2,2025-12-20
7515,CDM,15546410,157.417,2025,10,2,2025-12-20
7516,CDQ,14064873,61.0,2025,10,2,2025-12-20
7517,CDQ,14545132,50.3333,2025,10,2,2025-12-20
7518,CDQ,14561781,24.9167,2025,10,2,2025-12-20
7519,CDQ,14682882,119.25,2025,10,2,2025-12-20
7520,CDQ,14758699,184.083,2025,10,2,2025-12-20
7521,CDQ,14954868,85.6667,2025,10,2,2025-12-20
7522,CDQ,14954892,72.9167,2025,10,2,2025-12-20
7523,CDQ,14989770,85.0,2025,10,2,2025-12-20
7524,CDQ,14989788,43.75,2025,10,2,2025-12-20
7525,CDQ,14989809,107.833,2025,10,2,2025-12-20
7526,CDQ,14989825,44.8333,2025,10,2,2025-12-20
7527,CDQ,14989833,72.0833,2025,10,2,2025-12-20
7528,CDQ,15095284,104.0,2025,10,2,2025-12-20
7529,CDQ,15168156,286.0,2025,10,2,2025-12-20
7530,CDQ,15298014,207.0,2025,10,2,2025-12-20
7531,CDQ,15303872,60.5,2025,10,2,2025-12-20
7532,CDQ,15303910,52.5,2025,10,2,2025-12-20
7533,CDQ,15311581,164.333,2025,10,2,2025-12-20
7534,CDQ,15384553,9.0,2025,10,2,2025-12-20
7535,CDQ,15474217,168.75,2025,10,2,2025-12-20
7536,CDQ,15489099,38.75,2025,10,2,2025-12-20
7537,CDQ,15546410,40.0,2025,10,2,2025-12-20
7538,CDM,14064873,55.4167,2025,10,3,2025-12-27
7539,CDM,14545132,77.6667,2025,10,3,2025-12-27
7540,CDM,14561781,19.4167,2025,10,3,2025-12-27
7541,CDM,14682882,177.583,2025,10,3,2025-12-27
7542,CDM,14758699,177.833,2025,10,3,2025-12-27
7543,CDM,14954868,79.0833,2025,10,3,2025-12-27
7544,CDM,14954892,210.917,2025,10,3,2025-12-27
7545,CDM,14989770,45.1667,2025,10,3,2025-12-27
7546,CDM,14989788,48.4167,2025,10,3,2025-12-27
7547,CDM,14989809,95.3333,2025,10,3,2025-12-27
7548,CDM,14989825,40.5833,2025,10,3,2025-12-27
7549,CDM,14989833,31.8333,2025,10,3,2025-12-27
7550,CDM,15095284,52.9167,2025,10,3,2025-12-27
7551,CDM,15168156,547.0,2025,10,3,2025-12-27
7552,CDM,15298014,205.833,2025,10,3,2025-12-27
7553,CDM,15303872,199.167,2025,10,3,2025-12-27
7554,CDM,15303910,94.0833,2025,10,3,2025-12-27
7555,CDM,15311581,233.917,2025,10,3,2025-12-27
7556,CDM,15474217,139.583,2025,10,3,2025-12-27
7557,CDM,15489099,241.417,2025,10,3,2025-12-27
7558,CDM,15521562,38.6667,2025,10,3,2025-12-27
7559,CDM,15546410,157.417,2025,10,3,2025-12-27
7560,CDQ,14064873,49.9167,2025,10,3,2025-12-27
7561,CDQ,14545132,67.3333,2025,10,3,2025-12-27
7562,CDQ,14561781,23.9167,2025,10,3,2025-12-27
7563,CDQ,14682882,86.25,2025,10,3,2025-12-27
7564,CDQ,14758699,148.0,2025,10,3,2025-12-27
7565,CDQ,14954868,73.8333,2025,10,3,2025-12-27
7566,CDQ,14954892,61.5,2025,10,3,2025-12-27
7567,CDQ,14989770,82.0,2025,10,3,2025-12-27
7568,CDQ,14989788,34.75,2025,10,3,2025-12-27
7569,CDQ,14989809,88.8333,2025,10,3,2025-12-27
7570,CDQ,14989825,42.5,2025,10,3,2025-12-27
7571,CDQ,14989833,72.0833,2025,10,3,2025-12-27
7572,CDQ,15095284,80.9167,2025,10,3,2025-12-27
7573,CDQ,15168156,272.0,2025,10,3,2025-12-27
7574,CDQ,15298014,170.0,2025,10,3,2025-12-27
7575,CDQ,15303872,49.5,2025,10,3,2025-12-27
7576,CDQ,15303910,49.5,2025,10,3,2025-12-27
7577,CDQ,15311581,154.333,2025,10,3,2025-12-27
7578,CDQ,15384553,8.0,2025,10,3,2025-12-27
7579,CDQ,15474217,109.75,2025,10,3,2025-12-27
7580,CDQ,15489099,37.75,2025,10,3,2025-12-27
7581,CDQ,15521562,26.0,2025,10,3,2025-12-27
7582,CDQ,15546410,40.0,2025,10,3,2025-12-27
7583,CDM,14064873,42.0833,2025,10,4,2026-01-03
7584,CDM,14545132,71.0833,2025,10,4,2026-01-03
7585,CDM,14561781,19.3333,2025,10,4,2026-01-03
7586,CDM,14682882,117.083,2025,10,4,2026-01-03
7587,CDM,14758699,159.417,2025,10,4,2026-01-03
7588,CDM,14954868,73.9167,2025,10,4,2026-01-03
7589,CDM,14954892,139.583,2025,10,4,2026-01-03
7590,CDM,14989770,42.8333,2025,10,4,2026-01-03
7591,CDM,14989788,43.0833,2025,10,4,2026-01-03
7592,CDM,14989809,82.0833,2025,10,4,2026-01-03
7593,CDM,14989825,38.1667,2025,10,4,2026-01-03
7594,CDM,14989833,30.5833,2025,10,4,2026-01-03
7595,CDM,15095284,41.1667,2025,10,4,2026-01-03
7596,CDM,15168156,508.0,2025,10,4,2026-01-03
7597,CDM,15298014,165.667,2025,10,4,2026-01-03
7598,CDM,15303872,157.917,2025,10,4,2026-01-03
7599,CDM,15303910,87.0833,2025,10,4,2026-01-03
7600,CDM,15311581,226.75,2025,10,4,2026-01-03
7601,CDM,15474217,81.3333,2025,10,4,2026-01-03
7602,CDM,15489099,227.0,2025,10,4,2026-01-03
7603,CDM,15521562,16.6667,2025,10,4,2026-01-03
7604,CDM,15546410,157.417,2025,10,4,2026-01-03
7605,CDQ,14064873,42.9167,2025,10,4,2026-01-03
7606,CDQ,14545132,56.3333,2025,10,4,2026-01-03
7607,CDQ,14561781,22.6667,2025,10,4,2026-01-03
7608,CDQ,14682882,60.25,2025,10,4,2026-01-03
7609,CDQ,14758699,130.833,2025,10,4,2026-01-03
7610,CDQ,14954868,67.8333,2025,10,4,2026-01-03
7611,CDQ,14954892,53.5,2025,10,4,2026-01-03
7612,CDQ,14989770,77.0,2025,10,4,2026-01-03
7613,CDQ,14989788,31.75,2025,10,4,2026-01-03
7614,CDQ,14989809,74.5833,2025,10,4,2026-01-03
7615,CDQ,14989825,41.1667,2025,10,4,2026-01-03
7616,CDQ,14989833,71.0833,2025,10,4,2026-01-03
7617,CDQ,15095284,70.9167,2025,10,4,2026-01-03
7618,CDQ,15168156,260.0,2025,10,4,2026-01-03
7619,CDQ,15298014,151.0,2025,10,4,2026-01-03
7620,CDQ,15303872,40.5,2025,10,4,2026-01-03
7621,CDQ,15303910,46.5,2025,10,4,2026-01-03
7622,CDQ,15311581,140.333,2025,10,4,2026-01-03
7623,CDQ,15384553,8.0,2025,10,4,2026-01-03
7624,CDQ,15474217,75.75,2025,10,4,2026-01-03
7625,CDQ,15489099,36.75,2025,10,4,2026-01-03
7626,CDQ,15546410,40.0,2025,10,4,2026-01-03
7627,CDM,14064873,31.8333,2025,11,1,2026-01-10
7628,CDM,14545132,66.8333,2025,11,1,2026-01-10
7629,CDM,14561781,15.5833,2025,11,1,2026-01-10
7630,CDM,14682882,69.25,2025,11,1,2026-01-10
7631,CDM,14758699,139.0,2025,11,1,2026-01-10
7632,CDM,14954868,60.0833,2025,11,1,2026-01-10
7633,CDM,14954892,50.0,2025,11,1,2026-01-10
7634,CDM,14989770,39.4167,2025,11,1,2026-01-10
7635,CDM,14989788,38.9167,2025,11,1,2026-01-10
7636,CDM,14989809,49.4167,2025,11,1,2026-01-10
7637,CDM,14989825,34.0,2025,11,1,2026-01-10
7638,CDM,14989833,27.5,2025,11,1,2026-01-10
7639,CDM,15095284,29.8333,2025,11,1,2026-01-10
7640,CDM,15168156,397.0,2025,11,1,2026-01-10
7641,CDM,15298014,105.5,2025,11,1,2026-01-10
7642,CDM,15303872,149.833,2025,11,1,2026-01-10
7643,CDM,15303910,78.8333,2025,11,1,2026-01-10
7644,CDM,15311581,215.667,2025,11,1,2026-01-10
7645,CDM,15474217,10.3333,2025,11,1,2026-01-10
7646,CDM,15489099,197.167,2025,11,1,2026-01-10
7647,CDM,15521562,1.9167,2025,11,1,2026-01-10
7648,CDM,15546410,157.417,2025,11,1,2026-01-10
7649,CDQ,14064873,26.9167,2025,11,1,2026-01-10
7650,CDQ,14545132,47.3333,2025,11,1,2026-01-10
7651,CDQ,14561781,20.5833,2025,11,1,2026-01-10
7652,CDQ,14682882,17.25,2025,11,1,2026-01-10
7653,CDQ,14758699,102.5,2025,11,1,2026-01-10
7654,CDQ,14954868,56.8333,2025,11,1,2026-01-10
7655,CDQ,14954892,29.1667,2025,11,1,2026-01-10
7656,CDQ,14989770,74.0,2025,11,1,2026-01-10
7657,CDQ,14989788,25.75,2025,11,1,2026-01-10
7658,CDQ,14989809,37.5833,2025,11,1,2026-01-10
7659,CDQ,14989825,30.0833,2025,11,1,2026-01-10
7660,CDQ,14989833,68.0833,2025,11,1,2026-01-10
7661,CDQ,15095284,54.9167,2025,11,1,2026-01-10
7662,CDQ,15168156,221.0,2025,11,1,2026-01-10
7663,CDQ,15298014,109.0,2025,11,1,2026-01-10
7664,CDQ,15303872,35.5,2025,11,1,2026-01-10
7665,CDQ,15303910,39.5,2025,11,1,2026-01-10
7666,CDQ,15311581,121.25,2025,11,1,2026-01-10
7667,CDQ,15384553,32.0,2025,11,1,2026-01-10
7668,CDQ,15474217,1.75,2025,11,1,2026-01-10
7669,CDQ,15489099,27.75,2025,11,1,2026-01-10
7670,CDQ,15546410,40.0,2025,11,1,2026-01-10
7671,CDM,14064873,70.3333,2025,11,2,2026-01-17
7672,CDM,14545132,102.583,2025,11,2,2026-01-17
7673,CDM,14561781,12.0,2025,11,2,2026-01-17
7674,CDM,14682882,140.333,2025,11,2,2026-01-17
7675,CDM,14758699,108.5,2025,11,2,2026-01-17
7676,CDM,14954868,114.0,2025,11,2,2026-01-17
7677,CDM,14954892,311.25,2025,11,2,2026-01-17
7678,CDM,14989770,32.8333,2025,11,2,2026-01-17
7679,CDM,14989788,28.8333,2025,11,2,2026-01-17
7680,CDM,14989809,42.5833,2025,11,2,2026-01-17
7681,CDM,14989825,32.9167,2025,11,2,2026-01-17
7682,CDM,14989833,20.0,2025,11,2,2026-01-17
7683,CDM,15095284,206.667,2025,11,2,2026-01-17
7684,CDM,15168156,369.0,2025,11,2,2026-01-17
7685,CDM,15298014,337.167,2025,11,2,2026-01-17
7686,CDM,15303872,142.75,2025,11,2,2026-01-17
7687,CDM,15303910,72.1667,2025,11,2,2026-01-17
7688,CDM,15311581,152.667,2025,11,2,2026-01-17
7689,CDM,15474217,87.0,2025,11,2,2026-01-17
7690,CDM,15489099,162.083,2025,11,2,2026-01-17
7691,CDM,15521562,75.75,2025,11,2,2026-01-17
7692,CDM,15546410,157.417,2025,11,2,2026-01-17
7693,CDQ,14064873,68.75,2025,11,2,2026-01-17
7694,CDQ,14545132,60.3333,2025,11,2,2026-01-17
7695,CDQ,14561781,18.5833,2025,11,2,2026-01-17
7696,CDQ,14682882,60.25,2025,11,2,2026-01-17
7697,CDQ,14758699,90.0833,2025,11,2,2026-01-17
7698,CDQ,14954868,44.75,2025,11,2,2026-01-17
7699,CDQ,14954892,70.5,2025,11,2,2026-01-17
7700,CDQ,14989770,66.0,2025,11,2,2026-01-17
7701,CDQ,14989788,28.25,2025,11,2,2026-01-17
7702,CDQ,14989809,28.5833,2025,11,2,2026-01-17
7703,CDQ,14989825,27.0833,2025,11,2,2026-01-17
7704,CDQ,14989833,66.0833,2025,11,2,2026-01-17
7705,CDQ,15095284,47.6667,2025,11,2,2026-01-17
7706,CDQ,15168156,201.0,2025,11,2,2026-01-17
7707,CDQ,15298014,84.0,2025,11,2,2026-01-17
7708,CDQ,15303872,32.5,2025,11,2,2026-01-17
7709,CDQ,15303910,32.4167,2025,11,2,2026-01-17
7710,CDQ,15311581,170.25,2025,11,2,2026-01-17
7711,CDQ,15384553,8.0,2025,11,2,2026-01-17
7712,CDQ,15474217,52.0,2025,11,2,2026-01-17
7713,CDQ,15489099,19.75,2025,11,2,2026-01-17
7714,CDQ,15546410,40.0,2025,11,2,2026-01-17
