"NO SUCCURSALE";"CODE SAQ (CIP)";"QTÉ INVENTAIRE(unités)";"ANNÉE";"PÉRIODE";"SEMAINE";"DATE DU JOUR"
'23001';'14954892';10;2025;10;1;'2025/12/13'
'23002';'14682882';13;2025;10;1;'2025/12/13'
'23002';'14758699';-1;2025;10;1;'2025/12/13'
'23002';'14954892';1;2025;10;1;'2025/12/13'
'23002';'14989809';-1;2025;10;1;'2025/12/13'
'23002';'14989825';66;2025;10;1;'2025/12/13'
'23002';'14989833';1;2025;10;1;'2025/12/13'
'23002';'15168156';54;2025;10;1;'2025/12/13'
'23002';'15298014';37;2025;10;1;'2025/12/13'
'23002';'15384553';4;2025;10;1;'2025/12/13'
'23002';'15474217';36;2025;10;1;'2025/12/13'
'23002';'15489099';2;2025;10;1;'2025/12/13'
'23002';'15525563';1;2025;10;1;'2025/12/13'
'23003';'14064873';2;2025;10;1;'2025/12/13'
'23003';'14954892';12;2025;10;1;'2025/12/13'
'23004';'14064873';9;2025;10;1;'2025/12/13'
'23004';'14682882';16;2025;10;1;'2025/12/13'
'23004';'14954868';11;2025;10;1;'2025/12/13'
'23004';'14954892';45;2025;10;1;'2025/12/13'
'23004';'14989809';16;2025;10;1;'2025/12/13'
'23004';'14989825';11;2025;10;1;'2025/12/13'
'23004';'15168156';6;2025;10;1;'2025/12/13'
'23004';'15303872';-1;2025;10;1;'2025/12/13'
'23004';'15303910';10;2025;10;1;'2025/12/13'
'23004';'15384553';5;2025;10;1;'2025/12/13'
'23004';'15525563';7;2025;10;1;'2025/12/13'
'23005';'14954868';6;2025;10;1;'2025/12/13'
'23006';'14064873';11;2025;10;1;'2025/12/13'
'23006';'14682882';8;2025;10;1;'2025/12/13'
'23006';'14954868';7;2025;10;1;'2025/12/13'
'23006';'14954892';3;2025;10;1;'2025/12/13'
'23006';'15168156';-5;2025;10;1;'2025/12/13'
'23006';'15298014';19;2025;10;1;'2025/12/13'
'23006';'15311581';8;2025;10;1;'2025/12/13'
'23006';'15474217';5;2025;10;1;'2025/12/13'
'23008';'14064873';5;2025;10;1;'2025/12/13'
'23008';'14682882';9;2025;10;1;'2025/12/13'
'23008';'14954868';9;2025;10;1;'2025/12/13'
'23008';'14954892';16;2025;10;1;'2025/12/13'
'23008';'14989809';1;2025;10;1;'2025/12/13'
'23008';'14989825';13;2025;10;1;'2025/12/13'
'23008';'15168156';42;2025;10;1;'2025/12/13'
'23008';'15298014';48;2025;10;1;'2025/12/13'
'23008';'15474217';48;2025;10;1;'2025/12/13'
'23009';'14682882';11;2025;10;1;'2025/12/13'
'23009';'14989825';10;2025;10;1;'2025/12/13'
'23009';'15303910';4;2025;10;1;'2025/12/13'
'23010';'14064873';23;2025;10;1;'2025/12/13'
'23010';'14954892';26;2025;10;1;'2025/12/13'
'23010';'14989788';23;2025;10;1;'2025/12/13'
'23011';'14064873';12;2025;10;1;'2025/12/13'
'23011';'14758699';1;2025;10;1;'2025/12/13'
'23011';'14954892';1;2025;10;1;'2025/12/13'
'23011';'14989788';9;2025;10;1;'2025/12/13'
'23011';'14989809';9;2025;10;1;'2025/12/13'
'23011';'15095284';8;2025;10;1;'2025/12/13'
'23011';'15303910';11;2025;10;1;'2025/12/13'
'23011';'15474217';8;2025;10;1;'2025/12/13'
'23011';'15489099';11;2025;10;1;'2025/12/13'
'23011';'15521562';19;2025;10;1;'2025/12/13'
'23011';'15525563';4;2025;10;1;'2025/12/13'
'23013';'14989809';1;2025;10;1;'2025/12/13'
'23016';'14064873';12;2025;10;1;'2025/12/13'
'23016';'14545132';9;2025;10;1;'2025/12/13'
'23016';'14758699';8;2025;10;1;'2025/12/13'
'23016';'14954892';11;2025;10;1;'2025/12/13'
'23016';'15303910';1;2025;10;1;'2025/12/13'
'23016';'15384553';10;2025;10;1;'2025/12/13'
'23016';'15474217';176;2025;10;1;'2025/12/13'
'23016';'15525563';10;2025;10;1;'2025/12/13'
'23018';'14682882';44;2025;10;1;'2025/12/13'
'23018';'14954892';12;2025;10;1;'2025/12/13'
'23018';'14989788';4;2025;10;1;'2025/12/13'
'23018';'14989809';2;2025;10;1;'2025/12/13'
'23018';'15384553';6;2025;10;1;'2025/12/13'
'23019';'14682882';8;2025;10;1;'2025/12/13'
'23019';'14758699';4;2025;10;1;'2025/12/13'
'23021';'14001338';4;2025;10;1;'2025/12/13'
'23021';'14064873';4;2025;10;1;'2025/12/13'
'23021';'14682882';8;2025;10;1;'2025/12/13'
'23021';'14954892';3;2025;10;1;'2025/12/13'
'23021';'14989825';18;2025;10;1;'2025/12/13'
'23021';'15525563';5;2025;10;1;'2025/12/13'
'23023';'14682882';1;2025;10;1;'2025/12/13'
'23023';'14954892';4;2025;10;1;'2025/12/13'
'23025';'14064873';54;2025;10;1;'2025/12/13'
'23025';'14682882';16;2025;10;1;'2025/12/13'
'23025';'14954868';3;2025;10;1;'2025/12/13'
'23025';'14954892';74;2025;10;1;'2025/12/13'
'23025';'14989825';58;2025;10;1;'2025/12/13'
'23025';'15095284';10;2025;10;1;'2025/12/13'
'23025';'15168156';24;2025;10;1;'2025/12/13'
'23025';'15298014';28;2025;10;1;'2025/12/13'
'23025';'15303872';14;2025;10;1;'2025/12/13'
'23025';'15384553';5;2025;10;1;'2025/12/13'
'23025';'15474217';23;2025;10;1;'2025/12/13'
'23025';'15525563';7;2025;10;1;'2025/12/13'
'23026';'14682882';45;2025;10;1;'2025/12/13'
'23026';'14954892';8;2025;10;1;'2025/12/13'
'23026';'14989770';6;2025;10;1;'2025/12/13'
'23026';'15525563';3;2025;10;1;'2025/12/13'
'23028';'14954892';11;2025;10;1;'2025/12/13'
'23028';'14989825';4;2025;10;1;'2025/12/13'
'23028';'15474217';4;2025;10;1;'2025/12/13'
'23029';'14682882';11;2025;10;1;'2025/12/13'
'23029';'14954892';40;2025;10;1;'2025/12/13'
'23029';'14989825';5;2025;10;1;'2025/12/13'
'23029';'15384553';4;2025;10;1;'2025/12/13'
'23029';'15525563';4;2025;10;1;'2025/12/13'
'23030';'14954892';12;2025;10;1;'2025/12/13'
'23031';'14682882';17;2025;10;1;'2025/12/13'
'23031';'14989809';7;2025;10;1;'2025/12/13'
'23032';'14989809';8;2025;10;1;'2025/12/13'
'23032';'14989825';12;2025;10;1;'2025/12/13'
'23032';'15303910';10;2025;10;1;'2025/12/13'
'23033';'15474217';140;2025;10;1;'2025/12/13'
'23035';'15384553';4;2025;10;1;'2025/12/13'
'23036';'14682882';11;2025;10;1;'2025/12/13'
'23036';'14954868';9;2025;10;1;'2025/12/13'
'23036';'14954892';9;2025;10;1;'2025/12/13'
'23036';'14989770';7;2025;10;1;'2025/12/13'
'23036';'14989788';4;2025;10;1;'2025/12/13'
'23036';'14989809';5;2025;10;1;'2025/12/13'
'23036';'14989825';19;2025;10;1;'2025/12/13'
'23036';'15095284';11;2025;10;1;'2025/12/13'
'23036';'15303910';6;2025;10;1;'2025/12/13'
'23037';'14682882';47;2025;10;1;'2025/12/13'
'23037';'14758699';2;2025;10;1;'2025/12/13'
'23037';'14954868';5;2025;10;1;'2025/12/13'
'23037';'14954892';10;2025;10;1;'2025/12/13'
'23037';'14989788';1;2025;10;1;'2025/12/13'
'23037';'14989825';44;2025;10;1;'2025/12/13'
'23037';'14989833';8;2025;10;1;'2025/12/13'
'23037';'15168156';86;2025;10;1;'2025/12/13'
'23037';'15298014';56;2025;10;1;'2025/12/13'
'23037';'15303872';16;2025;10;1;'2025/12/13'
'23037';'15303910';13;2025;10;1;'2025/12/13'
'23037';'15384553';13;2025;10;1;'2025/12/13'
'23037';'15474217';60;2025;10;1;'2025/12/13'
'23037';'15525563';17;2025;10;1;'2025/12/13'
'23040';'14682882';11;2025;10;1;'2025/12/13'
'23040';'14758699';9;2025;10;1;'2025/12/13'
'23040';'14954892';8;2025;10;1;'2025/12/13'
'23040';'14989788';1;2025;10;1;'2025/12/13'
'23040';'14989825';2;2025;10;1;'2025/12/13'
'23040';'15168156';30;2025;10;1;'2025/12/13'
'23040';'15298014';4;2025;10;1;'2025/12/13'
'23040';'15303910';12;2025;10;1;'2025/12/13'
'23040';'15384553';5;2025;10;1;'2025/12/13'
'23040';'15525563';8;2025;10;1;'2025/12/13'
'23041';'14954892';12;2025;10;1;'2025/12/13'
'23041';'15525563';9;2025;10;1;'2025/12/13'
'23042';'14954892';2;2025;10;1;'2025/12/13'
'23042';'14989788';41;2025;10;1;'2025/12/13'
'23042';'14989809';35;2025;10;1;'2025/12/13'
'23042';'14989825';18;2025;10;1;'2025/12/13'
'23042';'15095284';6;2025;10;1;'2025/12/13'
'23042';'15311581';11;2025;10;1;'2025/12/13'
'23042';'15384553';13;2025;10;1;'2025/12/13'
'23042';'15525563';7;2025;10;1;'2025/12/13'
'23044';'14954892';5;2025;10;1;'2025/12/13'
'23044';'14989809';1;2025;10;1;'2025/12/13'
'23044';'15384553';4;2025;10;1;'2025/12/13'
'23044';'15525563';18;2025;10;1;'2025/12/13'
'23045';'14064873';12;2025;10;1;'2025/12/13'
'23045';'14954892';14;2025;10;1;'2025/12/13'
'23048';'14682882';33;2025;10;1;'2025/12/13'
'23048';'14954892';1;2025;10;1;'2025/12/13'
'23048';'14989825';41;2025;10;1;'2025/12/13'
'23048';'15298014';28;2025;10;1;'2025/12/13'
'23048';'15384553';12;2025;10;1;'2025/12/13'
'23048';'15489099';12;2025;10;1;'2025/12/13'
'23048';'15525563';15;2025;10;1;'2025/12/13'
'23049';'14954892';22;2025;10;1;'2025/12/13'
'23049';'15474217';145;2025;10;1;'2025/12/13'
'23050';'14064873';5;2025;10;1;'2025/12/13'
'23050';'14682882';7;2025;10;1;'2025/12/13'
'23050';'14758699';6;2025;10;1;'2025/12/13'
'23050';'14954868';14;2025;10;1;'2025/12/13'
'23050';'14954892';6;2025;10;1;'2025/12/13'
'23050';'14989770';11;2025;10;1;'2025/12/13'
'23050';'14989788';6;2025;10;1;'2025/12/13'
'23050';'14989809';8;2025;10;1;'2025/12/13'
'23050';'14989825';20;2025;10;1;'2025/12/13'
'23050';'15095284';5;2025;10;1;'2025/12/13'
'23050';'15168156';30;2025;10;1;'2025/12/13'
'23050';'15298014';24;2025;10;1;'2025/12/13'
'23050';'15303872';3;2025;10;1;'2025/12/13'
'23050';'15303910';10;2025;10;1;'2025/12/13'
'23050';'15311581';2;2025;10;1;'2025/12/13'
'23050';'15384553';4;2025;10;1;'2025/12/13'
'23050';'15474217';20;2025;10;1;'2025/12/13'
'23050';'15525563';9;2025;10;1;'2025/12/13'
'23051';'14064873';12;2025;10;1;'2025/12/13'
'23051';'14758699';1;2025;10;1;'2025/12/13'
'23051';'14954892';6;2025;10;1;'2025/12/13'
'23051';'14989770';1;2025;10;1;'2025/12/13'
'23051';'15489099';1;2025;10;1;'2025/12/13'
'23051';'15525563';2;2025;10;1;'2025/12/13'
'23052';'14682882';11;2025;10;1;'2025/12/13'
'23052';'15168156';18;2025;10;1;'2025/12/13'
'23052';'15298014';52;2025;10;1;'2025/12/13'
'23052';'15384553';1;2025;10;1;'2025/12/13'
'23052';'15474217';24;2025;10;1;'2025/12/13'
'23052';'15525563';6;2025;10;1;'2025/12/13'
'23053';'14064873';2;2025;10;1;'2025/12/13'
'23053';'14954868';9;2025;10;1;'2025/12/13'
'23053';'14954892';18;2025;10;1;'2025/12/13'
'23053';'14989809';3;2025;10;1;'2025/12/13'
'23053';'14989825';12;2025;10;1;'2025/12/13'
'23053';'15095284';7;2025;10;1;'2025/12/13'
'23053';'15474217';136;2025;10;1;'2025/12/13'
'23054';'14545132';12;2025;10;1;'2025/12/13'
'23054';'14682882';26;2025;10;1;'2025/12/13'
'23054';'14758699';13;2025;10;1;'2025/12/13'
'23054';'14954868';7;2025;10;1;'2025/12/13'
'23054';'14989825';11;2025;10;1;'2025/12/13'
'23054';'15095284';5;2025;10;1;'2025/12/13'
'23054';'15474217';4;2025;10;1;'2025/12/13'
'23056';'14682882';50;2025;10;1;'2025/12/13'
'23056';'14954868';12;2025;10;1;'2025/12/13'
'23056';'14954892';6;2025;10;1;'2025/12/13'
'23056';'14989809';6;2025;10;1;'2025/12/13'
'23056';'15298014';52;2025;10;1;'2025/12/13'
'23056';'15303872';11;2025;10;1;'2025/12/13'
'23056';'15474217';4;2025;10;1;'2025/12/13'
'23056';'15525563';9;2025;10;1;'2025/12/13'
'23057';'14561781';5;2025;10;1;'2025/12/13'
'23057';'14682882';17;2025;10;1;'2025/12/13'
'23057';'14758699';6;2025;10;1;'2025/12/13'
'23057';'14954892';3;2025;10;1;'2025/12/13'
'23057';'14989770';9;2025;10;1;'2025/12/13'
'23057';'14989833';12;2025;10;1;'2025/12/13'
'23057';'15095284';12;2025;10;1;'2025/12/13'
'23057';'15168156';12;2025;10;1;'2025/12/13'
'23057';'15298014';32;2025;10;1;'2025/12/13'
'23057';'15303910';5;2025;10;1;'2025/12/13'
'23057';'15384553';10;2025;10;1;'2025/12/13'
'23057';'15525563';15;2025;10;1;'2025/12/13'
'23058';'14064873';16;2025;10;1;'2025/12/13'
'23058';'14682882';3;2025;10;1;'2025/12/13'
'23058';'14954892';11;2025;10;1;'2025/12/13'
'23058';'15474217';164;2025;10;1;'2025/12/13'
'23058';'15521562';2;2025;10;1;'2025/12/13'
'23059';'14001338';1;2025;10;1;'2025/12/13'
'23059';'14954892';11;2025;10;1;'2025/12/13'
'23059';'15298014';24;2025;10;1;'2025/12/13'
'23060';'14561781';2;2025;10;1;'2025/12/13'
'23060';'14682882';10;2025;10;1;'2025/12/13'
'23060';'14758699';2;2025;10;1;'2025/12/13'
'23060';'14954868';7;2025;10;1;'2025/12/13'
'23060';'14954892';9;2025;10;1;'2025/12/13'
'23060';'14989809';9;2025;10;1;'2025/12/13'
'23060';'14989825';32;2025;10;1;'2025/12/13'
'23060';'14989833';11;2025;10;1;'2025/12/13'
'23060';'15168156';1;2025;10;1;'2025/12/13'
'23060';'15298014';1;2025;10;1;'2025/12/13'
'23060';'15303910';10;2025;10;1;'2025/12/13'
'23060';'15311581';12;2025;10;1;'2025/12/13'
'23060';'15384553';11;2025;10;1;'2025/12/13'
'23060';'15525563';17;2025;10;1;'2025/12/13'
'23061';'14682882';20;2025;10;1;'2025/12/13'
'23061';'14954868';11;2025;10;1;'2025/12/13'
'23061';'14954892';10;2025;10;1;'2025/12/13'
'23061';'15298014';124;2025;10;1;'2025/12/13'
'23061';'15384553';3;2025;10;1;'2025/12/13'
'23061';'15525563';12;2025;10;1;'2025/12/13'
'23062';'14682882';21;2025;10;1;'2025/12/13'
'23062';'14758699';9;2025;10;1;'2025/12/13'
'23062';'14954892';8;2025;10;1;'2025/12/13'
'23062';'15095284';6;2025;10;1;'2025/12/13'
'23062';'15168156';84;2025;10;1;'2025/12/13'
'23062';'15303910';12;2025;10;1;'2025/12/13'
'23062';'15384553';12;2025;10;1;'2025/12/13'
'23062';'15525563';10;2025;10;1;'2025/12/13'
'23063';'14682882';3;2025;10;1;'2025/12/13'
'23063';'14954868';12;2025;10;1;'2025/12/13'
'23063';'14954892';9;2025;10;1;'2025/12/13'
'23063';'14989809';11;2025;10;1;'2025/12/13'
'23063';'14989825';5;2025;10;1;'2025/12/13'
'23063';'15298014';11;2025;10;1;'2025/12/13'
'23063';'15474217';3;2025;10;1;'2025/12/13'
'23063';'15489099';2;2025;10;1;'2025/12/13'
'23064';'14954892';30;2025;10;1;'2025/12/13'
'23066';'14682882';2;2025;10;1;'2025/12/13'
'23066';'14954892';14;2025;10;1;'2025/12/13'
'23066';'14989825';5;2025;10;1;'2025/12/13'
'23066';'15168156';18;2025;10;1;'2025/12/13'
'23066';'15303872';18;2025;10;1;'2025/12/13'
'23066';'15303910';13;2025;10;1;'2025/12/13'
'23067';'14561781';1;2025;10;1;'2025/12/13'
'23067';'14682882';1;2025;10;1;'2025/12/13'
'23067';'14758699';12;2025;10;1;'2025/12/13'
'23067';'14989788';6;2025;10;1;'2025/12/13'
'23067';'15384553';2;2025;10;1;'2025/12/13'
'23067';'15525563';11;2025;10;1;'2025/12/13'
'23068';'14682882';8;2025;10;1;'2025/12/13'
'23068';'14989788';6;2025;10;1;'2025/12/13'
'23069';'14064873';2;2025;10;1;'2025/12/13'
'23069';'14545132';7;2025;10;1;'2025/12/13'
'23069';'14682882';3;2025;10;1;'2025/12/13'
'23069';'14954868';8;2025;10;1;'2025/12/13'
'23069';'14954892';3;2025;10;1;'2025/12/13'
'23069';'14989788';2;2025;10;1;'2025/12/13'
'23069';'14989825';35;2025;10;1;'2025/12/13'
'23069';'15095284';7;2025;10;1;'2025/12/13'
'23069';'15303910';11;2025;10;1;'2025/12/13'
'23069';'15311581';9;2025;10;1;'2025/12/13'
'23069';'15384553';12;2025;10;1;'2025/12/13'
'23069';'15489099';12;2025;10;1;'2025/12/13'
'23069';'15521562';4;2025;10;1;'2025/12/13'
'23069';'15525563';16;2025;10;1;'2025/12/13'
'23070';'14064873';1;2025;10;1;'2025/12/13'
'23070';'14545132';1;2025;10;1;'2025/12/13'
'23070';'14682882';41;2025;10;1;'2025/12/13'
'23070';'14758699';4;2025;10;1;'2025/12/13'
'23070';'14954868';5;2025;10;1;'2025/12/13'
'23070';'14954892';11;2025;10;1;'2025/12/13'
'23070';'14989770';11;2025;10;1;'2025/12/13'
'23070';'14989788';9;2025;10;1;'2025/12/13'
'23070';'14989809';9;2025;10;1;'2025/12/13'
'23070';'14989825';4;2025;10;1;'2025/12/13'
'23070';'14989833';7;2025;10;1;'2025/12/13'
'23070';'15095284';7;2025;10;1;'2025/12/13'
'23070';'15168156';210;2025;10;1;'2025/12/13'
'23070';'15298014';72;2025;10;1;'2025/12/13'
'23070';'15303872';10;2025;10;1;'2025/12/13'
'23070';'15303910';14;2025;10;1;'2025/12/13'
'23070';'15311581';10;2025;10;1;'2025/12/13'
'23070';'15384553';27;2025;10;1;'2025/12/13'
'23070';'15474217';100;2025;10;1;'2025/12/13'
'23070';'15489099';7;2025;10;1;'2025/12/13'
'23070';'15521562';62;2025;10;1;'2025/12/13'
'23070';'15525563';12;2025;10;1;'2025/12/13'
'23071';'14064873';6;2025;10;1;'2025/12/13'
'23071';'14682882';15;2025;10;1;'2025/12/13'
'23071';'14954892';1;2025;10;1;'2025/12/13'
'23071';'15384553';3;2025;10;1;'2025/12/13'
'23071';'15525563';10;2025;10;1;'2025/12/13'
'23073';'14954892';8;2025;10;1;'2025/12/13'
'23073';'15474217';28;2025;10;1;'2025/12/13'
'23073';'15525563';4;2025;10;1;'2025/12/13'
'23074';'14758699';3;2025;10;1;'2025/12/13'
'23074';'14954892';14;2025;10;1;'2025/12/13'
'23074';'15095284';7;2025;10;1;'2025/12/13'
'23074';'15298014';4;2025;10;1;'2025/12/13'
'23074';'15303872';9;2025;10;1;'2025/12/13'
'23074';'15474217';4;2025;10;1;'2025/12/13'
'23075';'14954892';6;2025;10;1;'2025/12/13'
'23076';'14064873';13;2025;10;1;'2025/12/13'
'23076';'14954892';9;2025;10;1;'2025/12/13'
'23077';'14989809';4;2025;10;1;'2025/12/13'
'23079';'14682882';9;2025;10;1;'2025/12/13'
'23079';'14954892';10;2025;10;1;'2025/12/13'
'23079';'15384553';3;2025;10;1;'2025/12/13'
'23079';'15525563';8;2025;10;1;'2025/12/13'
'23080';'14954868';10;2025;10;1;'2025/12/13'
'23080';'14989770';12;2025;10;1;'2025/12/13'
'23080';'15311581';1;2025;10;1;'2025/12/13'
'23080';'15384553';4;2025;10;1;'2025/12/13'
'23080';'15474217';40;2025;10;1;'2025/12/13'
'23080';'15525563';3;2025;10;1;'2025/12/13'
'23081';'14064873';2;2025;10;1;'2025/12/13'
'23081';'14545132';11;2025;10;1;'2025/12/13'
'23081';'14682882';16;2025;10;1;'2025/12/13'
'23081';'14954868';2;2025;10;1;'2025/12/13'
'23081';'14954892';8;2025;10;1;'2025/12/13'
'23081';'14989825';5;2025;10;1;'2025/12/13'
'23081';'15298014';4;2025;10;1;'2025/12/13'
'23081';'15303872';1;2025;10;1;'2025/12/13'
'23081';'15384553';5;2025;10;1;'2025/12/13'
'23081';'15521562';2;2025;10;1;'2025/12/13'
'23082';'14064873';49;2025;10;1;'2025/12/13'
'23082';'14545132';8;2025;10;1;'2025/12/13'
'23082';'14561781';38;2025;10;1;'2025/12/13'
'23082';'14682882';26;2025;10;1;'2025/12/13'
'23082';'14758699';23;2025;10;1;'2025/12/13'
'23082';'14954868';51;2025;10;1;'2025/12/13'
'23082';'14954892';65;2025;10;1;'2025/12/13'
'23082';'14989770';75;2025;10;1;'2025/12/13'
'23082';'14989788';50;2025;10;1;'2025/12/13'
'23082';'14989809';73;2025;10;1;'2025/12/13'
'23082';'14989825';67;2025;10;1;'2025/12/13'
'23082';'14989833';33;2025;10;1;'2025/12/13'
'23082';'15095284';8;2025;10;1;'2025/12/13'
'23082';'15168156';486;2025;10;1;'2025/12/13'
'23082';'15298014';529;2025;10;1;'2025/12/13'
'23082';'15303872';50;2025;10;1;'2025/12/13'
'23082';'15303910';73;2025;10;1;'2025/12/13'
'23082';'15311581';48;2025;10;1;'2025/12/13'
'23082';'15384553';16;2025;10;1;'2025/12/13'
'23082';'15474217';499;2025;10;1;'2025/12/13'
'23082';'15489099';49;2025;10;1;'2025/12/13'
'23082';'15521562';664;2025;10;1;'2025/12/13'
'23082';'15525563';5;2025;10;1;'2025/12/13'
'23084';'14682882';10;2025;10;1;'2025/12/13'
'23084';'14954868';8;2025;10;1;'2025/12/13'
'23084';'14954892';70;2025;10;1;'2025/12/13'
'23084';'15168156';2;2025;10;1;'2025/12/13'
'23084';'15311581';8;2025;10;1;'2025/12/13'
'23084';'15384553';7;2025;10;1;'2025/12/13'
'23084';'15474217';4;2025;10;1;'2025/12/13'
'23084';'15489099';49;2025;10;1;'2025/12/13'
'23084';'15525563';17;2025;10;1;'2025/12/13'
'23085';'14954892';8;2025;10;1;'2025/12/13'
'23086';'14561781';7;2025;10;1;'2025/12/13'
'23086';'14682882';14;2025;10;1;'2025/12/13'
'23086';'14954892';12;2025;10;1;'2025/12/13'
'23086';'14989788';11;2025;10;1;'2025/12/13'
'23086';'14989809';6;2025;10;1;'2025/12/13'
'23086';'15489099';9;2025;10;1;'2025/12/13'
'23087';'14682882';10;2025;10;1;'2025/12/13'
'23087';'15474217';84;2025;10;1;'2025/12/13'
'23088';'14989825';5;2025;10;1;'2025/12/13'
'23088';'15168156';24;2025;10;1;'2025/12/13'
'23090';'14682882';52;2025;10;1;'2025/12/13'
'23090';'14954892';15;2025;10;1;'2025/12/13'
'23090';'14989809';16;2025;10;1;'2025/12/13'
'23090';'15384553';7;2025;10;1;'2025/12/13'
'23090';'15489099';2;2025;10;1;'2025/12/13'
'23090';'15525563';3;2025;10;1;'2025/12/13'
'23091';'14064873';8;2025;10;1;'2025/12/13'
'23091';'14682882';16;2025;10;1;'2025/12/13'
'23091';'14954892';12;2025;10;1;'2025/12/13'
'23091';'15474217';56;2025;10;1;'2025/12/13'
'23092';'14954892';17;2025;10;1;'2025/12/13'
'23092';'14989825';1;2025;10;1;'2025/12/13'
'23094';'14989809';7;2025;10;1;'2025/12/13'
'23094';'15303910';1;2025;10;1;'2025/12/13'
'23095';'14682882';10;2025;10;1;'2025/12/13'
'23095';'15311581';12;2025;10;1;'2025/12/13'
'23095';'15384553';6;2025;10;1;'2025/12/13'
'23095';'15525563';11;2025;10;1;'2025/12/13'
'23096';'14064873';8;2025;10;1;'2025/12/13'
'23096';'14682882';3;2025;10;1;'2025/12/13'
'23096';'14989825';12;2025;10;1;'2025/12/13'
'23096';'15384553';3;2025;10;1;'2025/12/13'
'23096';'15474217';92;2025;10;1;'2025/12/13'
'23097';'14758699';1;2025;10;1;'2025/12/13'
'23097';'14954868';19;2025;10;1;'2025/12/13'
'23097';'14954892';5;2025;10;1;'2025/12/13'
'23097';'14989825';17;2025;10;1;'2025/12/13'
'23097';'15311581';1;2025;10;1;'2025/12/13'
'23097';'15474217';8;2025;10;1;'2025/12/13'
'23098';'14682882';11;2025;10;1;'2025/12/13'
'23098';'14954892';10;2025;10;1;'2025/12/13'
'23098';'15474217';100;2025;10;1;'2025/12/13'
'23099';'14954892';13;2025;10;1;'2025/12/13'
'23099';'15303872';9;2025;10;1;'2025/12/13'
'23099';'15489099';2;2025;10;1;'2025/12/13'
'23101';'14682882';5;2025;10;1;'2025/12/13'
'23101';'14954892';12;2025;10;1;'2025/12/13'
'23102';'14545132';20;2025;10;1;'2025/12/13'
'23102';'14682882';16;2025;10;1;'2025/12/13'
'23102';'14758699';73;2025;10;1;'2025/12/13'
'23102';'14954892';9;2025;10;1;'2025/12/13'
'23102';'14989788';10;2025;10;1;'2025/12/13'
'23102';'14989809';10;2025;10;1;'2025/12/13'
'23102';'14989825';38;2025;10;1;'2025/12/13'
'23102';'15095284';46;2025;10;1;'2025/12/13'
'23102';'15168156';18;2025;10;1;'2025/12/13'
'23102';'15303872';10;2025;10;1;'2025/12/13'
'23102';'15311581';12;2025;10;1;'2025/12/13'
'23102';'15384553';3;2025;10;1;'2025/12/13'
'23102';'15474217';4;2025;10;1;'2025/12/13'
'23104';'14064873';52;2025;10;1;'2025/12/13'
'23104';'14989788';3;2025;10;1;'2025/12/13'
'23104';'14989809';6;2025;10;1;'2025/12/13'
'23104';'14989825';47;2025;10;1;'2025/12/13'
'23104';'15095284';4;2025;10;1;'2025/12/13'
'23104';'15168156';8;2025;10;1;'2025/12/13'
'23104';'15298014';16;2025;10;1;'2025/12/13'
'23104';'15303872';14;2025;10;1;'2025/12/13'
'23104';'15311581';11;2025;10;1;'2025/12/13'
'23104';'15384553';12;2025;10;1;'2025/12/13'
'23104';'15474217';216;2025;10;1;'2025/12/13'
'23104';'15489099';5;2025;10;1;'2025/12/13'
'23104';'15525563';19;2025;10;1;'2025/12/13'
'23105';'14064873';12;2025;10;1;'2025/12/13'
'23105';'14682882';4;2025;10;1;'2025/12/13'
'23105';'14954892';10;2025;10;1;'2025/12/13'
'23105';'14989788';10;2025;10;1;'2025/12/13'
'23105';'14989809';12;2025;10;1;'2025/12/13'
'23105';'14989825';21;2025;10;1;'2025/12/13'
'23105';'15095284';2;2025;10;1;'2025/12/13'
'23105';'15311581';11;2025;10;1;'2025/12/13'
'23105';'15384553';12;2025;10;1;'2025/12/13'
'23105';'15489099';4;2025;10;1;'2025/12/13'
'23105';'15525563';9;2025;10;1;'2025/12/13'
'23106';'14682882';12;2025;10;1;'2025/12/13'
'23106';'14954868';11;2025;10;1;'2025/12/13'
'23106';'14954892';25;2025;10;1;'2025/12/13'
'23106';'14989788';1;2025;10;1;'2025/12/13'
'23106';'15303910';9;2025;10;1;'2025/12/13'
'23106';'15311581';1;2025;10;1;'2025/12/13'
'23106';'15384553';3;2025;10;1;'2025/12/13'
'23106';'15474217';69;2025;10;1;'2025/12/13'
'23106';'15525563';11;2025;10;1;'2025/12/13'
'23107';'14064873';12;2025;10;1;'2025/12/13'
'23107';'14954868';11;2025;10;1;'2025/12/13'
'23107';'14954892';10;2025;10;1;'2025/12/13'
'23107';'15521562';58;2025;10;1;'2025/12/13'
'23108';'14758699';10;2025;10;1;'2025/12/13'
'23108';'14954868';2;2025;10;1;'2025/12/13'
'23108';'14954892';9;2025;10;1;'2025/12/13'
'23108';'14989809';15;2025;10;1;'2025/12/13'
'23108';'15168156';6;2025;10;1;'2025/12/13'
'23109';'14954892';13;2025;10;1;'2025/12/13'
'23110';'14064873';6;2025;10;1;'2025/12/13'
'23110';'14682882';1;2025;10;1;'2025/12/13'
'23110';'14954892';1;2025;10;1;'2025/12/13'
'23110';'14989770';1;2025;10;1;'2025/12/13'
'23110';'14989809';8;2025;10;1;'2025/12/13'
'23110';'15489099';15;2025;10;1;'2025/12/13'
'23112';'14064873';1;2025;10;1;'2025/12/13'
'23112';'14954892';24;2025;10;1;'2025/12/13'
'23113';'14989809';11;2025;10;1;'2025/12/13'
'23113';'15474217';56;2025;10;1;'2025/12/13'
'23114';'14064873';8;2025;10;1;'2025/12/13'
'23114';'14989809';2;2025;10;1;'2025/12/13'
'23114';'15298014';28;2025;10;1;'2025/12/13'
'23114';'15311581';4;2025;10;1;'2025/12/13'
'23114';'15474217';33;2025;10;1;'2025/12/13'
'23115';'14682882';6;2025;10;1;'2025/12/13'
'23115';'14954892';12;2025;10;1;'2025/12/13'
'23115';'14989825';29;2025;10;1;'2025/12/13'
'23115';'15095284';10;2025;10;1;'2025/12/13'
'23116';'14954868';3;2025;10;1;'2025/12/13'
'23116';'14954892';2;2025;10;1;'2025/12/13'
'23117';'14682882';11;2025;10;1;'2025/12/13'
'23117';'14758699';6;2025;10;1;'2025/12/13'
'23117';'14954892';7;2025;10;1;'2025/12/13'
'23117';'14989809';9;2025;10;1;'2025/12/13'
'23117';'15095284';11;2025;10;1;'2025/12/13'
'23117';'15168156';60;2025;10;1;'2025/12/13'
'23117';'15303872';4;2025;10;1;'2025/12/13'
'23117';'15311581';9;2025;10;1;'2025/12/13'
'23118';'14954892';8;2025;10;1;'2025/12/13'
'23119';'14064873';18;2025;10;1;'2025/12/13'
'23119';'14682882';58;2025;10;1;'2025/12/13'
'23119';'14758699';42;2025;10;1;'2025/12/13'
'23119';'14954892';3;2025;10;1;'2025/12/13'
'23119';'14989825';11;2025;10;1;'2025/12/13'
'23119';'14989833';10;2025;10;1;'2025/12/13'
'23119';'15298014';4;2025;10;1;'2025/12/13'
'23119';'15311581';2;2025;10;1;'2025/12/13'
'23119';'15384553';4;2025;10;1;'2025/12/13'
'23119';'15525563';6;2025;10;1;'2025/12/13'
'23120';'14682882';2;2025;10;1;'2025/12/13'
'23120';'14954892';7;2025;10;1;'2025/12/13'
'23120';'14989825';25;2025;10;1;'2025/12/13'
'23121';'14682882';45;2025;10;1;'2025/12/13'
'23121';'14954892';2;2025;10;1;'2025/12/13'
'23121';'14989809';2;2025;10;1;'2025/12/13'
'23121';'15384553';1;2025;10;1;'2025/12/13'
'23121';'15474217';21;2025;10;1;'2025/12/13'
'23122';'14954892';4;2025;10;1;'2025/12/13'
'23122';'14989770';10;2025;10;1;'2025/12/13'
'23122';'14989825';12;2025;10;1;'2025/12/13'
'23122';'15298014';4;2025;10;1;'2025/12/13'
'23122';'15474217';9;2025;10;1;'2025/12/13'
'23123';'14758699';12;2025;10;1;'2025/12/13'
'23124';'14682882';4;2025;10;1;'2025/12/13'
'23124';'14954892';2;2025;10;1;'2025/12/13'
'23124';'14989825';12;2025;10;1;'2025/12/13'
'23124';'15474217';4;2025;10;1;'2025/12/13'
'23125';'14682882';60;2025;10;1;'2025/12/13'
'23125';'14758699';13;2025;10;1;'2025/12/13'
'23125';'14954892';20;2025;10;1;'2025/12/13'
'23125';'14989825';23;2025;10;1;'2025/12/13'
'23125';'15095284';8;2025;10;1;'2025/12/13'
'23125';'15168156';132;2025;10;1;'2025/12/13'
'23125';'15298014';20;2025;10;1;'2025/12/13'
'23125';'15384553';4;2025;10;1;'2025/12/13'
'23125';'15525563';7;2025;10;1;'2025/12/13'
'23126';'14954892';6;2025;10;1;'2025/12/13'
'23126';'15095284';6;2025;10;1;'2025/12/13'
'23128';'14682882';10;2025;10;1;'2025/12/13'
'23128';'14989825';11;2025;10;1;'2025/12/13'
'23129';'14682882';64;2025;10;1;'2025/12/13'
'23129';'14758699';29;2025;10;1;'2025/12/13'
'23129';'14954868';10;2025;10;1;'2025/12/13'
'23129';'14954892';17;2025;10;1;'2025/12/13'
'23129';'14989788';5;2025;10;1;'2025/12/13'
'23129';'15095284';17;2025;10;1;'2025/12/13'
'23129';'15298014';36;2025;10;1;'2025/12/13'
'23129';'15303872';4;2025;10;1;'2025/12/13'
'23129';'15384553';5;2025;10;1;'2025/12/13'
'23129';'15521562';1;2025;10;1;'2025/12/13'
'23129';'15525563';10;2025;10;1;'2025/12/13'
'23130';'14954868';4;2025;10;1;'2025/12/13'
'23130';'14954892';21;2025;10;1;'2025/12/13'
'23130';'14989825';23;2025;10;1;'2025/12/13'
'23130';'15303910';11;2025;10;1;'2025/12/13'
'23130';'15384553';6;2025;10;1;'2025/12/13'
'23130';'15525563';3;2025;10;1;'2025/12/13'
'23131';'14682882';12;2025;10;1;'2025/12/13'
'23131';'14954892';10;2025;10;1;'2025/12/13'
'23131';'14989825';14;2025;10;1;'2025/12/13'
'23131';'15384553';2;2025;10;1;'2025/12/13'
'23131';'15525563';6;2025;10;1;'2025/12/13'
'23132';'14682882';44;2025;10;1;'2025/12/13'
'23132';'14954892';8;2025;10;1;'2025/12/13'
'23132';'15311581';2;2025;10;1;'2025/12/13'
'23132';'15384553';11;2025;10;1;'2025/12/13'
'23132';'15474217';6;2025;10;1;'2025/12/13'
'23132';'15525563';13;2025;10;1;'2025/12/13'
'23133';'14682882';40;2025;10;1;'2025/12/13'
'23133';'14954892';3;2025;10;1;'2025/12/13'
'23133';'14989809';18;2025;10;1;'2025/12/13'
'23133';'15168156';48;2025;10;1;'2025/12/13'
'23133';'15384553';6;2025;10;1;'2025/12/13'
'23133';'15474217';8;2025;10;1;'2025/12/13'
'23133';'15525563';7;2025;10;1;'2025/12/13'
'23134';'14682882';2;2025;10;1;'2025/12/13'
'23134';'14954892';1;2025;10;1;'2025/12/13'
'23135';'14758699';10;2025;10;1;'2025/12/13'
'23135';'14954892';14;2025;10;1;'2025/12/13'
'23135';'14989825';5;2025;10;1;'2025/12/13'
'23135';'15303872';1;2025;10;1;'2025/12/13'
'23136';'14064873';8;2025;10;1;'2025/12/13'
'23136';'14682882';53;2025;10;1;'2025/12/13'
'23136';'14954892';3;2025;10;1;'2025/12/13'
'23136';'15168156';36;2025;10;1;'2025/12/13'
'23136';'15384553';6;2025;10;1;'2025/12/13'
'23136';'15525563';6;2025;10;1;'2025/12/13'
'23137';'15298014';12;2025;10;1;'2025/12/13'
'23137';'15303910';6;2025;10;1;'2025/12/13'
'23137';'15311581';11;2025;10;1;'2025/12/13'
'23138';'14545132';1;2025;10;1;'2025/12/13'
'23138';'14954892';5;2025;10;1;'2025/12/13'
'23138';'15168156';72;2025;10;1;'2025/12/13'
'23138';'15384553';3;2025;10;1;'2025/12/13'
'23139';'14682882';24;2025;10;1;'2025/12/13'
'23139';'14758699';8;2025;10;1;'2025/12/13'
'23139';'14954892';19;2025;10;1;'2025/12/13'
'23139';'14989788';13;2025;10;1;'2025/12/13'
'23139';'14989809';8;2025;10;1;'2025/12/13'
'23139';'14989825';6;2025;10;1;'2025/12/13'
'23139';'15303910';1;2025;10;1;'2025/12/13'
'23139';'15489099';-1;2025;10;1;'2025/12/13'
'23140';'14682882';11;2025;10;1;'2025/12/13'
'23140';'14758699';13;2025;10;1;'2025/12/13'
'23140';'14954892';20;2025;10;1;'2025/12/13'
'23140';'14989770';12;2025;10;1;'2025/12/13'
'23140';'14989788';5;2025;10;1;'2025/12/13'
'23140';'14989809';31;2025;10;1;'2025/12/13'
'23140';'14989833';17;2025;10;1;'2025/12/13'
'23140';'15095284';6;2025;10;1;'2025/12/13'
'23140';'15168156';18;2025;10;1;'2025/12/13'
'23140';'15311581';16;2025;10;1;'2025/12/13'
'23140';'15384553';3;2025;10;1;'2025/12/13'
'23140';'15525563';12;2025;10;1;'2025/12/13'
'23141';'14561781';3;2025;10;1;'2025/12/13'
'23141';'14682882';8;2025;10;1;'2025/12/13'
'23141';'14989770';48;2025;10;1;'2025/12/13'
'23141';'14989825';32;2025;10;1;'2025/12/13'
'23141';'15168156';84;2025;10;1;'2025/12/13'
'23141';'15298014';96;2025;10;1;'2025/12/13'
'23141';'15303872';6;2025;10;1;'2025/12/13'
'23141';'15384553';3;2025;10;1;'2025/12/13'
'23141';'15525563';5;2025;10;1;'2025/12/13'
'23142';'14545132';5;2025;10;1;'2025/12/13'
'23142';'14561781';3;2025;10;1;'2025/12/13'
'23142';'14682882';5;2025;10;1;'2025/12/13'
'23142';'14954892';24;2025;10;1;'2025/12/13'
'23142';'15303910';4;2025;10;1;'2025/12/13'
'23142';'15311581';1;2025;10;1;'2025/12/13'
'23142';'15384553';3;2025;10;1;'2025/12/13'
'23142';'15474217';8;2025;10;1;'2025/12/13'
'23142';'15489099';1;2025;10;1;'2025/12/13'
'23142';'15525563';5;2025;10;1;'2025/12/13'
'23144';'14064873';10;2025;10;1;'2025/12/13'
'23144';'14545132';15;2025;10;1;'2025/12/13'
'23144';'14561781';9;2025;10;1;'2025/12/13'
'23144';'14682882';26;2025;10;1;'2025/12/13'
'23144';'14954868';8;2025;10;1;'2025/12/13'
'23144';'14954892';8;2025;10;1;'2025/12/13'
'23144';'14989770';1;2025;10;1;'2025/12/13'
'23144';'14989788';1;2025;10;1;'2025/12/13'
'23144';'14989809';11;2025;10;1;'2025/12/13'
'23144';'14989825';11;2025;10;1;'2025/12/13'
'23144';'14989833';6;2025;10;1;'2025/12/13'
'23144';'15095284';6;2025;10;1;'2025/12/13'
'23144';'15298014';-4;2025;10;1;'2025/12/13'
'23144';'15303872';3;2025;10;1;'2025/12/13'
'23144';'15303910';8;2025;10;1;'2025/12/13'
'23144';'15384553';11;2025;10;1;'2025/12/13'
'23144';'15474217';2;2025;10;1;'2025/12/13'
'23144';'15489099';5;2025;10;1;'2025/12/13'
'23144';'15525563';2;2025;10;1;'2025/12/13'
'23145';'14989825';12;2025;10;1;'2025/12/13'
'23145';'15474217';3;2025;10;1;'2025/12/13'
'23146';'14682882';48;2025;10;1;'2025/12/13'
'23146';'14954868';9;2025;10;1;'2025/12/13'
'23146';'14989788';4;2025;10;1;'2025/12/13'
'23146';'14989809';4;2025;10;1;'2025/12/13'
'23146';'15095284';1;2025;10;1;'2025/12/13'
'23148';'14064873';6;2025;10;1;'2025/12/13'
'23148';'14561781';16;2025;10;1;'2025/12/13'
'23148';'14682882';87;2025;10;1;'2025/12/13'
'23148';'14758699';13;2025;10;1;'2025/12/13'
'23148';'14954892';10;2025;10;1;'2025/12/13'
'23148';'14989770';20;2025;10;1;'2025/12/13'
'23148';'14989788';1;2025;10;1;'2025/12/13'
'23148';'14989809';15;2025;10;1;'2025/12/13'
'23148';'14989825';96;2025;10;1;'2025/12/13'
'23148';'14989833';18;2025;10;1;'2025/12/13'
'23148';'15095284';18;2025;10;1;'2025/12/13'
'23148';'15168156';383;2025;10;1;'2025/12/13'
'23148';'15298014';373;2025;10;1;'2025/12/13'
'23148';'15303872';10;2025;10;1;'2025/12/13'
'23148';'15303910';7;2025;10;1;'2025/12/13'
'23148';'15311581';16;2025;10;1;'2025/12/13'
'23148';'15384553';15;2025;10;1;'2025/12/13'
'23148';'15474217';276;2025;10;1;'2025/12/13'
'23148';'15489099';13;2025;10;1;'2025/12/13'
'23148';'15521562';313;2025;10;1;'2025/12/13'
'23148';'15525563';15;2025;10;1;'2025/12/13'
'23149';'14954892';2;2025;10;1;'2025/12/13'
'23149';'15298014';52;2025;10;1;'2025/12/13'
'23149';'15303910';12;2025;10;1;'2025/12/13'
'23149';'15474217';12;2025;10;1;'2025/12/13'
'23150';'14954892';9;2025;10;1;'2025/12/13'
'23150';'14989809';11;2025;10;1;'2025/12/13'
'23150';'15384553';3;2025;10;1;'2025/12/13'
'23151';'14064873';36;2025;10;1;'2025/12/13'
'23151';'14682882';11;2025;10;1;'2025/12/13'
'23151';'14954892';10;2025;10;1;'2025/12/13'
'23151';'15095284';8;2025;10;1;'2025/12/13'
'23151';'15303872';10;2025;10;1;'2025/12/13'
'23151';'15384553';6;2025;10;1;'2025/12/13'
'23151';'15525563';12;2025;10;1;'2025/12/13'
'23152';'14064873';9;2025;10;1;'2025/12/13'
'23152';'14545132';12;2025;10;1;'2025/12/13'
'23152';'14682882';46;2025;10;1;'2025/12/13'
'23152';'14758699';12;2025;10;1;'2025/12/13'
'23152';'14954868';12;2025;10;1;'2025/12/13'
'23152';'14954892';19;2025;10;1;'2025/12/13'
'23152';'14989809';7;2025;10;1;'2025/12/13'
'23152';'14989825';18;2025;10;1;'2025/12/13'
'23152';'14989833';7;2025;10;1;'2025/12/13'
'23152';'15095284';6;2025;10;1;'2025/12/13'
'23152';'15168156';78;2025;10;1;'2025/12/13'
'23152';'15298014';148;2025;10;1;'2025/12/13'
'23152';'15303872';2;2025;10;1;'2025/12/13'
'23152';'15303910';1;2025;10;1;'2025/12/13'
'23152';'15384553';15;2025;10;1;'2025/12/13'
'23152';'15474217';84;2025;10;1;'2025/12/13'
'23152';'15489099';3;2025;10;1;'2025/12/13'
'23152';'15521562';137;2025;10;1;'2025/12/13'
'23152';'15525563';11;2025;10;1;'2025/12/13'
'23153';'14954868';12;2025;10;1;'2025/12/13'
'23153';'14954892';1;2025;10;1;'2025/12/13'
'23153';'14989788';6;2025;10;1;'2025/12/13'
'23153';'14989809';12;2025;10;1;'2025/12/13'
'23153';'15525563';3;2025;10;1;'2025/12/13'
'23155';'14989825';12;2025;10;1;'2025/12/13'
'23156';'14682882';15;2025;10;1;'2025/12/13'
'23156';'15095284';13;2025;10;1;'2025/12/13'
'23156';'15489099';53;2025;10;1;'2025/12/13'
'23156';'15521562';2;2025;10;1;'2025/12/13'
'23158';'14064873';20;2025;10;1;'2025/12/13'
'23158';'14545132';3;2025;10;1;'2025/12/13'
'23158';'14682882';51;2025;10;1;'2025/12/13'
'23158';'14954868';7;2025;10;1;'2025/12/13'
'23158';'15168156';204;2025;10;1;'2025/12/13'
'23158';'15298014';140;2025;10;1;'2025/12/13'
'23158';'15384553';17;2025;10;1;'2025/12/13'
'23158';'15474217';96;2025;10;1;'2025/12/13'
'23158';'15489099';1;2025;10;1;'2025/12/13'
'23158';'15521562';110;2025;10;1;'2025/12/13'
'23158';'15525563';13;2025;10;1;'2025/12/13'
'23159';'14682882';10;2025;10;1;'2025/12/13'
'23159';'14954892';7;2025;10;1;'2025/12/13'
'23159';'15384553';1;2025;10;1;'2025/12/13'
'23159';'15525563';6;2025;10;1;'2025/12/13'
'23160';'14682882';97;2025;10;1;'2025/12/13'
'23160';'14758699';4;2025;10;1;'2025/12/13'
'23160';'14954892';7;2025;10;1;'2025/12/13'
'23160';'15168156';44;2025;10;1;'2025/12/13'
'23160';'15298014';72;2025;10;1;'2025/12/13'
'23160';'15384553';14;2025;10;1;'2025/12/13'
'23160';'15474217';220;2025;10;1;'2025/12/13'
'23160';'15521562';92;2025;10;1;'2025/12/13'
'23160';'15525563';5;2025;10;1;'2025/12/13'
'23162';'14064873';20;2025;10;1;'2025/12/13'
'23162';'14545132';8;2025;10;1;'2025/12/13'
'23162';'14561781';14;2025;10;1;'2025/12/13'
'23162';'14682882';33;2025;10;1;'2025/12/13'
'23162';'14758699';15;2025;10;1;'2025/12/13'
'23162';'14954868';25;2025;10;1;'2025/12/13'
'23162';'14954892';3;2025;10;1;'2025/12/13'
'23162';'14989770';39;2025;10;1;'2025/12/13'
'23162';'14989788';16;2025;10;1;'2025/12/13'
'23162';'14989809';16;2025;10;1;'2025/12/13'
'23162';'14989825';11;2025;10;1;'2025/12/13'
'23162';'14989833';42;2025;10;1;'2025/12/13'
'23162';'15095284';8;2025;10;1;'2025/12/13'
'23162';'15168156';204;2025;10;1;'2025/12/13'
'23162';'15298014';232;2025;10;1;'2025/12/13'
'23162';'15303910';40;2025;10;1;'2025/12/13'
'23162';'15311581';35;2025;10;1;'2025/12/13'
'23162';'15384553';12;2025;10;1;'2025/12/13'
'23162';'15474217';128;2025;10;1;'2025/12/13'
'23162';'15525563';17;2025;10;1;'2025/12/13'
'23163';'15474217';3;2025;10;1;'2025/12/13'
'23165';'14682882';11;2025;10;1;'2025/12/13'
'23165';'14954892';11;2025;10;1;'2025/12/13'
'23165';'14989809';12;2025;10;1;'2025/12/13'
'23165';'15525563';4;2025;10;1;'2025/12/13'
'23166';'14682882';16;2025;10;1;'2025/12/13'
'23166';'14989788';7;2025;10;1;'2025/12/13'
'23166';'14989809';11;2025;10;1;'2025/12/13'
'23166';'15095284';8;2025;10;1;'2025/12/13'
'23166';'15474217';48;2025;10;1;'2025/12/13'
'23166';'15525563';1;2025;10;1;'2025/12/13'
'23167';'14682882';10;2025;10;1;'2025/12/13'
'23167';'14954868';12;2025;10;1;'2025/12/13'
'23167';'14954892';23;2025;10;1;'2025/12/13'
'23168';'14064873';11;2025;10;1;'2025/12/13'
'23168';'14682882';9;2025;10;1;'2025/12/13'
'23168';'14954892';10;2025;10;1;'2025/12/13'
'23168';'14989809';10;2025;10;1;'2025/12/13'
'23168';'14989825';35;2025;10;1;'2025/12/13'
'23168';'15489099';10;2025;10;1;'2025/12/13'
'23169';'14064873';7;2025;10;1;'2025/12/13'
'23169';'14954892';11;2025;10;1;'2025/12/13'
'23169';'14989809';9;2025;10;1;'2025/12/13'
'23170';'14682882';5;2025;10;1;'2025/12/13'
'23170';'14954892';1;2025;10;1;'2025/12/13'
'23171';'14064873';1;2025;10;1;'2025/12/13'
'23171';'14682882';15;2025;10;1;'2025/12/13'
'23171';'14954868';1;2025;10;1;'2025/12/13'
'23171';'14954892';10;2025;10;1;'2025/12/13'
'23171';'15168156';6;2025;10;1;'2025/12/13'
'23171';'15298014';4;2025;10;1;'2025/12/13'
'23171';'15525563';2;2025;10;1;'2025/12/13'
'23173';'14954892';11;2025;10;1;'2025/12/13'
'23173';'14989809';4;2025;10;1;'2025/12/13'
'23174';'14954892';2;2025;10;1;'2025/12/13'
'23175';'14064873';8;2025;10;1;'2025/12/13'
'23175';'14682882';8;2025;10;1;'2025/12/13'
'23175';'14954868';8;2025;10;1;'2025/12/13'
'23175';'14954892';3;2025;10;1;'2025/12/13'
'23175';'14989788';11;2025;10;1;'2025/12/13'
'23175';'15474217';40;2025;10;1;'2025/12/13'
'23175';'15521562';-1;2025;10;1;'2025/12/13'
'23176';'14001338';7;2025;10;1;'2025/12/13'
'23176';'14064873';11;2025;10;1;'2025/12/13'
'23176';'14989788';17;2025;10;1;'2025/12/13'
'23176';'14989809';11;2025;10;1;'2025/12/13'
'23176';'14989825';12;2025;10;1;'2025/12/13'
'23176';'15521562';17;2025;10;1;'2025/12/13'
'23177';'14064873';2;2025;10;1;'2025/12/13'
'23177';'14682882';8;2025;10;1;'2025/12/13'
'23177';'14954868';4;2025;10;1;'2025/12/13'
'23177';'14954892';3;2025;10;1;'2025/12/13'
'23177';'14989788';3;2025;10;1;'2025/12/13'
'23177';'14989825';12;2025;10;1;'2025/12/13'
'23177';'15298014';8;2025;10;1;'2025/12/13'
'23177';'15303872';10;2025;10;1;'2025/12/13'
'23177';'15489099';8;2025;10;1;'2025/12/13'
'23177';'15525563';1;2025;10;1;'2025/12/13'
'23179';'14064873';4;2025;10;1;'2025/12/13'
'23179';'14954892';6;2025;10;1;'2025/12/13'
'23179';'15298014';22;2025;10;1;'2025/12/13'
'23180';'14682882';17;2025;10;1;'2025/12/13'
'23180';'14954892';7;2025;10;1;'2025/12/13'
'23180';'14989770';3;2025;10;1;'2025/12/13'
'23180';'14989809';16;2025;10;1;'2025/12/13'
'23180';'14989825';13;2025;10;1;'2025/12/13'
'23180';'15168156';42;2025;10;1;'2025/12/13'
'23181';'14064873';10;2025;10;1;'2025/12/13'
'23181';'14682882';41;2025;10;1;'2025/12/13'
'23181';'14954868';15;2025;10;1;'2025/12/13'
'23181';'14954892';8;2025;10;1;'2025/12/13'
'23181';'14989825';12;2025;10;1;'2025/12/13'
'23181';'15474217';12;2025;10;1;'2025/12/13'
'23182';'14682882';9;2025;10;1;'2025/12/13'
'23182';'14954892';2;2025;10;1;'2025/12/13'
'23182';'14989809';8;2025;10;1;'2025/12/13'
'23182';'14989825';9;2025;10;1;'2025/12/13'
'23182';'15168156';30;2025;10;1;'2025/12/13'
'23182';'15474217';16;2025;10;1;'2025/12/13'
'23183';'14064873';47;2025;10;1;'2025/12/13'
'23183';'14545132';11;2025;10;1;'2025/12/13'
'23183';'14682882';24;2025;10;1;'2025/12/13'
'23183';'14758699';9;2025;10;1;'2025/12/13'
'23183';'14954868';8;2025;10;1;'2025/12/13'
'23183';'14954892';54;2025;10;1;'2025/12/13'
'23183';'14989788';15;2025;10;1;'2025/12/13'
'23183';'14989809';34;2025;10;1;'2025/12/13'
'23183';'14989825';16;2025;10;1;'2025/12/13'
'23183';'15095284';9;2025;10;1;'2025/12/13'
'23183';'15168156';182;2025;10;1;'2025/12/13'
'23183';'15298014';124;2025;10;1;'2025/12/13'
'23183';'15303910';4;2025;10;1;'2025/12/13'
'23183';'15311581';11;2025;10;1;'2025/12/13'
'23183';'15384553';16;2025;10;1;'2025/12/13'
'23183';'15474217';28;2025;10;1;'2025/12/13'
'23183';'15489099';67;2025;10;1;'2025/12/13'
'23183';'15521562';1;2025;10;1;'2025/12/13'
'23183';'15525563';14;2025;10;1;'2025/12/13'
'23184';'14954868';2;2025;10;1;'2025/12/13'
'23184';'15303910';9;2025;10;1;'2025/12/13'
'23184';'15311581';8;2025;10;1;'2025/12/13'
'23184';'15384553';2;2025;10;1;'2025/12/13'
'23184';'15474217';36;2025;10;1;'2025/12/13'
'23184';'15525563';6;2025;10;1;'2025/12/13'
'23185';'14064873';4;2025;10;1;'2025/12/13'
'23185';'14682882';9;2025;10;1;'2025/12/13'
'23185';'14954892';7;2025;10;1;'2025/12/13'
'23185';'14989788';12;2025;10;1;'2025/12/13'
'23185';'15095284';4;2025;10;1;'2025/12/13'
'23185';'15303872';9;2025;10;1;'2025/12/13'
'23185';'15311581';12;2025;10;1;'2025/12/13'
'23185';'15384553';1;2025;10;1;'2025/12/13'
'23185';'15525563';12;2025;10;1;'2025/12/13'
'23186';'14682882';1;2025;10;1;'2025/12/13'
'23186';'14954892';14;2025;10;1;'2025/12/13'
'23186';'14989770';10;2025;10;1;'2025/12/13'
'23186';'14989788';5;2025;10;1;'2025/12/13'
'23186';'14989809';9;2025;10;1;'2025/12/13'
'23186';'15095284';8;2025;10;1;'2025/12/13'
'23187';'14682882';16;2025;10;1;'2025/12/13'
'23187';'14758699';12;2025;10;1;'2025/12/13'
'23187';'14954892';9;2025;10;1;'2025/12/13'
'23187';'14989770';16;2025;10;1;'2025/12/13'
'23187';'14989788';12;2025;10;1;'2025/12/13'
'23187';'14989809';45;2025;10;1;'2025/12/13'
'23187';'15298014';45;2025;10;1;'2025/12/13'
'23187';'15311581';44;2025;10;1;'2025/12/13'
'23187';'15384553';6;2025;10;1;'2025/12/13'
'23187';'15474217';158;2025;10;1;'2025/12/13'
'23187';'15525563';29;2025;10;1;'2025/12/13'
'23188';'14064873';8;2025;10;1;'2025/12/13'
'23188';'14682882';4;2025;10;1;'2025/12/13'
'23188';'14954868';2;2025;10;1;'2025/12/13'
'23188';'14954892';9;2025;10;1;'2025/12/13'
'23188';'14989788';7;2025;10;1;'2025/12/13'
'23188';'14989809';12;2025;10;1;'2025/12/13'
'23188';'14989825';9;2025;10;1;'2025/12/13'
'23188';'15303910';1;2025;10;1;'2025/12/13'
'23188';'15384553';11;2025;10;1;'2025/12/13'
'23188';'15489099';12;2025;10;1;'2025/12/13'
'23188';'15525563';14;2025;10;1;'2025/12/13'
'23189';'14682882';5;2025;10;1;'2025/12/13'
'23189';'14758699';10;2025;10;1;'2025/12/13'
'23189';'14954868';1;2025;10;1;'2025/12/13'
'23189';'14954892';8;2025;10;1;'2025/12/13'
'23189';'14989809';10;2025;10;1;'2025/12/13'
'23189';'14989825';10;2025;10;1;'2025/12/13'
'23189';'15168156';48;2025;10;1;'2025/12/13'
'23189';'15525563';10;2025;10;1;'2025/12/13'
'23190';'14954892';15;2025;10;1;'2025/12/13'
'23191';'14682882';4;2025;10;1;'2025/12/13'
'23191';'14954892';9;2025;10;1;'2025/12/13'
'23191';'14989770';7;2025;10;1;'2025/12/13'
'23191';'14989788';1;2025;10;1;'2025/12/13'
'23191';'14989809';9;2025;10;1;'2025/12/13'
'23191';'15168156';42;2025;10;1;'2025/12/13'
'23191';'15303910';2;2025;10;1;'2025/12/13'
'23191';'15384553';6;2025;10;1;'2025/12/13'
'23191';'15489099';19;2025;10;1;'2025/12/13'
'23191';'15525563';11;2025;10;1;'2025/12/13'
'23192';'14064873';9;2025;10;1;'2025/12/13'
'23192';'14545132';12;2025;10;1;'2025/12/13'
'23192';'14682882';14;2025;10;1;'2025/12/13'
'23192';'14758699';9;2025;10;1;'2025/12/13'
'23192';'14989809';5;2025;10;1;'2025/12/13'
'23192';'14989825';13;2025;10;1;'2025/12/13'
'23192';'15095284';11;2025;10;1;'2025/12/13'
'23192';'15168156';36;2025;10;1;'2025/12/13'
'23192';'15298014';96;2025;10;1;'2025/12/13'
'23192';'15303910';1;2025;10;1;'2025/12/13'
'23192';'15311581';48;2025;10;1;'2025/12/13'
'23192';'15384553';17;2025;10;1;'2025/12/13'
'23192';'15474217';92;2025;10;1;'2025/12/13'
'23192';'15521562';84;2025;10;1;'2025/12/13'
'23192';'15525563';8;2025;10;1;'2025/12/13'
'23193';'14954892';6;2025;10;1;'2025/12/13'
'23193';'14989825';10;2025;10;1;'2025/12/13'
'23193';'15298014';8;2025;10;1;'2025/12/13'
'23193';'15303910';5;2025;10;1;'2025/12/13'
'23193';'15384553';10;2025;10;1;'2025/12/13'
'23194';'14064873';7;2025;10;1;'2025/12/13'
'23194';'14954868';1;2025;10;1;'2025/12/13'
'23194';'14954892';9;2025;10;1;'2025/12/13'
'23194';'15384553';12;2025;10;1;'2025/12/13'
'23194';'15525563';4;2025;10;1;'2025/12/13'
'23195';'14954892';11;2025;10;1;'2025/12/13'
'23195';'14989809';6;2025;10;1;'2025/12/13'
'23196';'14064873';9;2025;10;1;'2025/12/13'
'23196';'14561781';14;2025;10;1;'2025/12/13'
'23196';'14682882';9;2025;10;1;'2025/12/13'
'23196';'14954892';8;2025;10;1;'2025/12/13'
'23196';'14989809';12;2025;10;1;'2025/12/13'
'23196';'15168156';76;2025;10;1;'2025/12/13'
'23196';'15298014';50;2025;10;1;'2025/12/13'
'23196';'15384553';1;2025;10;1;'2025/12/13'
'23196';'15474217';68;2025;10;1;'2025/12/13'
'23196';'15489099';14;2025;10;1;'2025/12/13'
'23196';'15521562';9;2025;10;1;'2025/12/13'
'23196';'15525563';8;2025;10;1;'2025/12/13'
'23197';'14954892';6;2025;10;1;'2025/12/13'
'23197';'14989788';-1;2025;10;1;'2025/12/13'
'23198';'14064873';23;2025;10;1;'2025/12/13'
'23198';'14758699';6;2025;10;1;'2025/12/13'
'23198';'14954892';13;2025;10;1;'2025/12/13'
'23198';'14989809';12;2025;10;1;'2025/12/13'
'23198';'14989825';1;2025;10;1;'2025/12/13'
'23198';'15095284';12;2025;10;1;'2025/12/13'
'23198';'15168156';24;2025;10;1;'2025/12/13'
'23198';'15384553';3;2025;10;1;'2025/12/13'
'23198';'15525563';6;2025;10;1;'2025/12/13'
'23200';'14064873';1;2025;10;1;'2025/12/13'
'23200';'14989809';15;2025;10;1;'2025/12/13'
'23202';'14064873';43;2025;10;1;'2025/12/13'
'23202';'14545132';19;2025;10;1;'2025/12/13'
'23202';'14561781';17;2025;10;1;'2025/12/13'
'23202';'14682882';41;2025;10;1;'2025/12/13'
'23202';'14758699';18;2025;10;1;'2025/12/13'
'23202';'14954868';6;2025;10;1;'2025/12/13'
'23202';'14954892';38;2025;10;1;'2025/12/13'
'23202';'14989770';21;2025;10;1;'2025/12/13'
'23202';'14989788';15;2025;10;1;'2025/12/13'
'23202';'14989809';38;2025;10;1;'2025/12/13'
'23202';'14989825';7;2025;10;1;'2025/12/13'
'23202';'14989833';12;2025;10;1;'2025/12/13'
'23202';'15095284';13;2025;10;1;'2025/12/13'
'23202';'15168156';156;2025;10;1;'2025/12/13'
'23202';'15298014';144;2025;10;1;'2025/12/13'
'23202';'15303872';2;2025;10;1;'2025/12/13'
'23202';'15303910';15;2025;10;1;'2025/12/13'
'23202';'15311581';44;2025;10;1;'2025/12/13'
'23202';'15384553';8;2025;10;1;'2025/12/13'
'23202';'15474217';98;2025;10;1;'2025/12/13'
'23202';'15489099';10;2025;10;1;'2025/12/13'
'23202';'15521562';57;2025;10;1;'2025/12/13'
'23202';'15525563';10;2025;10;1;'2025/12/13'
'23203';'14682882';5;2025;10;1;'2025/12/13'
'23203';'14954892';8;2025;10;1;'2025/12/13'
'23204';'14064873';13;2025;10;1;'2025/12/13'
'23204';'14561781';10;2025;10;1;'2025/12/13'
'23204';'14954892';12;2025;10;1;'2025/12/13'
'23204';'14989825';12;2025;10;1;'2025/12/13'
'23204';'15303910';6;2025;10;1;'2025/12/13'
'23204';'15474217';80;2025;10;1;'2025/12/13'
'23205';'14064873';10;2025;10;1;'2025/12/13'
'23205';'14682882';14;2025;10;1;'2025/12/13'
'23205';'14954868';9;2025;10;1;'2025/12/13'
'23205';'14954892';47;2025;10;1;'2025/12/13'
'23205';'14989825';22;2025;10;1;'2025/12/13'
'23205';'15168156';108;2025;10;1;'2025/12/13'
'23205';'15303910';11;2025;10;1;'2025/12/13'
'23205';'15384553';15;2025;10;1;'2025/12/13'
'23205';'15474217';124;2025;10;1;'2025/12/13'
'23205';'15525563';10;2025;10;1;'2025/12/13'
'23207';'14989825';9;2025;10;1;'2025/12/13'
'23207';'15525563';6;2025;10;1;'2025/12/13'
'23208';'14682882';10;2025;10;1;'2025/12/13'
'23208';'14758699';40;2025;10;1;'2025/12/13'
'23208';'14954892';9;2025;10;1;'2025/12/13'
'23208';'14989809';3;2025;10;1;'2025/12/13'
'23208';'14989825';13;2025;10;1;'2025/12/13'
'23208';'15168156';48;2025;10;1;'2025/12/13'
'23208';'15298014';-8;2025;10;1;'2025/12/13'
'23208';'15303910';5;2025;10;1;'2025/12/13'
'23208';'15525563';10;2025;10;1;'2025/12/13'
'23209';'14682882';7;2025;10;1;'2025/12/13'
'23209';'14954868';8;2025;10;1;'2025/12/13'
'23209';'14954892';11;2025;10;1;'2025/12/13'
'23209';'15384553';3;2025;10;1;'2025/12/13'
'23209';'15474217';52;2025;10;1;'2025/12/13'
'23210';'14954892';2;2025;10;1;'2025/12/13'
'23210';'14989809';7;2025;10;1;'2025/12/13'
'23211';'14954892';8;2025;10;1;'2025/12/13'
'23211';'15474217';48;2025;10;1;'2025/12/13'
'23212';'14954892';13;2025;10;1;'2025/12/13'
'23212';'14989825';4;2025;10;1;'2025/12/13'
'23212';'15168156';3;2025;10;1;'2025/12/13'
'23212';'15384553';2;2025;10;1;'2025/12/13'
'23212';'15525563';8;2025;10;1;'2025/12/13'
'23213';'14954892';10;2025;10;1;'2025/12/13'
'23213';'15168156';139;2025;10;1;'2025/12/13'
'23214';'14682882';9;2025;10;1;'2025/12/13'
'23214';'14758699';16;2025;10;1;'2025/12/13'
'23214';'14954892';16;2025;10;1;'2025/12/13'
'23214';'14989825';12;2025;10;1;'2025/12/13'
'23214';'15311581';28;2025;10;1;'2025/12/13'
'23214';'15384553';12;2025;10;1;'2025/12/13'
'23214';'15474217';1;2025;10;1;'2025/12/13'
'23214';'15521562';104;2025;10;1;'2025/12/13'
'23214';'15525563';17;2025;10;1;'2025/12/13'
'23215';'14545132';12;2025;10;1;'2025/12/13'
'23215';'14561781';29;2025;10;1;'2025/12/13'
'23215';'14682882';9;2025;10;1;'2025/12/13'
'23215';'14758699';18;2025;10;1;'2025/12/13'
'23215';'14954868';27;2025;10;1;'2025/12/13'
'23215';'14954892';26;2025;10;1;'2025/12/13'
'23215';'14989770';42;2025;10;1;'2025/12/13'
'23215';'14989788';10;2025;10;1;'2025/12/13'
'23215';'14989809';4;2025;10;1;'2025/12/13'
'23215';'14989833';47;2025;10;1;'2025/12/13'
'23215';'15095284';3;2025;10;1;'2025/12/13'
'23215';'15168156';47;2025;10;1;'2025/12/13'
'23215';'15298014';116;2025;10;1;'2025/12/13'
'23215';'15303872';-2;2025;10;1;'2025/12/13'
'23215';'15303910';25;2025;10;1;'2025/12/13'
'23215';'15311581';21;2025;10;1;'2025/12/13'
'23215';'15384553';18;2025;10;1;'2025/12/13'
'23215';'15474217';253;2025;10;1;'2025/12/13'
'23215';'15489099';2;2025;10;1;'2025/12/13'
'23215';'15525563';4;2025;10;1;'2025/12/13'
'23216';'14064873';11;2025;10;1;'2025/12/13'
'23216';'14682882';21;2025;10;1;'2025/12/13'
'23216';'14758699';7;2025;10;1;'2025/12/13'
'23216';'14954868';15;2025;10;1;'2025/12/13'
'23216';'14954892';2;2025;10;1;'2025/12/13'
'23216';'14989788';4;2025;10;1;'2025/12/13'
'23216';'14989809';7;2025;10;1;'2025/12/13'
'23216';'14989825';37;2025;10;1;'2025/12/13'
'23216';'15168156';54;2025;10;1;'2025/12/13'
'23216';'15474217';104;2025;10;1;'2025/12/13'
'23217';'14954892';3;2025;10;1;'2025/12/13'
'23217';'14989825';2;2025;10;1;'2025/12/13'
'23218';'14682882';10;2025;10;1;'2025/12/13'
'23218';'14954868';5;2025;10;1;'2025/12/13'
'23218';'14989825';60;2025;10;1;'2025/12/13'
'23218';'15303910';3;2025;10;1;'2025/12/13'
'23218';'15384553';8;2025;10;1;'2025/12/13'
'23218';'15525563';17;2025;10;1;'2025/12/13'
'23219';'14064873';5;2025;10;1;'2025/12/13'
'23219';'14682882';9;2025;10;1;'2025/12/13'
'23219';'14682891';2;2025;10;1;'2025/12/13'
'23219';'14758699';5;2025;10;1;'2025/12/13'
'23219';'14954892';6;2025;10;1;'2025/12/13'
'23219';'14989809';9;2025;10;1;'2025/12/13'
'23219';'14989825';13;2025;10;1;'2025/12/13'
'23219';'15095284';7;2025;10;1;'2025/12/13'
'23219';'15303910';5;2025;10;1;'2025/12/13'
'23219';'15474217';112;2025;10;1;'2025/12/13'
'23220';'14989825';4;2025;10;1;'2025/12/13'
'23221';'14064873';42;2025;10;1;'2025/12/13'
'23221';'14682882';8;2025;10;1;'2025/12/13'
'23221';'14954868';7;2025;10;1;'2025/12/13'
'23221';'14954892';4;2025;10;1;'2025/12/13'
'23221';'14989788';12;2025;10;1;'2025/12/13'
'23221';'15095284';29;2025;10;1;'2025/12/13'
'23221';'15168156';108;2025;10;1;'2025/12/13'
'23221';'15298014';108;2025;10;1;'2025/12/13'
'23221';'15303910';4;2025;10;1;'2025/12/13'
'23221';'15384553';8;2025;10;1;'2025/12/13'
'23221';'15474217';104;2025;10;1;'2025/12/13'
'23221';'15521562';100;2025;10;1;'2025/12/13'
'23221';'15525563';25;2025;10;1;'2025/12/13'
'23222';'14682882';3;2025;10;1;'2025/12/13'
'23222';'14954892';10;2025;10;1;'2025/12/13'
'23223';'14758699';7;2025;10;1;'2025/12/13'
'23223';'14954892';12;2025;10;1;'2025/12/13'
'23223';'14989825';4;2025;10;1;'2025/12/13'
'23223';'15311581';6;2025;10;1;'2025/12/13'
'23224';'15303910';5;2025;10;1;'2025/12/13'
'23226';'14561781';10;2025;10;1;'2025/12/13'
'23226';'14954892';15;2025;10;1;'2025/12/13'
'23227';'15474217';93;2025;10;1;'2025/12/13'
'23229';'14682882';11;2025;10;1;'2025/12/13'
'23229';'14954892';16;2025;10;1;'2025/12/13'
'23229';'14989825';50;2025;10;1;'2025/12/13'
'23229';'15384553';2;2025;10;1;'2025/12/13'
'23229';'15525563';12;2025;10;1;'2025/12/13'
'23230';'14954892';18;2025;10;1;'2025/12/13'
'23230';'14989788';15;2025;10;1;'2025/12/13'
'23230';'14989825';9;2025;10;1;'2025/12/13'
'23230';'15168156';86;2025;10;1;'2025/12/13'
'23230';'15298014';92;2025;10;1;'2025/12/13'
'23230';'15311581';11;2025;10;1;'2025/12/13'
'23230';'15474217';20;2025;10;1;'2025/12/13'
'23230';'15489099';7;2025;10;1;'2025/12/13'
'23230';'15525563';2;2025;10;1;'2025/12/13'
'23231';'14989825';43;2025;10;1;'2025/12/13'
'23231';'15384553';3;2025;10;1;'2025/12/13'
'23231';'15525563';9;2025;10;1;'2025/12/13'
'23233';'14064873';5;2025;10;1;'2025/12/13'
'23233';'14545132';6;2025;10;1;'2025/12/13'
'23233';'14682882';3;2025;10;1;'2025/12/13'
'23233';'14954892';10;2025;10;1;'2025/12/13'
'23233';'14989770';12;2025;10;1;'2025/12/13'
'23233';'14989809';5;2025;10;1;'2025/12/13'
'23233';'14989825';9;2025;10;1;'2025/12/13'
'23233';'15095284';4;2025;10;1;'2025/12/13'
'23233';'15525563';1;2025;10;1;'2025/12/13'
'23234';'14954892';7;2025;10;1;'2025/12/13'
'23234';'14989825';22;2025;10;1;'2025/12/13'
'23234';'15168156';12;2025;10;1;'2025/12/13'
'23234';'15298014';56;2025;10;1;'2025/12/13'
'23234';'15474217';244;2025;10;1;'2025/12/13'
'23234';'15525563';6;2025;10;1;'2025/12/13'
'23235';'14954892';1;2025;10;1;'2025/12/13'
'23235';'15489099';1;2025;10;1;'2025/12/13'
'23237';'14954892';9;2025;10;1;'2025/12/13'
'23237';'14989788';7;2025;10;1;'2025/12/13'
'23240';'14545132';1;2025;10;1;'2025/12/13'
'23240';'14682882';22;2025;10;1;'2025/12/13'
'23240';'14954868';9;2025;10;1;'2025/12/13'
'23240';'14954892';12;2025;10;1;'2025/12/13'
'23241';'14758699';10;2025;10;1;'2025/12/13'
'23241';'14954892';1;2025;10;1;'2025/12/13'
'23241';'15303910';7;2025;10;1;'2025/12/13'
'23244';'14064873';13;2025;10;1;'2025/12/13'
'23244';'14682882';14;2025;10;1;'2025/12/13'
'23244';'14954868';6;2025;10;1;'2025/12/13'
'23244';'14954892';1;2025;10;1;'2025/12/13'
'23244';'15474217';5;2025;10;1;'2025/12/13'
'23246';'14758699';10;2025;10;1;'2025/12/13'
'23246';'15298014';4;2025;10;1;'2025/12/13'
'23247';'14954892';13;2025;10;1;'2025/12/13'
'23247';'14989788';9;2025;10;1;'2025/12/13'
'23247';'15303872';6;2025;10;1;'2025/12/13'
'23247';'15303910';12;2025;10;1;'2025/12/13'
'23250';'14954892';9;2025;10;1;'2025/12/13'
'23292';'14682882';6;2025;10;1;'2025/12/13'
'23292';'14989809';3;2025;10;1;'2025/12/13'
'23301';'14064873';3;2025;10;1;'2025/12/13'
'23301';'14682882';6;2025;10;1;'2025/12/13'
'23301';'14954892';1;2025;10;1;'2025/12/13'
'23301';'14989825';82;2025;10;1;'2025/12/13'
'23301';'15168156';6;2025;10;1;'2025/12/13'
'23301';'15298014';24;2025;10;1;'2025/12/13'
'23301';'15303910';5;2025;10;1;'2025/12/13'
'23301';'15384553';4;2025;10;1;'2025/12/13'
'23301';'15474217';17;2025;10;1;'2025/12/13'
'23301';'15525563';10;2025;10;1;'2025/12/13'
'23303';'14064873';6;2025;10;1;'2025/12/13'
'23303';'14682882';8;2025;10;1;'2025/12/13'
'23303';'14954868';6;2025;10;1;'2025/12/13'
'23303';'14954892';1;2025;10;1;'2025/12/13'
'23303';'14989825';12;2025;10;1;'2025/12/13'
'23303';'15298014';4;2025;10;1;'2025/12/13'
'23303';'15384553';10;2025;10;1;'2025/12/13'
'23303';'15525563';14;2025;10;1;'2025/12/13'
'23304';'14682882';8;2025;10;1;'2025/12/13'
'23304';'14954892';11;2025;10;1;'2025/12/13'
'23306';'14682882';337;2025;10;1;'2025/12/13'
'23306';'14954892';471;2025;10;1;'2025/12/13'
'23306';'15168156';186;2025;10;1;'2025/12/13'
'23306';'15474217';-1;2025;10;1;'2025/12/13'
'23308';'14758699';7;2025;10;1;'2025/12/13'
'23308';'14989825';6;2025;10;1;'2025/12/13'
'23309';'14064873';10;2025;10;1;'2025/12/13'
'23309';'14682882';22;2025;10;1;'2025/12/13'
'23309';'14758699';19;2025;10;1;'2025/12/13'
'23309';'14954892';13;2025;10;1;'2025/12/13'
'23309';'14989809';44;2025;10;1;'2025/12/13'
'23309';'15095284';29;2025;10;1;'2025/12/13'
'23309';'15168156';246;2025;10;1;'2025/12/13'
'23309';'15298014';296;2025;10;1;'2025/12/13'
'23309';'15311581';34;2025;10;1;'2025/12/13'
'23309';'15384553';16;2025;10;1;'2025/12/13'
'23309';'15474217';228;2025;10;1;'2025/12/13'
'23309';'15521562';36;2025;10;1;'2025/12/13'
'23309';'15525563';24;2025;10;1;'2025/12/13'
'23311';'14064873';53;2025;10;1;'2025/12/13'
'23311';'14682882';38;2025;10;1;'2025/12/13'
'23311';'14758699';8;2025;10;1;'2025/12/13'
'23311';'14954892';9;2025;10;1;'2025/12/13'
'23311';'14989809';44;2025;10;1;'2025/12/13'
'23311';'14989825';68;2025;10;1;'2025/12/13'
'23311';'15303872';47;2025;10;1;'2025/12/13'
'23311';'15311581';1;2025;10;1;'2025/12/13'
'23311';'15384553';11;2025;10;1;'2025/12/13'
'23311';'15489099';12;2025;10;1;'2025/12/13'
'23311';'15525563';7;2025;10;1;'2025/12/13'
'23312';'14064873';11;2025;10;1;'2025/12/13'
'23312';'14682882';6;2025;10;1;'2025/12/13'
'23312';'14758699';6;2025;10;1;'2025/12/13'
'23312';'14954892';11;2025;10;1;'2025/12/13'
'23312';'14989770';9;2025;10;1;'2025/12/13'
'23312';'14989833';1;2025;10;1;'2025/12/13'
'23312';'15168156';84;2025;10;1;'2025/12/13'
'23312';'15384553';1;2025;10;1;'2025/12/13'
'23312';'15474217';96;2025;10;1;'2025/12/13'
'23312';'15525563';10;2025;10;1;'2025/12/13'
'23313';'14064873';6;2025;10;1;'2025/12/13'
'23313';'14682882';24;2025;10;1;'2025/12/13'
'23313';'14758699';13;2025;10;1;'2025/12/13'
'23313';'14954892';42;2025;10;1;'2025/12/13'
'23313';'14989809';17;2025;10;1;'2025/12/13'
'23313';'14989825';15;2025;10;1;'2025/12/13'
'23313';'15474217';157;2025;10;1;'2025/12/13'
'23313';'15525563';1;2025;10;1;'2025/12/13'
'23314';'14064873';2;2025;10;1;'2025/12/13'
'23314';'14682882';21;2025;10;1;'2025/12/13'
'23314';'14758699';3;2025;10;1;'2025/12/13'
'23314';'14954892';14;2025;10;1;'2025/12/13'
'23314';'14989788';11;2025;10;1;'2025/12/13'
'23314';'14989809';14;2025;10;1;'2025/12/13'
'23314';'15384553';2;2025;10;1;'2025/12/13'
'23314';'15525563';9;2025;10;1;'2025/12/13'
'23315';'14682882';1;2025;10;1;'2025/12/13'
'23316';'14064873';13;2025;10;1;'2025/12/13'
'23316';'14682882';486;2025;10;1;'2025/12/13'
'23317';'14682882';363;2025;10;1;'2025/12/13'
'23318';'14682882';1;2025;10;1;'2025/12/13'
'23318';'14954892';983;2025;10;1;'2025/12/13'
'23324';'14682882';37;2025;10;1;'2025/12/13'
'23324';'14758699';11;2025;10;1;'2025/12/13'
'23324';'15168156';36;2025;10;1;'2025/12/13'
'23325';'14682882';9;2025;10;1;'2025/12/13'
'23325';'14954892';5;2025;10;1;'2025/12/13'
'23325';'14989825';12;2025;10;1;'2025/12/13'
'23325';'15303872';-1;2025;10;1;'2025/12/13'
'23325';'15525563';2;2025;10;1;'2025/12/13'
'23326';'14682882';539;2025;10;1;'2025/12/13'
'23326';'14954892';530;2025;10;1;'2025/12/13'
'23327';'14064873';4;2025;10;1;'2025/12/13'
'23327';'14682882';23;2025;10;1;'2025/12/13'
'23327';'14954868';3;2025;10;1;'2025/12/13'
'23327';'14954892';6;2025;10;1;'2025/12/13'
'23327';'14989788';8;2025;10;1;'2025/12/13'
'23327';'15384553';3;2025;10;1;'2025/12/13'
'23327';'15474217';32;2025;10;1;'2025/12/13'
'23327';'15525563';7;2025;10;1;'2025/12/13'
'23329';'14954892';5;2025;10;1;'2025/12/13'
'23331';'14954892';5;2025;10;1;'2025/12/13'
'23331';'14989788';4;2025;10;1;'2025/12/13'
'23333';'14758699';5;2025;10;1;'2025/12/13'
'23333';'14954892';17;2025;10;1;'2025/12/13'
'23334';'14545132';2;2025;10;1;'2025/12/13'
'23334';'14682882';13;2025;10;1;'2025/12/13'
'23334';'14954868';6;2025;10;1;'2025/12/13'
'23334';'14954892';11;2025;10;1;'2025/12/13'
'23334';'15474217';128;2025;10;1;'2025/12/13'
'23335';'14064873';10;2025;10;1;'2025/12/13'
'23335';'14682882';13;2025;10;1;'2025/12/13'
'23335';'14758699';1;2025;10;1;'2025/12/13'
'23335';'14954892';17;2025;10;1;'2025/12/13'
'23335';'14989825';10;2025;10;1;'2025/12/13'
'23335';'15095284';3;2025;10;1;'2025/12/13'
'23335';'15298014';8;2025;10;1;'2025/12/13'
'23335';'15303910';2;2025;10;1;'2025/12/13'
'23335';'15384553';15;2025;10;1;'2025/12/13'
'23335';'15474217';20;2025;10;1;'2025/12/13'
'23335';'15489099';9;2025;10;1;'2025/12/13'
'23335';'15525563';12;2025;10;1;'2025/12/13'
'23336';'14954892';10;2025;10;1;'2025/12/13'
'23336';'14989809';8;2025;10;1;'2025/12/13'
'23336';'15303872';9;2025;10;1;'2025/12/13'
'23336';'15303910';9;2025;10;1;'2025/12/13'
'23336';'15489099';13;2025;10;1;'2025/12/13'
'23337';'14064873';11;2025;10;1;'2025/12/13'
'23337';'14682882';14;2025;10;1;'2025/12/13'
'23337';'14954892';9;2025;10;1;'2025/12/13'
'23337';'14989770';9;2025;10;1;'2025/12/13'
'23337';'14989833';9;2025;10;1;'2025/12/13'
'23337';'15095284';1;2025;10;1;'2025/12/13'
'23337';'15384553';2;2025;10;1;'2025/12/13'
'23337';'15474217';24;2025;10;1;'2025/12/13'
'23343';'14682882';56;2025;10;1;'2025/12/13'
'23343';'14758699';37;2025;10;1;'2025/12/13'
'23343';'15298014';36;2025;10;1;'2025/12/13'
'23343';'15311581';-1;2025;10;1;'2025/12/13'
'23343';'15384553';1;2025;10;1;'2025/12/13'
'23343';'15521562';33;2025;10;1;'2025/12/13'
'23343';'15525563';7;2025;10;1;'2025/12/13'
'23344';'14682882';38;2025;10;1;'2025/12/13'
'23344';'14954868';23;2025;10;1;'2025/12/13'
'23344';'14989788';21;2025;10;1;'2025/12/13'
'23344';'14989809';22;2025;10;1;'2025/12/13'
'23344';'15298014';12;2025;10;1;'2025/12/13'
'23344';'15384553';9;2025;10;1;'2025/12/13'
'23344';'15474217';8;2025;10;1;'2025/12/13'
'23344';'15489099';14;2025;10;1;'2025/12/13'
'23344';'15521562';69;2025;10;1;'2025/12/13'
'23344';'15525563';6;2025;10;1;'2025/12/13'
'23345';'14001338';10;2025;10;1;'2025/12/13'
'23345';'14682882';3;2025;10;1;'2025/12/13'
'23345';'14954892';10;2025;10;1;'2025/12/13'
'23345';'15474217';36;2025;10;1;'2025/12/13'
'23347';'14064873';53;2025;10;1;'2025/12/13'
'23347';'14682882';15;2025;10;1;'2025/12/13'
'23347';'14758699';29;2025;10;1;'2025/12/13'
'23347';'14954892';12;2025;10;1;'2025/12/13'
'23347';'14989788';10;2025;10;1;'2025/12/13'
'23347';'14989809';56;2025;10;1;'2025/12/13'
'23347';'14989825';11;2025;10;1;'2025/12/13'
'23347';'15303872';11;2025;10;1;'2025/12/13'
'23347';'15384553';9;2025;10;1;'2025/12/13'
'23347';'15474217';124;2025;10;1;'2025/12/13'
'23347';'15489099';1;2025;10;1;'2025/12/13'
'23347';'15525563';10;2025;10;1;'2025/12/13'
'23348';'14682882';14;2025;10;1;'2025/12/13'
'23348';'14954868';10;2025;10;1;'2025/12/13'
'23348';'14954892';4;2025;10;1;'2025/12/13'
'23348';'14989809';4;2025;10;1;'2025/12/13'
'23348';'14989825';32;2025;10;1;'2025/12/13'
'23348';'15168156';24;2025;10;1;'2025/12/13'
'23348';'15303910';10;2025;10;1;'2025/12/13'
'23348';'15311581';9;2025;10;1;'2025/12/13'
'23348';'15384553';6;2025;10;1;'2025/12/13'
'23348';'15474217';4;2025;10;1;'2025/12/13'
'23348';'15521562';6;2025;10;1;'2025/12/13'
'23348';'15525563';6;2025;10;1;'2025/12/13'
'23349';'14954892';16;2025;10;1;'2025/12/13'
'23351';'14954892';1;2025;10;1;'2025/12/13'
'23352';'14954892';3;2025;10;1;'2025/12/13'
'23355';'14954892';5;2025;10;1;'2025/12/13'
'23355';'15095284';1;2025;10;1;'2025/12/13'
'23355';'15168156';12;2025;10;1;'2025/12/13'
'23355';'15311581';6;2025;10;1;'2025/12/13'
'23356';'14064873';11;2025;10;1;'2025/12/13'
'23356';'14954892';11;2025;10;1;'2025/12/13'
'23356';'15168156';1;2025;10;1;'2025/12/13'
'23356';'15384553';2;2025;10;1;'2025/12/13'
'23358';'14682882';29;2025;10;1;'2025/12/13'
'23358';'15489099';4;2025;10;1;'2025/12/13'
'23359';'14064873';10;2025;10;1;'2025/12/13'
'23359';'14545132';5;2025;10;1;'2025/12/13'
'23359';'14682882';10;2025;10;1;'2025/12/13'
'23359';'14758699';10;2025;10;1;'2025/12/13'
'23359';'14954868';2;2025;10;1;'2025/12/13'
'23359';'14954892';21;2025;10;1;'2025/12/13'
'23359';'14989825';12;2025;10;1;'2025/12/13'
'23359';'15095284';2;2025;10;1;'2025/12/13'
'23359';'15168156';36;2025;10;1;'2025/12/13'
'23359';'15298014';28;2025;10;1;'2025/12/13'
'23359';'15311581';1;2025;10;1;'2025/12/13'
'23359';'15384553';3;2025;10;1;'2025/12/13'
'23359';'15489099';3;2025;10;1;'2025/12/13'
'23359';'15525563';11;2025;10;1;'2025/12/13'
'23361';'14064873';9;2025;10;1;'2025/12/13'
'23361';'14682882';56;2025;10;1;'2025/12/13'
'23361';'14954892';22;2025;10;1;'2025/12/13'
'23361';'14989825';34;2025;10;1;'2025/12/13'
'23361';'14989833';2;2025;10;1;'2025/12/13'
'23361';'15311581';6;2025;10;1;'2025/12/13'
'23361';'15384553';3;2025;10;1;'2025/12/13'
'23361';'15474217';1;2025;10;1;'2025/12/13'
'23361';'15489099';7;2025;10;1;'2025/12/13'
'23361';'15525563';4;2025;10;1;'2025/12/13'
'23362';'14682882';38;2025;10;1;'2025/12/13'
'23362';'14954892';3;2025;10;1;'2025/12/13'
'23362';'14989825';15;2025;10;1;'2025/12/13'
'23362';'15384553';5;2025;10;1;'2025/12/13'
'23363';'14064873';1;2025;10;1;'2025/12/13'
'23363';'14954868';1;2025;10;1;'2025/12/13'
'23363';'14954892';5;2025;10;1;'2025/12/13'
'23363';'14989825';21;2025;10;1;'2025/12/13'
'23363';'15311581';4;2025;10;1;'2025/12/13'
'23363';'15384553';3;2025;10;1;'2025/12/13'
'23363';'15474217';136;2025;10;1;'2025/12/13'
'23363';'15489099';5;2025;10;1;'2025/12/13'
'23363';'15525563';11;2025;10;1;'2025/12/13'
'23365';'14682882';16;2025;10;1;'2025/12/13'
'23365';'14758699';2;2025;10;1;'2025/12/13'
'23365';'14954892';15;2025;10;1;'2025/12/13'
'23365';'14989809';6;2025;10;1;'2025/12/13'
'23365';'14989825';5;2025;10;1;'2025/12/13'
'23365';'15525563';9;2025;10;1;'2025/12/13'
'23366';'14001338';2;2025;10;1;'2025/12/13'
'23366';'14682882';16;2025;10;1;'2025/12/13'
'23366';'14954892';13;2025;10;1;'2025/12/13'
'23366';'14989770';13;2025;10;1;'2025/12/13'
'23366';'14989825';15;2025;10;1;'2025/12/13'
'23366';'15384553';7;2025;10;1;'2025/12/13'
'23366';'15489099';9;2025;10;1;'2025/12/13'
'23366';'15525563';20;2025;10;1;'2025/12/13'
'23367';'14064873';4;2025;10;1;'2025/12/13'
'23367';'14682882';12;2025;10;1;'2025/12/13'
'23367';'14758699';9;2025;10;1;'2025/12/13'
'23367';'15311581';7;2025;10;1;'2025/12/13'
'23367';'15384553';1;2025;10;1;'2025/12/13'
'23367';'15474217';33;2025;10;1;'2025/12/13'
'23368';'14682882';8;2025;10;1;'2025/12/13'
'23368';'14954892';9;2025;10;1;'2025/12/13'
'23368';'14989825';1;2025;10;1;'2025/12/13'
'23368';'15095284';6;2025;10;1;'2025/12/13'
'23368';'15303910';3;2025;10;1;'2025/12/13'
'23368';'15525563';4;2025;10;1;'2025/12/13'
'23369';'14954892';8;2025;10;1;'2025/12/13'
'23369';'15489099';10;2025;10;1;'2025/12/13'
'23371';'14682882';47;2025;10;1;'2025/12/13'
'23371';'15384553';14;2025;10;1;'2025/12/13'
'23371';'15525563';13;2025;10;1;'2025/12/13'
'23379';'14064873';19;2025;10;1;'2025/12/13'
'23379';'14758699';1;2025;10;1;'2025/12/13'
'23379';'14954892';2;2025;10;1;'2025/12/13'
'23379';'14989809';3;2025;10;1;'2025/12/13'
'23379';'14989825';4;2025;10;1;'2025/12/13'
'23380';'14064873';11;2025;10;1;'2025/12/13'
'23380';'14682882';63;2025;10;1;'2025/12/13'
'23380';'14989809';4;2025;10;1;'2025/12/13'
'23380';'14989825';15;2025;10;1;'2025/12/13'
'23380';'15303872';1;2025;10;1;'2025/12/13'
'23380';'15303910';4;2025;10;1;'2025/12/13'
'23380';'15311581';3;2025;10;1;'2025/12/13'
'23380';'15384553';6;2025;10;1;'2025/12/13'
'23380';'15525563';7;2025;10;1;'2025/12/13'
'23381';'14682882';29;2025;10;1;'2025/12/13'
'23385';'14001338';5;2025;10;1;'2025/12/13'
'23385';'14682882';12;2025;10;1;'2025/12/13'
'23385';'14989825';66;2025;10;1;'2025/12/13'
'23385';'15303872';18;2025;10;1;'2025/12/13'
'23390';'14954892';6;2025;10;1;'2025/12/13'
'23390';'14989825';65;2025;10;1;'2025/12/13'
'23390';'15095284';9;2025;10;1;'2025/12/13'
'23390';'15303872';11;2025;10;1;'2025/12/13'
'23451';'14682882';561;2025;10;1;'2025/12/13'
'33501';'14001338';1;2025;10;1;'2025/12/13'
'33501';'14064873';2;2025;10;1;'2025/12/13'
'33501';'14545132';11;2025;10;1;'2025/12/13'
'33501';'14682882';11;2025;10;1;'2025/12/13'
'33501';'14758699';18;2025;10;1;'2025/12/13'
'33501';'14954868';9;2025;10;1;'2025/12/13'
'33501';'14954892';9;2025;10;1;'2025/12/13'
'33501';'14989770';17;2025;10;1;'2025/12/13'
'33501';'14989788';9;2025;10;1;'2025/12/13'
'33501';'14989825';5;2025;10;1;'2025/12/13'
'33501';'14989833';14;2025;10;1;'2025/12/13'
'33501';'15095284';16;2025;10;1;'2025/12/13'
'33501';'15303872';3;2025;10;1;'2025/12/13'
'33501';'15303910';15;2025;10;1;'2025/12/13'
'33501';'15311581';15;2025;10;1;'2025/12/13'
'33501';'15384553';15;2025;10;1;'2025/12/13'
'33501';'15525563';7;2025;10;1;'2025/12/13'
'33503';'14064873';11;2025;10;1;'2025/12/13'
'33503';'14561781';10;2025;10;1;'2025/12/13'
'33503';'14682882';11;2025;10;1;'2025/12/13'
'33503';'14758699';9;2025;10;1;'2025/12/13'
'33503';'14954868';6;2025;10;1;'2025/12/13'
'33503';'14954892';9;2025;10;1;'2025/12/13'
'33503';'14989770';11;2025;10;1;'2025/12/13'
'33503';'14989788';2;2025;10;1;'2025/12/13'
'33503';'14989809';8;2025;10;1;'2025/12/13'
'33503';'14989825';11;2025;10;1;'2025/12/13'
'33503';'15095284';7;2025;10;1;'2025/12/13'
'33503';'15168156';18;2025;10;1;'2025/12/13'
'33503';'15298014';4;2025;10;1;'2025/12/13'
'33503';'15303872';2;2025;10;1;'2025/12/13'
'33503';'15303910';4;2025;10;1;'2025/12/13'
'33503';'15311581';3;2025;10;1;'2025/12/13'
'33503';'15474217';5;2025;10;1;'2025/12/13'
'33503';'15489099';9;2025;10;1;'2025/12/13'
'33504';'14682882';3;2025;10;1;'2025/12/13'
'33504';'14758699';19;2025;10;1;'2025/12/13'
'33504';'14989788';6;2025;10;1;'2025/12/13'
'33504';'14989825';35;2025;10;1;'2025/12/13'
'33504';'15168156';180;2025;10;1;'2025/12/13'
'33504';'15311581';8;2025;10;1;'2025/12/13'
'33505';'14064873';25;2025;10;1;'2025/12/13'
'33505';'14545132';12;2025;10;1;'2025/12/13'
'33505';'14561781';42;2025;10;1;'2025/12/13'
'33505';'14682882';54;2025;10;1;'2025/12/13'
'33505';'14758699';52;2025;10;1;'2025/12/13'
'33505';'14954892';23;2025;10;1;'2025/12/13'
'33505';'14989770';10;2025;10;1;'2025/12/13'
'33505';'14989788';27;2025;10;1;'2025/12/13'
'33505';'14989833';5;2025;10;1;'2025/12/13'
'33505';'15095284';10;2025;10;1;'2025/12/13'
'33505';'15298014';48;2025;10;1;'2025/12/13'
'33505';'15303872';34;2025;10;1;'2025/12/13'
'33505';'15303910';7;2025;10;1;'2025/12/13'
'33505';'15311581';9;2025;10;1;'2025/12/13'
'33505';'15384553';18;2025;10;1;'2025/12/13'
'33505';'15474217';28;2025;10;1;'2025/12/13'
'33505';'15521562';108;2025;10;1;'2025/12/13'
'33505';'15525563';17;2025;10;1;'2025/12/13'
'33506';'14064873';7;2025;10;1;'2025/12/13'
'33506';'14545132';3;2025;10;1;'2025/12/13'
'33506';'14682882';16;2025;10;1;'2025/12/13'
'33506';'14954868';3;2025;10;1;'2025/12/13'
'33506';'14954892';10;2025;10;1;'2025/12/13'
'33506';'14989809';6;2025;10;1;'2025/12/13'
'33506';'14989825';12;2025;10;1;'2025/12/13'
'33506';'15095284';8;2025;10;1;'2025/12/13'
'33506';'15303872';22;2025;10;1;'2025/12/13'
'33506';'15303910';11;2025;10;1;'2025/12/13'
'33506';'15311581';10;2025;10;1;'2025/12/13'
'33506';'15384553';9;2025;10;1;'2025/12/13'
'33507';'14561781';2;2025;10;1;'2025/12/13'
'33507';'14954892';22;2025;10;1;'2025/12/13'
'33507';'14989788';-1;2025;10;1;'2025/12/13'
'33507';'15474217';12;2025;10;1;'2025/12/13'
'33508';'14682882';9;2025;10;1;'2025/12/13'
'33508';'14954892';5;2025;10;1;'2025/12/13'
'33509';'14064873';6;2025;10;1;'2025/12/13'
'33509';'14561781';11;2025;10;1;'2025/12/13'
'33509';'14682882';32;2025;10;1;'2025/12/13'
'33509';'14758699';6;2025;10;1;'2025/12/13'
'33509';'14954892';5;2025;10;1;'2025/12/13'
'33509';'14989770';3;2025;10;1;'2025/12/13'
'33509';'14989809';6;2025;10;1;'2025/12/13'
'33509';'15095284';11;2025;10;1;'2025/12/13'
'33509';'15168156';54;2025;10;1;'2025/12/13'
'33509';'15298014';40;2025;10;1;'2025/12/13'
'33509';'15303910';6;2025;10;1;'2025/12/13'
'33509';'15311581';1;2025;10;1;'2025/12/13'
'33509';'15384553';5;2025;10;1;'2025/12/13'
'33509';'15474217';40;2025;10;1;'2025/12/13'
'33510';'14545132';6;2025;10;1;'2025/12/13'
'33510';'14682882';3;2025;10;1;'2025/12/13'
'33510';'14989825';5;2025;10;1;'2025/12/13'
'33510';'15095284';3;2025;10;1;'2025/12/13'
'33510';'15384553';11;2025;10;1;'2025/12/13'
'33510';'15474217';116;2025;10;1;'2025/12/13'
'33510';'15525563';10;2025;10;1;'2025/12/13'
'33511';'14064873';12;2025;10;1;'2025/12/13'
'33511';'14545132';6;2025;10;1;'2025/12/13'
'33511';'14561781';5;2025;10;1;'2025/12/13'
'33511';'14682882';12;2025;10;1;'2025/12/13'
'33511';'14758699';7;2025;10;1;'2025/12/13'
'33511';'14954868';8;2025;10;1;'2025/12/13'
'33511';'14954892';17;2025;10;1;'2025/12/13'
'33511';'14989770';4;2025;10;1;'2025/12/13'
'33511';'14989809';20;2025;10;1;'2025/12/13'
'33511';'14989825';17;2025;10;1;'2025/12/13'
'33511';'14989833';1;2025;10;1;'2025/12/13'
'33511';'15095284';7;2025;10;1;'2025/12/13'
'33511';'15298014';-12;2025;10;1;'2025/12/13'
'33511';'15303872';1;2025;10;1;'2025/12/13'
'33511';'15303910';3;2025;10;1;'2025/12/13'
'33511';'15311581';16;2025;10;1;'2025/12/13'
'33511';'15384553';21;2025;10;1;'2025/12/13'
'33511';'15474217';16;2025;10;1;'2025/12/13'
'33511';'15525563';1;2025;10;1;'2025/12/13'
'33512';'14064873';40;2025;10;1;'2025/12/13'
'33512';'14545132';11;2025;10;1;'2025/12/13'
'33512';'14561781';20;2025;10;1;'2025/12/13'
'33512';'14682882';47;2025;10;1;'2025/12/13'
'33512';'14954868';15;2025;10;1;'2025/12/13'
'33512';'14954892';14;2025;10;1;'2025/12/13'
'33512';'14989770';8;2025;10;1;'2025/12/13'
'33512';'14989788';5;2025;10;1;'2025/12/13'
'33512';'14989809';16;2025;10;1;'2025/12/13'
'33512';'14989825';31;2025;10;1;'2025/12/13'
'33512';'15095284';16;2025;10;1;'2025/12/13'
'33512';'15168156';10;2025;10;1;'2025/12/13'
'33512';'15298014';-8;2025;10;1;'2025/12/13'
'33512';'15303872';5;2025;10;1;'2025/12/13'
'33512';'15303910';7;2025;10;1;'2025/12/13'
'33512';'15311581';9;2025;10;1;'2025/12/13'
'33512';'15384553';14;2025;10;1;'2025/12/13'
'33512';'15474217';4;2025;10;1;'2025/12/13'
'33512';'15489099';69;2025;10;1;'2025/12/13'
'33513';'14064873';1;2025;10;1;'2025/12/13'
'33513';'14545132';18;2025;10;1;'2025/12/13'
'33513';'14682882';-1;2025;10;1;'2025/12/13'
'33513';'14758699';11;2025;10;1;'2025/12/13'
'33513';'14954868';23;2025;10;1;'2025/12/13'
'33513';'14989770';3;2025;10;1;'2025/12/13'
'33513';'14989788';6;2025;10;1;'2025/12/13'
'33513';'14989809';1;2025;10;1;'2025/12/13'
'33513';'14989833';5;2025;10;1;'2025/12/13'
'33513';'15095284';4;2025;10;1;'2025/12/13'
'33513';'15168156';6;2025;10;1;'2025/12/13'
'33513';'15303872';20;2025;10;1;'2025/12/13'
'33513';'15303910';5;2025;10;1;'2025/12/13'
'33513';'15311581';5;2025;10;1;'2025/12/13'
'33513';'15474217';3;2025;10;1;'2025/12/13'
'33514';'14064873';10;2025;10;1;'2025/12/13'
'33514';'14758699';5;2025;10;1;'2025/12/13'
'33514';'14954868';1;2025;10;1;'2025/12/13'
'33514';'14954892';5;2025;10;1;'2025/12/13'
'33514';'14989788';4;2025;10;1;'2025/12/13'
'33514';'14989809';1;2025;10;1;'2025/12/13'
'33514';'14989825';11;2025;10;1;'2025/12/13'
'33514';'15384553';5;2025;10;1;'2025/12/13'
'33514';'15474217';26;2025;10;1;'2025/12/13'
'33515';'14561781';4;2025;10;1;'2025/12/13'
'33515';'14682882';8;2025;10;1;'2025/12/13'
'33515';'14989809';12;2025;10;1;'2025/12/13'
'33515';'15384553';3;2025;10;1;'2025/12/13'
'33517';'14954868';6;2025;10;1;'2025/12/13'
'33517';'14954892';1;2025;10;1;'2025/12/13'
'33517';'14989788';3;2025;10;1;'2025/12/13'
'33517';'15303910';7;2025;10;1;'2025/12/13'
'33518';'14064873';2;2025;10;1;'2025/12/13'
'33518';'14545132';5;2025;10;1;'2025/12/13'
'33518';'14561781';18;2025;10;1;'2025/12/13'
'33518';'14682882';47;2025;10;1;'2025/12/13'
'33518';'14758699';12;2025;10;1;'2025/12/13'
'33518';'15095284';9;2025;10;1;'2025/12/13'
'33518';'15384553';11;2025;10;1;'2025/12/13'
'33518';'15525563';1;2025;10;1;'2025/12/13'
'33519';'14064873';12;2025;10;1;'2025/12/13'
'33519';'14682882';8;2025;10;1;'2025/12/13'
'33519';'14989809';11;2025;10;1;'2025/12/13'
'33519';'15298014';2;2025;10;1;'2025/12/13'
'33519';'15489099';12;2025;10;1;'2025/12/13'
'33520';'14064873';9;2025;10;1;'2025/12/13'
'33520';'14682882';16;2025;10;1;'2025/12/13'
'33520';'14758699';1;2025;10;1;'2025/12/13'
'33520';'14954868';1;2025;10;1;'2025/12/13'
'33520';'14954892';6;2025;10;1;'2025/12/13'
'33520';'14989809';23;2025;10;1;'2025/12/13'
'33520';'14989825';16;2025;10;1;'2025/12/13'
'33520';'15095284';8;2025;10;1;'2025/12/13'
'33520';'15168156';30;2025;10;1;'2025/12/13'
'33520';'15298014';183;2025;10;1;'2025/12/13'
'33520';'15311581';1;2025;10;1;'2025/12/13'
'33520';'15384553';12;2025;10;1;'2025/12/13'
'33520';'15474217';233;2025;10;1;'2025/12/13'
'33520';'15525563';24;2025;10;1;'2025/12/13'
'33521';'14682882';6;2025;10;1;'2025/12/13'
'33521';'14758699';7;2025;10;1;'2025/12/13'
'33521';'14989825';5;2025;10;1;'2025/12/13'
'33521';'15095284';8;2025;10;1;'2025/12/13'
'33521';'15168156';144;2025;10;1;'2025/12/13'
'33523';'14561781';13;2025;10;1;'2025/12/13'
'33523';'14682882';21;2025;10;1;'2025/12/13'
'33523';'14758699';8;2025;10;1;'2025/12/13'
'33523';'14989809';9;2025;10;1;'2025/12/13'
'33523';'15095284';26;2025;10;1;'2025/12/13'
'33523';'15311581';21;2025;10;1;'2025/12/13'
'33523';'15384553';11;2025;10;1;'2025/12/13'
'33523';'15525563';8;2025;10;1;'2025/12/13'
'33524';'14064873';12;2025;10;1;'2025/12/13'
'33524';'14682882';4;2025;10;1;'2025/12/13'
'33524';'14954868';16;2025;10;1;'2025/12/13'
'33524';'14954892';55;2025;10;1;'2025/12/13'
'33524';'15311581';15;2025;10;1;'2025/12/13'
'33526';'14064873';1;2025;10;1;'2025/12/13'
'33526';'14682882';11;2025;10;1;'2025/12/13'
'33526';'14954868';4;2025;10;1;'2025/12/13'
'33526';'14954892';1;2025;10;1;'2025/12/13'
'33526';'14989788';9;2025;10;1;'2025/12/13'
'33526';'14989809';1;2025;10;1;'2025/12/13'
'33527';'14064873';6;2025;10;1;'2025/12/13'
'33527';'14545132';14;2025;10;1;'2025/12/13'
'33527';'14682882';13;2025;10;1;'2025/12/13'
'33527';'14758699';3;2025;10;1;'2025/12/13'
'33527';'14989788';9;2025;10;1;'2025/12/13'
'33527';'14989809';5;2025;10;1;'2025/12/13'
'33527';'14989825';6;2025;10;1;'2025/12/13'
'33527';'15095284';11;2025;10;1;'2025/12/13'
'33527';'15168156';12;2025;10;1;'2025/12/13'
'33527';'15303872';12;2025;10;1;'2025/12/13'
'33527';'15384553';5;2025;10;1;'2025/12/13'
'33527';'15521562';12;2025;10;1;'2025/12/13'
'33528';'14545132';4;2025;10;1;'2025/12/13'
'33528';'14758699';6;2025;10;1;'2025/12/13'
'33528';'14954892';11;2025;10;1;'2025/12/13'
'33528';'14989770';2;2025;10;1;'2025/12/13'
'33528';'14989788';3;2025;10;1;'2025/12/13'
'33528';'14989833';4;2025;10;1;'2025/12/13'
'33528';'15168156';1;2025;10;1;'2025/12/13'
'33528';'15384553';2;2025;10;1;'2025/12/13'
'33528';'15474217';83;2025;10;1;'2025/12/13'
'33528';'15525563';11;2025;10;1;'2025/12/13'
'33530';'14064873';4;2025;10;1;'2025/12/13'
'33530';'14682882';4;2025;10;1;'2025/12/13'
'33530';'14758699';1;2025;10;1;'2025/12/13'
'33530';'14954868';10;2025;10;1;'2025/12/13'
'33530';'14954892';3;2025;10;1;'2025/12/13'
'33530';'14989770';7;2025;10;1;'2025/12/13'
'33530';'14989788';11;2025;10;1;'2025/12/13'
'33530';'14989825';9;2025;10;1;'2025/12/13'
'33530';'14989833';10;2025;10;1;'2025/12/13'
'33530';'15168156';42;2025;10;1;'2025/12/13'
'33530';'15298014';16;2025;10;1;'2025/12/13'
'33530';'15303872';10;2025;10;1;'2025/12/13'
'33530';'15311581';2;2025;10;1;'2025/12/13'
'33530';'15384553';2;2025;10;1;'2025/12/13'
'33531';'14758699';11;2025;10;1;'2025/12/13'
'33531';'14989770';9;2025;10;1;'2025/12/13'
'33531';'14989788';3;2025;10;1;'2025/12/13'
'33531';'14989809';4;2025;10;1;'2025/12/13'
'33531';'14989825';39;2025;10;1;'2025/12/13'
'33531';'15384553';5;2025;10;1;'2025/12/13'
'33531';'15474217';8;2025;10;1;'2025/12/13'
'33532';'14561781';9;2025;10;1;'2025/12/13'
'33532';'14682882';22;2025;10;1;'2025/12/13'
'33532';'14758699';1;2025;10;1;'2025/12/13'
'33532';'14954868';6;2025;10;1;'2025/12/13'
'33532';'14989788';7;2025;10;1;'2025/12/13'
'33532';'14989809';7;2025;10;1;'2025/12/13'
'33532';'15095284';2;2025;10;1;'2025/12/13'
'33532';'15168156';24;2025;10;1;'2025/12/13'
'33532';'15311581';9;2025;10;1;'2025/12/13'
'33533';'14682882';11;2025;10;1;'2025/12/13'
'33533';'14989825';10;2025;10;1;'2025/12/13'
'33534';'14064873';2;2025;10;1;'2025/12/13'
'33534';'14561781';9;2025;10;1;'2025/12/13'
'33534';'14954892';12;2025;10;1;'2025/12/13'
'33534';'14989770';1;2025;10;1;'2025/12/13'
'33534';'14989788';20;2025;10;1;'2025/12/13'
'33534';'14989809';1;2025;10;1;'2025/12/13'
'33534';'14989825';12;2025;10;1;'2025/12/13'
'33534';'15095284';12;2025;10;1;'2025/12/13'
'33534';'15298014';140;2025;10;1;'2025/12/13'
'33534';'15311581';33;2025;10;1;'2025/12/13'
'33534';'15384553';2;2025;10;1;'2025/12/13'
'33534';'15474217';4;2025;10;1;'2025/12/13'
'33534';'15489099';5;2025;10;1;'2025/12/13'
'33535';'14064873';7;2025;10;1;'2025/12/13'
'33535';'14682882';16;2025;10;1;'2025/12/13'
'33535';'14954892';14;2025;10;1;'2025/12/13'
'33535';'14989788';35;2025;10;1;'2025/12/13'
'33535';'14989825';3;2025;10;1;'2025/12/13'
'33535';'15095284';1;2025;10;1;'2025/12/13'
'33535';'15303872';11;2025;10;1;'2025/12/13'
'33535';'15303910';1;2025;10;1;'2025/12/13'
'33535';'15311581';9;2025;10;1;'2025/12/13'
'33535';'15384553';10;2025;10;1;'2025/12/13'
'33535';'15525563';11;2025;10;1;'2025/12/13'
'33536';'14064873';10;2025;10;1;'2025/12/13'
'33536';'14682882';7;2025;10;1;'2025/12/13'
'33536';'14758699';9;2025;10;1;'2025/12/13'
'33536';'14954868';4;2025;10;1;'2025/12/13'
'33536';'14954892';5;2025;10;1;'2025/12/13'
'33536';'14989788';3;2025;10;1;'2025/12/13'
'33536';'15384553';5;2025;10;1;'2025/12/13'
'33536';'15525563';6;2025;10;1;'2025/12/13'
'33537';'14064873';10;2025;10;1;'2025/12/13'
'33537';'14682882';16;2025;10;1;'2025/12/13'
'33537';'14954868';5;2025;10;1;'2025/12/13'
'33537';'14954892';8;2025;10;1;'2025/12/13'
'33537';'14989809';1;2025;10;1;'2025/12/13'
'33537';'15095284';11;2025;10;1;'2025/12/13'
'33537';'15303910';12;2025;10;1;'2025/12/13'
'33537';'15311581';1;2025;10;1;'2025/12/13'
'33537';'15474217';45;2025;10;1;'2025/12/13'
'33538';'14064873';10;2025;10;1;'2025/12/13'
'33538';'14682882';10;2025;10;1;'2025/12/13'
'33538';'14758699';3;2025;10;1;'2025/12/13'
'33538';'15311581';12;2025;10;1;'2025/12/13'
'33538';'15474217';15;2025;10;1;'2025/12/13'
'33539';'14064873';2;2025;10;1;'2025/12/13'
'33539';'14545132';2;2025;10;1;'2025/12/13'
'33539';'14682882';5;2025;10;1;'2025/12/13'
'33539';'14758699';9;2025;10;1;'2025/12/13'
'33539';'14954868';6;2025;10;1;'2025/12/13'
'33539';'14954892';6;2025;10;1;'2025/12/13'
'33539';'14989770';13;2025;10;1;'2025/12/13'
'33539';'14989788';11;2025;10;1;'2025/12/13'
'33539';'15311581';4;2025;10;1;'2025/12/13'
'33539';'15474217';12;2025;10;1;'2025/12/13'
'33540';'14064873';6;2025;10;1;'2025/12/13'
'33540';'14545132';2;2025;10;1;'2025/12/13'
'33540';'14682882';7;2025;10;1;'2025/12/13'
'33540';'14954868';9;2025;10;1;'2025/12/13'
'33540';'14954892';6;2025;10;1;'2025/12/13'
'33540';'14989809';1;2025;10;1;'2025/12/13'
'33540';'14989825';16;2025;10;1;'2025/12/13'
'33540';'15095284';5;2025;10;1;'2025/12/13'
'33540';'15168156';24;2025;10;1;'2025/12/13'
'33540';'15384553';1;2025;10;1;'2025/12/13'
'33541';'14545132';9;2025;10;1;'2025/12/13'
'33541';'14682882';15;2025;10;1;'2025/12/13'
'33541';'14954892';14;2025;10;1;'2025/12/13'
'33541';'14989809';2;2025;10;1;'2025/12/13'
'33541';'14989825';4;2025;10;1;'2025/12/13'
'33541';'14989833';13;2025;10;1;'2025/12/13'
'33541';'15168156';146;2025;10;1;'2025/12/13'
'33541';'15474217';53;2025;10;1;'2025/12/13'
'33541';'15489099';12;2025;10;1;'2025/12/13'
'33542';'14758699';4;2025;10;1;'2025/12/13'
'33542';'14954892';13;2025;10;1;'2025/12/13'
'33542';'14989809';11;2025;10;1;'2025/12/13'
'33542';'14989825';7;2025;10;1;'2025/12/13'
'33542';'15168156';6;2025;10;1;'2025/12/13'
'33542';'15474217';167;2025;10;1;'2025/12/13'
'33543';'14545132';9;2025;10;1;'2025/12/13'
'33543';'14682882';8;2025;10;1;'2025/12/13'
'33543';'14758699';1;2025;10;1;'2025/12/13'
'33543';'14989788';8;2025;10;1;'2025/12/13'
'33543';'14989809';1;2025;10;1;'2025/12/13'
'33543';'14989825';3;2025;10;1;'2025/12/13'
'33543';'15095284';4;2025;10;1;'2025/12/13'
'33543';'15303872';1;2025;10;1;'2025/12/13'
'33543';'15303910';11;2025;10;1;'2025/12/13'
'33543';'15384553';2;2025;10;1;'2025/12/13'
'33544';'14682882';14;2025;10;1;'2025/12/13'
'33545';'14064873';7;2025;10;1;'2025/12/13'
'33545';'14682882';2;2025;10;1;'2025/12/13'
'33545';'14954892';12;2025;10;1;'2025/12/13'
'33545';'14989788';11;2025;10;1;'2025/12/13'
'33545';'14989825';13;2025;10;1;'2025/12/13'
'33545';'15168156';6;2025;10;1;'2025/12/13'
'33545';'15298014';1;2025;10;1;'2025/12/13'
'33545';'15489099';3;2025;10;1;'2025/12/13'
'33546';'14545132';18;2025;10;1;'2025/12/13'
'33546';'14682882';6;2025;10;1;'2025/12/13'
'33546';'14758699';39;2025;10;1;'2025/12/13'
'33546';'14954868';43;2025;10;1;'2025/12/13'
'33546';'14954892';43;2025;10;1;'2025/12/13'
'33546';'14989809';36;2025;10;1;'2025/12/13'
'33546';'14989825';22;2025;10;1;'2025/12/13'
'33546';'15095284';10;2025;10;1;'2025/12/13'
'33546';'15303872';43;2025;10;1;'2025/12/13'
'33546';'15303910';19;2025;10;1;'2025/12/13'
'33546';'15311581';46;2025;10;1;'2025/12/13'
'33546';'15384553';16;2025;10;1;'2025/12/13'
'33546';'15525563';12;2025;10;1;'2025/12/13'
'33547';'14682882';13;2025;10;1;'2025/12/13'
'33547';'14758699';2;2025;10;1;'2025/12/13'
'33547';'14954892';3;2025;10;1;'2025/12/13'
'33547';'15311581';12;2025;10;1;'2025/12/13'
'33547';'15474217';57;2025;10;1;'2025/12/13'
'33548';'14064873';5;2025;10;1;'2025/12/13'
'33548';'14561781';3;2025;10;1;'2025/12/13'
'33548';'14682882';10;2025;10;1;'2025/12/13'
'33548';'14758699';14;2025;10;1;'2025/12/13'
'33548';'14954868';13;2025;10;1;'2025/12/13'
'33548';'14954892';9;2025;10;1;'2025/12/13'
'33548';'14989770';11;2025;10;1;'2025/12/13'
'33548';'14989809';10;2025;10;1;'2025/12/13'
'33548';'14989825';17;2025;10;1;'2025/12/13'
'33548';'14989833';10;2025;10;1;'2025/12/13'
'33548';'15095284';16;2025;10;1;'2025/12/13'
'33548';'15303872';7;2025;10;1;'2025/12/13'
'33548';'15303910';7;2025;10;1;'2025/12/13'
'33548';'15311581';13;2025;10;1;'2025/12/13'
'33548';'15384553';17;2025;10;1;'2025/12/13'
'33548';'15525563';24;2025;10;1;'2025/12/13'
'33549';'14064873';6;2025;10;1;'2025/12/13'
'33549';'14545132';11;2025;10;1;'2025/12/13'
'33549';'14682882';8;2025;10;1;'2025/12/13'
'33549';'14758699';10;2025;10;1;'2025/12/13'
'33549';'14954868';5;2025;10;1;'2025/12/13'
'33549';'14989770';9;2025;10;1;'2025/12/13'
'33549';'14989788';3;2025;10;1;'2025/12/13'
'33549';'14989809';13;2025;10;1;'2025/12/13'
'33549';'14989825';3;2025;10;1;'2025/12/13'
'33549';'15095284';5;2025;10;1;'2025/12/13'
'33549';'15168156';180;2025;10;1;'2025/12/13'
'33549';'15298014';28;2025;10;1;'2025/12/13'
'33549';'15303872';10;2025;10;1;'2025/12/13'
'33549';'15303910';11;2025;10;1;'2025/12/13'
'33549';'15474217';76;2025;10;1;'2025/12/13'
'33550';'14682882';8;2025;10;1;'2025/12/13'
'33550';'14758699';1;2025;10;1;'2025/12/13'
'33550';'14954868';10;2025;10;1;'2025/12/13'
'33550';'14954892';9;2025;10;1;'2025/12/13'
'33550';'14989770';11;2025;10;1;'2025/12/13'
'33550';'14989788';2;2025;10;1;'2025/12/13'
'33550';'15303872';11;2025;10;1;'2025/12/13'
'33550';'15311581';6;2025;10;1;'2025/12/13'
'33550';'15384553';3;2025;10;1;'2025/12/13'
'33550';'15474217';116;2025;10;1;'2025/12/13'
'33551';'14545132';1;2025;10;1;'2025/12/13'
'33551';'14954868';11;2025;10;1;'2025/12/13'
'33551';'14954892';11;2025;10;1;'2025/12/13'
'33551';'14989788';11;2025;10;1;'2025/12/13'
'33552';'14682882';4;2025;10;1;'2025/12/13'
'33553';'14064873';6;2025;10;1;'2025/12/13'
'33553';'14545132';16;2025;10;1;'2025/12/13'
'33553';'14682882';8;2025;10;1;'2025/12/13'
'33553';'14758699';15;2025;10;1;'2025/12/13'
'33553';'14954868';3;2025;10;1;'2025/12/13'
'33553';'14989788';3;2025;10;1;'2025/12/13'
'33553';'14989833';2;2025;10;1;'2025/12/13'
'33553';'15095284';10;2025;10;1;'2025/12/13'
'33553';'15168156';417;2025;10;1;'2025/12/13'
'33553';'15298014';392;2025;10;1;'2025/12/13'
'33553';'15303872';6;2025;10;1;'2025/12/13'
'33553';'15311581';1;2025;10;1;'2025/12/13'
'33553';'15384553';21;2025;10;1;'2025/12/13'
'33553';'15474217';8;2025;10;1;'2025/12/13'
'33553';'15525563';14;2025;10;1;'2025/12/13'
'33554';'14989809';1;2025;10;1;'2025/12/13'
'33554';'15168156';4;2025;10;1;'2025/12/13'
'33554';'15298014';4;2025;10;1;'2025/12/13'
'33555';'14064873';7;2025;10;1;'2025/12/13'
'33555';'14989825';24;2025;10;1;'2025/12/13'
'33556';'14064873';6;2025;10;1;'2025/12/13'
'33556';'14682882';7;2025;10;1;'2025/12/13'
'33556';'14758699';12;2025;10;1;'2025/12/13'
'33556';'14954892';12;2025;10;1;'2025/12/13'
'33556';'14989788';10;2025;10;1;'2025/12/13'
'33556';'14989809';20;2025;10;1;'2025/12/13'
'33556';'15311581';4;2025;10;1;'2025/12/13'
'33557';'14064873';8;2025;10;1;'2025/12/13'
'33557';'14682882';1;2025;10;1;'2025/12/13'
'33557';'14758699';10;2025;10;1;'2025/12/13'
'33557';'14954892';2;2025;10;1;'2025/12/13'
'33557';'14989825';11;2025;10;1;'2025/12/13'
'33557';'15298014';20;2025;10;1;'2025/12/13'
'33557';'15303872';1;2025;10;1;'2025/12/13'
'33558';'14064873';3;2025;10;1;'2025/12/13'
'33558';'14545132';4;2025;10;1;'2025/12/13'
'33558';'14682882';8;2025;10;1;'2025/12/13'
'33558';'14758699';3;2025;10;1;'2025/12/13'
'33558';'14954892';9;2025;10;1;'2025/12/13'
'33558';'14989788';12;2025;10;1;'2025/12/13'
'33558';'14989809';24;2025;10;1;'2025/12/13'
'33558';'15095284';7;2025;10;1;'2025/12/13'
'33558';'15168156';42;2025;10;1;'2025/12/13'
'33558';'15474217';20;2025;10;1;'2025/12/13'
'33559';'14064873';15;2025;10;1;'2025/12/13'
'33559';'14545132';9;2025;10;1;'2025/12/13'
'33559';'14758699';9;2025;10;1;'2025/12/13'
'33559';'14954892';10;2025;10;1;'2025/12/13'
'33559';'14989770';6;2025;10;1;'2025/12/13'
'33559';'14989788';5;2025;10;1;'2025/12/13'
'33559';'14989833';12;2025;10;1;'2025/12/13'
'33559';'15095284';11;2025;10;1;'2025/12/13'
'33559';'15168156';216;2025;10;1;'2025/12/13'
'33559';'15303910';11;2025;10;1;'2025/12/13'
'33559';'15311581';7;2025;10;1;'2025/12/13'
'33559';'15474217';60;2025;10;1;'2025/12/13'
'33560';'14064873';4;2025;10;1;'2025/12/13'
'33560';'14682882';12;2025;10;1;'2025/12/13'
'33560';'14758699';12;2025;10;1;'2025/12/13'
'33560';'14954868';6;2025;10;1;'2025/12/13'
'33560';'14954892';2;2025;10;1;'2025/12/13'
'33560';'14989770';12;2025;10;1;'2025/12/13'
'33560';'14989809';2;2025;10;1;'2025/12/13'
'33560';'14989825';29;2025;10;1;'2025/12/13'
'33560';'15095284';12;2025;10;1;'2025/12/13'
'33560';'15298014';65;2025;10;1;'2025/12/13'
'33560';'15303910';2;2025;10;1;'2025/12/13'
'33560';'15311581';9;2025;10;1;'2025/12/13'
'33560';'15384553';3;2025;10;1;'2025/12/13'
'33560';'15474217';41;2025;10;1;'2025/12/13'
'33560';'15489099';10;2025;10;1;'2025/12/13'
'33561';'14682882';13;2025;10;1;'2025/12/13'
'33561';'14758699';5;2025;10;1;'2025/12/13'
'33561';'14954892';18;2025;10;1;'2025/12/13'
'33561';'14989809';5;2025;10;1;'2025/12/13'
'33561';'14989825';44;2025;10;1;'2025/12/13'
'33561';'15095284';5;2025;10;1;'2025/12/13'
'33561';'15168156';408;2025;10;1;'2025/12/13'
'33561';'15298014';16;2025;10;1;'2025/12/13'
'33561';'15303872';9;2025;10;1;'2025/12/13'
'33561';'15303910';1;2025;10;1;'2025/12/13'
'33561';'15311581';2;2025;10;1;'2025/12/13'
'33561';'15384553';17;2025;10;1;'2025/12/13'
'33561';'15474217';28;2025;10;1;'2025/12/13'
'33561';'15525563';5;2025;10;1;'2025/12/13'
'33562';'14001338';3;2025;10;1;'2025/12/13'
'33562';'14064873';37;2025;10;1;'2025/12/13'
'33562';'14545132';3;2025;10;1;'2025/12/13'
'33562';'14561781';9;2025;10;1;'2025/12/13'
'33562';'14682882';8;2025;10;1;'2025/12/13'
'33562';'14758699';11;2025;10;1;'2025/12/13'
'33562';'14954868';15;2025;10;1;'2025/12/13'
'33562';'14954892';23;2025;10;1;'2025/12/13'
'33562';'14989770';7;2025;10;1;'2025/12/13'
'33562';'14989788';52;2025;10;1;'2025/12/13'
'33562';'14989809';17;2025;10;1;'2025/12/13'
'33562';'14989825';6;2025;10;1;'2025/12/13'
'33562';'15095284';24;2025;10;1;'2025/12/13'
'33562';'15168156';72;2025;10;1;'2025/12/13'
'33562';'15298014';104;2025;10;1;'2025/12/13'
'33562';'15303872';13;2025;10;1;'2025/12/13'
'33562';'15303910';3;2025;10;1;'2025/12/13'
'33562';'15311581';12;2025;10;1;'2025/12/13'
'33562';'15384553';14;2025;10;1;'2025/12/13'
'33562';'15474217';128;2025;10;1;'2025/12/13'
'33562';'15489099';8;2025;10;1;'2025/12/13'
'33562';'15525563';19;2025;10;1;'2025/12/13'
'33563';'14064873';5;2025;10;1;'2025/12/13'
'33563';'14545132';5;2025;10;1;'2025/12/13'
'33563';'14682882';13;2025;10;1;'2025/12/13'
'33563';'14954868';-1;2025;10;1;'2025/12/13'
'33563';'14989770';4;2025;10;1;'2025/12/13'
'33563';'14989809';18;2025;10;1;'2025/12/13'
'33563';'14989825';11;2025;10;1;'2025/12/13'
'33563';'15095284';6;2025;10;1;'2025/12/13'
'33563';'15311581';12;2025;10;1;'2025/12/13'
'33564';'14064873';25;2025;10;1;'2025/12/13'
'33564';'14545132';2;2025;10;1;'2025/12/13'
'33564';'14561781';19;2025;10;1;'2025/12/13'
'33564';'14682882';26;2025;10;1;'2025/12/13'
'33564';'14758699';31;2025;10;1;'2025/12/13'
'33564';'14954868';22;2025;10;1;'2025/12/13'
'33564';'14954892';5;2025;10;1;'2025/12/13'
'33564';'14989770';12;2025;10;1;'2025/12/13'
'33564';'14989788';8;2025;10;1;'2025/12/13'
'33564';'14989809';16;2025;10;1;'2025/12/13'
'33564';'14989825';12;2025;10;1;'2025/12/13'
'33564';'15095284';7;2025;10;1;'2025/12/13'
'33564';'15298014';-4;2025;10;1;'2025/12/13'
'33564';'15303872';7;2025;10;1;'2025/12/13'
'33564';'15303910';4;2025;10;1;'2025/12/13'
'33564';'15311581';15;2025;10;1;'2025/12/13'
'33564';'15384553';15;2025;10;1;'2025/12/13'
'33564';'15474217';1;2025;10;1;'2025/12/13'
'33564';'15525563';19;2025;10;1;'2025/12/13'
'33565';'14064873';8;2025;10;1;'2025/12/13'
'33565';'14545132';11;2025;10;1;'2025/12/13'
'33565';'14561781';12;2025;10;1;'2025/12/13'
'33565';'14682882';6;2025;10;1;'2025/12/13'
'33565';'14758699';8;2025;10;1;'2025/12/13'
'33565';'14954868';15;2025;10;1;'2025/12/13'
'33565';'14954892';12;2025;10;1;'2025/12/13'
'33565';'14989770';9;2025;10;1;'2025/12/13'
'33565';'14989788';2;2025;10;1;'2025/12/13'
'33565';'14989809';1;2025;10;1;'2025/12/13'
'33565';'14989825';1;2025;10;1;'2025/12/13'
'33565';'14989833';5;2025;10;1;'2025/12/13'
'33565';'15095284';13;2025;10;1;'2025/12/13'
'33565';'15168156';30;2025;10;1;'2025/12/13'
'33565';'15303910';6;2025;10;1;'2025/12/13'
'33565';'15311581';1;2025;10;1;'2025/12/13'
'33565';'15474217';112;2025;10;1;'2025/12/13'
'33566';'14682882';13;2025;10;1;'2025/12/13'
'33566';'14989825';8;2025;10;1;'2025/12/13'
'33566';'15095284';7;2025;10;1;'2025/12/13'
'33566';'15303872';1;2025;10;1;'2025/12/13'
'33566';'15489099';12;2025;10;1;'2025/12/13'
'33567';'14064873';45;2025;10;1;'2025/12/13'
'33567';'14545132';12;2025;10;1;'2025/12/13'
'33567';'14682882';8;2025;10;1;'2025/12/13'
'33567';'14989770';6;2025;10;1;'2025/12/13'
'33567';'14989809';39;2025;10;1;'2025/12/13'
'33567';'15168156';53;2025;10;1;'2025/12/13'
'33567';'15384553';8;2025;10;1;'2025/12/13'
'33567';'15474217';148;2025;10;1;'2025/12/13'
'33567';'15525563';24;2025;10;1;'2025/12/13'
'33568';'14064873';9;2025;10;1;'2025/12/13'
'33568';'14682882';2;2025;10;1;'2025/12/13'
'33568';'14758699';7;2025;10;1;'2025/12/13'
'33568';'14954868';7;2025;10;1;'2025/12/13'
'33568';'14954892';7;2025;10;1;'2025/12/13'
'33568';'14989770';3;2025;10;1;'2025/12/13'
'33568';'14989788';8;2025;10;1;'2025/12/13'
'33568';'14989809';7;2025;10;1;'2025/12/13'
'33568';'14989833';9;2025;10;1;'2025/12/13'
'33568';'15095284';10;2025;10;1;'2025/12/13'
'33568';'15168156';30;2025;10;1;'2025/12/13'
'33568';'15298014';60;2025;10;1;'2025/12/13'
'33568';'15474217';106;2025;10;1;'2025/12/13'
'33569';'14064873';4;2025;10;1;'2025/12/13'
'33569';'14561781';14;2025;10;1;'2025/12/13'
'33569';'14682882';11;2025;10;1;'2025/12/13'
'33569';'14758699';2;2025;10;1;'2025/12/13'
'33569';'14954868';11;2025;10;1;'2025/12/13'
'33569';'14954892';6;2025;10;1;'2025/12/13'
'33569';'14989770';6;2025;10;1;'2025/12/13'
'33569';'14989809';1;2025;10;1;'2025/12/13'
'33569';'15095284';2;2025;10;1;'2025/12/13'
'33569';'15311581';10;2025;10;1;'2025/12/13'
'33570';'14064873';5;2025;10;1;'2025/12/13'
'33570';'14682882';18;2025;10;1;'2025/12/13'
'33570';'14989825';35;2025;10;1;'2025/12/13'
'33570';'15298014';56;2025;10;1;'2025/12/13'
'33570';'15384553';11;2025;10;1;'2025/12/13'
'33570';'15525563';15;2025;10;1;'2025/12/13'
'33571';'14064873';5;2025;10;1;'2025/12/13'
'33571';'14561781';3;2025;10;1;'2025/12/13'
'33571';'14682882';9;2025;10;1;'2025/12/13'
'33571';'14758699';10;2025;10;1;'2025/12/13'
'33571';'14954892';15;2025;10;1;'2025/12/13'
'33571';'14989788';16;2025;10;1;'2025/12/13'
'33571';'14989809';41;2025;10;1;'2025/12/13'
'33571';'14989833';12;2025;10;1;'2025/12/13'
'33571';'15095284';10;2025;10;1;'2025/12/13'
'33571';'15384553';12;2025;10;1;'2025/12/13'
'33571';'15525563';2;2025;10;1;'2025/12/13'
'33573';'14064873';54;2025;10;1;'2025/12/13'
'33573';'14682882';12;2025;10;1;'2025/12/13'
'33573';'14758699';3;2025;10;1;'2025/12/13'
'33573';'14954868';42;2025;10;1;'2025/12/13'
'33573';'14989770';7;2025;10;1;'2025/12/13'
'33573';'14989788';36;2025;10;1;'2025/12/13'
'33573';'14989809';56;2025;10;1;'2025/12/13'
'33573';'14989825';51;2025;10;1;'2025/12/13'
'33573';'14989833';7;2025;10;1;'2025/12/13'
'33573';'15095284';5;2025;10;1;'2025/12/13'
'33573';'15298014';48;2025;10;1;'2025/12/13'
'33573';'15384553';6;2025;10;1;'2025/12/13'
'33573';'15474217';64;2025;10;1;'2025/12/13'
'33574';'14064873';2;2025;10;1;'2025/12/13'
'33574';'14682882';7;2025;10;1;'2025/12/13'
'33574';'14758699';11;2025;10;1;'2025/12/13'
'33574';'14954892';11;2025;10;1;'2025/12/13'
'33574';'14989770';2;2025;10;1;'2025/12/13'
'33574';'15095284';7;2025;10;1;'2025/12/13'
'33574';'15311581';9;2025;10;1;'2025/12/13'
'33575';'14064873';10;2025;10;1;'2025/12/13'
'33575';'14682882';6;2025;10;1;'2025/12/13'
'33575';'14758699';29;2025;10;1;'2025/12/13'
'33575';'14954892';5;2025;10;1;'2025/12/13'
'33575';'14989788';8;2025;10;1;'2025/12/13'
'33575';'14989809';6;2025;10;1;'2025/12/13'
'33575';'14989825';18;2025;10;1;'2025/12/13'
'33575';'15095284';28;2025;10;1;'2025/12/13'
'33575';'15168156';42;2025;10;1;'2025/12/13'
'33575';'15298014';16;2025;10;1;'2025/12/13'
'33575';'15525563';8;2025;10;1;'2025/12/13'
'33576';'14954868';8;2025;10;1;'2025/12/13'
'33576';'14954892';35;2025;10;1;'2025/12/13'
'33576';'15474217';88;2025;10;1;'2025/12/13'
'33577';'14064873';1;2025;10;1;'2025/12/13'
'33577';'14545132';7;2025;10;1;'2025/12/13'
'33577';'14561781';10;2025;10;1;'2025/12/13'
'33577';'14758699';2;2025;10;1;'2025/12/13'
'33577';'14954868';5;2025;10;1;'2025/12/13'
'33577';'14954892';6;2025;10;1;'2025/12/13'
'33577';'14989788';3;2025;10;1;'2025/12/13'
'33577';'14989825';10;2025;10;1;'2025/12/13'
'33577';'15095284';3;2025;10;1;'2025/12/13'
'33577';'15168156';1;2025;10;1;'2025/12/13'
'33577';'15298014';4;2025;10;1;'2025/12/13'
'33577';'15303872';10;2025;10;1;'2025/12/13'
'33578';'14682882';4;2025;10;1;'2025/12/13'
'33581';'14064873';20;2025;10;1;'2025/12/13'
'33581';'14545132';8;2025;10;1;'2025/12/13'
'33581';'14682882';27;2025;10;1;'2025/12/13'
'33581';'14758699';8;2025;10;1;'2025/12/13'
'33581';'14954868';5;2025;10;1;'2025/12/13'
'33581';'14989770';8;2025;10;1;'2025/12/13'
'33581';'14989788';9;2025;10;1;'2025/12/13'
'33582';'14064873';18;2025;10;1;'2025/12/13'
'33582';'14954892';20;2025;10;1;'2025/12/13'
'33582';'14989788';11;2025;10;1;'2025/12/13'
'33582';'14989809';15;2025;10;1;'2025/12/13'
'33582';'14989825';33;2025;10;1;'2025/12/13'
'33582';'15474217';77;2025;10;1;'2025/12/13'
'33582';'15525563';10;2025;10;1;'2025/12/13'
'33583';'14064873';35;2025;10;1;'2025/12/13'
'33583';'14682882';9;2025;10;1;'2025/12/13'
'33583';'14954892';6;2025;10;1;'2025/12/13'
'33583';'14989809';9;2025;10;1;'2025/12/13'
'33583';'15168156';-12;2025;10;1;'2025/12/13'
'33583';'15298014';6;2025;10;1;'2025/12/13'
'33583';'15384553';6;2025;10;1;'2025/12/13'
'33583';'15474217';20;2025;10;1;'2025/12/13'
'33583';'15525563';11;2025;10;1;'2025/12/13'
'33584';'14064873';4;2025;10;1;'2025/12/13'
'33584';'14682882';7;2025;10;1;'2025/12/13'
'33584';'14954868';14;2025;10;1;'2025/12/13'
'33584';'14989770';8;2025;10;1;'2025/12/13'
'33584';'14989788';2;2025;10;1;'2025/12/13'
'33584';'14989809';22;2025;10;1;'2025/12/13'
'33584';'15095284';12;2025;10;1;'2025/12/13'
'33584';'15298014';4;2025;10;1;'2025/12/13'
'33584';'15303872';4;2025;10;1;'2025/12/13'
'33584';'15311581';5;2025;10;1;'2025/12/13'
'33584';'15384553';1;2025;10;1;'2025/12/13'
'33584';'15474217';180;2025;10;1;'2025/12/13'
'33584';'15489099';8;2025;10;1;'2025/12/13'
'33584';'15525563';2;2025;10;1;'2025/12/13'
'33585';'14682882';3;2025;10;1;'2025/12/13'
'33585';'14758699';10;2025;10;1;'2025/12/13'
'33585';'14954868';9;2025;10;1;'2025/12/13'
'33585';'14954892';16;2025;10;1;'2025/12/13'
'33585';'14989770';1;2025;10;1;'2025/12/13'
'33585';'15095284';2;2025;10;1;'2025/12/13'
'33585';'15168156';24;2025;10;1;'2025/12/13'
'33585';'15298014';24;2025;10;1;'2025/12/13'
'33585';'15311581';1;2025;10;1;'2025/12/13'
'33585';'15384553';16;2025;10;1;'2025/12/13'
'33585';'15474217';12;2025;10;1;'2025/12/13'
'33586';'14064873';3;2025;10;1;'2025/12/13'
'33586';'14545132';11;2025;10;1;'2025/12/13'
'33586';'14682882';13;2025;10;1;'2025/12/13'
'33586';'14758699';4;2025;10;1;'2025/12/13'
'33586';'14954868';11;2025;10;1;'2025/12/13'
'33586';'14954892';9;2025;10;1;'2025/12/13'
'33586';'14989788';28;2025;10;1;'2025/12/13'
'33586';'14989809';4;2025;10;1;'2025/12/13'
'33586';'14989825';8;2025;10;1;'2025/12/13'
'33586';'14989833';10;2025;10;1;'2025/12/13'
'33586';'15095284';5;2025;10;1;'2025/12/13'
'33586';'15303872';1;2025;10;1;'2025/12/13'
'33586';'15311581';4;2025;10;1;'2025/12/13'
'33586';'15384553';2;2025;10;1;'2025/12/13'
'33587';'14682882';6;2025;10;1;'2025/12/13'
'33587';'14758699';5;2025;10;1;'2025/12/13'
'33587';'14989809';15;2025;10;1;'2025/12/13'
'33587';'15168156';4;2025;10;1;'2025/12/13'
'33587';'15298014';16;2025;10;1;'2025/12/13'
'33587';'15311581';12;2025;10;1;'2025/12/13'
'33588';'14954892';574;2025;10;1;'2025/12/13'
'33589';'14064873';5;2025;10;1;'2025/12/13'
'33589';'14545132';18;2025;10;1;'2025/12/13'
'33589';'14682882';10;2025;10;1;'2025/12/13'
'33589';'14758699';10;2025;10;1;'2025/12/13'
'33589';'14954892';7;2025;10;1;'2025/12/13'
'33589';'14989770';1;2025;10;1;'2025/12/13'
'33589';'14989809';1;2025;10;1;'2025/12/13'
'33589';'15095284';4;2025;10;1;'2025/12/13'
'33589';'15298014';15;2025;10;1;'2025/12/13'
'33589';'15303910';10;2025;10;1;'2025/12/13'
'33589';'15474217';12;2025;10;1;'2025/12/13'
'33590';'14064873';3;2025;10;1;'2025/12/13'
'33590';'14545132';8;2025;10;1;'2025/12/13'
'33590';'14758699';6;2025;10;1;'2025/12/13'
'33590';'14989809';25;2025;10;1;'2025/12/13'
'33590';'14989825';11;2025;10;1;'2025/12/13'
'33590';'15168156';102;2025;10;1;'2025/12/13'
'33590';'15303872';10;2025;10;1;'2025/12/13'
'33590';'15474217';24;2025;10;1;'2025/12/13'
'33590';'15489099';28;2025;10;1;'2025/12/13'
'33592';'14682882';6;2025;10;1;'2025/12/13'
'33592';'14758699';7;2025;10;1;'2025/12/13'
'33592';'14989770';7;2025;10;1;'2025/12/13'
'33592';'14989825';8;2025;10;1;'2025/12/13'
'33592';'15474217';66;2025;10;1;'2025/12/13'
'33594';'14064873';9;2025;10;1;'2025/12/13'
'33594';'14758699';6;2025;10;1;'2025/12/13'
'33594';'14954892';6;2025;10;1;'2025/12/13'
'33594';'14989788';1;2025;10;1;'2025/12/13'
'33594';'15298014';8;2025;10;1;'2025/12/13'
'33595';'14064873';1;2025;10;1;'2025/12/13'
'33595';'14682882';9;2025;10;1;'2025/12/13'
'33595';'14954868';11;2025;10;1;'2025/12/13'
'33595';'14954892';6;2025;10;1;'2025/12/13'
'33595';'14989809';6;2025;10;1;'2025/12/13'
'33595';'14989833';12;2025;10;1;'2025/12/13'
'33595';'15168156';54;2025;10;1;'2025/12/13'
'33595';'15303872';12;2025;10;1;'2025/12/13'
'33596';'14064873';5;2025;10;1;'2025/12/13'
'33596';'14561781';7;2025;10;1;'2025/12/13'
'33596';'14682882';7;2025;10;1;'2025/12/13'
'33596';'14954868';9;2025;10;1;'2025/12/13'
'33596';'14954892';4;2025;10;1;'2025/12/13'
'33596';'14989770';10;2025;10;1;'2025/12/13'
'33596';'14989788';6;2025;10;1;'2025/12/13'
'33596';'14989825';11;2025;10;1;'2025/12/13'
'33596';'15303872';8;2025;10;1;'2025/12/13'
'33596';'15303910';8;2025;10;1;'2025/12/13'
'33596';'15311581';2;2025;10;1;'2025/12/13'
'33596';'15384553';2;2025;10;1;'2025/12/13'
'33596';'15525563';11;2025;10;1;'2025/12/13'
'33599';'14064873';31;2025;10;1;'2025/12/13'
'33599';'14989809';5;2025;10;1;'2025/12/13'
'33599';'14989825';15;2025;10;1;'2025/12/13'
'33599';'15095284';10;2025;10;1;'2025/12/13'
'33599';'15384553';3;2025;10;1;'2025/12/13'
'33599';'15474217';78;2025;10;1;'2025/12/13'
'33601';'14545132';11;2025;10;1;'2025/12/13'
'33601';'14682882';7;2025;10;1;'2025/12/13'
'33601';'14989825';9;2025;10;1;'2025/12/13'
'33601';'15168156';30;2025;10;1;'2025/12/13'
'33601';'15303872';11;2025;10;1;'2025/12/13'
'33601';'15474217';64;2025;10;1;'2025/12/13'
'33604';'14064873';14;2025;10;1;'2025/12/13'
'33604';'14682882';13;2025;10;1;'2025/12/13'
'33604';'14758699';8;2025;10;1;'2025/12/13'
'33604';'14954868';5;2025;10;1;'2025/12/13'
'33604';'14954892';35;2025;10;1;'2025/12/13'
'33604';'14989809';9;2025;10;1;'2025/12/13'
'33604';'14989825';28;2025;10;1;'2025/12/13'
'33604';'15168156';4;2025;10;1;'2025/12/13'
'33604';'15298014';24;2025;10;1;'2025/12/13'
'33604';'15384553';6;2025;10;1;'2025/12/13'
'33604';'15474217';10;2025;10;1;'2025/12/13'
'33605';'14064873';9;2025;10;1;'2025/12/13'
'33605';'14682882';20;2025;10;1;'2025/12/13'
'33605';'14758699';4;2025;10;1;'2025/12/13'
'33605';'14954868';10;2025;10;1;'2025/12/13'
'33605';'14954892';4;2025;10;1;'2025/12/13'
'33605';'14989770';5;2025;10;1;'2025/12/13'
'33605';'14989788';6;2025;10;1;'2025/12/13'
'33605';'14989809';2;2025;10;1;'2025/12/13'
'33605';'14989825';6;2025;10;1;'2025/12/13'
'33605';'14989833';6;2025;10;1;'2025/12/13'
'33605';'15095284';5;2025;10;1;'2025/12/13'
'33605';'15298014';12;2025;10;1;'2025/12/13'
'33605';'15303872';4;2025;10;1;'2025/12/13'
'33605';'15311581';5;2025;10;1;'2025/12/13'
'33605';'15384553';3;2025;10;1;'2025/12/13'
'33605';'15474217';28;2025;10;1;'2025/12/13'
'33605';'15525563';12;2025;10;1;'2025/12/13'
'33606';'14064873';10;2025;10;1;'2025/12/13'
'33606';'14682882';3;2025;10;1;'2025/12/13'
'33608';'14682882';-1;2025;10;1;'2025/12/13'
'33608';'14954892';9;2025;10;1;'2025/12/13'
'33608';'14989788';8;2025;10;1;'2025/12/13'
'33608';'15298014';24;2025;10;1;'2025/12/13'
'33608';'15474217';140;2025;10;1;'2025/12/13'
'33609';'14064873';7;2025;10;1;'2025/12/13'
'33609';'14545132';13;2025;10;1;'2025/12/13'
'33609';'14561781';12;2025;10;1;'2025/12/13'
'33609';'14682882';52;2025;10;1;'2025/12/13'
'33609';'14758699';35;2025;10;1;'2025/12/13'
'33609';'14954868';13;2025;10;1;'2025/12/13'
'33609';'14989770';4;2025;10;1;'2025/12/13'
'33609';'14989788';2;2025;10;1;'2025/12/13'
'33609';'14989809';15;2025;10;1;'2025/12/13'
'33609';'14989825';3;2025;10;1;'2025/12/13'
'33609';'15095284';15;2025;10;1;'2025/12/13'
'33609';'15168156';114;2025;10;1;'2025/12/13'
'33609';'15298014';132;2025;10;1;'2025/12/13'
'33609';'15303872';3;2025;10;1;'2025/12/13'
'33609';'15311581';8;2025;10;1;'2025/12/13'
'33609';'15384553';12;2025;10;1;'2025/12/13'
'33609';'15474217';144;2025;10;1;'2025/12/13'
'33609';'15525563';21;2025;10;1;'2025/12/13'
'33610';'14064873';4;2025;10;1;'2025/12/13'
'33610';'14682882';9;2025;10;1;'2025/12/13'
'33610';'14954892';8;2025;10;1;'2025/12/13'
'33610';'14989788';3;2025;10;1;'2025/12/13'
'33610';'14989809';8;2025;10;1;'2025/12/13'
'33610';'14989825';1;2025;10;1;'2025/12/13'
'33610';'15095284';8;2025;10;1;'2025/12/13'
'33610';'15298014';52;2025;10;1;'2025/12/13'
'33610';'15303872';12;2025;10;1;'2025/12/13'
'33610';'15303910';2;2025;10;1;'2025/12/13'
'33610';'15384553';1;2025;10;1;'2025/12/13'
'33610';'15474217';8;2025;10;1;'2025/12/13'
'33610';'15489099';12;2025;10;1;'2025/12/13'
'33611';'14545132';14;2025;10;1;'2025/12/13'
'33611';'14682882';20;2025;10;1;'2025/12/13'
'33611';'14758699';6;2025;10;1;'2025/12/13'
'33611';'14954868';2;2025;10;1;'2025/12/13'
'33611';'14954892';10;2025;10;1;'2025/12/13'
'33611';'14989825';31;2025;10;1;'2025/12/13'
'33611';'15095284';8;2025;10;1;'2025/12/13'
'33611';'15168156';72;2025;10;1;'2025/12/13'
'33611';'15303872';8;2025;10;1;'2025/12/13'
'33611';'15303910';5;2025;10;1;'2025/12/13'
'33611';'15311581';11;2025;10;1;'2025/12/13'
'33611';'15384553';17;2025;10;1;'2025/12/13'
'33611';'15474217';252;2025;10;1;'2025/12/13'
'33611';'15525563';22;2025;10;1;'2025/12/13'
'33612';'14064873';2;2025;10;1;'2025/12/13'
'33612';'14545132';6;2025;10;1;'2025/12/13'
'33612';'14561781';40;2025;10;1;'2025/12/13'
'33612';'14682882';43;2025;10;1;'2025/12/13'
'33612';'14954892';18;2025;10;1;'2025/12/13'
'33612';'14989788';9;2025;10;1;'2025/12/13'
'33612';'14989809';5;2025;10;1;'2025/12/13'
'33612';'14989825';26;2025;10;1;'2025/12/13'
'33612';'15095284';9;2025;10;1;'2025/12/13'
'33612';'15303910';13;2025;10;1;'2025/12/13'
'33612';'15311581';15;2025;10;1;'2025/12/13'
'33612';'15384553';3;2025;10;1;'2025/12/13'
'33612';'15474217';124;2025;10;1;'2025/12/13'
'33612';'15489099';1;2025;10;1;'2025/12/13'
'33612';'15521562';143;2025;10;1;'2025/12/13'
'33613';'14064873';10;2025;10;1;'2025/12/13'
'33613';'14682882';18;2025;10;1;'2025/12/13'
'33614';'14001338';2;2025;10;1;'2025/12/13'
'33614';'14682882';16;2025;10;1;'2025/12/13'
'33614';'14954868';6;2025;10;1;'2025/12/13'
'33614';'14954892';-1;2025;10;1;'2025/12/13'
'33614';'14989770';10;2025;10;1;'2025/12/13'
'33614';'14989833';11;2025;10;1;'2025/12/13'
'33614';'15168156';12;2025;10;1;'2025/12/13'
'33614';'15303872';-1;2025;10;1;'2025/12/13'
'33614';'15384553';2;2025;10;1;'2025/12/13'
'33614';'15489099';24;2025;10;1;'2025/12/13'
'33615';'14064873';4;2025;10;1;'2025/12/13'
'33615';'14545132';8;2025;10;1;'2025/12/13'
'33615';'14682882';53;2025;10;1;'2025/12/13'
'33615';'14758699';35;2025;10;1;'2025/12/13'
'33615';'14954868';6;2025;10;1;'2025/12/13'
'33615';'14954892';8;2025;10;1;'2025/12/13'
'33615';'14989788';22;2025;10;1;'2025/12/13'
'33615';'14989809';1;2025;10;1;'2025/12/13'
'33615';'14989825';9;2025;10;1;'2025/12/13'
'33615';'15168156';164;2025;10;1;'2025/12/13'
'33615';'15298014';215;2025;10;1;'2025/12/13'
'33615';'15384553';17;2025;10;1;'2025/12/13'
'33615';'15525563';19;2025;10;1;'2025/12/13'
'33616';'14064873';9;2025;10;1;'2025/12/13'
'33616';'14545132';7;2025;10;1;'2025/12/13'
'33616';'14682882';46;2025;10;1;'2025/12/13'
'33616';'14954868';7;2025;10;1;'2025/12/13'
'33616';'14954892';53;2025;10;1;'2025/12/13'
'33616';'14989788';8;2025;10;1;'2025/12/13'
'33616';'14989825';30;2025;10;1;'2025/12/13'
'33616';'14989833';9;2025;10;1;'2025/12/13'
'33616';'15311581';2;2025;10;1;'2025/12/13'
'33616';'15384553';9;2025;10;1;'2025/12/13'
'33617';'14064873';7;2025;10;1;'2025/12/13'
'33617';'14682882';16;2025;10;1;'2025/12/13'
'33617';'14954892';2;2025;10;1;'2025/12/13'
'33617';'14989770';17;2025;10;1;'2025/12/13'
'33617';'14989788';19;2025;10;1;'2025/12/13'
'33617';'14989809';1;2025;10;1;'2025/12/13'
'33617';'15095284';9;2025;10;1;'2025/12/13'
'33617';'15168156';186;2025;10;1;'2025/12/13'
'33617';'15298014';128;2025;10;1;'2025/12/13'
'33617';'15384553';6;2025;10;1;'2025/12/13'
'33617';'15474217';164;2025;10;1;'2025/12/13'
'33617';'15525563';12;2025;10;1;'2025/12/13'
'33618';'14064873';10;2025;10;1;'2025/12/13'
'33618';'14545132';12;2025;10;1;'2025/12/13'
'33618';'14682882';12;2025;10;1;'2025/12/13'
'33618';'14758699';24;2025;10;1;'2025/12/13'
'33618';'14954868';2;2025;10;1;'2025/12/13'
'33618';'14954892';7;2025;10;1;'2025/12/13'
'33618';'14989788';18;2025;10;1;'2025/12/13'
'33618';'14989809';12;2025;10;1;'2025/12/13'
'33618';'14989833';11;2025;10;1;'2025/12/13'
'33618';'15095284';2;2025;10;1;'2025/12/13'
'33618';'15168156';48;2025;10;1;'2025/12/13'
'33618';'15298014';76;2025;10;1;'2025/12/13'
'33618';'15303872';5;2025;10;1;'2025/12/13'
'33618';'15311581';6;2025;10;1;'2025/12/13'
'33618';'15384553';4;2025;10;1;'2025/12/13'
'33618';'15474217';92;2025;10;1;'2025/12/13'
'33618';'15489099';2;2025;10;1;'2025/12/13'
'33618';'15525563';10;2025;10;1;'2025/12/13'
'33619';'14001338';6;2025;10;1;'2025/12/13'
'33619';'14064873';8;2025;10;1;'2025/12/13'
'33619';'14545132';5;2025;10;1;'2025/12/13'
'33619';'14561781';13;2025;10;1;'2025/12/13'
'33619';'14682882';12;2025;10;1;'2025/12/13'
'33619';'14758699';14;2025;10;1;'2025/12/13'
'33619';'14954892';46;2025;10;1;'2025/12/13'
'33619';'14989770';12;2025;10;1;'2025/12/13'
'33619';'14989788';12;2025;10;1;'2025/12/13'
'33619';'14989825';3;2025;10;1;'2025/12/13'
'33619';'14989833';4;2025;10;1;'2025/12/13'
'33619';'15095284';17;2025;10;1;'2025/12/13'
'33619';'15168156';1;2025;10;1;'2025/12/13'
'33619';'15298014';120;2025;10;1;'2025/12/13'
'33619';'15303872';7;2025;10;1;'2025/12/13'
'33619';'15474217';64;2025;10;1;'2025/12/13'
'33620';'14545132';6;2025;10;1;'2025/12/13'
'33620';'14682882';11;2025;10;1;'2025/12/13'
'33620';'14758699';6;2025;10;1;'2025/12/13'
'33620';'14954892';10;2025;10;1;'2025/12/13'
'33620';'14989770';11;2025;10;1;'2025/12/13'
'33620';'15095284';11;2025;10;1;'2025/12/13'
'33620';'15303872';5;2025;10;1;'2025/12/13'
'33620';'15384553';5;2025;10;1;'2025/12/13'
'33620';'15474217';4;2025;10;1;'2025/12/13'
'33622';'14064873';11;2025;10;1;'2025/12/13'
'33622';'14954892';4;2025;10;1;'2025/12/13'
'33622';'14989788';8;2025;10;1;'2025/12/13'
'33622';'14989809';3;2025;10;1;'2025/12/13'
'33622';'14989825';7;2025;10;1;'2025/12/13'
'33622';'15168156';18;2025;10;1;'2025/12/13'
'33622';'15303872';10;2025;10;1;'2025/12/13'
'33622';'15384553';3;2025;10;1;'2025/12/13'
'33623';'14954892';960;2025;10;1;'2025/12/13'
'33624';'14682882';10;2025;10;1;'2025/12/13'
'33624';'14954868';12;2025;10;1;'2025/12/13'
'33624';'14954892';8;2025;10;1;'2025/12/13'
'33624';'15384553';2;2025;10;1;'2025/12/13'
'33624';'15525563';12;2025;10;1;'2025/12/13'
'33625';'14064873';3;2025;10;1;'2025/12/13'
'33625';'14545132';2;2025;10;1;'2025/12/13'
'33625';'14758699';13;2025;10;1;'2025/12/13'
'33625';'14989788';13;2025;10;1;'2025/12/13'
'33625';'14989809';2;2025;10;1;'2025/12/13'
'33625';'14989825';21;2025;10;1;'2025/12/13'
'33625';'15303872';44;2025;10;1;'2025/12/13'
'33625';'15311581';1;2025;10;1;'2025/12/13'
'33625';'15384553';4;2025;10;1;'2025/12/13'
'33626';'14064873';3;2025;10;1;'2025/12/13'
'33626';'14682882';2;2025;10;1;'2025/12/13'
'33626';'14954868';9;2025;10;1;'2025/12/13'
'33626';'14954892';6;2025;10;1;'2025/12/13'
'33626';'14989809';8;2025;10;1;'2025/12/13'
'33626';'15095284';12;2025;10;1;'2025/12/13'
'33626';'15298014';8;2025;10;1;'2025/12/13'
'33626';'15474217';4;2025;10;1;'2025/12/13'
'33629';'14064873';12;2025;10;1;'2025/12/13'
'33629';'14545132';12;2025;10;1;'2025/12/13'
'33629';'14561781';10;2025;10;1;'2025/12/13'
'33629';'14682882';2;2025;10;1;'2025/12/13'
'33629';'14758699';12;2025;10;1;'2025/12/13'
'33629';'14954892';10;2025;10;1;'2025/12/13'
'33629';'14989770';13;2025;10;1;'2025/12/13'
'33629';'14989788';4;2025;10;1;'2025/12/13'
'33629';'14989809';55;2025;10;1;'2025/12/13'
'33629';'14989825';4;2025;10;1;'2025/12/13'
'33629';'15095284';4;2025;10;1;'2025/12/13'
'33629';'15168156';318;2025;10;1;'2025/12/13'
'33629';'15298014';99;2025;10;1;'2025/12/13'
'33629';'15303872';6;2025;10;1;'2025/12/13'
'33629';'15303910';3;2025;10;1;'2025/12/13'
'33629';'15311581';3;2025;10;1;'2025/12/13'
'33629';'15384553';8;2025;10;1;'2025/12/13'
'33629';'15474217';141;2025;10;1;'2025/12/13'
'33629';'15521562';21;2025;10;1;'2025/12/13'
'33630';'14989788';10;2025;10;1;'2025/12/13'
'33630';'15168156';48;2025;10;1;'2025/12/13'
'33630';'15298014';48;2025;10;1;'2025/12/13'
'33630';'15303872';1;2025;10;1;'2025/12/13'
'33630';'15384553';6;2025;10;1;'2025/12/13'
'33630';'15474217';44;2025;10;1;'2025/12/13'
'33632';'14064873';10;2025;10;1;'2025/12/13'
'33632';'14545132';6;2025;10;1;'2025/12/13'
'33632';'14561781';11;2025;10;1;'2025/12/13'
'33632';'14682882';7;2025;10;1;'2025/12/13'
'33632';'14758699';55;2025;10;1;'2025/12/13'
'33632';'14954868';9;2025;10;1;'2025/12/13'
'33632';'14954892';4;2025;10;1;'2025/12/13'
'33632';'14989770';7;2025;10;1;'2025/12/13'
'33632';'14989788';11;2025;10;1;'2025/12/13'
'33632';'14989809';1;2025;10;1;'2025/12/13'
'33632';'14989825';34;2025;10;1;'2025/12/13'
'33632';'14989833';12;2025;10;1;'2025/12/13'
'33632';'15095284';4;2025;10;1;'2025/12/13'
'33632';'15168156';43;2025;10;1;'2025/12/13'
'33632';'15298014';42;2025;10;1;'2025/12/13'
'33632';'15303872';7;2025;10;1;'2025/12/13'
'33632';'15303910';2;2025;10;1;'2025/12/13'
'33632';'15311581';1;2025;10;1;'2025/12/13'
'33632';'15384553';9;2025;10;1;'2025/12/13'
'33632';'15474217';61;2025;10;1;'2025/12/13'
'33632';'15489099';3;2025;10;1;'2025/12/13'
'33633';'14064873';3;2025;10;1;'2025/12/13'
'33633';'14682882';8;2025;10;1;'2025/12/13'
'33633';'14954868';9;2025;10;1;'2025/12/13'
'33633';'14954892';4;2025;10;1;'2025/12/13'
'33633';'14989770';25;2025;10;1;'2025/12/13'
'33633';'14989809';30;2025;10;1;'2025/12/13'
'33633';'14989825';10;2025;10;1;'2025/12/13'
'33633';'15168156';90;2025;10;1;'2025/12/13'
'33635';'14064873';14;2025;10;1;'2025/12/13'
'33635';'14545132';12;2025;10;1;'2025/12/13'
'33635';'14561781';2;2025;10;1;'2025/12/13'
'33635';'14682882';8;2025;10;1;'2025/12/13'
'33635';'14758699';9;2025;10;1;'2025/12/13'
'33635';'14954868';11;2025;10;1;'2025/12/13'
'33635';'14954892';6;2025;10;1;'2025/12/13'
'33635';'14989770';10;2025;10;1;'2025/12/13'
'33635';'14989788';10;2025;10;1;'2025/12/13'
'33635';'14989809';19;2025;10;1;'2025/12/13'
'33635';'14989825';44;2025;10;1;'2025/12/13'
'33635';'15095284';7;2025;10;1;'2025/12/13'
'33635';'15298014';12;2025;10;1;'2025/12/13'
'33635';'15303910';6;2025;10;1;'2025/12/13'
'33635';'15384553';15;2025;10;1;'2025/12/13'
'33635';'15474217';90;2025;10;1;'2025/12/13'
'33637';'14954892';4;2025;10;1;'2025/12/13'
'33637';'15303872';11;2025;10;1;'2025/12/13'
'33638';'14064873';12;2025;10;1;'2025/12/13'
'33638';'14954868';9;2025;10;1;'2025/12/13'
'33638';'14989809';13;2025;10;1;'2025/12/13'
'33638';'15311581';7;2025;10;1;'2025/12/13'
'33639';'14064873';5;2025;10;1;'2025/12/13'
'33639';'14989788';6;2025;10;1;'2025/12/13'
'33639';'15303910';2;2025;10;1;'2025/12/13'
'33639';'15489099';2;2025;10;1;'2025/12/13'
'33691';'14064873';4;2025;10;1;'2025/12/13'
'33691';'14682882';5;2025;10;1;'2025/12/13'
'33691';'14758699';9;2025;10;1;'2025/12/13'
'33691';'14954868';10;2025;10;1;'2025/12/13'
'33691';'14954892';12;2025;10;1;'2025/12/13'
'33691';'14989788';-1;2025;10;1;'2025/12/13'
'33691';'14989809';10;2025;10;1;'2025/12/13'
'33691';'14989825';18;2025;10;1;'2025/12/13'
'33691';'15168156';72;2025;10;1;'2025/12/13'
'33691';'15474217';-20;2025;10;1;'2025/12/13'
'33692';'14064873';9;2025;10;1;'2025/12/13'
'33692';'14545132';1;2025;10;1;'2025/12/13'
'33692';'14682882';50;2025;10;1;'2025/12/13'
'33692';'14758699';11;2025;10;1;'2025/12/13'
'33692';'14954868';7;2025;10;1;'2025/12/13'
'33692';'14954892';7;2025;10;1;'2025/12/13'
'33692';'14989770';6;2025;10;1;'2025/12/13'
'33692';'14989788';8;2025;10;1;'2025/12/13'
'33692';'14989809';4;2025;10;1;'2025/12/13'
'33692';'15095284';12;2025;10;1;'2025/12/13'
'33692';'15303872';9;2025;10;1;'2025/12/13'
'33692';'15384553';5;2025;10;1;'2025/12/13'
'33692';'15474217';20;2025;10;1;'2025/12/13'
'33692';'15489099';20;2025;10;1;'2025/12/13'
'33693';'14989825';8;2025;10;1;'2025/12/13'
'33693';'15384553';2;2025;10;1;'2025/12/13'
'33694';'14064873';14;2025;10;1;'2025/12/13'
'33694';'14682882';12;2025;10;1;'2025/12/13'
'33694';'14758699';11;2025;10;1;'2025/12/13'
'33694';'14954892';12;2025;10;1;'2025/12/13'
'33694';'14989770';6;2025;10;1;'2025/12/13'
'33694';'14989809';20;2025;10;1;'2025/12/13'
'33694';'14989825';21;2025;10;1;'2025/12/13'
'33694';'14989833';4;2025;10;1;'2025/12/13'
'33694';'15095284';18;2025;10;1;'2025/12/13'
'33694';'15168156';78;2025;10;1;'2025/12/13'
'33694';'15298014';20;2025;10;1;'2025/12/13'
'33694';'15303872';5;2025;10;1;'2025/12/13'
'33694';'15303910';12;2025;10;1;'2025/12/13'
'33694';'15311581';15;2025;10;1;'2025/12/13'
'33694';'15384553';4;2025;10;1;'2025/12/13'
'33694';'15474217';147;2025;10;1;'2025/12/13'
'33695';'15384553';1;2025;10;1;'2025/12/13'
'33695';'15474217';76;2025;10;1;'2025/12/13'
'33851';'14758699';7;2025;10;1;'2025/12/13'
'33851';'15095284';6;2025;10;1;'2025/12/13'
'33852';'14001338';3;2025;10;1;'2025/12/13'
'33852';'14561781';2;2025;10;1;'2025/12/13'
'33852';'14682882';6;2025;10;1;'2025/12/13'
'33852';'14954868';5;2025;10;1;'2025/12/13'
'33852';'14989788';17;2025;10;1;'2025/12/13'
'33852';'14989809';21;2025;10;1;'2025/12/13'
'33852';'15298014';8;2025;10;1;'2025/12/13'
'33852';'15474217';2;2025;10;1;'2025/12/13'
'33853';'14561781';3;2025;10;1;'2025/12/13'
'33853';'14682882';12;2025;10;1;'2025/12/13'
'33853';'14954868';2;2025;10;1;'2025/12/13'
'33853';'14989809';14;2025;10;1;'2025/12/13'
'33853';'15168156';30;2025;10;1;'2025/12/13'
'33853';'15298014';44;2025;10;1;'2025/12/13'
'33853';'15311581';2;2025;10;1;'2025/12/13'
'33853';'15474217';16;2025;10;1;'2025/12/13'
'33854';'14064873';8;2025;10;1;'2025/12/13'
'33854';'14545132';1;2025;10;1;'2025/12/13'
'33854';'14682882';4;2025;10;1;'2025/12/13'
'33854';'14758699';20;2025;10;1;'2025/12/13'
'33854';'14954892';3;2025;10;1;'2025/12/13'
'33854';'14989770';3;2025;10;1;'2025/12/13'
'33854';'14989788';15;2025;10;1;'2025/12/13'
'33854';'15095284';12;2025;10;1;'2025/12/13'
'33854';'15298014';128;2025;10;1;'2025/12/13'
'33854';'15303910';5;2025;10;1;'2025/12/13'
'33854';'15311581';7;2025;10;1;'2025/12/13'
'33854';'15384553';3;2025;10;1;'2025/12/13'
'33854';'15474217';120;2025;10;1;'2025/12/13'
'33856';'14682882';11;2025;10;1;'2025/12/13'
'33856';'14758699';9;2025;10;1;'2025/12/13'
'33856';'14954892';13;2025;10;1;'2025/12/13'
'33856';'14989770';3;2025;10;1;'2025/12/13'
'33856';'14989809';9;2025;10;1;'2025/12/13'
'33856';'14989825';7;2025;10;1;'2025/12/13'
'33856';'15095284';12;2025;10;1;'2025/12/13'
'33856';'15311581';10;2025;10;1;'2025/12/13'
'33858';'14064873';13;2025;10;1;'2025/12/13'
'33858';'14758699';4;2025;10;1;'2025/12/13'
'33858';'14954868';9;2025;10;1;'2025/12/13'
'33858';'14989770';1;2025;10;1;'2025/12/13'
'33858';'14989788';5;2025;10;1;'2025/12/13'
'33858';'14989809';7;2025;10;1;'2025/12/13'
'33858';'14989825';12;2025;10;1;'2025/12/13'
'33858';'15311581';1;2025;10;1;'2025/12/13'
'33858';'15474217';20;2025;10;1;'2025/12/13'
'33859';'14545132';6;2025;10;1;'2025/12/13'
'33859';'14989825';11;2025;10;1;'2025/12/13'
'33860';'15474217';8;2025;10;1;'2025/12/13'
'33862';'14545132';9;2025;10;1;'2025/12/13'
'33868';'14545132';-2;2025;10;1;'2025/12/13'
